model,seed,horizon,forecast_origin,history_start,history_end,target_year,train_cutoff,topic_id,prediction,actual,predicted_growth,actual_growth
full,42,1,2019,2012,2019,2020,2019,21st century,15.2144136428833,44.0,-16.7855863571167,12.0
full,42,1,2019,2012,2019,2020,2019,3d laser,12.834844589233398,46.0,-25.1651554107666,8.0
full,42,1,2019,2012,2019,2020,2019,3d laser scanning,11.175063133239746,38.0,-18.824936866760254,8.0
full,42,1,2019,2012,2019,2020,2019,3d modeling,0.9930148720741272,3.0,-8.006985127925873,-6.0
full,42,1,2019,2012,2019,2020,2019,3d modelling,6.788743495941162,9.0,-2.211256504058838,0.0
full,42,1,2019,2012,2019,2020,2019,3d models,7.303574562072754,32.0,-24.696425437927246,0.0
full,42,1,2019,2012,2019,2020,2019,3d printing,1.06148362159729,17.0,-7.93851637840271,8.0
full,42,1,2019,2012,2019,2020,2019,3d scanning,11.394575119018555,39.0,-18.605424880981445,9.0
full,42,1,2019,2012,2019,2020,2019,abroad,11.792799949645996,8.0,-18.207200050354004,-22.0
full,42,1,2019,2012,2019,2020,2019,acceptance,7.648111820220947,22.0,-29.351888179779053,-15.0
full,42,1,2019,2012,2019,2020,2019,access,5.334658145904541,64.0,-58.66534185409546,0.0
full,42,1,2019,2012,2019,2020,2019,accessible,2.276005268096924,6.0,-3.723994731903076,0.0
full,42,1,2019,2012,2019,2020,2019,accuracy,-0.00798872485756874,0.0,-0.00798872485756874,0.0
full,42,1,2019,2012,2019,2020,2019,accurate,3.43361234664917,10.0,-6.56638765335083,0.0
full,42,1,2019,2012,2019,2020,2019,achieving,1.6286166906356812,39.0,-12.371383309364319,25.0
full,42,1,2019,2012,2019,2020,2019,acknowledgements,1.4699970483779907,5.0,-3.5300029516220093,0.0
full,42,1,2019,2012,2019,2020,2019,acquisition,-0.00798872485756874,0.0,-0.00798872485756874,0.0
full,42,1,2019,2012,2019,2020,2019,action,9.991032600402832,263.0,-247.00896739959717,6.0
full,42,1,2019,2012,2019,2020,2019,activism,0.6942142248153687,10.0,-5.305785775184631,4.0
full,42,1,2019,2012,2019,2020,2019,activities,14.876172065734863,47.0,-19.123827934265137,13.0
full,42,1,2019,2012,2019,2020,2019,activity,15.601725578308105,37.0,-29.398274421691895,-8.0
full,42,1,2019,2012,2019,2020,2019,adaptation,5.160904407501221,24.0,-20.83909559249878,-2.0
full,42,1,2019,2012,2019,2020,2019,adaptive,12.266117095947266,12.0,-8.733882904052734,-9.0
full,42,1,2019,2012,2019,2020,2019,addressing,3.285996675491333,9.0,-5.714003324508667,0.0
full,42,1,2019,2012,2019,2020,2019,aden,2.9685075283050537,8.0,-5.031492471694946,0.0
full,42,1,2019,2012,2019,2020,2019,adoption,14.10225772857666,46.0,-19.89774227142334,12.0
full,42,1,2019,2012,2019,2020,2019,adults,-0.00798872485756874,0.0,-0.00798872485756874,0.0
full,42,1,2019,2012,2019,2020,2019,advanced,17.098230361938477,34.0,-16.901769638061523,0.0
full,42,1,2019,2012,2019,2020,2019,advances,14.291236877441406,44.0,-17.708763122558594,12.0
full,42,1,2019,2012,2019,2020,2019,advances in,8.56075668334961,16.0,-7.439243316650391,0.0
full,42,1,2019,2012,2019,2020,2019,advancing,1.4244716167449951,18.0,-7.575528383255005,9.0
full,42,1,2019,2012,2019,2020,2019,advantages,-0.00798872485756874,0.0,-0.00798872485756874,0.0
full,42,1,2019,2012,2019,2020,2019,advertising,3.5858192443847656,8.0,-6.414180755615234,-2.0
full,42,1,2019,2012,2019,2020,2019,africa,25.949541091918945,227.0,-193.05045890808105,8.0
full,42,1,2019,2012,2019,2020,2019,african,8.967753410339355,60.0,-40.032246589660645,11.0
full,42,1,2019,2012,2019,2020,2019,afterword,3.5702896118164062,11.0,-7.429710388183594,0.0
full,42,1,2019,2012,2019,2020,2019,against,5.283865928649902,18.0,-12.716134071350098,0.0
full,42,1,2019,2012,2019,2020,2019,age of,20.777109146118164,178.0,-98.22289085388184,59.0
full,42,1,2019,2012,2019,2020,2019,agencies,3.285996675491333,18.0,-5.714003324508667,9.0
full,42,1,2019,2012,2019,2020,2019,agenda,20.98484230041504,81.0,-31.01515769958496,29.0
full,42,1,2019,2012,2019,2020,2019,agentic,-0.00798872485756874,0.0,-0.00798872485756874,0.0
full,42,1,2019,2012,2019,2020,2019,agents,2.8763086795806885,32.0,-21.12369132041931,8.0
full,42,1,2019,2012,2019,2020,2019,agricultural,11.260061264038086,29.0,-8.739938735961914,9.0
full,42,1,2019,2012,2019,2020,2019,ai chatbot,-0.00798872485756874,0.0,-0.00798872485756874,0.0
full,42,1,2019,2012,2019,2020,2019,ai in,1.0086345672607422,27.0,-7.991365432739258,18.0
full,42,1,2019,2012,2019,2020,2019,ai on,-0.00798872485756874,0.0,-0.00798872485756874,0.0
full,42,1,2019,2012,2019,2020,2019,ai-driven,-0.00798872485756874,0.0,-0.00798872485756874,0.0
full,42,1,2019,2012,2019,2020,2019,ai-enabled,-0.00798872485756874,6.0,-0.00798872485756874,6.0
full,42,1,2019,2012,2019,2020,2019,ai-generated,-0.00798872485756874,0.0,-0.00798872485756874,0.0
full,42,1,2019,2012,2019,2020,2019,ai-generated content,-0.00798872485756874,0.0,-0.00798872485756874,0.0
full,42,1,2019,2012,2019,2020,2019,ai-powered,-0.00798872485756874,0.0,-0.00798872485756874,0.0
full,42,1,2019,2012,2019,2020,2019,ai伦理,7.044331073760986,18.0,0.04433107376098633,11.0
full,42,1,2019,2012,2019,2020,2019,al jazeera,26.446075439453125,181.0,-144.55392456054688,10.0
full,42,1,2019,2012,2019,2020,2019,al jazeera and,17.15887451171875,28.0,-19.84112548828125,-9.0
full,42,1,2019,2012,2019,2020,2019,al jazeera english,-0.00798872485756874,8.0,-0.00798872485756874,8.0
full,42,1,2019,2012,2019,2020,2019,al-jazeera,2.9038960933685303,33.0,-32.09610390663147,-2.0
full,42,1,2019,2012,2019,2020,2019,aleppo,-0.00798872485756874,0.0,-0.00798872485756874,0.0
full,42,1,2019,2012,2019,2020,2019,algorithmic,12.166909217834473,18.0,-2.8330907821655273,3.0
full,42,1,2019,2012,2019,2020,2019,algorithms,9.714469909667969,40.0,-5.285530090332031,25.0
full,42,1,2019,2012,2019,2020,2019,alignment,8.711760520935059,9.0,-0.2882394790649414,0.0
full,42,1,2019,2012,2019,2020,2019,along,10.424495697021484,16.0,-5.575504302978516,0.0
full,42,1,2019,2012,2019,2020,2019,along the silk,-0.00798872485756874,0.0,-0.00798872485756874,0.0
full,42,1,2019,2012,2019,2020,2019,alternative,3.871811866760254,55.0,-33.128188133239746,18.0
full,42,1,2019,2012,2019,2020,2019,america,19.14699363708496,165.0,-97.85300636291504,48.0
full,42,1,2019,2012,2019,2020,2019,american,6.537147521972656,103.0,-82.46285247802734,14.0
full,42,1,2019,2012,2019,2020,2019,an empirical,2.085270881652832,17.0,-15.914729118347168,-1.0
full,42,1,2019,2012,2019,2020,2019,an empirical study,-0.00798872485756874,0.0,-0.00798872485756874,0.0
full,42,1,2019,2012,2019,2020,2019,an example,7.917545318603516,8.0,-0.08245468139648438,0.0
full,42,1,2019,2012,2019,2020,2019,an exploratory,13.002704620361328,32.0,-17.997295379638672,1.0
full,42,1,2019,2012,2019,2020,2019,an exploratory study,13.002704620361328,32.0,-17.997295379638672,1.0
full,42,1,2019,2012,2019,2020,2019,an immersive,2.6321394443511963,0.0,-4.367860555648804,-7.0
full,42,1,2019,2012,2019,2020,2019,an integrated,-0.00798872485756874,8.0,-0.00798872485756874,8.0
full,42,1,2019,2012,2019,2020,2019,an introduction,8.799330711364746,19.0,-5.200669288635254,5.0
full,42,1,2019,2012,2019,2020,2019,an investigation,4.971909999847412,16.0,-11.028090000152588,0.0
full,42,1,2019,2012,2019,2020,2019,an overview,1.06148362159729,14.0,-7.93851637840271,5.0
full,42,1,2019,2012,2019,2020,2019,an overview of,2.0276875495910645,14.0,-15.972312450408936,-4.0
full,42,1,2019,2012,2019,2020,2019,analyses,2.44924259185791,18.0,-11.55075740814209,4.0
full,42,1,2019,2012,2019,2020,2019,analytic hierarchy process,-0.00798872485756874,0.0,-0.00798872485756874,0.0
full,42,1,2019,2012,2019,2020,2019,analytical,-0.00798872485756874,0.0,-0.00798872485756874,0.0
full,42,1,2019,2012,2019,2020,2019,analytics,12.420147895812988,58.0,-32.57985210418701,13.0
full,42,1,2019,2012,2019,2020,2019,analyzing,0.48166558146476746,5.0,-4.5183344185352325,0.0
full,42,1,2019,2012,2019,2020,2019,ancient,3.959016799926758,66.0,-44.04098320007324,18.0
full,42,1,2019,2012,2019,2020,2019,ancient city,-0.00798872485756874,0.0,-0.00798872485756874,0.0
full,42,1,2019,2012,2019,2020,2019,and al jazeera,3.2508420944213867,36.0,-24.749157905578613,8.0
full,42,1,2019,2012,2019,2020,2019,and disaster risk,6.082606315612793,6.0,0.08260631561279297,0.0
full,42,1,2019,2012,2019,2020,2019,and future directions,4.971909999847412,25.0,-11.028090000152588,9.0
full,42,1,2019,2012,2019,2020,2019,and generative ai,-0.00798872485756874,0.0,-0.00798872485756874,0.0
full,42,1,2019,2012,2019,2020,2019,and nation branding,-0.00798872485756874,0.0,-0.00798872485756874,0.0
full,42,1,2019,2012,2019,2020,2019,and place branding,2.9685075283050537,5.0,-5.031492471694946,-3.0
full,42,1,2019,2012,2019,2020,2019,and the future,3.285996675491333,9.0,-5.714003324508667,0.0
full,42,1,2019,2012,2019,2020,2019,and the future of,3.285996675491333,9.0,-5.714003324508667,0.0
full,42,1,2019,2012,2019,2020,2019,and user-generated content,2.9685075283050537,8.0,-5.031492471694946,0.0
full,42,1,2019,2012,2019,2020,2019,annual,7.044331073760986,7.0,0.04433107376098633,0.0
full,42,1,2019,2012,2019,2020,2019,answering,-0.00798872485756874,0.0,-0.00798872485756874,0.0
full,42,1,2019,2012,2019,2020,2019,antecedents,12.950937271118164,34.0,-12.049062728881836,9.0
full,42,1,2019,2012,2019,2020,2019,anxiety,7.044331073760986,11.0,0.04433107376098633,4.0
full,42,1,2019,2012,2019,2020,2019,applications,20.859174728393555,124.0,-82.14082527160645,21.0
full,42,1,2019,2012,2019,2020,2019,applications in,18.0672607421875,62.0,-35.9327392578125,8.0
full,42,1,2019,2012,2019,2020,2019,applications of,13.635889053344727,41.0,-12.364110946655273,15.0
full,42,1,2019,2012,2019,2020,2019,applied,5.686976909637451,15.0,-13.313023090362549,-4.0
full,42,3,2019,2012,2019,2022,2019,21st century,18.161243438720703,52.0,-13.838756561279297,20.0
full,42,3,2019,2012,2019,2022,2019,3d laser,15.16002082824707,41.0,-22.83997917175293,3.0
full,42,3,2019,2012,2019,2022,2019,3d laser scanning,13.063956260681152,41.0,-16.936043739318848,11.0
full,42,3,2019,2012,2019,2022,2019,3d modeling,0.8871464133262634,0.0,-8.112853586673737,-9.0
full,42,3,2019,2012,2019,2022,2019,3d modelling,7.507785320281982,9.0,-1.4922146797180176,0.0
full,42,3,2019,2012,2019,2022,2019,3d models,8.14271068572998,29.0,-23.85728931427002,-3.0
full,42,3,2019,2012,2019,2022,2019,3d printing,0.9494742751121521,40.0,-8.050525724887848,31.0
full,42,3,2019,2012,2019,2022,2019,3d scanning,13.341158866882324,36.0,-16.658841133117676,6.0
full,42,3,2019,2012,2019,2022,2019,abroad,13.842999458312988,17.0,-16.15700054168701,-13.0
full,42,3,2019,2012,2019,2022,2019,acceptance,8.578207969665527,9.0,-28.421792030334473,-28.0
full,42,3,2019,2012,2019,2022,2019,access,5.6628618240356445,53.0,-58.337138175964355,-11.0
full,42,3,2019,2012,2019,2022,2019,accessible,2.1513748168945312,12.0,-3.8486251831054688,6.0
full,42,3,2019,2012,2019,2022,2019,accuracy,0.03204791247844696,6.0,0.03204791247844696,6.0
full,42,3,2019,2012,2019,2022,2019,accurate,3.4203760623931885,12.0,-6.5796239376068115,2.0
full,42,3,2019,2012,2019,2022,2019,achieving,1.4865480661392212,34.0,-12.513451933860779,20.0
full,42,3,2019,2012,2019,2022,2019,acknowledgements,1.3402562141418457,6.0,-3.6597437858581543,1.0
full,42,3,2019,2012,2019,2022,2019,acquisition,0.03204791247844696,9.0,0.03204791247844696,9.0
full,42,3,2019,2012,2019,2022,2019,action,11.521793365478516,281.0,-245.47820663452148,24.0
full,42,3,2019,2012,2019,2022,2019,activism,0.6219702959060669,15.0,-5.378029704093933,9.0
full,42,3,2019,2012,2019,2022,2019,activities,17.734317779541016,40.0,-16.265682220458984,6.0
full,42,3,2019,2012,2019,2022,2019,activity,18.643579483032227,29.0,-26.356420516967773,-16.0
full,42,3,2019,2012,2019,2022,2019,adaptation,5.463589668273926,20.0,-20.536410331726074,-6.0
full,42,3,2019,2012,2019,2022,2019,adaptive,14.444783210754395,18.0,-6.5552167892456055,-3.0
full,42,3,2019,2012,2019,2022,2019,addressing,3.252946138381958,8.0,-5.747053861618042,-1.0
full,42,3,2019,2012,2019,2022,2019,aden,2.897935390472412,0.0,-5.102064609527588,-8.0
full,42,3,2019,2012,2019,2022,2019,adoption,16.758197784423828,37.0,-17.241802215576172,3.0
full,42,3,2019,2012,2019,2022,2019,adults,0.03204791247844696,0.0,0.03204791247844696,0.0
full,42,3,2019,2012,2019,2022,2019,advanced,20.52298355102539,30.0,-13.47701644897461,-4.0
full,42,3,2019,2012,2019,2022,2019,advances,16.998361587524414,49.0,-15.001638412475586,17.0
full,42,3,2019,2012,2019,2022,2019,advances in,9.749162673950195,20.0,-6.250837326049805,4.0
full,42,3,2019,2012,2019,2022,2019,advancing,1.2907414436340332,18.0,-7.709258556365967,9.0
full,42,3,2019,2012,2019,2022,2019,advantages,0.03204791247844696,0.0,0.03204791247844696,0.0
full,42,3,2019,2012,2019,2022,2019,advertising,3.5946297645568848,32.0,-6.405370235443115,22.0
full,42,3,2019,2012,2019,2022,2019,africa,31.10787010192871,242.0,-187.8921298980713,23.0
full,42,3,2019,2012,2019,2022,2019,african,10.250362396240234,51.0,-38.749637603759766,2.0
full,42,3,2019,2012,2019,2022,2019,afterword,3.57667875289917,1.0,-7.42332124710083,-10.0
full,42,3,2019,2012,2019,2022,2019,against,5.619994163513184,11.0,-12.380005836486816,-7.0
full,42,3,2019,2012,2019,2022,2019,age of,25.047574996948242,143.0,-93.95242500305176,24.0
full,42,3,2019,2012,2019,2022,2019,agencies,3.252946138381958,9.0,-5.747053861618042,0.0
full,42,3,2019,2012,2019,2022,2019,agenda,25.308246612548828,149.0,-26.691753387451172,97.0
full,42,3,2019,2012,2019,2022,2019,agentic,0.03204791247844696,0.0,0.03204791247844696,0.0
full,42,3,2019,2012,2019,2022,2019,agents,2.785041093826294,23.0,-21.214958906173706,-1.0
full,42,3,2019,2012,2019,2022,2019,agricultural,13.172460556030273,30.0,-6.827539443969727,10.0
full,42,3,2019,2012,2019,2022,2019,ai chatbot,0.03204791247844696,7.0,0.03204791247844696,7.0
full,42,3,2019,2012,2019,2022,2019,ai in,0.9011003971099854,49.0,-8.098899602890015,40.0
full,42,3,2019,2012,2019,2022,2019,ai on,0.03204791247844696,0.0,0.03204791247844696,0.0
full,42,3,2019,2012,2019,2022,2019,ai-driven,0.03204791247844696,0.0,0.03204791247844696,0.0
full,42,3,2019,2012,2019,2022,2019,ai-enabled,0.03204791247844696,6.0,0.03204791247844696,6.0
full,42,3,2019,2012,2019,2022,2019,ai-generated,0.03204791247844696,16.0,0.03204791247844696,16.0
full,42,3,2019,2012,2019,2022,2019,ai-generated content,0.03204791247844696,0.0,0.03204791247844696,0.0
full,42,3,2019,2012,2019,2022,2019,ai-powered,0.03204791247844696,0.0,0.03204791247844696,0.0
full,42,3,2019,2012,2019,2022,2019,ai伦理,7.832056522369385,27.0,0.8320565223693848,20.0
full,42,3,2019,2012,2019,2022,2019,al jazeera,31.67302703857422,138.0,-139.32697296142578,-33.0
full,42,3,2019,2012,2019,2022,2019,al jazeera and,20.598676681518555,26.0,-16.401323318481445,-11.0
full,42,3,2019,2012,2019,2022,2019,al jazeera english,0.03204791247844696,16.0,0.03204791247844696,16.0
full,42,3,2019,2012,2019,2022,2019,al-jazeera,2.8145864009857178,17.0,-32.18541359901428,-18.0
full,42,3,2019,2012,2019,2022,2019,aleppo,0.03204791247844696,0.0,0.03204791247844696,0.0
full,42,3,2019,2012,2019,2022,2019,algorithmic,14.322508811950684,18.0,-0.6774911880493164,3.0
full,42,3,2019,2012,2019,2022,2019,algorithms,11.21513557434082,57.0,-3.7848644256591797,42.0
full,42,3,2019,2012,2019,2022,2019,alignment,9.945694923400879,15.0,0.9456949234008789,6.0
full,42,3,2019,2012,2019,2022,2019,along,12.116120338439941,32.0,-3.8838796615600586,16.0
full,42,3,2019,2012,2019,2022,2019,along the silk,0.03204791247844696,15.0,0.03204791247844696,15.0
full,42,3,2019,2012,2019,2022,2019,alternative,3.9113006591796875,48.0,-33.08869934082031,11.0
full,42,3,2019,2012,2019,2022,2019,america,23.053585052490234,139.0,-93.94641494750977,22.0
full,42,3,2019,2012,2019,2022,2019,american,7.159577369689941,55.0,-81.84042263031006,-34.0
full,42,3,2019,2012,2019,2022,2019,an empirical,1.9444079399108887,24.0,-16.05559206008911,6.0
full,42,3,2019,2012,2019,2022,2019,an empirical study,0.03204791247844696,7.0,0.03204791247844696,7.0
full,42,3,2019,2012,2019,2022,2019,an example,8.937655448913574,22.0,0.9376554489135742,14.0
full,42,3,2019,2012,2019,2022,2019,an exploratory,15.371960639953613,49.0,-15.628039360046387,18.0
full,42,3,2019,2012,2019,2022,2019,an exploratory study,15.371960639953613,49.0,-15.628039360046387,18.0
full,42,3,2019,2012,2019,2022,2019,an immersive,2.5302460193634033,8.0,-4.469753980636597,1.0
full,42,3,2019,2012,2019,2022,2019,an integrated,0.03204791247844696,8.0,0.03204791247844696,8.0
full,42,3,2019,2012,2019,2022,2019,an introduction,10.053316116333008,27.0,-3.946683883666992,13.0
full,42,3,2019,2012,2019,2022,2019,an investigation,5.238770484924316,0.0,-10.761229515075684,-16.0
full,42,3,2019,2012,2019,2022,2019,an overview,0.9494742751121521,31.0,-8.050525724887848,22.0
full,42,3,2019,2012,2019,2022,2019,an overview of,1.8855007886886597,31.0,-16.11449921131134,13.0
full,42,3,2019,2012,2019,2022,2019,analyses,2.327930450439453,13.0,-11.672069549560547,-1.0
full,42,3,2019,2012,2019,2022,2019,analytic hierarchy process,0.03204791247844696,0.0,0.03204791247844696,0.0
full,42,3,2019,2012,2019,2022,2019,analytical,0.03204791247844696,0.0,0.03204791247844696,0.0
full,42,3,2019,2012,2019,2022,2019,analytics,14.631048202514648,37.0,-30.36895179748535,-8.0
full,42,3,2019,2012,2019,2022,2019,analyzing,0.4393872022628784,20.0,-4.560612797737122,15.0
full,42,3,2019,2012,2019,2022,2019,ancient,4.009971618652344,72.0,-43.990028381347656,24.0
full,42,3,2019,2012,2019,2022,2019,ancient city,0.03204791247844696,0.0,0.03204791247844696,0.0
full,42,3,2019,2012,2019,2022,2019,and al jazeera,3.202535390853882,27.0,-24.797464609146118,-1.0
full,42,3,2019,2012,2019,2022,2019,and disaster risk,6.623157501220703,6.0,0.6231575012207031,0.0
full,42,3,2019,2012,2019,2022,2019,and future directions,5.238770484924316,25.0,-10.761229515075684,9.0
full,42,3,2019,2012,2019,2022,2019,and generative ai,0.03204791247844696,0.0,0.03204791247844696,0.0
full,42,3,2019,2012,2019,2022,2019,and nation branding,0.03204791247844696,8.0,0.03204791247844696,8.0
full,42,3,2019,2012,2019,2022,2019,and place branding,2.897935390472412,13.0,-5.102064609527588,5.0
full,42,3,2019,2012,2019,2022,2019,and the future,3.252946138381958,17.0,-5.747053861618042,8.0
full,42,3,2019,2012,2019,2022,2019,and the future of,3.252946138381958,17.0,-5.747053861618042,8.0
full,42,3,2019,2012,2019,2022,2019,and user-generated content,2.897935390472412,8.0,-5.102064609527588,0.0
full,42,3,2019,2012,2019,2022,2019,annual,7.832056522369385,7.0,0.8320565223693848,0.0
full,42,3,2019,2012,2019,2022,2019,answering,0.03204791247844696,8.0,0.03204791247844696,8.0
full,42,3,2019,2012,2019,2022,2019,antecedents,15.308563232421875,50.0,-9.691436767578125,25.0
full,42,3,2019,2012,2019,2022,2019,anxiety,7.832056522369385,20.0,0.8320565223693848,13.0
full,42,3,2019,2012,2019,2022,2019,applications,25.149316787719727,209.0,-77.85068321228027,106.0
full,42,3,2019,2012,2019,2022,2019,applications in,21.72650909423828,69.0,-32.27349090576172,15.0
full,42,3,2019,2012,2019,2022,2019,applications of,16.17342758178711,49.0,-9.82657241821289,23.0
full,42,3,2019,2012,2019,2022,2019,applied,6.117105007171631,31.0,-12.88289499282837,12.0
full,42,5,2019,2012,2019,2024,2019,21st century,16.15663719177246,36.0,-15.843362808227539,4.0
full,42,5,2019,2012,2019,2024,2019,3d laser,13.387378692626953,31.0,-24.612621307373047,-7.0
full,42,5,2019,2012,2019,2024,2019,3d laser scanning,11.388509750366211,31.0,-18.61149024963379,1.0
full,42,5,2019,2012,2019,2024,2019,3d modeling,0.6683294177055359,22.0,-8.331670582294464,13.0
full,42,5,2019,2012,2019,2024,2019,3d modelling,6.072994232177734,4.0,-2.9270057678222656,-5.0
full,42,5,2019,2012,2019,2024,2019,3d models,6.6601457595825195,13.0,-25.33985424041748,-19.0
full,42,5,2019,2012,2019,2024,2019,3d printing,0.7118445038795471,50.0,-8.288155496120453,41.0
full,42,5,2019,2012,2019,2024,2019,3d scanning,11.65494155883789,31.0,-18.34505844116211,1.0
full,42,5,2019,2012,2019,2024,2019,abroad,12.135613441467285,18.0,-17.864386558532715,-12.0
full,42,5,2019,2012,2019,2024,2019,acceptance,7.069631576538086,40.0,-29.930368423461914,3.0
full,42,5,2019,2012,2019,2024,2019,access,4.4055681228637695,38.0,-59.59443187713623,-26.0
full,42,5,2019,2012,2019,2024,2019,accessible,1.5750333070755005,12.0,-4.4249666929244995,6.0
full,42,5,2019,2012,2019,2024,2019,accuracy,0.05989426374435425,23.0,0.05989426374435425,23.0
full,42,5,2019,2012,2019,2024,2019,accurate,2.5443828105926514,12.0,-7.455617189407349,2.0
full,42,5,2019,2012,2019,2024,2019,achieving,1.0905710458755493,47.0,-12.90942895412445,33.0
full,42,5,2019,2012,2019,2024,2019,acknowledgements,0.9884835481643677,5.0,-4.011516451835632,0.0
full,42,5,2019,2012,2019,2024,2019,acquisition,0.05989426374435425,9.0,0.05989426374435425,9.0
full,42,5,2019,2012,2019,2024,2019,action,9.888124465942383,350.0,-247.11187553405762,93.0
full,42,5,2019,2012,2019,2024,2019,activism,0.483731210231781,15.0,-5.516268789768219,9.0
full,42,5,2019,2012,2019,2024,2019,activities,15.770370483398438,52.0,-18.229629516601562,18.0
full,42,5,2019,2012,2019,2024,2019,activity,16.588481903076172,37.0,-28.411518096923828,-8.0
full,42,5,2019,2012,2019,2024,2019,adaptation,4.236137866973877,29.0,-21.763862133026123,3.0
full,42,5,2019,2012,2019,2024,2019,adaptive,12.710244178771973,18.0,-8.289755821228027,-3.0
full,42,5,2019,2012,2019,2024,2019,addressing,2.412780284881592,17.0,-6.587219715118408,8.0
full,42,5,2019,2012,2019,2024,2019,aden,2.1374449729919434,1.0,-5.862555027008057,-7.0
full,42,5,2019,2012,2019,2024,2019,adoption,14.87739086151123,53.0,-19.12260913848877,19.0
full,42,5,2019,2012,2019,2024,2019,adults,0.05989426374435425,0.0,0.05989426374435425,0.0
full,42,5,2019,2012,2019,2024,2019,advanced,18.240982055664062,23.0,-15.759017944335938,-11.0
full,42,5,2019,2012,2019,2024,2019,advances,15.098788261413574,52.0,-16.901211738586426,20.0
full,42,5,2019,2012,2019,2024,2019,advances in,8.188064575195312,31.0,-7.8119354248046875,15.0
full,42,5,2019,2012,2019,2024,2019,advancing,0.9520190358161926,40.0,-8.047980964183807,31.0
full,42,5,2019,2012,2019,2024,2019,advantages,0.05989426374435425,26.0,0.05989426374435425,26.0
full,42,5,2019,2012,2019,2024,2019,advertising,2.6825780868530273,50.0,-7.317421913146973,40.0
full,42,5,2019,2012,2019,2024,2019,africa,26.606225967407227,242.0,-192.39377403259277,23.0
full,42,5,2019,2012,2019,2024,2019,african,8.666497230529785,50.0,-40.333502769470215,1.0
full,42,5,2019,2012,2019,2024,2019,afterword,2.6682538986206055,13.0,-8.331746101379395,2.0
full,42,5,2019,2012,2019,2024,2019,against,4.373386383056641,18.0,-13.62661361694336,0.0
full,42,5,2019,2012,2019,2024,2019,age of,21.998750686645508,130.0,-97.00124931335449,11.0
full,42,5,2019,2012,2019,2024,2019,agencies,2.412780284881592,17.0,-6.587219715118408,8.0
full,42,5,2019,2012,2019,2024,2019,agenda,22.207571029663086,160.0,-29.792428970336914,108.0
full,42,5,2019,2012,2019,2024,2019,agentic,0.05989426374435425,0.0,0.05989426374435425,0.0
full,42,5,2019,2012,2019,2024,2019,agents,2.0480945110321045,45.0,-21.951905488967896,21.0
full,42,5,2019,2012,2019,2024,2019,agricultural,11.49276351928711,26.0,-8.50723648071289,6.0
full,42,5,2019,2012,2019,2024,2019,ai chatbot,0.05989426374435425,41.0,0.05989426374435425,41.0
full,42,5,2019,2012,2019,2024,2019,ai in,0.6780111193656921,157.0,-8.321988880634308,148.0
full,42,5,2019,2012,2019,2024,2019,ai on,0.05989426374435425,15.0,0.05989426374435425,15.0
full,42,5,2019,2012,2019,2024,2019,ai-driven,0.05989426374435425,30.0,0.05989426374435425,30.0
full,42,5,2019,2012,2019,2024,2019,ai-enabled,0.05989426374435425,6.0,0.05989426374435425,6.0
full,42,5,2019,2012,2019,2024,2019,ai-generated,0.05989426374435425,33.0,0.05989426374435425,33.0
full,42,5,2019,2012,2019,2024,2019,ai-generated content,0.05989426374435425,24.0,0.05989426374435425,24.0
full,42,5,2019,2012,2019,2024,2019,ai-powered,0.05989426374435425,8.0,0.05989426374435425,8.0
full,42,5,2019,2012,2019,2024,2019,ai伦理,6.373971939086914,20.0,-0.6260280609130859,13.0
full,42,5,2019,2012,2019,2024,2019,al jazeera,27.015426635742188,48.0,-143.9845733642578,-123.0
full,42,5,2019,2012,2019,2024,2019,al jazeera and,18.306554794311523,0.0,-18.693445205688477,-37.0
full,42,5,2019,2012,2019,2024,2019,al jazeera english,0.05989426374435425,24.0,0.05989426374435425,24.0
full,42,5,2019,2012,2019,2024,2019,al-jazeera,2.070396661758423,9.0,-32.92960333824158,-26.0
full,42,5,2019,2012,2019,2024,2019,aleppo,0.05989426374435425,9.0,0.05989426374435425,9.0
full,42,5,2019,2012,2019,2024,2019,algorithmic,12.594427108764648,3.0,-2.4055728912353516,-12.0
full,42,5,2019,2012,2019,2024,2019,algorithms,9.602051734924316,71.0,-5.397948265075684,56.0
full,42,5,2019,2012,2019,2024,2019,alignment,8.37771224975586,6.0,-0.6222877502441406,-3.0
full,42,5,2019,2012,2019,2024,2019,along,10.47392749786377,52.0,-5.5260725021362305,36.0
full,42,5,2019,2012,2019,2024,2019,along the silk,0.05989426374435425,29.0,0.05989426374435425,29.0
full,42,5,2019,2012,2019,2024,2019,alternative,2.9330151081085205,36.0,-34.06698489189148,-1.0
full,42,5,2019,2012,2019,2024,2019,america,20.378541946411133,138.0,-96.62145805358887,21.0
full,42,5,2019,2012,2019,2024,2019,american,5.744824409484863,57.0,-83.25517559051514,-32.0
full,42,5,2019,2012,2019,2024,2019,an empirical,1.4207556247711182,15.0,-16.579244375228882,-3.0
full,42,5,2019,2012,2019,2024,2019,an empirical study,0.05989426374435425,7.0,0.05989426374435425,7.0
full,42,5,2019,2012,2019,2024,2019,an example,7.414089202880859,29.0,-0.5859107971191406,21.0
full,42,5,2019,2012,2019,2024,2019,an exploratory,13.586700439453125,26.0,-17.413299560546875,-5.0
full,42,5,2019,2012,2019,2024,2019,an exploratory study,13.586700439453125,26.0,-17.413299560546875,-5.0
full,42,5,2019,2012,2019,2024,2019,an immersive,1.857656717300415,8.0,-5.142343282699585,1.0
full,42,5,2019,2012,2019,2024,2019,an integrated,0.05989426374435425,16.0,0.05989426374435425,16.0
full,42,5,2019,2012,2019,2024,2019,an introduction,8.480518341064453,28.0,-5.519481658935547,14.0
full,42,5,2019,2012,2019,2024,2019,an investigation,4.043857574462891,7.0,-11.95614242553711,-9.0
full,42,5,2019,2012,2019,2024,2019,an overview,0.7118445038795471,76.0,-8.288155496120453,67.0
full,42,5,2019,2012,2019,2024,2019,an overview of,1.37783944606781,67.0,-16.62216055393219,49.0
full,42,5,2019,2012,2019,2024,2019,analyses,1.704426884651184,13.0,-12.295573115348816,-1.0
full,42,5,2019,2012,2019,2024,2019,analytic hierarchy process,0.05989426374435425,0.0,0.05989426374435425,0.0
full,42,5,2019,2012,2019,2024,2019,analytical,0.05989426374435425,32.0,0.05989426374435425,32.0
full,42,5,2019,2012,2019,2024,2019,analytics,12.885784149169922,45.0,-32.11421585083008,0.0
full,42,5,2019,2012,2019,2024,2019,analyzing,0.3562344014644623,53.0,-4.643765598535538,48.0
full,42,5,2019,2012,2019,2024,2019,ancient,3.012136220932007,76.0,-44.98786377906799,28.0
full,42,5,2019,2012,2019,2024,2019,ancient city,0.05989426374435425,17.0,0.05989426374435425,17.0
full,42,5,2019,2012,2019,2024,2019,and al jazeera,2.370603084564209,16.0,-25.62939691543579,-12.0
full,42,5,2019,2012,2019,2024,2019,and disaster risk,5.2658209800720215,38.0,-0.7341790199279785,32.0
full,42,5,2019,2012,2019,2024,2019,and future directions,4.043857574462891,43.0,-11.95614242553711,27.0
full,42,5,2019,2012,2019,2024,2019,and generative ai,0.05989426374435425,25.0,0.05989426374435425,25.0
full,42,5,2019,2012,2019,2024,2019,and nation branding,0.05989426374435425,8.0,0.05989426374435425,8.0
full,42,5,2019,2012,2019,2024,2019,and place branding,2.1374449729919434,13.0,-5.862555027008057,5.0
full,42,5,2019,2012,2019,2024,2019,and the future,2.412780284881592,31.0,-6.587219715118408,22.0
full,42,5,2019,2012,2019,2024,2019,and the future of,2.412780284881592,31.0,-6.587219715118408,22.0
full,42,5,2019,2012,2019,2024,2019,and user-generated content,2.1374449729919434,16.0,-5.862555027008057,8.0
full,42,5,2019,2012,2019,2024,2019,annual,6.373971939086914,16.0,-0.6260280609130859,9.0
full,42,5,2019,2012,2019,2024,2019,answering,0.05989426374435425,8.0,0.05989426374435425,8.0
full,42,5,2019,2012,2019,2024,2019,antecedents,13.527359962463379,25.0,-11.472640037536621,0.0
full,42,5,2019,2012,2019,2024,2019,anxiety,6.373971939086914,19.0,-0.6260280609130859,12.0
full,42,5,2019,2012,2019,2024,2019,applications,22.080272674560547,167.0,-80.91972732543945,64.0
full,42,5,2019,2012,2019,2024,2019,applications in,19.2698974609375,49.0,-34.7301025390625,-5.0
full,42,5,2019,2012,2019,2024,2019,applications of,14.33664608001709,45.0,-11.66335391998291,19.0
full,42,5,2019,2012,2019,2024,2019,applied,4.810194969177246,52.0,-14.189805030822754,33.0
full,123,1,2019,2012,2019,2020,2019,21st century,15.39228630065918,44.0,-16.60771369934082,12.0
full,123,1,2019,2012,2019,2020,2019,3d laser,13.353715896606445,46.0,-24.646284103393555,8.0
full,123,1,2019,2012,2019,2020,2019,3d laser scanning,11.89676284790039,38.0,-18.10323715209961,8.0
full,123,1,2019,2012,2019,2020,2019,3d modeling,1.0750924348831177,3.0,-7.924907565116882,-6.0
full,123,1,2019,2012,2019,2020,2019,3d modelling,6.834129810333252,9.0,-2.165870189666748,0.0
full,123,1,2019,2012,2019,2020,2019,3d models,7.4991607666015625,32.0,-24.500839233398438,0.0
full,123,1,2019,2012,2019,2020,2019,3d printing,1.1227773427963257,17.0,-7.877222657203674,8.0
full,123,1,2019,2012,2019,2020,2019,3d scanning,11.883744239807129,39.0,-18.11625576019287,9.0
full,123,1,2019,2012,2019,2020,2019,abroad,11.824241638183594,8.0,-18.175758361816406,-22.0
full,123,1,2019,2012,2019,2020,2019,acceptance,7.928358554840088,22.0,-29.071641445159912,-15.0
full,123,1,2019,2012,2019,2020,2019,access,5.5753493309021,64.0,-58.4246506690979,0.0
full,123,1,2019,2012,2019,2020,2019,accessible,2.362642288208008,6.0,-3.637357711791992,0.0
full,123,1,2019,2012,2019,2020,2019,accuracy,0.008867629803717136,0.0,0.008867629803717136,0.0
full,123,1,2019,2012,2019,2020,2019,accurate,3.5731120109558105,10.0,-6.4268879890441895,0.0
full,123,1,2019,2012,2019,2020,2019,achieving,1.7268048524856567,39.0,-12.273195147514343,25.0
full,123,1,2019,2012,2019,2020,2019,acknowledgements,1.9990707635879517,5.0,-3.0009292364120483,0.0
full,123,1,2019,2012,2019,2020,2019,acquisition,0.008867629803717136,0.0,0.008867629803717136,0.0
full,123,1,2019,2012,2019,2020,2019,action,10.645683288574219,263.0,-246.35431671142578,6.0
full,123,1,2019,2012,2019,2020,2019,activism,0.7469438314437866,10.0,-5.253056168556213,4.0
full,123,1,2019,2012,2019,2020,2019,activities,14.89418888092041,47.0,-19.10581111907959,13.0
full,123,1,2019,2012,2019,2020,2019,activity,15.616722106933594,37.0,-29.383277893066406,-8.0
full,123,1,2019,2012,2019,2020,2019,adaptation,5.358523368835449,24.0,-20.64147663116455,-2.0
full,123,1,2019,2012,2019,2020,2019,adaptive,12.04773998260498,12.0,-8.95226001739502,-9.0
full,123,1,2019,2012,2019,2020,2019,addressing,3.374427318572998,9.0,-5.625572681427002,0.0
full,123,1,2019,2012,2019,2020,2019,aden,3.0571398735046387,8.0,-4.942860126495361,0.0
full,123,1,2019,2012,2019,2020,2019,adoption,13.977561950683594,46.0,-20.022438049316406,12.0
full,123,1,2019,2012,2019,2020,2019,adults,0.008867629803717136,0.0,0.008867629803717136,0.0
full,123,1,2019,2012,2019,2020,2019,advanced,17.139463424682617,34.0,-16.860536575317383,0.0
full,123,1,2019,2012,2019,2020,2019,advances,14.393184661865234,44.0,-17.606815338134766,12.0
full,123,1,2019,2012,2019,2020,2019,advances in,8.593234062194824,16.0,-7.406765937805176,0.0
full,123,1,2019,2012,2019,2020,2019,advancing,1.5134342908859253,18.0,-7.486565709114075,9.0
full,123,1,2019,2012,2019,2020,2019,advantages,0.008867629803717136,0.0,0.008867629803717136,0.0
full,123,1,2019,2012,2019,2020,2019,advertising,3.6735851764678955,8.0,-6.3264148235321045,-2.0
full,123,1,2019,2012,2019,2020,2019,africa,27.966711044311523,227.0,-191.03328895568848,8.0
full,123,1,2019,2012,2019,2020,2019,african,9.188758850097656,60.0,-39.811241149902344,11.0
full,123,1,2019,2012,2019,2020,2019,afterword,3.75978946685791,11.0,-7.24021053314209,0.0
full,123,1,2019,2012,2019,2020,2019,against,5.436952114105225,18.0,-12.563047885894775,0.0
full,123,1,2019,2012,2019,2020,2019,age of,21.826148986816406,178.0,-97.1738510131836,59.0
full,123,1,2019,2012,2019,2020,2019,agencies,3.374427318572998,18.0,-5.625572681427002,9.0
full,123,1,2019,2012,2019,2020,2019,agenda,21.511930465698242,81.0,-30.488069534301758,29.0
full,123,1,2019,2012,2019,2020,2019,agentic,0.008867629803717136,0.0,0.008867629803717136,0.0
full,123,1,2019,2012,2019,2020,2019,agents,2.99943208694458,32.0,-21.00056791305542,8.0
full,123,1,2019,2012,2019,2020,2019,agricultural,11.093578338623047,29.0,-8.906421661376953,9.0
full,123,1,2019,2012,2019,2020,2019,ai chatbot,0.008867629803717136,0.0,0.008867629803717136,0.0
full,123,1,2019,2012,2019,2020,2019,ai in,1.0647140741348267,27.0,-7.935285925865173,18.0
full,123,1,2019,2012,2019,2020,2019,ai on,0.008867629803717136,0.0,0.008867629803717136,0.0
full,123,1,2019,2012,2019,2020,2019,ai-driven,0.008867629803717136,0.0,0.008867629803717136,0.0
full,123,1,2019,2012,2019,2020,2019,ai-enabled,0.008867629803717136,6.0,0.008867629803717136,6.0
full,123,1,2019,2012,2019,2020,2019,ai-generated,0.008867629803717136,0.0,0.008867629803717136,0.0
full,123,1,2019,2012,2019,2020,2019,ai-generated content,0.008867629803717136,0.0,0.008867629803717136,0.0
full,123,1,2019,2012,2019,2020,2019,ai-powered,0.008867629803717136,0.0,0.008867629803717136,0.0
full,123,1,2019,2012,2019,2020,2019,ai伦理,6.920194625854492,18.0,-0.07980537414550781,11.0
full,123,1,2019,2012,2019,2020,2019,al jazeera,29.007848739624023,181.0,-141.99215126037598,10.0
full,123,1,2019,2012,2019,2020,2019,al jazeera and,17.509765625,28.0,-19.490234375,-9.0
full,123,1,2019,2012,2019,2020,2019,al jazeera english,0.008867629803717136,8.0,0.008867629803717136,8.0
full,123,1,2019,2012,2019,2020,2019,al-jazeera,3.2920432090759277,33.0,-31.707956790924072,-2.0
full,123,1,2019,2012,2019,2020,2019,aleppo,0.008867629803717136,0.0,0.008867629803717136,0.0
full,123,1,2019,2012,2019,2020,2019,algorithmic,11.935234069824219,18.0,-3.0647659301757812,3.0
full,123,1,2019,2012,2019,2020,2019,algorithms,9.529251098632812,40.0,-5.4707489013671875,25.0
full,123,1,2019,2012,2019,2020,2019,alignment,8.499234199523926,9.0,-0.5007658004760742,0.0
full,123,1,2019,2012,2019,2020,2019,along,10.32383918762207,16.0,-5.67616081237793,0.0
full,123,1,2019,2012,2019,2020,2019,along the silk,0.008867629803717136,0.0,0.008867629803717136,0.0
full,123,1,2019,2012,2019,2020,2019,alternative,4.068539619445801,55.0,-32.9314603805542,18.0
full,123,1,2019,2012,2019,2020,2019,america,20.049381256103516,165.0,-96.95061874389648,48.0
full,123,1,2019,2012,2019,2020,2019,american,7.069756507873535,103.0,-81.93024349212646,14.0
full,123,1,2019,2012,2019,2020,2019,an empirical,2.195697546005249,17.0,-15.804302453994751,-1.0
full,123,1,2019,2012,2019,2020,2019,an empirical study,0.008867629803717136,0.0,0.008867629803717136,0.0
full,123,1,2019,2012,2019,2020,2019,an example,7.744246959686279,8.0,-0.2557530403137207,0.0
full,123,1,2019,2012,2019,2020,2019,an exploratory,12.960206985473633,32.0,-18.039793014526367,1.0
full,123,1,2019,2012,2019,2020,2019,an exploratory study,12.960206985473633,32.0,-18.039793014526367,1.0
full,123,1,2019,2012,2019,2020,2019,an immersive,2.7202816009521484,0.0,-4.279718399047852,-7.0
full,123,1,2019,2012,2019,2020,2019,an integrated,0.008867629803717136,8.0,0.008867629803717136,8.0
full,123,1,2019,2012,2019,2020,2019,an introduction,8.707003593444824,19.0,-5.292996406555176,5.0
full,123,1,2019,2012,2019,2020,2019,an investigation,5.092019557952881,16.0,-10.90798044204712,0.0
full,123,1,2019,2012,2019,2020,2019,an overview,1.1227773427963257,14.0,-7.877222657203674,5.0
full,123,1,2019,2012,2019,2020,2019,an overview of,2.155914783477783,14.0,-15.844085216522217,-4.0
full,123,1,2019,2012,2019,2020,2019,analyses,2.5752508640289307,18.0,-11.42474913597107,4.0
full,123,1,2019,2012,2019,2020,2019,analytic hierarchy process,0.008867629803717136,0.0,0.008867629803717136,0.0
full,123,1,2019,2012,2019,2020,2019,analytical,0.008867629803717136,0.0,0.008867629803717136,0.0
full,123,1,2019,2012,2019,2020,2019,analytics,12.52916145324707,58.0,-32.47083854675293,13.0
full,123,1,2019,2012,2019,2020,2019,analyzing,0.5227813720703125,5.0,-4.4772186279296875,0.0
full,123,1,2019,2012,2019,2020,2019,ancient,4.160775184631348,66.0,-43.83922481536865,18.0
full,123,1,2019,2012,2019,2020,2019,ancient city,0.008867629803717136,0.0,0.008867629803717136,0.0
full,123,1,2019,2012,2019,2020,2019,and al jazeera,3.530808925628662,36.0,-24.469191074371338,8.0
full,123,1,2019,2012,2019,2020,2019,and disaster risk,6.017030239105225,6.0,0.01703023910522461,0.0
full,123,1,2019,2012,2019,2020,2019,and future directions,5.092019557952881,25.0,-10.90798044204712,9.0
full,123,1,2019,2012,2019,2020,2019,and generative ai,0.008867629803717136,0.0,0.008867629803717136,0.0
full,123,1,2019,2012,2019,2020,2019,and nation branding,0.008867629803717136,0.0,0.008867629803717136,0.0
full,123,1,2019,2012,2019,2020,2019,and place branding,3.0571398735046387,5.0,-4.942860126495361,-3.0
full,123,1,2019,2012,2019,2020,2019,and the future,3.374427318572998,9.0,-5.625572681427002,0.0
full,123,1,2019,2012,2019,2020,2019,and the future of,3.374427318572998,9.0,-5.625572681427002,0.0
full,123,1,2019,2012,2019,2020,2019,and user-generated content,3.0571398735046387,8.0,-4.942860126495361,0.0
full,123,1,2019,2012,2019,2020,2019,annual,6.920194625854492,7.0,-0.07980537414550781,0.0
full,123,1,2019,2012,2019,2020,2019,answering,0.008867629803717136,0.0,0.008867629803717136,0.0
full,123,1,2019,2012,2019,2020,2019,antecedents,12.787637710571289,34.0,-12.212362289428711,9.0
full,123,1,2019,2012,2019,2020,2019,anxiety,6.920194625854492,11.0,-0.07980537414550781,4.0
full,123,1,2019,2012,2019,2020,2019,applications,21.88426971435547,124.0,-81.11573028564453,21.0
full,123,1,2019,2012,2019,2020,2019,applications in,18.44933319091797,62.0,-35.55066680908203,8.0
full,123,1,2019,2012,2019,2020,2019,applications of,13.587139129638672,41.0,-12.412860870361328,15.0
full,123,1,2019,2012,2019,2020,2019,applied,5.7645182609558105,15.0,-13.23548173904419,-4.0
full,123,3,2019,2012,2019,2022,2019,21st century,16.57160758972168,52.0,-15.42839241027832,20.0
full,123,3,2019,2012,2019,2022,2019,3d laser,14.36642074584961,41.0,-23.63357925415039,3.0
full,123,3,2019,2012,2019,2022,2019,3d laser scanning,12.78817081451416,41.0,-17.21182918548584,11.0
full,123,3,2019,2012,2019,2022,2019,3d modeling,1.0807273387908936,0.0,-7.9192726612091064,-9.0
full,123,3,2019,2012,2019,2022,2019,3d modelling,7.205371856689453,9.0,-1.7946281433105469,0.0
full,123,3,2019,2012,2019,2022,2019,3d models,7.890156269073486,29.0,-24.109843730926514,-3.0
full,123,3,2019,2012,2019,2022,2019,3d printing,1.125575065612793,40.0,-7.874424934387207,31.0
full,123,3,2019,2012,2019,2022,2019,3d scanning,12.769038200378418,36.0,-17.230961799621582,6.0
full,123,3,2019,2012,2019,2022,2019,abroad,12.691559791564941,17.0,-17.30844020843506,-13.0
full,123,3,2019,2012,2019,2022,2019,acceptance,8.362539291381836,9.0,-28.637460708618164,-28.0
full,123,3,2019,2012,2019,2022,2019,access,5.717392444610596,53.0,-58.282607555389404,-11.0
full,123,3,2019,2012,2019,2022,2019,accessible,2.363773822784424,12.0,-3.636226177215576,6.0
full,123,3,2019,2012,2019,2022,2019,accuracy,0.08527133613824844,6.0,0.08527133613824844,6.0
full,123,3,2019,2012,2019,2022,2019,accurate,3.6218056678771973,12.0,-6.378194332122803,2.0
full,123,3,2019,2012,2019,2022,2019,achieving,1.7061854600906372,34.0,-12.293814539909363,20.0
full,123,3,2019,2012,2019,2022,2019,acknowledgements,2.004939079284668,6.0,-2.995060920715332,1.0
full,123,3,2019,2012,2019,2022,2019,acquisition,0.08527133613824844,9.0,0.08527133613824844,9.0
full,123,3,2019,2012,2019,2022,2019,action,11.24468994140625,281.0,-245.75531005859375,24.0
full,123,3,2019,2012,2019,2022,2019,activism,0.7741827368736267,15.0,-5.225817263126373,9.0
full,123,3,2019,2012,2019,2022,2019,activities,16.02872085571289,40.0,-17.97127914428711,6.0
full,123,3,2019,2012,2019,2022,2019,activity,16.785871505737305,29.0,-28.214128494262695,-16.0
full,123,3,2019,2012,2019,2022,2019,adaptation,5.525283336639404,20.0,-20.474716663360596,-6.0
full,123,3,2019,2012,2019,2022,2019,adaptive,12.950108528137207,18.0,-8.049891471862793,-3.0
full,123,3,2019,2012,2019,2022,2019,addressing,3.4117846488952637,8.0,-5.588215351104736,-1.0
full,123,3,2019,2012,2019,2022,2019,aden,3.07936954498291,0.0,-4.92063045501709,-8.0
full,123,3,2019,2012,2019,2022,2019,adoption,15.033035278320312,37.0,-18.966964721679688,3.0
full,123,3,2019,2012,2019,2022,2019,adults,0.08527133613824844,0.0,0.08527133613824844,0.0
full,123,3,2019,2012,2019,2022,2019,advanced,18.42166519165039,30.0,-15.57833480834961,-4.0
full,123,3,2019,2012,2019,2022,2019,advances,15.493912696838379,49.0,-16.50608730316162,17.0
full,123,3,2019,2012,2019,2022,2019,advances in,9.143922805786133,20.0,-6.856077194213867,4.0
full,123,3,2019,2012,2019,2022,2019,advancing,1.5039300918579102,18.0,-7.49606990814209,9.0
full,123,3,2019,2012,2019,2022,2019,advantages,0.08527133613824844,0.0,0.08527133613824844,0.0
full,123,3,2019,2012,2019,2022,2019,advertising,3.7278683185577393,32.0,-6.272131681442261,22.0
full,123,3,2019,2012,2019,2022,2019,africa,28.923837661743164,242.0,-190.07616233825684,23.0
full,123,3,2019,2012,2019,2022,2019,african,9.745044708251953,51.0,-39.25495529174805,2.0
full,123,3,2019,2012,2019,2022,2019,afterword,3.8201091289520264,1.0,-7.179890871047974,-10.0
full,123,3,2019,2012,2019,2022,2019,against,5.6288862228393555,11.0,-12.371113777160645,-7.0
full,123,3,2019,2012,2019,2022,2019,age of,23.15605926513672,143.0,-95.84394073486328,24.0
full,123,3,2019,2012,2019,2022,2019,agencies,3.4117846488952637,9.0,-5.588215351104736,0.0
full,123,3,2019,2012,2019,2022,2019,agenda,22.88974952697754,149.0,-29.11025047302246,97.0
full,123,3,2019,2012,2019,2022,2019,agentic,0.08527133613824844,0.0,0.08527133613824844,0.0
full,123,3,2019,2012,2019,2022,2019,agents,2.9860401153564453,23.0,-21.013959884643555,-1.0
full,123,3,2019,2012,2019,2022,2019,agricultural,11.902944564819336,30.0,-8.097055435180664,10.0
full,123,3,2019,2012,2019,2022,2019,ai chatbot,0.08527133613824844,7.0,0.08527133613824844,7.0
full,123,3,2019,2012,2019,2022,2019,ai in,1.0701066255569458,49.0,-7.929893374443054,40.0
full,123,3,2019,2012,2019,2022,2019,ai on,0.08527133613824844,0.0,0.08527133613824844,0.0
full,123,3,2019,2012,2019,2022,2019,ai-driven,0.08527133613824844,0.0,0.08527133613824844,0.0
full,123,3,2019,2012,2019,2022,2019,ai-enabled,0.08527133613824844,6.0,0.08527133613824844,6.0
full,123,3,2019,2012,2019,2022,2019,ai-generated,0.08527133613824844,16.0,0.08527133613824844,16.0
full,123,3,2019,2012,2019,2022,2019,ai-generated content,0.08527133613824844,0.0,0.08527133613824844,0.0
full,123,3,2019,2012,2019,2022,2019,ai-powered,0.08527133613824844,0.0,0.08527133613824844,0.0
full,123,3,2019,2012,2019,2022,2019,ai伦理,7.305127143859863,27.0,0.3051271438598633,20.0
full,123,3,2019,2012,2019,2022,2019,al jazeera,29.88785171508789,138.0,-141.1121482849121,-33.0
full,123,3,2019,2012,2019,2022,2019,al jazeera and,18.813932418823242,26.0,-18.186067581176758,-11.0
full,123,3,2019,2012,2019,2022,2019,al jazeera english,0.08527133613824844,16.0,0.08527133613824844,16.0
full,123,3,2019,2012,2019,2022,2019,al-jazeera,3.2892587184906006,17.0,-31.7107412815094,-18.0
full,123,3,2019,2012,2019,2022,2019,aleppo,0.08527133613824844,0.0,0.08527133613824844,0.0
full,123,3,2019,2012,2019,2022,2019,algorithmic,12.840973854064941,18.0,-2.1590261459350586,3.0
full,123,3,2019,2012,2019,2022,2019,algorithms,10.182971954345703,57.0,-4.817028045654297,42.0
full,123,3,2019,2012,2019,2022,2019,alignment,9.05538558959961,15.0,0.055385589599609375,6.0
full,123,3,2019,2012,2019,2022,2019,along,11.063591003417969,32.0,-4.936408996582031,16.0
full,123,3,2019,2012,2019,2022,2019,along the silk,0.08527133613824844,15.0,0.08527133613824844,15.0
full,123,3,2019,2012,2019,2022,2019,alternative,4.104419708251953,48.0,-32.89558029174805,11.0
full,123,3,2019,2012,2019,2022,2019,america,21.370635986328125,139.0,-95.62936401367188,22.0
full,123,3,2019,2012,2019,2022,2019,american,7.359732627868652,55.0,-81.64026737213135,-34.0
full,123,3,2019,2012,2019,2022,2019,an empirical,2.1690711975097656,24.0,-15.830928802490234,6.0
full,123,3,2019,2012,2019,2022,2019,an empirical study,0.08527133613824844,7.0,0.08527133613824844,7.0
full,123,3,2019,2012,2019,2022,2019,an example,8.2186279296875,22.0,0.2186279296875,14.0
full,123,3,2019,2012,2019,2022,2019,an exploratory,13.933369636535645,49.0,-17.066630363464355,18.0
full,123,3,2019,2012,2019,2022,2019,an exploratory study,13.933369636535645,49.0,-17.066630363464355,18.0
full,123,3,2019,2012,2019,2022,2019,an immersive,2.7300517559051514,8.0,-4.269948244094849,1.0
full,123,3,2019,2012,2019,2022,2019,an integrated,0.08527133613824844,8.0,0.08527133613824844,8.0
full,123,3,2019,2012,2019,2022,2019,an introduction,9.273482322692871,27.0,-4.726517677307129,13.0
full,123,3,2019,2012,2019,2022,2019,an investigation,5.253142833709717,0.0,-10.746857166290283,-16.0
full,123,3,2019,2012,2019,2022,2019,an overview,1.125575065612793,31.0,-7.874424934387207,22.0
full,123,3,2019,2012,2019,2022,2019,an overview of,2.1295857429504395,31.0,-15.87041425704956,13.0
full,123,3,2019,2012,2019,2022,2019,analyses,2.5625598430633545,13.0,-11.437440156936646,-1.0
full,123,3,2019,2012,2019,2022,2019,analytic hierarchy process,0.08527133613824844,0.0,0.08527133613824844,0.0
full,123,3,2019,2012,2019,2022,2019,analytical,0.08527133613824844,0.0,0.08527133613824844,0.0
full,123,3,2019,2012,2019,2022,2019,analytics,13.441168785095215,37.0,-31.558831214904785,-8.0
full,123,3,2019,2012,2019,2022,2019,analyzing,0.566234827041626,20.0,-4.433765172958374,15.0
full,123,3,2019,2012,2019,2022,2019,ancient,4.1931071281433105,72.0,-43.80689287185669,24.0
full,123,3,2019,2012,2019,2022,2019,ancient city,0.08527133613824844,0.0,0.08527133613824844,0.0
full,123,3,2019,2012,2019,2022,2019,and al jazeera,3.5447680950164795,27.0,-24.45523190498352,-1.0
full,123,3,2019,2012,2019,2022,2019,and disaster risk,6.3058085441589355,6.0,0.30580854415893555,0.0
full,123,3,2019,2012,2019,2022,2019,and future directions,5.253142833709717,25.0,-10.746857166290283,9.0
full,123,3,2019,2012,2019,2022,2019,and generative ai,0.08527133613824844,0.0,0.08527133613824844,0.0
full,123,3,2019,2012,2019,2022,2019,and nation branding,0.08527133613824844,8.0,0.08527133613824844,8.0
full,123,3,2019,2012,2019,2022,2019,and place branding,3.07936954498291,13.0,-4.92063045501709,5.0
full,123,3,2019,2012,2019,2022,2019,and the future,3.4117846488952637,17.0,-5.588215351104736,8.0
full,123,3,2019,2012,2019,2022,2019,and the future of,3.4117846488952637,17.0,-5.588215351104736,8.0
full,123,3,2019,2012,2019,2022,2019,and user-generated content,3.07936954498291,8.0,-4.92063045501709,0.0
full,123,3,2019,2012,2019,2022,2019,annual,7.305127143859863,7.0,0.3051271438598633,0.0
full,123,3,2019,2012,2019,2022,2019,answering,0.08527133613824844,8.0,0.08527133613824844,8.0
full,123,3,2019,2012,2019,2022,2019,antecedents,13.753617286682129,50.0,-11.246382713317871,25.0
full,123,3,2019,2012,2019,2022,2019,anxiety,7.305127143859863,20.0,0.3051271438598633,13.0
full,123,3,2019,2012,2019,2022,2019,applications,23.225177764892578,209.0,-79.77482223510742,106.0
full,123,3,2019,2012,2019,2022,2019,applications in,19.77204704284668,69.0,-34.22795295715332,15.0
full,123,3,2019,2012,2019,2022,2019,applications of,14.626871109008789,49.0,-11.373128890991211,23.0
full,123,3,2019,2012,2019,2022,2019,applied,5.985942840576172,31.0,-13.014057159423828,12.0
full,123,5,2019,2012,2019,2024,2019,21st century,13.721901893615723,36.0,-18.278098106384277,4.0
full,123,5,2019,2012,2019,2024,2019,3d laser,11.936331748962402,31.0,-26.063668251037598,-7.0
full,123,5,2019,2012,2019,2024,2019,3d laser scanning,10.623838424682617,31.0,-19.376161575317383,1.0
full,123,5,2019,2012,2019,2024,2019,3d modeling,0.9341363310813904,22.0,-8.06586366891861,13.0
full,123,5,2019,2012,2019,2024,2019,3d modelling,5.8514204025268555,4.0,-3.1485795974731445,-5.0
full,123,5,2019,2012,2019,2024,2019,3d models,6.424294471740723,13.0,-25.575705528259277,-19.0
full,123,5,2019,2012,2019,2024,2019,3d printing,0.9681270718574524,50.0,-8.031872928142548,41.0
full,123,5,2019,2012,2019,2024,2019,3d scanning,10.606566429138184,31.0,-19.393433570861816,1.0
full,123,5,2019,2012,2019,2024,2019,abroad,10.538422584533691,18.0,-19.46157741546631,-12.0
full,123,5,2019,2012,2019,2024,2019,acceptance,6.828145980834961,40.0,-30.17185401916504,3.0
full,123,5,2019,2012,2019,2024,2019,access,4.5817131996154785,38.0,-59.41828680038452,-26.0
full,123,5,2019,2012,2019,2024,2019,accessible,1.9133055210113525,12.0,-4.0866944789886475,6.0
full,123,5,2019,2012,2019,2024,2019,accuracy,0.14691129326820374,23.0,0.14691129326820374,23.0
full,123,5,2019,2012,2019,2024,2019,accurate,2.8935773372650146,12.0,-7.106422662734985,2.0
full,123,5,2019,2012,2019,2024,2019,achieving,1.40769624710083,47.0,-12.59230375289917,33.0
full,123,5,2019,2012,2019,2024,2019,acknowledgements,1.6402884721755981,5.0,-3.359711527824402,0.0
full,123,5,2019,2012,2019,2024,2019,acquisition,0.14691129326820374,9.0,0.14691129326820374,9.0
full,123,5,2019,2012,2019,2024,2019,action,9.280097007751465,350.0,-247.71990299224854,93.0
full,123,5,2019,2012,2019,2024,2019,activism,0.7005969285964966,15.0,-5.299403071403503,9.0
full,123,5,2019,2012,2019,2024,2019,activities,13.286824226379395,52.0,-20.713175773620605,18.0
full,123,5,2019,2012,2019,2024,2019,activity,13.88623332977295,37.0,-31.11376667022705,-8.0
full,123,5,2019,2012,2019,2024,2019,adaptation,4.43064546585083,29.0,-21.56935453414917,3.0
full,123,5,2019,2012,2019,2024,2019,adaptive,10.758960723876953,18.0,-10.241039276123047,-3.0
full,123,5,2019,2012,2019,2024,2019,addressing,2.727778434753418,17.0,-6.272221565246582,8.0
full,123,5,2019,2012,2019,2024,2019,aden,2.4672188758850098,1.0,-5.53278112411499,-7.0
full,123,5,2019,2012,2019,2024,2019,adoption,12.480249404907227,53.0,-21.519750595092773,19.0
full,123,5,2019,2012,2019,2024,2019,adults,0.14691129326820374,0.0,0.14691129326820374,0.0
full,123,5,2019,2012,2019,2024,2019,advanced,15.165557861328125,23.0,-18.834442138671875,-11.0
full,123,5,2019,2012,2019,2024,2019,advances,12.857186317443848,52.0,-19.142813682556152,20.0
full,123,5,2019,2012,2019,2024,2019,advances in,7.508795738220215,31.0,-8.491204261779785,15.0
full,123,5,2019,2012,2019,2024,2019,advancing,1.2554409503936768,40.0,-7.744559049606323,31.0
full,123,5,2019,2012,2019,2024,2019,advantages,0.14691129326820374,26.0,0.14691129326820374,26.0
full,123,5,2019,2012,2019,2024,2019,advertising,2.977543592453003,50.0,-7.022456407546997,40.0
full,123,5,2019,2012,2019,2024,2019,africa,22.5108699798584,242.0,-196.4891300201416,23.0
full,123,5,2019,2012,2019,2024,2019,african,8.013715744018555,50.0,-40.986284255981445,1.0
full,123,5,2019,2012,2019,2024,2019,afterword,3.0509281158447266,13.0,-7.949071884155273,2.0
full,123,5,2019,2012,2019,2024,2019,against,4.51974630355835,18.0,-13.48025369644165,0.0
full,123,5,2019,2012,2019,2024,2019,age of,18.63815689086914,130.0,-100.36184310913086,11.0
full,123,5,2019,2012,2019,2024,2019,agencies,2.727778434753418,17.0,-6.272221565246582,8.0
full,123,5,2019,2012,2019,2024,2019,agenda,18.457914352416992,160.0,-33.54208564758301,108.0
full,123,5,2019,2012,2019,2024,2019,agentic,0.14691129326820374,0.0,0.14691129326820374,0.0
full,123,5,2019,2012,2019,2024,2019,agents,2.388592004776001,45.0,-21.611407995224,21.0
full,123,5,2019,2012,2019,2024,2019,agricultural,9.873642921447754,26.0,-10.126357078552246,6.0
full,123,5,2019,2012,2019,2024,2019,ai chatbot,0.14691129326820374,41.0,0.14691129326820374,41.0
full,123,5,2019,2012,2019,2024,2019,ai in,0.9259321093559265,157.0,-8.074067890644073,148.0
full,123,5,2019,2012,2019,2024,2019,ai on,0.14691129326820374,15.0,0.14691129326820374,15.0
full,123,5,2019,2012,2019,2024,2019,ai-driven,0.14691129326820374,30.0,0.14691129326820374,30.0
full,123,5,2019,2012,2019,2024,2019,ai-enabled,0.14691129326820374,6.0,0.14691129326820374,6.0
full,123,5,2019,2012,2019,2024,2019,ai-generated,0.14691129326820374,33.0,0.14691129326820374,33.0
full,123,5,2019,2012,2019,2024,2019,ai-generated content,0.14691129326820374,24.0,0.14691129326820374,24.0
full,123,5,2019,2012,2019,2024,2019,ai-powered,0.14691129326820374,8.0,0.14691129326820374,8.0
full,123,5,2019,2012,2019,2024,2019,ai伦理,5.937179088592529,20.0,-1.0628209114074707,13.0
full,123,5,2019,2012,2019,2024,2019,al jazeera,23.131813049316406,48.0,-147.8681869506836,-123.0
full,123,5,2019,2012,2019,2024,2019,al jazeera and,15.466601371765137,0.0,-21.533398628234863,-37.0
full,123,5,2019,2012,2019,2024,2019,al jazeera english,0.14691129326820374,24.0,0.14691129326820374,24.0
full,123,5,2019,2012,2019,2024,2019,al-jazeera,2.6250550746917725,9.0,-32.37494492530823,-26.0
full,123,5,2019,2012,2019,2024,2019,aleppo,0.14691129326820374,9.0,0.14691129326820374,9.0
full,123,5,2019,2012,2019,2024,2019,algorithmic,10.670342445373535,3.0,-4.329657554626465,-12.0
full,123,5,2019,2012,2019,2024,2019,algorithms,8.40322208404541,71.0,-6.59677791595459,56.0
full,123,5,2019,2012,2019,2024,2019,alignment,7.436100482940674,6.0,-1.5638995170593262,-3.0
full,123,5,2019,2012,2019,2024,2019,along,9.15946102142334,52.0,-6.84053897857666,36.0
full,123,5,2019,2012,2019,2024,2019,along the silk,0.14691129326820374,29.0,0.14691129326820374,29.0
full,123,5,2019,2012,2019,2024,2019,alternative,3.2697947025299072,36.0,-33.73020529747009,-1.0
full,123,5,2019,2012,2019,2024,2019,america,17.35865592956543,138.0,-99.64134407043457,21.0
full,123,5,2019,2012,2019,2024,2019,american,5.961666107177734,57.0,-83.03833389282227,-32.0
full,123,5,2019,2012,2019,2024,2019,an empirical,1.7595384120941162,15.0,-16.240461587905884,-3.0
full,123,5,2019,2012,2019,2024,2019,an empirical study,0.14691129326820374,7.0,0.14691129326820374,7.0
full,123,5,2019,2012,2019,2024,2019,an example,6.71747350692749,29.0,-1.2825264930725098,21.0
full,123,5,2019,2012,2019,2024,2019,an exploratory,11.577061653137207,26.0,-19.422938346862793,-5.0
full,123,5,2019,2012,2019,2024,2019,an exploratory study,11.577061653137207,26.0,-19.422938346862793,-5.0
full,123,5,2019,2012,2019,2024,2019,an immersive,2.1956801414489746,8.0,-4.804319858551025,1.0
full,123,5,2019,2012,2019,2024,2019,an integrated,0.14691129326820374,16.0,0.14691129326820374,16.0
full,123,5,2019,2012,2019,2024,2019,an introduction,7.621011734008789,28.0,-6.378988265991211,14.0
full,123,5,2019,2012,2019,2024,2019,an investigation,4.209799289703369,7.0,-11.79020071029663,-9.0
full,123,5,2019,2012,2019,2024,2019,an overview,0.9681270718574524,76.0,-8.031872928142548,67.0
full,123,5,2019,2012,2019,2024,2019,an overview of,1.7294459342956543,67.0,-16.270554065704346,49.0
full,123,5,2019,2012,2019,2024,2019,analyses,2.0629560947418213,13.0,-11.937043905258179,-1.0
full,123,5,2019,2012,2019,2024,2019,analytic hierarchy process,0.14691129326820374,0.0,0.14691129326820374,0.0
full,123,5,2019,2012,2019,2024,2019,analytical,0.14691129326820374,32.0,0.14691129326820374,32.0
full,123,5,2019,2012,2019,2024,2019,analytics,11.162811279296875,45.0,-33.837188720703125,0.0
full,123,5,2019,2012,2019,2024,2019,analyzing,0.5398471355438232,53.0,-4.460152864456177,48.0
full,123,5,2019,2012,2019,2024,2019,ancient,3.3391690254211426,76.0,-44.66083097457886,28.0
full,123,5,2019,2012,2019,2024,2019,ancient city,0.14691129326820374,17.0,0.14691129326820374,17.0
full,123,5,2019,2012,2019,2024,2019,and al jazeera,2.8268864154815674,16.0,-25.173113584518433,-12.0
full,123,5,2019,2012,2019,2024,2019,and disaster risk,5.0923967361450195,38.0,-0.9076032638549805,32.0
full,123,5,2019,2012,2019,2024,2019,and future directions,4.209799289703369,43.0,-11.79020071029663,27.0
full,123,5,2019,2012,2019,2024,2019,and generative ai,0.14691129326820374,25.0,0.14691129326820374,25.0
full,123,5,2019,2012,2019,2024,2019,and nation branding,0.14691129326820374,8.0,0.14691129326820374,8.0
full,123,5,2019,2012,2019,2024,2019,and place branding,2.4672188758850098,13.0,-5.53278112411499,5.0
full,123,5,2019,2012,2019,2024,2019,and the future,2.727778434753418,31.0,-6.272221565246582,22.0
full,123,5,2019,2012,2019,2024,2019,and the future of,2.727778434753418,31.0,-6.272221565246582,22.0
full,123,5,2019,2012,2019,2024,2019,and user-generated content,2.4672188758850098,16.0,-5.53278112411499,8.0
full,123,5,2019,2012,2019,2024,2019,annual,5.937179088592529,16.0,-1.0628209114074707,9.0
full,123,5,2019,2012,2019,2024,2019,answering,0.14691129326820374,8.0,0.14691129326820374,8.0
full,123,5,2019,2012,2019,2024,2019,antecedents,11.429574012756348,25.0,-13.570425987243652,0.0
full,123,5,2019,2012,2019,2024,2019,anxiety,5.937179088592529,19.0,-1.0628209114074707,12.0
full,123,5,2019,2012,2019,2024,2019,applications,18.68893814086914,167.0,-84.31106185913086,64.0
full,123,5,2019,2012,2019,2024,2019,applications in,16.186349868774414,49.0,-37.813650131225586,-5.0
full,123,5,2019,2012,2019,2024,2019,applications of,12.15173053741455,45.0,-13.84826946258545,19.0
full,123,5,2019,2012,2019,2024,2019,applied,4.816163063049316,52.0,-14.183836936950684,33.0
full,2026,1,2019,2012,2019,2020,2019,21st century,11.754609107971191,44.0,-20.24539089202881,12.0
full,2026,1,2019,2012,2019,2020,2019,3d laser,9.505289077758789,46.0,-28.49471092224121,8.0
full,2026,1,2019,2012,2019,2020,2019,3d laser scanning,7.923823833465576,38.0,-22.076176166534424,8.0
full,2026,1,2019,2012,2019,2020,2019,3d modeling,0.9917242527008057,3.0,-8.008275747299194,-6.0
full,2026,1,2019,2012,2019,2020,2019,3d modelling,4.463892459869385,9.0,-4.536107540130615,0.0
full,2026,1,2019,2012,2019,2020,2019,3d models,5.132437705993652,32.0,-26.867562294006348,0.0
full,2026,1,2019,2012,2019,2020,2019,3d printing,1.0438312292099,17.0,-7.9561687707901,8.0
full,2026,1,2019,2012,2019,2020,2019,3d scanning,8.127416610717773,39.0,-21.872583389282227,9.0
full,2026,1,2019,2012,2019,2020,2019,abroad,8.521759033203125,8.0,-21.478240966796875,-22.0
full,2026,1,2019,2012,2019,2020,2019,acceptance,5.400832176208496,22.0,-31.599167823791504,-15.0
full,2026,1,2019,2012,2019,2020,2019,access,4.020734786987305,64.0,-59.979265213012695,0.0
full,2026,1,2019,2012,2019,2020,2019,accessible,1.8583984375,6.0,-4.1416015625,0.0
full,2026,1,2019,2012,2019,2020,2019,accuracy,0.11095153540372849,0.0,0.11095153540372849,0.0
full,2026,1,2019,2012,2019,2020,2019,accurate,2.552543878555298,10.0,-7.447456121444702,0.0
full,2026,1,2019,2012,2019,2020,2019,achieving,1.4302854537963867,39.0,-12.569714546203613,25.0
full,2026,1,2019,2012,2019,2020,2019,acknowledgements,1.3058679103851318,5.0,-3.694132089614868,0.0
full,2026,1,2019,2012,2019,2020,2019,acquisition,0.11095153540372849,0.0,0.11095153540372849,0.0
full,2026,1,2019,2012,2019,2020,2019,action,8.283652305603027,263.0,-248.71634769439697,6.0
full,2026,1,2019,2012,2019,2020,2019,activism,0.7796686887741089,10.0,-5.220331311225891,4.0
full,2026,1,2019,2012,2019,2020,2019,activities,11.480072975158691,47.0,-22.51992702484131,13.0
full,2026,1,2019,2012,2019,2020,2019,activity,12.41110610961914,37.0,-32.58889389038086,-8.0
full,2026,1,2019,2012,2019,2020,2019,adaptation,3.7050843238830566,24.0,-22.294915676116943,-2.0
full,2026,1,2019,2012,2019,2020,2019,adaptive,8.796692848205566,12.0,-12.203307151794434,-9.0
full,2026,1,2019,2012,2019,2020,2019,addressing,2.4647748470306396,9.0,-6.53522515296936,0.0
full,2026,1,2019,2012,2019,2020,2019,aden,2.2745399475097656,8.0,-5.725460052490234,0.0
full,2026,1,2019,2012,2019,2020,2019,adoption,10.741488456726074,46.0,-23.258511543273926,12.0
full,2026,1,2019,2012,2019,2020,2019,adults,0.11095153540372849,0.0,0.11095153540372849,0.0
full,2026,1,2019,2012,2019,2020,2019,advanced,13.818294525146484,34.0,-20.181705474853516,0.0
full,2026,1,2019,2012,2019,2020,2019,advances,10.845280647277832,44.0,-21.154719352722168,12.0
full,2026,1,2019,2012,2019,2020,2019,advances in,5.7743706703186035,16.0,-10.225629329681396,0.0
full,2026,1,2019,2012,2019,2020,2019,advancing,1.3137595653533936,18.0,-7.6862404346466064,9.0
full,2026,1,2019,2012,2019,2020,2019,advantages,0.11095153540372849,0.0,0.11095153540372849,0.0
full,2026,1,2019,2012,2019,2020,2019,advertising,2.645261764526367,8.0,-7.354738235473633,-2.0
full,2026,1,2019,2012,2019,2020,2019,africa,25.911998748779297,227.0,-193.0880012512207,8.0
full,2026,1,2019,2012,2019,2020,2019,african,6.483077049255371,60.0,-42.51692295074463,11.0
full,2026,1,2019,2012,2019,2020,2019,afterword,2.634671688079834,11.0,-8.365328311920166,0.0
full,2026,1,2019,2012,2019,2020,2019,against,3.708759069442749,18.0,-14.291240930557251,0.0
full,2026,1,2019,2012,2019,2020,2019,age of,18.905519485473633,178.0,-100.09448051452637,59.0
full,2026,1,2019,2012,2019,2020,2019,agencies,2.4647748470306396,18.0,-6.53522515296936,9.0
full,2026,1,2019,2012,2019,2020,2019,agenda,18.575946807861328,81.0,-33.42405319213867,29.0
full,2026,1,2019,2012,2019,2020,2019,agentic,0.11095153540372849,0.0,0.11095153540372849,0.0
full,2026,1,2019,2012,2019,2020,2019,agents,2.2624289989471436,32.0,-21.737571001052856,8.0
full,2026,1,2019,2012,2019,2020,2019,agricultural,7.916006088256836,29.0,-12.083993911743164,9.0
full,2026,1,2019,2012,2019,2020,2019,ai chatbot,0.11095153540372849,0.0,0.11095153540372849,0.0
full,2026,1,2019,2012,2019,2020,2019,ai in,1.0016194581985474,27.0,-7.998380541801453,18.0
full,2026,1,2019,2012,2019,2020,2019,ai on,0.11095153540372849,0.0,0.11095153540372849,0.0
full,2026,1,2019,2012,2019,2020,2019,ai-driven,0.11095153540372849,0.0,0.11095153540372849,0.0
full,2026,1,2019,2012,2019,2020,2019,ai-enabled,0.11095153540372849,6.0,0.11095153540372849,6.0
full,2026,1,2019,2012,2019,2020,2019,ai-generated,0.11095153540372849,0.0,0.11095153540372849,0.0
full,2026,1,2019,2012,2019,2020,2019,ai-generated content,0.11095153540372849,0.0,0.11095153540372849,0.0
full,2026,1,2019,2012,2019,2020,2019,ai-powered,0.11095153540372849,0.0,0.11095153540372849,0.0
full,2026,1,2019,2012,2019,2020,2019,ai伦理,4.5741143226623535,18.0,-2.4258856773376465,11.0
full,2026,1,2019,2012,2019,2020,2019,al jazeera,26.28162384033203,181.0,-144.71837615966797,10.0
full,2026,1,2019,2012,2019,2020,2019,al jazeera and,13.885619163513184,28.0,-23.114380836486816,-9.0
full,2026,1,2019,2012,2019,2020,2019,al jazeera english,0.11095153540372849,8.0,0.11095153540372849,8.0
full,2026,1,2019,2012,2019,2020,2019,al-jazeera,2.2611730098724365,33.0,-32.73882699012756,-2.0
full,2026,1,2019,2012,2019,2020,2019,aleppo,0.11095153540372849,0.0,0.11095153540372849,0.0
full,2026,1,2019,2012,2019,2020,2019,algorithmic,8.533285140991211,18.0,-6.466714859008789,3.0
full,2026,1,2019,2012,2019,2020,2019,algorithms,6.601229667663574,40.0,-8.398770332336426,25.0
full,2026,1,2019,2012,2019,2020,2019,alignment,5.712803840637207,9.0,-3.287196159362793,0.0
full,2026,1,2019,2012,2019,2020,2019,along,7.1422505378723145,16.0,-8.857749462127686,0.0
full,2026,1,2019,2012,2019,2020,2019,along the silk,0.11095153540372849,0.0,0.11095153540372849,0.0
full,2026,1,2019,2012,2019,2020,2019,alternative,2.9369943141937256,55.0,-34.063005685806274,18.0
full,2026,1,2019,2012,2019,2020,2019,america,16.935516357421875,165.0,-100.06448364257812,48.0
full,2026,1,2019,2012,2019,2020,2019,american,4.902647495269775,103.0,-84.09735250473022,14.0
full,2026,1,2019,2012,2019,2020,2019,an empirical,1.7347241640090942,17.0,-16.265275835990906,-1.0
full,2026,1,2019,2012,2019,2020,2019,an empirical study,0.11095153540372849,0.0,0.11095153540372849,0.0
full,2026,1,2019,2012,2019,2020,2019,an example,5.154420375823975,8.0,-2.8455796241760254,0.0
full,2026,1,2019,2012,2019,2020,2019,an exploratory,9.628232955932617,32.0,-21.371767044067383,1.0
full,2026,1,2019,2012,2019,2020,2019,an exploratory study,9.628232955932617,32.0,-21.371767044067383,1.0
full,2026,1,2019,2012,2019,2020,2019,an immersive,2.073050022125244,0.0,-4.926949977874756,-7.0
full,2026,1,2019,2012,2019,2020,2019,an integrated,0.11095153540372849,8.0,0.11095153540372849,8.0
full,2026,1,2019,2012,2019,2020,2019,an introduction,5.910820007324219,19.0,-8.089179992675781,5.0
full,2026,1,2019,2012,2019,2020,2019,an investigation,3.505897283554077,16.0,-12.494102716445923,0.0
full,2026,1,2019,2012,2019,2020,2019,an overview,1.0438312292099,14.0,-7.9561687707901,5.0
full,2026,1,2019,2012,2019,2020,2019,an overview of,1.6945562362670898,14.0,-16.30544376373291,-4.0
full,2026,1,2019,2012,2019,2020,2019,analyses,1.9806599617004395,18.0,-12.01934003829956,4.0
full,2026,1,2019,2012,2019,2020,2019,analytic hierarchy process,0.11095153540372849,0.0,0.11095153540372849,0.0
full,2026,1,2019,2012,2019,2020,2019,analytical,0.11095153540372849,0.0,0.11095153540372849,0.0
full,2026,1,2019,2012,2019,2020,2019,analytics,9.276333808898926,58.0,-35.723666191101074,13.0
full,2026,1,2019,2012,2019,2020,2019,analyzing,0.6011284589767456,5.0,-4.398871541023254,0.0
full,2026,1,2019,2012,2019,2020,2019,ancient,3.012586832046509,66.0,-44.98741316795349,18.0
full,2026,1,2019,2012,2019,2020,2019,ancient city,0.11095153540372849,0.0,0.11095153540372849,0.0
full,2026,1,2019,2012,2019,2020,2019,and al jazeera,2.4983937740325928,36.0,-25.501606225967407,8.0
full,2026,1,2019,2012,2019,2020,2019,and disaster risk,3.9707446098327637,6.0,-2.0292553901672363,0.0
full,2026,1,2019,2012,2019,2020,2019,and future directions,3.505897283554077,25.0,-12.494102716445923,9.0
full,2026,1,2019,2012,2019,2020,2019,and generative ai,0.11095153540372849,0.0,0.11095153540372849,0.0
full,2026,1,2019,2012,2019,2020,2019,and nation branding,0.11095153540372849,0.0,0.11095153540372849,0.0
full,2026,1,2019,2012,2019,2020,2019,and place branding,2.2745399475097656,5.0,-5.725460052490234,-3.0
full,2026,1,2019,2012,2019,2020,2019,and the future,2.4647748470306396,9.0,-6.53522515296936,0.0
full,2026,1,2019,2012,2019,2020,2019,and the future of,2.4647748470306396,9.0,-6.53522515296936,0.0
full,2026,1,2019,2012,2019,2020,2019,and user-generated content,2.2745399475097656,8.0,-5.725460052490234,0.0
full,2026,1,2019,2012,2019,2020,2019,annual,4.5741143226623535,7.0,-2.4258856773376465,0.0
full,2026,1,2019,2012,2019,2020,2019,answering,0.11095153540372849,0.0,0.11095153540372849,0.0
full,2026,1,2019,2012,2019,2020,2019,antecedents,9.486594200134277,34.0,-15.513405799865723,9.0
full,2026,1,2019,2012,2019,2020,2019,anxiety,4.5741143226623535,11.0,-2.4258856773376465,4.0
full,2026,1,2019,2012,2019,2020,2019,applications,18.896329879760742,124.0,-84.10367012023926,21.0
full,2026,1,2019,2012,2019,2020,2019,applications in,15.180662155151367,62.0,-38.81933784484863,8.0
full,2026,1,2019,2012,2019,2020,2019,applications of,10.119427680969238,41.0,-15.880572319030762,15.0
full,2026,1,2019,2012,2019,2020,2019,applied,3.9757204055786133,15.0,-15.024279594421387,-4.0
full,2026,3,2019,2012,2019,2022,2019,21st century,11.541117668151855,52.0,-20.458882331848145,20.0
full,2026,3,2019,2012,2019,2022,2019,3d laser,9.458988189697266,41.0,-28.541011810302734,3.0
full,2026,3,2019,2012,2019,2022,2019,3d laser scanning,7.961203098297119,41.0,-22.03879690170288,11.0
full,2026,3,2019,2012,2019,2022,2019,3d modeling,1.1076635122299194,0.0,-7.892336487770081,-9.0
full,2026,3,2019,2012,2019,2022,2019,3d modelling,4.57122278213501,9.0,-4.42877721786499,0.0
full,2026,3,2019,2012,2019,2022,2019,3d models,5.220755577087402,29.0,-26.779244422912598,-3.0
full,2026,3,2019,2012,2019,2022,2019,3d printing,1.1587756872177124,40.0,-7.841224312782288,31.0
full,2026,3,2019,2012,2019,2022,2019,3d scanning,8.154071807861328,36.0,-21.845928192138672,6.0
full,2026,3,2019,2012,2019,2022,2019,abroad,8.52519702911377,17.0,-21.47480297088623,-13.0
full,2026,3,2019,2012,2019,2022,2019,acceptance,5.4857072830200195,9.0,-31.51429271697998,-28.0
full,2026,3,2019,2012,2019,2022,2019,access,4.111129283905029,53.0,-59.88887071609497,-11.0
full,2026,3,2019,2012,2019,2022,2019,accessible,1.9653834104537964,12.0,-4.034616589546204,6.0
full,2026,3,2019,2012,2019,2022,2019,accuracy,0.23463687300682068,6.0,0.23463687300682068,6.0
full,2026,3,2019,2012,2019,2022,2019,accurate,2.6552112102508545,12.0,-7.3447887897491455,2.0
full,2026,3,2019,2012,2019,2022,2019,achieving,1.5389000177383423,34.0,-12.461099982261658,20.0
full,2026,3,2019,2012,2019,2022,2019,acknowledgements,1.4215269088745117,6.0,-3.5784730911254883,1.0
full,2026,3,2019,2012,2019,2022,2019,acquisition,0.23463687300682068,9.0,0.23463687300682068,9.0
full,2026,3,2019,2012,2019,2022,2019,action,8.268040657043457,281.0,-248.73195934295654,24.0
full,2026,3,2019,2012,2019,2022,2019,activism,0.8996132612228394,15.0,-5.100386738777161,9.0
full,2026,3,2019,2012,2019,2022,2019,activities,11.286170959472656,40.0,-22.713829040527344,6.0
full,2026,3,2019,2012,2019,2022,2019,activity,12.121478080749512,29.0,-32.87852191925049,-16.0
full,2026,3,2019,2012,2019,2022,2019,adaptation,3.801076889038086,20.0,-22.198923110961914,-6.0
full,2026,3,2019,2012,2019,2022,2019,adaptive,8.792632102966309,18.0,-12.207367897033691,-3.0
full,2026,3,2019,2012,2019,2022,2019,addressing,2.5677599906921387,8.0,-6.432240009307861,-1.0
full,2026,3,2019,2012,2019,2022,2019,aden,2.3785181045532227,0.0,-5.621481895446777,-8.0
full,2026,3,2019,2012,2019,2022,2019,adoption,10.604964256286621,37.0,-23.39503574371338,3.0
full,2026,3,2019,2012,2019,2022,2019,adults,0.23463687300682068,0.0,0.23463687300682068,0.0
full,2026,3,2019,2012,2019,2022,2019,advanced,13.384702682495117,30.0,-20.615297317504883,-4.0
full,2026,3,2019,2012,2019,2022,2019,advances,10.706544876098633,49.0,-21.293455123901367,17.0
full,2026,3,2019,2012,2019,2022,2019,advances in,5.86595344543457,20.0,-10.13404655456543,4.0
full,2026,3,2019,2012,2019,2022,2019,advancing,1.4245437383651733,18.0,-7.575456261634827,9.0
full,2026,3,2019,2012,2019,2022,2019,advantages,0.23463687300682068,0.0,0.23463687300682068,0.0
full,2026,3,2019,2012,2019,2022,2019,advertising,2.747464895248413,32.0,-7.252535104751587,22.0
full,2026,3,2019,2012,2019,2022,2019,africa,23.063146591186523,242.0,-195.93685340881348,23.0
full,2026,3,2019,2012,2019,2022,2019,african,6.546083927154541,51.0,-42.45391607284546,2.0
full,2026,3,2019,2012,2019,2022,2019,afterword,2.737077236175537,1.0,-8.262922763824463,-10.0
full,2026,3,2019,2012,2019,2022,2019,against,3.807535409927368,11.0,-14.192464590072632,-7.0
full,2026,3,2019,2012,2019,2022,2019,age of,17.66075897216797,143.0,-101.33924102783203,24.0
full,2026,3,2019,2012,2019,2022,2019,agencies,2.5677599906921387,9.0,-6.432240009307861,0.0
full,2026,3,2019,2012,2019,2022,2019,agenda,17.41576385498047,149.0,-34.58423614501953,97.0
full,2026,3,2019,2012,2019,2022,2019,agentic,0.23463687300682068,0.0,0.23463687300682068,0.0
full,2026,3,2019,2012,2019,2022,2019,agents,2.362262725830078,23.0,-21.637737274169922,-1.0
full,2026,3,2019,2012,2019,2022,2019,agricultural,7.950972557067871,30.0,-12.049027442932129,10.0
full,2026,3,2019,2012,2019,2022,2019,ai chatbot,0.23463687300682068,7.0,0.23463687300682068,7.0
full,2026,3,2019,2012,2019,2022,2019,ai in,1.1172895431518555,49.0,-7.8827104568481445,40.0
full,2026,3,2019,2012,2019,2022,2019,ai on,0.23463687300682068,0.0,0.23463687300682068,0.0
full,2026,3,2019,2012,2019,2022,2019,ai-driven,0.23463687300682068,0.0,0.23463687300682068,0.0
full,2026,3,2019,2012,2019,2022,2019,ai-enabled,0.23463687300682068,6.0,0.23463687300682068,6.0
full,2026,3,2019,2012,2019,2022,2019,ai-generated,0.23463687300682068,16.0,0.23463687300682068,16.0
full,2026,3,2019,2012,2019,2022,2019,ai-generated content,0.23463687300682068,0.0,0.23463687300682068,0.0
full,2026,3,2019,2012,2019,2022,2019,ai-powered,0.23463687300682068,0.0,0.23463687300682068,0.0
full,2026,3,2019,2012,2019,2022,2019,ai伦理,4.683230876922607,27.0,-2.3167691230773926,20.0
full,2026,3,2019,2012,2019,2022,2019,al jazeera,23.351097106933594,138.0,-147.6489028930664,-33.0
full,2026,3,2019,2012,2019,2022,2019,al jazeera and,13.446227073669434,26.0,-23.553772926330566,-11.0
full,2026,3,2019,2012,2019,2022,2019,al jazeera english,0.23463687300682068,16.0,0.23463687300682068,16.0
full,2026,3,2019,2012,2019,2022,2019,al-jazeera,2.3614583015441895,17.0,-32.63854169845581,-18.0
full,2026,3,2019,2012,2019,2022,2019,aleppo,0.23463687300682068,0.0,0.23463687300682068,0.0
full,2026,3,2019,2012,2019,2022,2019,algorithmic,8.54999828338623,18.0,-6.4500017166137695,3.0
full,2026,3,2019,2012,2019,2022,2019,algorithms,6.678738117218018,57.0,-8.321261882781982,42.0
full,2026,3,2019,2012,2019,2022,2019,alignment,5.8125200271606445,15.0,-3.1874799728393555,6.0
full,2026,3,2019,2012,2019,2022,2019,along,7.207408428192139,32.0,-8.792591571807861,16.0
full,2026,3,2019,2012,2019,2022,2019,along the silk,0.23463687300682068,15.0,0.23463687300682068,15.0
full,2026,3,2019,2012,2019,2022,2019,alternative,3.03306245803833,48.0,-33.96693754196167,11.0
full,2026,3,2019,2012,2019,2022,2019,america,16.03342628479004,139.0,-100.96657371520996,22.0
full,2026,3,2019,2012,2019,2022,2019,american,4.9868316650390625,55.0,-84.01316833496094,-34.0
full,2026,3,2019,2012,2019,2022,2019,an empirical,1.8393703699111938,24.0,-16.160629630088806,6.0
full,2026,3,2019,2012,2019,2022,2019,an empirical study,0.23463687300682068,7.0,0.23463687300682068,7.0
full,2026,3,2019,2012,2019,2022,2019,an example,5.260105609893799,22.0,-2.739894390106201,14.0
full,2026,3,2019,2012,2019,2022,2019,an exploratory,9.571535110473633,49.0,-21.428464889526367,18.0
full,2026,3,2019,2012,2019,2022,2019,an exploratory study,9.571535110473633,49.0,-21.428464889526367,18.0
full,2026,3,2019,2012,2019,2022,2019,an immersive,2.178321123123169,8.0,-4.821678876876831,1.0
full,2026,3,2019,2012,2019,2022,2019,an integrated,0.23463687300682068,8.0,0.23463687300682068,8.0
full,2026,3,2019,2012,2019,2022,2019,an introduction,6.001741409301758,27.0,-7.998258590698242,13.0
full,2026,3,2019,2012,2019,2022,2019,an investigation,3.6053402423858643,0.0,-12.394659757614136,-16.0
full,2026,3,2019,2012,2019,2022,2019,an overview,1.1587756872177124,31.0,-7.841224312782288,22.0
full,2026,3,2019,2012,2019,2022,2019,an overview of,1.7997100353240967,31.0,-16.200289964675903,13.0
full,2026,3,2019,2012,2019,2022,2019,analyses,2.0836236476898193,13.0,-11.91637635231018,-1.0
full,2026,3,2019,2012,2019,2022,2019,analytic hierarchy process,0.23463687300682068,0.0,0.23463687300682068,0.0
full,2026,3,2019,2012,2019,2022,2019,analytical,0.23463687300682068,0.0,0.23463687300682068,0.0
full,2026,3,2019,2012,2019,2022,2019,analytics,9.232694625854492,37.0,-35.76730537414551,-8.0
full,2026,3,2019,2012,2019,2022,2019,analyzing,0.7242147326469421,20.0,-4.275785267353058,15.0
full,2026,3,2019,2012,2019,2022,2019,ancient,3.1078717708587646,72.0,-44.892128229141235,24.0
full,2026,3,2019,2012,2019,2022,2019,ancient city,0.23463687300682068,0.0,0.23463687300682068,0.0
full,2026,3,2019,2012,2019,2022,2019,and al jazeera,2.5972986221313477,27.0,-25.402701377868652,-1.0
full,2026,3,2019,2012,2019,2022,2019,and disaster risk,4.081114292144775,6.0,-1.9188857078552246,0.0
full,2026,3,2019,2012,2019,2022,2019,and future directions,3.6053402423858643,25.0,-12.394659757614136,9.0
full,2026,3,2019,2012,2019,2022,2019,and generative ai,0.23463687300682068,0.0,0.23463687300682068,0.0
full,2026,3,2019,2012,2019,2022,2019,and nation branding,0.23463687300682068,8.0,0.23463687300682068,8.0
full,2026,3,2019,2012,2019,2022,2019,and place branding,2.3785181045532227,13.0,-5.621481895446777,5.0
full,2026,3,2019,2012,2019,2022,2019,and the future,2.5677599906921387,17.0,-6.432240009307861,8.0
full,2026,3,2019,2012,2019,2022,2019,and the future of,2.5677599906921387,17.0,-6.432240009307861,8.0
full,2026,3,2019,2012,2019,2022,2019,and user-generated content,2.3785181045532227,8.0,-5.621481895446777,0.0
full,2026,3,2019,2012,2019,2022,2019,annual,4.683230876922607,7.0,-2.3167691230773926,0.0
full,2026,3,2019,2012,2019,2022,2019,answering,0.23463687300682068,8.0,0.23463687300682068,8.0
full,2026,3,2019,2012,2019,2022,2019,antecedents,9.44223690032959,50.0,-15.55776309967041,25.0
full,2026,3,2019,2012,2019,2022,2019,anxiety,4.683230876922607,20.0,-2.3167691230773926,13.0
full,2026,3,2019,2012,2019,2022,2019,applications,17.658267974853516,209.0,-85.34173202514648,106.0
full,2026,3,2019,2012,2019,2022,2019,applications in,14.561101913452148,69.0,-39.43889808654785,15.0
full,2026,3,2019,2012,2019,2022,2019,applications of,10.03654956817627,49.0,-15.96345043182373,23.0
full,2026,3,2019,2012,2019,2022,2019,applied,4.0732245445251465,31.0,-14.926775455474854,12.0
full,2026,5,2019,2012,2019,2024,2019,21st century,9.311955451965332,36.0,-22.688044548034668,4.0
full,2026,5,2019,2012,2019,2024,2019,3d laser,7.80595064163208,31.0,-30.19404935836792,-7.0
full,2026,5,2019,2012,2019,2024,2019,3d laser scanning,6.689499855041504,31.0,-23.310500144958496,1.0
full,2026,5,2019,2012,2019,2024,2019,3d modeling,1.141814112663269,22.0,-7.858185887336731,13.0
full,2026,5,2019,2012,2019,2024,2019,3d modelling,4.043234348297119,4.0,-4.956765651702881,-5.0
full,2026,5,2019,2012,2019,2024,2019,3d models,4.559200763702393,13.0,-27.440799236297607,-19.0
full,2026,5,2019,2012,2019,2024,2019,3d printing,1.1866217851638794,50.0,-7.813378214836121,41.0
full,2026,5,2019,2012,2019,2024,2019,3d scanning,6.834449291229248,31.0,-23.165550708770752,1.0
full,2026,5,2019,2012,2019,2024,2019,abroad,7.111634731292725,18.0,-22.888365268707275,-12.0
full,2026,5,2019,2012,2019,2024,2019,acceptance,4.769354820251465,40.0,-32.230645179748535,3.0
full,2026,5,2019,2012,2019,2024,2019,access,3.6644299030303955,38.0,-60.335570096969604,-26.0
full,2026,5,2019,2012,2019,2024,2019,accessible,1.8840155601501465,12.0,-4.1159844398498535,6.0
full,2026,5,2019,2012,2019,2024,2019,accuracy,0.34923070669174194,23.0,0.34923070669174194,23.0
full,2026,5,2019,2012,2019,2024,2019,accurate,2.4667372703552246,12.0,-7.533262729644775,2.0
full,2026,5,2019,2012,2019,2024,2019,achieving,1.5169106721878052,47.0,-12.483089327812195,33.0
full,2026,5,2019,2012,2019,2024,2019,acknowledgements,1.4174423217773438,5.0,-3.5825576782226562,0.0
full,2026,5,2019,2012,2019,2024,2019,acquisition,0.34923070669174194,9.0,0.34923070669174194,9.0
full,2026,5,2019,2012,2019,2024,2019,action,6.908475399017334,350.0,-250.09152460098267,93.0
full,2026,5,2019,2012,2019,2024,2019,activism,0.9582143425941467,15.0,-5.041785657405853,9.0
full,2026,5,2019,2012,2019,2024,2019,activities,9.129257202148438,52.0,-24.870742797851562,18.0
full,2026,5,2019,2012,2019,2024,2019,activity,9.718685150146484,37.0,-35.281314849853516,-8.0
full,2026,5,2019,2012,2019,2024,2019,adaptation,3.4137561321258545,29.0,-22.586243867874146,3.0
full,2026,5,2019,2012,2019,2024,2019,adaptive,7.312783718109131,18.0,-13.68721628189087,-3.0
full,2026,5,2019,2012,2019,2024,2019,addressing,2.3933868408203125,17.0,-6.6066131591796875,8.0
full,2026,5,2019,2012,2019,2024,2019,aden,2.2341830730438232,1.0,-5.765816926956177,-7.0
full,2026,5,2019,2012,2019,2024,2019,adoption,8.639643669128418,53.0,-25.360356330871582,19.0
full,2026,5,2019,2012,2019,2024,2019,adults,0.34923070669174194,0.0,0.34923070669174194,0.0
full,2026,5,2019,2012,2019,2024,2019,advanced,10.600056648254395,23.0,-23.399943351745605,-11.0
full,2026,5,2019,2012,2019,2024,2019,advances,8.714465141296387,52.0,-23.285534858703613,20.0
full,2026,5,2019,2012,2019,2024,2019,advances in,5.072834014892578,31.0,-10.927165985107422,15.0
full,2026,5,2019,2012,2019,2024,2019,advancing,1.4183154106140137,40.0,-7.581684589385986,31.0
full,2026,5,2019,2012,2019,2024,2019,advantages,0.34923070669174194,26.0,0.34923070669174194,26.0
full,2026,5,2019,2012,2019,2024,2019,advertising,2.543917655944824,50.0,-7.456082344055176,40.0
full,2026,5,2019,2012,2019,2024,2019,africa,16.774120330810547,242.0,-202.22587966918945,23.0
full,2026,5,2019,2012,2019,2024,2019,african,5.599662780761719,50.0,-43.40033721923828,1.0
full,2026,5,2019,2012,2019,2024,2019,afterword,2.5352706909179688,13.0,-8.464729309082031,2.0
full,2026,5,2019,2012,2019,2024,2019,against,3.4200551509857178,18.0,-14.579944849014282,0.0
full,2026,5,2019,2012,2019,2024,2019,age of,13.437784194946289,130.0,-105.56221580505371,11.0
full,2026,5,2019,2012,2019,2024,2019,agencies,2.3933868408203125,17.0,-6.6066131591796875,8.0
full,2026,5,2019,2012,2019,2024,2019,agenda,13.285005569458008,160.0,-38.71499443054199,108.0
full,2026,5,2019,2012,2019,2024,2019,agentic,0.34923070669174194,0.0,0.34923070669174194,0.0
full,2026,5,2019,2012,2019,2024,2019,agents,2.2186591625213623,45.0,-21.781340837478638,21.0
full,2026,5,2019,2012,2019,2024,2019,agricultural,6.680779933929443,26.0,-13.319220066070557,6.0
full,2026,5,2019,2012,2019,2024,2019,ai chatbot,0.34923070669174194,41.0,0.34923070669174194,41.0
full,2026,5,2019,2012,2019,2024,2019,ai in,1.150221824645996,157.0,-7.849778175354004,148.0
full,2026,5,2019,2012,2019,2024,2019,ai on,0.34923070669174194,15.0,0.34923070669174194,15.0
full,2026,5,2019,2012,2019,2024,2019,ai-driven,0.34923070669174194,30.0,0.34923070669174194,30.0
full,2026,5,2019,2012,2019,2024,2019,ai-enabled,0.34923070669174194,6.0,0.34923070669174194,6.0
full,2026,5,2019,2012,2019,2024,2019,ai-generated,0.34923070669174194,33.0,0.34923070669174194,33.0
full,2026,5,2019,2012,2019,2024,2019,ai-generated content,0.34923070669174194,24.0,0.34923070669174194,24.0
full,2026,5,2019,2012,2019,2024,2019,ai-powered,0.34923070669174194,8.0,0.34923070669174194,8.0
full,2026,5,2019,2012,2019,2024,2019,ai伦理,4.133970260620117,20.0,-2.866029739379883,13.0
full,2026,5,2019,2012,2019,2024,2019,al jazeera,16.949291229248047,48.0,-154.05070877075195,-123.0
full,2026,5,2019,2012,2019,2024,2019,al jazeera and,10.643134117126465,0.0,-26.356865882873535,-37.0
full,2026,5,2019,2012,2019,2024,2019,al jazeera english,0.34923070669174194,24.0,0.34923070669174194,24.0
full,2026,5,2019,2012,2019,2024,2019,al-jazeera,2.2179908752441406,9.0,-32.78200912475586,-26.0
full,2026,5,2019,2012,2019,2024,2019,aleppo,0.34923070669174194,9.0,0.34923070669174194,9.0
full,2026,5,2019,2012,2019,2024,2019,algorithmic,7.1335062980651855,3.0,-7.8664937019348145,-12.0
full,2026,5,2019,2012,2019,2024,2019,algorithms,5.707422733306885,71.0,-9.292577266693115,56.0
full,2026,5,2019,2012,2019,2024,2019,alignment,5.032599449157715,6.0,-3.967400550842285,-3.0
full,2026,5,2019,2012,2019,2024,2019,along,6.115355014801025,52.0,-9.884644985198975,36.0
full,2026,5,2019,2012,2019,2024,2019,along the silk,0.34923070669174194,29.0,0.34923070669174194,29.0
full,2026,5,2019,2012,2019,2024,2019,alternative,2.779695987701416,36.0,-34.220304012298584,-1.0
full,2026,5,2019,2012,2019,2024,2019,america,12.377979278564453,138.0,-104.62202072143555,21.0
full,2026,5,2019,2012,2019,2024,2019,american,4.369929313659668,57.0,-84.63007068634033,-32.0
full,2026,5,2019,2012,2019,2024,2019,an empirical,1.774882197380066,15.0,-16.225117802619934,-3.0
full,2026,5,2019,2012,2019,2024,2019,an empirical study,0.34923070669174194,7.0,0.34923070669174194,7.0
full,2026,5,2019,2012,2019,2024,2019,an example,4.5954484939575195,29.0,-3.4045515060424805,21.0
full,2026,5,2019,2012,2019,2024,2019,an exploratory,7.887753009796143,26.0,-23.112246990203857,-5.0
full,2026,5,2019,2012,2019,2024,2019,an exploratory study,7.887753009796143,26.0,-23.112246990203857,-5.0
full,2026,5,2019,2012,2019,2024,2019,an immersive,2.0649642944335938,8.0,-4.935035705566406,1.0
full,2026,5,2019,2012,2019,2024,2019,an integrated,0.34923070669174194,16.0,0.34923070669174194,16.0
full,2026,5,2019,2012,2019,2024,2019,an introduction,5.179814338684082,28.0,-8.820185661315918,14.0
full,2026,5,2019,2012,2019,2024,2019,an investigation,3.2544281482696533,7.0,-12.745571851730347,-9.0
full,2026,5,2019,2012,2019,2024,2019,an overview,1.1866217851638794,76.0,-7.813378214836121,67.0
full,2026,5,2019,2012,2019,2024,2019,an overview of,1.740972876548767,67.0,-16.259027123451233,49.0
full,2026,5,2019,2012,2019,2024,2019,analyses,1.9834249019622803,13.0,-12.01657509803772,-1.0
full,2026,5,2019,2012,2019,2024,2019,analytic hierarchy process,0.34923070669174194,0.0,0.34923070669174194,0.0
full,2026,5,2019,2012,2019,2024,2019,analytical,0.34923070669174194,32.0,0.34923070669174194,32.0
full,2026,5,2019,2012,2019,2024,2019,analytics,7.635973930358887,45.0,-37.36402606964111,0.0
full,2026,5,2019,2012,2019,2024,2019,analyzing,0.8015086650848389,53.0,-4.198491334915161,48.0
full,2026,5,2019,2012,2019,2024,2019,ancient,2.841413736343384,76.0,-45.158586263656616,28.0
full,2026,5,2019,2012,2019,2024,2019,ancient city,0.34923070669174194,17.0,0.34923070669174194,17.0
full,2026,5,2019,2012,2019,2024,2019,and al jazeera,2.4164767265319824,16.0,-25.583523273468018,-12.0
full,2026,5,2019,2012,2019,2024,2019,and disaster risk,3.6467409133911133,38.0,-2.3532590866088867,32.0
full,2026,5,2019,2012,2019,2024,2019,and future directions,3.2544281482696533,43.0,-12.745571851730347,27.0
full,2026,5,2019,2012,2019,2024,2019,and generative ai,0.34923070669174194,25.0,0.34923070669174194,25.0
full,2026,5,2019,2012,2019,2024,2019,and nation branding,0.34923070669174194,8.0,0.34923070669174194,8.0
full,2026,5,2019,2012,2019,2024,2019,and place branding,2.2341830730438232,13.0,-5.765816926956177,5.0
full,2026,5,2019,2012,2019,2024,2019,and the future,2.3933868408203125,31.0,-6.6066131591796875,22.0
full,2026,5,2019,2012,2019,2024,2019,and the future of,2.3933868408203125,31.0,-6.6066131591796875,22.0
full,2026,5,2019,2012,2019,2024,2019,and user-generated content,2.2341830730438232,16.0,-5.765816926956177,8.0
full,2026,5,2019,2012,2019,2024,2019,annual,4.133970260620117,16.0,-2.866029739379883,9.0
full,2026,5,2019,2012,2019,2024,2019,answering,0.34923070669174194,8.0,0.34923070669174194,8.0
full,2026,5,2019,2012,2019,2024,2019,antecedents,7.793500900268555,25.0,-17.206499099731445,0.0
full,2026,5,2019,2012,2019,2024,2019,anxiety,4.133970260620117,19.0,-2.866029739379883,12.0
full,2026,5,2019,2012,2019,2024,2019,applications,13.43735408782959,167.0,-89.56264591217041,64.0
full,2026,5,2019,2012,2019,2024,2019,applications in,11.399868965148926,49.0,-42.600131034851074,-5.0
full,2026,5,2019,2012,2019,2024,2019,applications of,8.229514122009277,45.0,-17.770485877990723,19.0
full,2026,5,2019,2012,2019,2024,2019,applied,3.636608839035034,52.0,-15.363391160964966,33.0
full,3407,1,2019,2012,2019,2020,2019,21st century,14.321139335632324,44.0,-17.678860664367676,12.0
full,3407,1,2019,2012,2019,2020,2019,3d laser,11.863946914672852,46.0,-26.13605308532715,8.0
full,3407,1,2019,2012,2019,2020,2019,3d laser scanning,10.154779434204102,38.0,-19.8452205657959,8.0
full,3407,1,2019,2012,2019,2020,2019,3d modeling,0.9525105953216553,3.0,-8.047489404678345,-6.0
full,3407,1,2019,2012,2019,2020,2019,3d modelling,6.448737144470215,9.0,-2.551262855529785,0.0
full,3407,1,2019,2012,2019,2020,2019,3d models,7.167919635772705,32.0,-24.832080364227295,0.0
full,3407,1,2019,2012,2019,2020,2019,3d printing,1.0206081867218018,17.0,-7.979391813278198,8.0
full,3407,1,2019,2012,2019,2020,2019,3d scanning,10.50066089630127,39.0,-19.49933910369873,9.0
full,3407,1,2019,2012,2019,2020,2019,abroad,11.238187789916992,8.0,-18.761812210083008,-22.0
full,3407,1,2019,2012,2019,2020,2019,acceptance,7.474093437194824,22.0,-29.525906562805176,-15.0
full,3407,1,2019,2012,2019,2020,2019,access,5.599353790283203,64.0,-58.4006462097168,0.0
full,3407,1,2019,2012,2019,2020,2019,accessible,2.1722731590270996,6.0,-3.8277268409729004,0.0
full,3407,1,2019,2012,2019,2020,2019,accuracy,-0.02249331772327423,0.0,-0.02249331772327423,0.0
full,3407,1,2019,2012,2019,2020,2019,accurate,3.296135902404785,10.0,-6.703864097595215,0.0
full,3407,1,2019,2012,2019,2020,2019,achieving,1.611688494682312,39.0,-12.388311505317688,25.0
full,3407,1,2019,2012,2019,2020,2019,acknowledgements,1.2624157667160034,5.0,-3.7375842332839966,0.0
full,3407,1,2019,2012,2019,2020,2019,acquisition,-0.02249331772327423,0.0,-0.02249331772327423,0.0
full,3407,1,2019,2012,2019,2020,2019,action,10.27445125579834,263.0,-246.72554874420166,6.0
full,3407,1,2019,2012,2019,2020,2019,activism,0.6460908055305481,10.0,-5.353909194469452,4.0
full,3407,1,2019,2012,2019,2020,2019,activities,14.151045799255371,47.0,-19.84895420074463,13.0
full,3407,1,2019,2012,2019,2020,2019,activity,14.944927215576172,37.0,-30.055072784423828,-8.0
full,3407,1,2019,2012,2019,2020,2019,adaptation,5.141302585601807,24.0,-20.858697414398193,-2.0
full,3407,1,2019,2012,2019,2020,2019,adaptive,11.802896499633789,12.0,-9.197103500366211,-9.0
full,3407,1,2019,2012,2019,2020,2019,addressing,3.172996759414673,9.0,-5.827003240585327,0.0
full,3407,1,2019,2012,2019,2020,2019,aden,2.8566062450408936,8.0,-5.1433937549591064,0.0
full,3407,1,2019,2012,2019,2020,2019,adoption,13.56786060333252,46.0,-20.43213939666748,12.0
full,3407,1,2019,2012,2019,2020,2019,adults,-0.02249331772327423,0.0,-0.02249331772327423,0.0
full,3407,1,2019,2012,2019,2020,2019,advanced,16.296615600585938,34.0,-17.703384399414062,0.0
full,3407,1,2019,2012,2019,2020,2019,advances,13.502058982849121,44.0,-18.49794101715088,12.0
full,3407,1,2019,2012,2019,2020,2019,advances in,8.128283500671387,16.0,-7.871716499328613,0.0
full,3407,1,2019,2012,2019,2020,2019,advancing,1.3728981018066406,18.0,-7.627101898193359,9.0
full,3407,1,2019,2012,2019,2020,2019,advantages,-0.02249331772327423,0.0,-0.02249331772327423,0.0
full,3407,1,2019,2012,2019,2020,2019,advertising,3.4730701446533203,8.0,-6.52692985534668,-2.0
full,3407,1,2019,2012,2019,2020,2019,africa,24.219242095947266,227.0,-194.78075790405273,8.0
full,3407,1,2019,2012,2019,2020,2019,african,8.821501731872559,60.0,-40.17849826812744,11.0
full,3407,1,2019,2012,2019,2020,2019,afterword,3.4109926223754883,11.0,-7.589007377624512,0.0
full,3407,1,2019,2012,2019,2020,2019,against,5.150458812713623,18.0,-12.849541187286377,0.0
full,3407,1,2019,2012,2019,2020,2019,age of,19.421913146972656,178.0,-99.57808685302734,59.0
full,3407,1,2019,2012,2019,2020,2019,agencies,3.172996759414673,18.0,-5.827003240585327,9.0
full,3407,1,2019,2012,2019,2020,2019,agenda,19.920549392700195,81.0,-32.079450607299805,29.0
full,3407,1,2019,2012,2019,2020,2019,agentic,-0.02249331772327423,0.0,-0.02249331772327423,0.0
full,3407,1,2019,2012,2019,2020,2019,agents,2.9344229698181152,32.0,-21.065577030181885,8.0
full,3407,1,2019,2012,2019,2020,2019,agricultural,10.812552452087402,29.0,-9.187447547912598,9.0
full,3407,1,2019,2012,2019,2020,2019,ai chatbot,-0.02249331772327423,0.0,-0.02249331772327423,0.0
full,3407,1,2019,2012,2019,2020,2019,ai in,0.969096302986145,27.0,-8.030903697013855,18.0
full,3407,1,2019,2012,2019,2020,2019,ai on,-0.02249331772327423,0.0,-0.02249331772327423,0.0
full,3407,1,2019,2012,2019,2020,2019,ai-driven,-0.02249331772327423,0.0,-0.02249331772327423,0.0
full,3407,1,2019,2012,2019,2020,2019,ai-enabled,-0.02249331772327423,6.0,-0.02249331772327423,6.0
full,3407,1,2019,2012,2019,2020,2019,ai-generated,-0.02249331772327423,0.0,-0.02249331772327423,0.0
full,3407,1,2019,2012,2019,2020,2019,ai-generated content,-0.02249331772327423,0.0,-0.02249331772327423,0.0
full,3407,1,2019,2012,2019,2020,2019,ai-powered,-0.02249331772327423,0.0,-0.02249331772327423,0.0
full,3407,1,2019,2012,2019,2020,2019,ai伦理,6.857791423797607,18.0,-0.14220857620239258,11.0
full,3407,1,2019,2012,2019,2020,2019,al jazeera,24.39028549194336,181.0,-146.60971450805664,10.0
full,3407,1,2019,2012,2019,2020,2019,al jazeera and,16.109912872314453,28.0,-20.890087127685547,-9.0
full,3407,1,2019,2012,2019,2020,2019,al jazeera english,-0.02249331772327423,8.0,-0.02249331772327423,8.0
full,3407,1,2019,2012,2019,2020,2019,al-jazeera,2.995129346847534,33.0,-32.004870653152466,-2.0
full,3407,1,2019,2012,2019,2020,2019,aleppo,-0.02249331772327423,0.0,-0.02249331772327423,0.0
full,3407,1,2019,2012,2019,2020,2019,algorithmic,11.68979263305664,18.0,-3.3102073669433594,3.0
full,3407,1,2019,2012,2019,2020,2019,algorithms,9.359260559082031,40.0,-5.640739440917969,25.0
full,3407,1,2019,2012,2019,2020,2019,alignment,8.45586109161377,9.0,-0.5441389083862305,0.0
full,3407,1,2019,2012,2019,2020,2019,along,9.940873146057129,16.0,-6.059126853942871,0.0
full,3407,1,2019,2012,2019,2020,2019,along the silk,-0.02249331772327423,0.0,-0.02249331772327423,0.0
full,3407,1,2019,2012,2019,2020,2019,alternative,4.007969856262207,55.0,-32.99203014373779,18.0
full,3407,1,2019,2012,2019,2020,2019,america,17.908830642700195,165.0,-99.0911693572998,48.0
full,3407,1,2019,2012,2019,2020,2019,american,6.750345230102539,103.0,-82.24965476989746,14.0
full,3407,1,2019,2012,2019,2020,2019,an empirical,2.0955536365509033,17.0,-15.904446363449097,-1.0
full,3407,1,2019,2012,2019,2020,2019,an empirical study,-0.02249331772327423,0.0,-0.02249331772327423,0.0
full,3407,1,2019,2012,2019,2020,2019,an example,7.695563316345215,8.0,-0.30443668365478516,0.0
full,3407,1,2019,2012,2019,2020,2019,an exploratory,12.42623519897461,32.0,-18.57376480102539,1.0
full,3407,1,2019,2012,2019,2020,2019,an exploratory study,12.42623519897461,32.0,-18.57376480102539,1.0
full,3407,1,2019,2012,2019,2020,2019,an immersive,2.5231425762176514,0.0,-4.476857423782349,-7.0
full,3407,1,2019,2012,2019,2020,2019,an integrated,-0.02249331772327423,8.0,-0.02249331772327423,8.0
full,3407,1,2019,2012,2019,2020,2019,an introduction,8.42835807800293,19.0,-5.57164192199707,5.0
full,3407,1,2019,2012,2019,2020,2019,an investigation,4.851634979248047,16.0,-11.148365020751953,0.0
full,3407,1,2019,2012,2019,2020,2019,an overview,1.0206081867218018,14.0,-7.979391813278198,5.0
full,3407,1,2019,2012,2019,2020,2019,an overview of,2.0353095531463623,14.0,-15.964690446853638,-4.0
full,3407,1,2019,2012,2019,2020,2019,analyses,2.4189183712005615,18.0,-11.581081628799438,4.0
full,3407,1,2019,2012,2019,2020,2019,analytic hierarchy process,-0.02249331772327423,0.0,-0.02249331772327423,0.0
full,3407,1,2019,2012,2019,2020,2019,analytical,-0.02249331772327423,0.0,-0.02249331772327423,0.0
full,3407,1,2019,2012,2019,2020,2019,analytics,11.91243839263916,58.0,-33.08756160736084,13.0
full,3407,1,2019,2012,2019,2020,2019,analyzing,0.43739068508148193,5.0,-4.562609314918518,0.0
full,3407,1,2019,2012,2019,2020,2019,ancient,4.161228656768799,66.0,-43.8387713432312,18.0
full,3407,1,2019,2012,2019,2020,2019,ancient city,-0.02249331772327423,0.0,-0.02249331772327423,0.0
full,3407,1,2019,2012,2019,2020,2019,and al jazeera,3.2990167140960693,36.0,-24.70098328590393,8.0
full,3407,1,2019,2012,2019,2020,2019,and disaster risk,5.933080196380615,6.0,-0.06691980361938477,0.0
full,3407,1,2019,2012,2019,2020,2019,and future directions,4.851634979248047,25.0,-11.148365020751953,9.0
full,3407,1,2019,2012,2019,2020,2019,and generative ai,-0.02249331772327423,0.0,-0.02249331772327423,0.0
full,3407,1,2019,2012,2019,2020,2019,and nation branding,-0.02249331772327423,0.0,-0.02249331772327423,0.0
full,3407,1,2019,2012,2019,2020,2019,and place branding,2.8566062450408936,5.0,-5.1433937549591064,-3.0
full,3407,1,2019,2012,2019,2020,2019,and the future,3.172996759414673,9.0,-5.827003240585327,0.0
full,3407,1,2019,2012,2019,2020,2019,and the future of,3.172996759414673,9.0,-5.827003240585327,0.0
full,3407,1,2019,2012,2019,2020,2019,and user-generated content,2.8566062450408936,8.0,-5.1433937549591064,0.0
full,3407,1,2019,2012,2019,2020,2019,annual,6.857791423797607,7.0,-0.14220857620239258,0.0
full,3407,1,2019,2012,2019,2020,2019,answering,-0.02249331772327423,0.0,-0.02249331772327423,0.0
full,3407,1,2019,2012,2019,2020,2019,antecedents,12.428847312927246,34.0,-12.571152687072754,9.0
full,3407,1,2019,2012,2019,2020,2019,anxiety,6.857791423797607,11.0,-0.14220857620239258,4.0
full,3407,1,2019,2012,2019,2020,2019,applications,19.48943519592285,124.0,-83.51056480407715,21.0
full,3407,1,2019,2012,2019,2020,2019,applications in,17.052244186401367,62.0,-36.94775581359863,8.0
full,3407,1,2019,2012,2019,2020,2019,applications of,12.969512939453125,41.0,-13.030487060546875,15.0
full,3407,1,2019,2012,2019,2020,2019,applied,5.596867561340332,15.0,-13.403132438659668,-4.0
full,3407,3,2019,2012,2019,2022,2019,21st century,15.494077682495117,52.0,-16.505922317504883,20.0
full,3407,3,2019,2012,2019,2022,2019,3d laser,12.633064270019531,41.0,-25.36693572998047,3.0
full,3407,3,2019,2012,2019,2022,2019,3d laser scanning,10.639437675476074,41.0,-19.360562324523926,11.0
full,3407,3,2019,2012,2019,2022,2019,3d modeling,0.8161048293113708,0.0,-8.18389517068863,-9.0
full,3407,3,2019,2012,2019,2022,2019,3d modelling,6.359033107757568,9.0,-2.6409668922424316,0.0
full,3407,3,2019,2012,2019,2022,2019,3d models,7.181500434875488,29.0,-24.81849956512451,-3.0
full,3407,3,2019,2012,2019,2022,2019,3d printing,0.8730798363685608,40.0,-8.12692016363144,31.0
full,3407,3,2019,2012,2019,2022,2019,3d scanning,11.042642593383789,36.0,-18.95735740661621,6.0
full,3407,3,2019,2012,2019,2022,2019,abroad,11.90264892578125,17.0,-18.09735107421875,-13.0
full,3407,3,2019,2012,2019,2022,2019,acceptance,7.532853126525879,9.0,-29.46714687347412,-28.0
full,3407,3,2019,2012,2019,2022,2019,access,5.417932033538818,53.0,-58.58206796646118,-11.0
full,3407,3,2019,2012,2019,2022,2019,accessible,1.889595627784729,12.0,-4.110404372215271,6.0
full,3407,3,2019,2012,2019,2022,2019,accuracy,0.02121029421687126,6.0,0.02121029421687126,6.0
full,3407,3,2019,2012,2019,2022,2019,accurate,2.973863124847412,12.0,-7.026136875152588,2.0
full,3407,3,2019,2012,2019,2022,2019,achieving,1.3828740119934082,34.0,-12.617125988006592,20.0
full,3407,3,2019,2012,2019,2022,2019,acknowledgements,1.0783357620239258,6.0,-3.921664237976074,1.0
full,3407,3,2019,2012,2019,2022,2019,acquisition,0.02121029421687126,9.0,0.02121029421687126,9.0
full,3407,3,2019,2012,2019,2022,2019,action,10.791451454162598,281.0,-246.2085485458374,24.0
full,3407,3,2019,2012,2019,2022,2019,activism,0.5636831521987915,15.0,-5.4363168478012085,9.0
full,3407,3,2019,2012,2019,2022,2019,activities,15.29633617401123,40.0,-18.70366382598877,6.0
full,3407,3,2019,2012,2019,2022,2019,activity,16.22080421447754,29.0,-28.77919578552246,-16.0
full,3407,3,2019,2012,2019,2022,2019,adaptation,4.911236763000488,20.0,-21.08876323699951,-6.0
full,3407,3,2019,2012,2019,2022,2019,adaptive,12.559493064880371,18.0,-8.440506935119629,-3.0
full,3407,3,2019,2012,2019,2022,2019,addressing,2.8509578704833984,8.0,-6.149042129516602,-1.0
full,3407,3,2019,2012,2019,2022,2019,aden,2.539809465408325,0.0,-5.460190534591675,-8.0
full,3407,3,2019,2012,2019,2022,2019,adoption,14.617593765258789,37.0,-19.38240623474121,3.0
full,3407,3,2019,2012,2019,2022,2019,adults,0.02121029421687126,0.0,0.02121029421687126,0.0
full,3407,3,2019,2012,2019,2022,2019,advanced,17.788902282714844,30.0,-16.211097717285156,-4.0
full,3407,3,2019,2012,2019,2022,2019,advances,14.540732383728027,49.0,-17.459267616271973,17.0
full,3407,3,2019,2012,2019,2022,2019,advances in,8.28229808807373,20.0,-7.7177019119262695,4.0
full,3407,3,2019,2012,2019,2022,2019,advancing,1.173552393913269,18.0,-7.826447606086731,9.0
full,3407,3,2019,2012,2019,2022,2019,advantages,0.02121029421687126,0.0,0.02121029421687126,0.0
full,3407,3,2019,2012,2019,2022,2019,advertising,3.1517443656921387,32.0,-6.848255634307861,22.0
full,3407,3,2019,2012,2019,2022,2019,africa,26.721603393554688,242.0,-192.2783966064453,23.0
full,3407,3,2019,2012,2019,2022,2019,african,9.091109275817871,51.0,-39.90889072418213,2.0
full,3407,3,2019,2012,2019,2022,2019,afterword,3.089324474334717,1.0,-7.910675525665283,-10.0
full,3407,3,2019,2012,2019,2022,2019,against,4.919740200042725,11.0,-13.080259799957275,-7.0
full,3407,3,2019,2012,2019,2022,2019,age of,21.390684127807617,143.0,-97.60931587219238,24.0
full,3407,3,2019,2012,2019,2022,2019,agencies,2.8509578704833984,9.0,-6.149042129516602,0.0
full,3407,3,2019,2012,2019,2022,2019,agenda,21.953880310058594,149.0,-30.046119689941406,97.0
full,3407,3,2019,2012,2019,2022,2019,agentic,0.02121029421687126,0.0,0.02121029421687126,0.0
full,3407,3,2019,2012,2019,2022,2019,agents,2.617861032485962,23.0,-21.382138967514038,-1.0
full,3407,3,2019,2012,2019,2022,2019,agricultural,11.404659271240234,30.0,-8.595340728759766,10.0
full,3407,3,2019,2012,2019,2022,2019,ai chatbot,0.02121029421687126,7.0,0.02121029421687126,7.0
full,3407,3,2019,2012,2019,2022,2019,ai in,0.8299235701560974,49.0,-8.170076429843903,40.0
full,3407,3,2019,2012,2019,2022,2019,ai on,0.02121029421687126,0.0,0.02121029421687126,0.0
full,3407,3,2019,2012,2019,2022,2019,ai-driven,0.02121029421687126,0.0,0.02121029421687126,0.0
full,3407,3,2019,2012,2019,2022,2019,ai-enabled,0.02121029421687126,6.0,0.02121029421687126,6.0
full,3407,3,2019,2012,2019,2022,2019,ai-generated,0.02121029421687126,16.0,0.02121029421687126,16.0
full,3407,3,2019,2012,2019,2022,2019,ai-generated content,0.02121029421687126,0.0,0.02121029421687126,0.0
full,3407,3,2019,2012,2019,2022,2019,ai-powered,0.02121029421687126,0.0,0.02121029421687126,0.0
full,3407,3,2019,2012,2019,2022,2019,ai伦理,6.821753978729248,27.0,-0.17824602127075195,20.0
full,3407,3,2019,2012,2019,2022,2019,al jazeera,26.903724670410156,138.0,-144.09627532958984,-33.0
full,3407,3,2019,2012,2019,2022,2019,al jazeera and,17.572904586791992,26.0,-19.427095413208008,-11.0
full,3407,3,2019,2012,2019,2022,2019,al jazeera english,0.02121029421687126,16.0,0.02121029421687126,16.0
full,3407,3,2019,2012,2019,2022,2019,al-jazeera,2.6780030727386475,17.0,-32.32199692726135,-18.0
full,3407,3,2019,2012,2019,2022,2019,aleppo,0.02121029421687126,0.0,0.02121029421687126,0.0
full,3407,3,2019,2012,2019,2022,2019,algorithmic,12.426590919494629,18.0,-2.573409080505371,3.0
full,3407,3,2019,2012,2019,2022,2019,algorithms,9.710184097290039,57.0,-5.289815902709961,42.0
full,3407,3,2019,2012,2019,2022,2019,alignment,8.659351348876953,15.0,-0.3406486511230469,6.0
full,3407,3,2019,2012,2019,2022,2019,along,10.387706756591797,32.0,-5.612293243408203,16.0
full,3407,3,2019,2012,2019,2022,2019,along the silk,0.02121029421687126,15.0,0.02121029421687126,15.0
full,3407,3,2019,2012,2019,2022,2019,alternative,3.703953266143799,48.0,-33.2960467338562,11.0
full,3407,3,2019,2012,2019,2022,2019,america,19.657339096069336,139.0,-97.34266090393066,22.0
full,3407,3,2019,2012,2019,2022,2019,american,6.710543632507324,55.0,-82.28945636749268,-34.0
full,3407,3,2019,2012,2019,2022,2019,an empirical,1.8200725317001343,24.0,-16.179927468299866,6.0
full,3407,3,2019,2012,2019,2022,2019,an empirical study,0.02121029421687126,7.0,0.02121029421687126,7.0
full,3407,3,2019,2012,2019,2022,2019,an example,7.780924320220947,22.0,-0.21907567977905273,14.0
full,3407,3,2019,2012,2019,2022,2019,an exploratory,13.287556648254395,49.0,-17.712443351745605,18.0
full,3407,3,2019,2012,2019,2022,2019,an exploratory study,13.287556648254395,49.0,-17.712443351745605,18.0
full,3407,3,2019,2012,2019,2022,2019,an immersive,2.2189395427703857,8.0,-4.781060457229614,1.0
full,3407,3,2019,2012,2019,2022,2019,an integrated,0.02121029421687126,8.0,0.02121029421687126,8.0
full,3407,3,2019,2012,2019,2022,2019,an introduction,8.628951072692871,27.0,-5.371048927307129,13.0
full,3407,3,2019,2012,2019,2022,2019,an investigation,4.59539794921875,0.0,-11.40460205078125,-16.0
full,3407,3,2019,2012,2019,2022,2019,an overview,0.8730798363685608,31.0,-8.12692016363144,22.0
full,3407,3,2019,2012,2019,2022,2019,an overview of,1.7647171020507812,31.0,-16.23528289794922,13.0
full,3407,3,2019,2012,2019,2022,2019,analyses,2.121310234069824,13.0,-11.878689765930176,-1.0
full,3407,3,2019,2012,2019,2022,2019,analytic hierarchy process,0.02121029421687126,0.0,0.02121029421687126,0.0
full,3407,3,2019,2012,2019,2022,2019,analytical,0.02121029421687126,0.0,0.02121029421687126,0.0
full,3407,3,2019,2012,2019,2022,2019,analytics,12.69070816040039,37.0,-32.30929183959961,-8.0
full,3407,3,2019,2012,2019,2022,2019,analyzing,0.39515221118927,20.0,-4.60484778881073,15.0
full,3407,3,2019,2012,2019,2022,2019,ancient,3.864752769470215,72.0,-44.135247230529785,24.0
full,3407,3,2019,2012,2019,2022,2019,ancient city,0.02121029421687126,0.0,0.02121029421687126,0.0
full,3407,3,2019,2012,2019,2022,2019,and al jazeera,2.9790902137756348,27.0,-25.020909786224365,-1.0
full,3407,3,2019,2012,2019,2022,2019,and disaster risk,5.779305458068848,6.0,-0.22069454193115234,0.0
full,3407,3,2019,2012,2019,2022,2019,and future directions,4.59539794921875,25.0,-11.40460205078125,9.0
full,3407,3,2019,2012,2019,2022,2019,and generative ai,0.02121029421687126,0.0,0.02121029421687126,0.0
full,3407,3,2019,2012,2019,2022,2019,and nation branding,0.02121029421687126,8.0,0.02121029421687126,8.0
full,3407,3,2019,2012,2019,2022,2019,and place branding,2.539809465408325,13.0,-5.460190534591675,5.0
full,3407,3,2019,2012,2019,2022,2019,and the future,2.8509578704833984,17.0,-6.149042129516602,8.0
full,3407,3,2019,2012,2019,2022,2019,and the future of,2.8509578704833984,17.0,-6.149042129516602,8.0
full,3407,3,2019,2012,2019,2022,2019,and user-generated content,2.539809465408325,8.0,-5.460190534591675,0.0
full,3407,3,2019,2012,2019,2022,2019,annual,6.821753978729248,7.0,-0.17824602127075195,0.0
full,3407,3,2019,2012,2019,2022,2019,answering,0.02121029421687126,8.0,0.02121029421687126,8.0
full,3407,3,2019,2012,2019,2022,2019,antecedents,13.289690017700195,50.0,-11.710309982299805,25.0
full,3407,3,2019,2012,2019,2022,2019,anxiety,6.821753978729248,20.0,-0.17824602127075195,13.0
full,3407,3,2019,2012,2019,2022,2019,applications,21.46678352355957,209.0,-81.53321647644043,106.0
full,3407,3,2019,2012,2019,2022,2019,applications in,18.665327072143555,69.0,-35.334672927856445,15.0
full,3407,3,2019,2012,2019,2022,2019,applications of,13.919760704040527,49.0,-12.080239295959473,23.0
full,3407,3,2019,2012,2019,2022,2019,applied,5.410033702850342,31.0,-13.589966297149658,12.0
full,3407,5,2019,2012,2019,2024,2019,21st century,12.704691886901855,36.0,-19.295308113098145,4.0
full,3407,5,2019,2012,2019,2024,2019,3d laser,10.089127540588379,31.0,-27.91087245941162,-7.0
full,3407,5,2019,2012,2019,2024,2019,3d laser scanning,8.2485990524292,31.0,-21.7514009475708,1.0
full,3407,5,2019,2012,2019,2024,2019,3d modeling,0.5838620662689209,22.0,-8.416137933731079,13.0
full,3407,5,2019,2012,2019,2024,2019,3d modelling,4.515047073364258,4.0,-4.484952926635742,-5.0
full,3407,5,2019,2012,2019,2024,2019,3d models,5.194369316101074,13.0,-26.805630683898926,-19.0
full,3407,5,2019,2012,2019,2024,2019,3d printing,0.6201309561729431,50.0,-8.379869043827057,41.0
full,3407,5,2019,2012,2019,2024,2019,3d scanning,8.619087219238281,31.0,-21.38091278076172,1.0
full,3407,5,2019,2012,2019,2024,2019,abroad,9.413379669189453,18.0,-20.586620330810547,-12.0
full,3407,5,2019,2012,2019,2024,2019,acceptance,5.4909491539001465,40.0,-31.509050846099854,3.0
full,3407,5,2019,2012,2019,2024,2019,access,3.77176833152771,38.0,-60.22823166847229,-26.0
full,3407,5,2019,2012,2019,2024,2019,accessible,1.2696387767791748,12.0,-4.730361223220825,6.0
full,3407,5,2019,2012,2019,2024,2019,accuracy,0.05145867168903351,23.0,0.05145867168903351,23.0
full,3407,5,2019,2012,2019,2024,2019,accurate,1.9899126291275024,12.0,-8.010087370872498,2.0
full,3407,5,2019,2012,2019,2024,2019,achieving,0.9444574117660522,47.0,-13.055542588233948,33.0
full,3407,5,2019,2012,2019,2024,2019,acknowledgements,0.750519871711731,5.0,-4.249480128288269,0.0
full,3407,5,2019,2012,2019,2024,2019,acquisition,0.05145867168903351,9.0,0.05145867168903351,9.0
full,3407,5,2019,2012,2019,2024,2019,action,8.393160820007324,350.0,-248.60683917999268,93.0
full,3407,5,2019,2012,2019,2024,2019,activism,0.42215806245803833,15.0,-5.577841937541962,9.0
full,3407,5,2019,2012,2019,2024,2019,activities,12.527164459228516,52.0,-21.472835540771484,18.0
full,3407,5,2019,2012,2019,2024,2019,activity,13.353349685668945,37.0,-31.646650314331055,-8.0
full,3407,5,2019,2012,2019,2024,2019,adaptation,3.3825337886810303,29.0,-22.61746621131897,3.0
full,3407,5,2019,2012,2019,2024,2019,adaptive,10.020862579345703,18.0,-10.979137420654297,-3.0
full,3407,5,2019,2012,2019,2024,2019,addressing,1.9063022136688232,17.0,-7.093697786331177,8.0
full,3407,5,2019,2012,2019,2024,2019,aden,1.6970384120941162,1.0,-6.302961587905884,-7.0
full,3407,5,2019,2012,2019,2024,2019,adoption,11.913063049316406,53.0,-22.086936950683594,19.0
full,3407,5,2019,2012,2019,2024,2019,adults,0.05145867168903351,0.0,0.05145867168903351,0.0
full,3407,5,2019,2012,2019,2024,2019,advanced,14.720236778259277,23.0,-19.279763221740723,-11.0
full,3407,5,2019,2012,2019,2024,2019,advances,11.84278678894043,52.0,-20.15721321105957,20.0
full,3407,5,2019,2012,2019,2024,2019,advances in,6.134371280670166,31.0,-9.865628719329834,15.0
full,3407,5,2019,2012,2019,2024,2019,advancing,0.8110517859458923,40.0,-8.188948214054108,31.0
full,3407,5,2019,2012,2019,2024,2019,advantages,0.05145867168903351,26.0,0.05145867168903351,26.0
full,3407,5,2019,2012,2019,2024,2019,advertising,2.111802577972412,50.0,-7.888197422027588,40.0
full,3407,5,2019,2012,2019,2024,2019,africa,21.70012664794922,242.0,-197.29987335205078,23.0
full,3407,5,2019,2012,2019,2024,2019,african,6.848938465118408,50.0,-42.15106153488159,1.0
full,3407,5,2019,2012,2019,2024,2019,afterword,2.06894850730896,13.0,-8.93105149269104,2.0
full,3407,5,2019,2012,2019,2024,2019,against,3.3884758949279785,18.0,-14.611524105072021,0.0
full,3407,5,2019,2012,2019,2024,2019,age of,17.692520141601562,130.0,-101.30747985839844,11.0
full,3407,5,2019,2012,2019,2024,2019,agencies,1.9063022136688232,17.0,-7.093697786331177,8.0
full,3407,5,2019,2012,2019,2024,2019,agenda,18.13546371459961,160.0,-33.86453628540039,108.0
full,3407,5,2019,2012,2019,2024,2019,agentic,0.05145867168903351,0.0,0.05145867168903351,0.0
full,3407,5,2019,2012,2019,2024,2019,agents,1.7499738931655884,45.0,-22.25002610683441,21.0
full,3407,5,2019,2012,2019,2024,2019,agricultural,8.952733993530273,26.0,-11.047266006469727,6.0
full,3407,5,2019,2012,2019,2024,2019,ai chatbot,0.05145867168903351,41.0,0.05145867168903351,41.0
full,3407,5,2019,2012,2019,2024,2019,ai in,0.5926645994186401,157.0,-8.40733540058136,148.0
full,3407,5,2019,2012,2019,2024,2019,ai on,0.05145867168903351,15.0,0.05145867168903351,15.0
full,3407,5,2019,2012,2019,2024,2019,ai-driven,0.05145867168903351,30.0,0.05145867168903351,30.0
full,3407,5,2019,2012,2019,2024,2019,ai-enabled,0.05145867168903351,6.0,0.05145867168903351,6.0
full,3407,5,2019,2012,2019,2024,2019,ai-generated,0.05145867168903351,33.0,0.05145867168903351,33.0
full,3407,5,2019,2012,2019,2024,2019,ai-generated content,0.05145867168903351,24.0,0.05145867168903351,24.0
full,3407,5,2019,2012,2019,2024,2019,ai-powered,0.05145867168903351,8.0,0.05145867168903351,8.0
full,3407,5,2019,2012,2019,2024,2019,ai伦理,4.893411159515381,20.0,-2.106588840484619,13.0
full,3407,5,2019,2012,2019,2024,2019,al jazeera,21.828659057617188,48.0,-149.1713409423828,-123.0
full,3407,5,2019,2012,2019,2024,2019,al jazeera and,14.534368515014648,0.0,-22.46563148498535,-37.0
full,3407,5,2019,2012,2019,2024,2019,al jazeera english,0.05145867168903351,24.0,0.05145867168903351,24.0
full,3407,5,2019,2012,2019,2024,2019,al-jazeera,1.7905389070510864,9.0,-33.209461092948914,-26.0
full,3407,5,2019,2012,2019,2024,2019,aleppo,0.05145867168903351,9.0,0.05145867168903351,9.0
full,3407,5,2019,2012,2019,2024,2019,algorithmic,9.897619247436523,3.0,-5.102380752563477,-12.0
full,3407,5,2019,2012,2019,2024,2019,algorithms,7.402416229248047,71.0,-7.597583770751953,56.0
full,3407,5,2019,2012,2019,2024,2019,alignment,6.464230060577393,6.0,-2.5357699394226074,-3.0
full,3407,5,2019,2012,2019,2024,2019,along,8.017995834350586,52.0,-7.982004165649414,36.0
full,3407,5,2019,2012,2019,2024,2019,along the silk,0.05145867168903351,29.0,0.05145867168903351,29.0
full,3407,5,2019,2012,2019,2024,2019,alternative,2.4988608360290527,36.0,-34.50113916397095,-1.0
full,3407,5,2019,2012,2019,2024,2019,america,16.292179107666016,138.0,-100.70782089233398,21.0
full,3407,5,2019,2012,2019,2024,2019,american,4.80511999130249,57.0,-84.19488000869751,-32.0
full,3407,5,2019,2012,2019,2024,2019,an empirical,1.2251535654067993,15.0,-16.7748464345932,-3.0
full,3407,5,2019,2012,2019,2024,2019,an empirical study,0.05145867168903351,7.0,0.05145867168903351,7.0
full,3407,5,2019,2012,2019,2024,2019,an example,5.7007856369018555,29.0,-2.2992143630981445,21.0
full,3407,5,2019,2012,2019,2024,2019,an exploratory,10.693894386291504,26.0,-20.306105613708496,-5.0
full,3407,5,2019,2012,2019,2024,2019,an exploratory study,10.693894386291504,26.0,-20.306105613708496,-5.0
full,3407,5,2019,2012,2019,2024,2019,an immersive,1.4845539331436157,8.0,-5.515446066856384,1.0
full,3407,5,2019,2012,2019,2024,2019,an integrated,0.05145867168903351,16.0,0.05145867168903351,16.0
full,3407,5,2019,2012,2019,2024,2019,an introduction,6.437750339508057,28.0,-7.562249660491943,14.0
full,3407,5,2019,2012,2019,2024,2019,an investigation,3.1452267169952393,7.0,-12.85477328300476,-9.0
full,3407,5,2019,2012,2019,2024,2019,an overview,0.6201309561729431,76.0,-8.379869043827057,67.0
full,3407,5,2019,2012,2019,2024,2019,an overview of,1.1894015073776245,67.0,-16.810598492622375,49.0
full,3407,5,2019,2012,2019,2024,2019,analyses,1.420891284942627,13.0,-12.579108715057373,-1.0
full,3407,5,2019,2012,2019,2024,2019,analytic hierarchy process,0.05145867168903351,0.0,0.05145867168903351,0.0
full,3407,5,2019,2012,2019,2024,2019,analytical,0.05145867168903351,32.0,0.05145867168903351,32.0
full,3407,5,2019,2012,2019,2024,2019,analytics,10.143240928649902,45.0,-34.8567590713501,0.0
full,3407,5,2019,2012,2019,2024,2019,analyzing,0.31248903274536133,53.0,-4.687510967254639,48.0
full,3407,5,2019,2012,2019,2024,2019,ancient,2.613696336746216,76.0,-45.386303663253784,28.0
full,3407,5,2019,2012,2019,2024,2019,ancient city,0.05145867168903351,17.0,0.05145867168903351,17.0
full,3407,5,2019,2012,2019,2024,2019,and al jazeera,1.9942759275436401,16.0,-26.00572407245636,-12.0
full,3407,5,2019,2012,2019,2024,2019,and disaster risk,4.0514984130859375,38.0,-1.9485015869140625,32.0
full,3407,5,2019,2012,2019,2024,2019,and future directions,3.1452267169952393,43.0,-12.85477328300476,27.0
full,3407,5,2019,2012,2019,2024,2019,and generative ai,0.05145867168903351,25.0,0.05145867168903351,25.0
full,3407,5,2019,2012,2019,2024,2019,and nation branding,0.05145867168903351,8.0,0.05145867168903351,8.0
full,3407,5,2019,2012,2019,2024,2019,and place branding,1.6970384120941162,13.0,-6.302961587905884,5.0
full,3407,5,2019,2012,2019,2024,2019,and the future,1.9063022136688232,31.0,-7.093697786331177,22.0
full,3407,5,2019,2012,2019,2024,2019,and the future of,1.9063022136688232,31.0,-7.093697786331177,22.0
full,3407,5,2019,2012,2019,2024,2019,and user-generated content,1.6970384120941162,16.0,-6.302961587905884,8.0
full,3407,5,2019,2012,2019,2024,2019,annual,4.893411159515381,16.0,-2.106588840484619,9.0
full,3407,5,2019,2012,2019,2024,2019,answering,0.05145867168903351,8.0,0.05145867168903351,8.0
full,3407,5,2019,2012,2019,2024,2019,antecedents,10.695653915405273,25.0,-14.304346084594727,0.0
full,3407,5,2019,2012,2019,2024,2019,anxiety,4.893411159515381,19.0,-2.106588840484619,12.0
full,3407,5,2019,2012,2019,2024,2019,applications,17.752460479736328,167.0,-85.24753952026367,64.0
full,3407,5,2019,2012,2019,2024,2019,applications in,15.465270042419434,49.0,-38.534729957580566,-5.0
full,3407,5,2019,2012,2019,2024,2019,applications of,11.275138854980469,45.0,-14.724861145019531,19.0
full,3407,5,2019,2012,2019,2024,2019,applied,3.7638213634490967,52.0,-15.236178636550903,33.0
full,7777,1,2019,2012,2019,2020,2019,21st century,15.55618667602539,44.0,-16.44381332397461,12.0
full,7777,1,2019,2012,2019,2020,2019,3d laser,12.578832626342773,46.0,-25.421167373657227,8.0
full,7777,1,2019,2012,2019,2020,2019,3d laser scanning,10.450584411621094,38.0,-19.549415588378906,8.0
full,7777,1,2019,2012,2019,2020,2019,3d modeling,0.9019038677215576,3.0,-8.098096132278442,-6.0
full,7777,1,2019,2012,2019,2020,2019,3d modelling,6.089227199554443,9.0,-2.9107728004455566,0.0
full,7777,1,2019,2012,2019,2020,2019,3d models,6.87506628036499,32.0,-25.12493371963501,0.0
full,7777,1,2019,2012,2019,2020,2019,3d printing,0.9607816338539124,17.0,-8.039218366146088,8.0
full,7777,1,2019,2012,2019,2020,2019,3d scanning,10.838981628417969,39.0,-19.16101837158203,9.0
full,7777,1,2019,2012,2019,2020,2019,abroad,11.620697975158691,8.0,-18.37930202484131,-22.0
full,7777,1,2019,2012,2019,2020,2019,acceptance,7.22503662109375,22.0,-29.77496337890625,-15.0
full,7777,1,2019,2012,2019,2020,2019,access,5.189924716949463,64.0,-58.81007528305054,0.0
full,7777,1,2019,2012,2019,2020,2019,accessible,2.1312880516052246,6.0,-3.8687119483947754,0.0
full,7777,1,2019,2012,2019,2020,2019,accuracy,0.04799525812268257,0.0,0.04799525812268257,0.0
full,7777,1,2019,2012,2019,2020,2019,accurate,3.111741304397583,10.0,-6.888258695602417,0.0
full,7777,1,2019,2012,2019,2020,2019,achieving,1.4400687217712402,39.0,-12.55993127822876,25.0
full,7777,1,2019,2012,2019,2020,2019,acknowledgements,1.3613314628601074,5.0,-3.6386685371398926,0.0
full,7777,1,2019,2012,2019,2020,2019,acquisition,0.04799525812268257,0.0,0.04799525812268257,0.0
full,7777,1,2019,2012,2019,2020,2019,action,11.023334503173828,263.0,-245.97666549682617,6.0
full,7777,1,2019,2012,2019,2020,2019,activism,0.6621599197387695,10.0,-5.3378400802612305,4.0
full,7777,1,2019,2012,2019,2020,2019,activities,15.329102516174316,47.0,-18.670897483825684,13.0
full,7777,1,2019,2012,2019,2020,2019,activity,16.451190948486328,37.0,-28.548809051513672,-8.0
full,7777,1,2019,2012,2019,2020,2019,adaptation,4.747451305389404,24.0,-21.252548694610596,-2.0
full,7777,1,2019,2012,2019,2020,2019,adaptive,12.139557838439941,12.0,-8.860442161560059,-9.0
full,7777,1,2019,2012,2019,2020,2019,addressing,2.9964215755462646,9.0,-6.003578424453735,0.0
full,7777,1,2019,2012,2019,2020,2019,aden,2.7213284969329834,8.0,-5.278671503067017,0.0
full,7777,1,2019,2012,2019,2020,2019,adoption,14.525922775268555,46.0,-19.474077224731445,12.0
full,7777,1,2019,2012,2019,2020,2019,adults,0.04799525812268257,0.0,0.04799525812268257,0.0
full,7777,1,2019,2012,2019,2020,2019,advanced,18.090518951416016,34.0,-15.909481048583984,0.0
full,7777,1,2019,2012,2019,2020,2019,advances,14.500109672546387,44.0,-17.499890327453613,12.0
full,7777,1,2019,2012,2019,2020,2019,advances in,7.923489570617676,16.0,-8.076510429382324,0.0
full,7777,1,2019,2012,2019,2020,2019,advancing,1.3022512197494507,18.0,-7.697748780250549,9.0
full,7777,1,2019,2012,2019,2020,2019,advantages,0.04799525812268257,0.0,0.04799525812268257,0.0
full,7777,1,2019,2012,2019,2020,2019,advertising,3.2596983909606934,8.0,-6.740301609039307,-2.0
full,7777,1,2019,2012,2019,2020,2019,africa,29.828927993774414,227.0,-189.1710720062256,8.0
full,7777,1,2019,2012,2019,2020,2019,african,8.771446228027344,60.0,-40.228553771972656,11.0
full,7777,1,2019,2012,2019,2020,2019,afterword,3.2186272144317627,11.0,-7.781372785568237,0.0
full,7777,1,2019,2012,2019,2020,2019,against,4.809323787689209,18.0,-13.190676212310791,0.0
full,7777,1,2019,2012,2019,2020,2019,age of,23.094358444213867,178.0,-95.90564155578613,59.0
full,7777,1,2019,2012,2019,2020,2019,agencies,2.9964215755462646,18.0,-6.003578424453735,9.0
full,7777,1,2019,2012,2019,2020,2019,agenda,23.098529815673828,81.0,-28.901470184326172,29.0
full,7777,1,2019,2012,2019,2020,2019,agentic,0.04799525812268257,0.0,0.04799525812268257,0.0
full,7777,1,2019,2012,2019,2020,2019,agents,2.582524538040161,32.0,-21.41747546195984,8.0
full,7777,1,2019,2012,2019,2020,2019,agricultural,10.95369815826416,29.0,-9.04630184173584,9.0
full,7777,1,2019,2012,2019,2020,2019,ai chatbot,0.04799525812268257,0.0,0.04799525812268257,0.0
full,7777,1,2019,2012,2019,2020,2019,ai in,0.9105245471000671,27.0,-8.089475452899933,18.0
full,7777,1,2019,2012,2019,2020,2019,ai on,0.04799525812268257,0.0,0.04799525812268257,0.0
full,7777,1,2019,2012,2019,2020,2019,ai-driven,0.04799525812268257,0.0,0.04799525812268257,0.0
full,7777,1,2019,2012,2019,2020,2019,ai-enabled,0.04799525812268257,6.0,0.04799525812268257,6.0
full,7777,1,2019,2012,2019,2020,2019,ai-generated,0.04799525812268257,0.0,0.04799525812268257,0.0
full,7777,1,2019,2012,2019,2020,2019,ai-generated content,0.04799525812268257,0.0,0.04799525812268257,0.0
full,7777,1,2019,2012,2019,2020,2019,ai-powered,0.04799525812268257,0.0,0.04799525812268257,0.0
full,7777,1,2019,2012,2019,2020,2019,ai伦理,6.36022424697876,18.0,-0.6397757530212402,11.0
full,7777,1,2019,2012,2019,2020,2019,al jazeera,29.936891555786133,181.0,-141.06310844421387,10.0
full,7777,1,2019,2012,2019,2020,2019,al jazeera and,17.95669174194336,28.0,-19.04330825805664,-9.0
full,7777,1,2019,2012,2019,2020,2019,al jazeera english,0.04799525812268257,8.0,0.04799525812268257,8.0
full,7777,1,2019,2012,2019,2020,2019,al-jazeera,2.5590097904205322,33.0,-32.44099020957947,-2.0
full,7777,1,2019,2012,2019,2020,2019,aleppo,0.04799525812268257,0.0,0.04799525812268257,0.0
full,7777,1,2019,2012,2019,2020,2019,algorithmic,11.837631225585938,18.0,-3.1623687744140625,3.0
full,7777,1,2019,2012,2019,2020,2019,algorithms,9.199014663696289,40.0,-5.800985336303711,25.0
full,7777,1,2019,2012,2019,2020,2019,alignment,8.027624130249023,9.0,-0.9723758697509766,0.0
full,7777,1,2019,2012,2019,2020,2019,along,9.892756462097168,16.0,-6.107243537902832,0.0
full,7777,1,2019,2012,2019,2020,2019,along the silk,0.04799525812268257,0.0,0.04799525812268257,0.0
full,7777,1,2019,2012,2019,2020,2019,alternative,3.5658295154571533,55.0,-33.43417048454285,18.0
full,7777,1,2019,2012,2019,2020,2019,america,21.04863166809082,165.0,-95.95136833190918,48.0
full,7777,1,2019,2012,2019,2020,2019,american,6.401534080505371,103.0,-82.59846591949463,14.0
full,7777,1,2019,2012,2019,2020,2019,an empirical,1.8430767059326172,17.0,-16.156923294067383,-1.0
full,7777,1,2019,2012,2019,2020,2019,an empirical study,0.04799525812268257,0.0,0.04799525812268257,0.0
full,7777,1,2019,2012,2019,2020,2019,an example,7.217803478240967,8.0,-0.7821965217590332,0.0
full,7777,1,2019,2012,2019,2020,2019,an exploratory,13.082733154296875,32.0,-17.917266845703125,1.0
full,7777,1,2019,2012,2019,2020,2019,an exploratory study,13.082733154296875,32.0,-17.917266845703125,1.0
full,7777,1,2019,2012,2019,2020,2019,an immersive,2.433340549468994,0.0,-4.566659450531006,-7.0
full,7777,1,2019,2012,2019,2020,2019,an integrated,0.04799525812268257,8.0,0.04799525812268257,8.0
full,7777,1,2019,2012,2019,2020,2019,an introduction,8.189501762390137,19.0,-5.810498237609863,5.0
full,7777,1,2019,2012,2019,2020,2019,an investigation,4.519881248474121,16.0,-11.480118751525879,0.0
full,7777,1,2019,2012,2019,2020,2019,an overview,0.9607816338539124,14.0,-8.039218366146088,5.0
full,7777,1,2019,2012,2019,2020,2019,an overview of,1.7886238098144531,14.0,-16.211376190185547,-4.0
full,7777,1,2019,2012,2019,2020,2019,analyses,2.1998369693756104,18.0,-11.80016303062439,4.0
full,7777,1,2019,2012,2019,2020,2019,analytic hierarchy process,0.04799525812268257,0.0,0.04799525812268257,0.0
full,7777,1,2019,2012,2019,2020,2019,analytical,0.04799525812268257,0.0,0.04799525812268257,0.0
full,7777,1,2019,2012,2019,2020,2019,analytics,12.549646377563477,58.0,-32.45035362243652,13.0
full,7777,1,2019,2012,2019,2020,2019,analyzing,0.47280916571617126,5.0,-4.527190834283829,0.0
full,7777,1,2019,2012,2019,2020,2019,ancient,3.6889729499816895,66.0,-44.31102705001831,18.0
full,7777,1,2019,2012,2019,2020,2019,ancient city,0.04799525812268257,0.0,0.04799525812268257,0.0
full,7777,1,2019,2012,2019,2020,2019,and al jazeera,2.909231185913086,36.0,-25.090768814086914,8.0
full,7777,1,2019,2012,2019,2020,2019,and disaster risk,5.453578948974609,6.0,-0.5464210510253906,0.0
full,7777,1,2019,2012,2019,2020,2019,and future directions,4.519881248474121,25.0,-11.480118751525879,9.0
full,7777,1,2019,2012,2019,2020,2019,and generative ai,0.04799525812268257,0.0,0.04799525812268257,0.0
full,7777,1,2019,2012,2019,2020,2019,and nation branding,0.04799525812268257,0.0,0.04799525812268257,0.0
full,7777,1,2019,2012,2019,2020,2019,and place branding,2.7213284969329834,5.0,-5.278671503067017,-3.0
full,7777,1,2019,2012,2019,2020,2019,and the future,2.9964215755462646,9.0,-6.003578424453735,0.0
full,7777,1,2019,2012,2019,2020,2019,and the future of,2.9964215755462646,9.0,-6.003578424453735,0.0
full,7777,1,2019,2012,2019,2020,2019,and user-generated content,2.7213284969329834,8.0,-5.278671503067017,0.0
full,7777,1,2019,2012,2019,2020,2019,annual,6.36022424697876,7.0,-0.6397757530212402,0.0
full,7777,1,2019,2012,2019,2020,2019,answering,0.04799525812268257,0.0,0.04799525812268257,0.0
full,7777,1,2019,2012,2019,2020,2019,antecedents,12.983731269836426,34.0,-12.016268730163574,9.0
full,7777,1,2019,2012,2019,2020,2019,anxiety,6.36022424697876,11.0,-0.6397757530212402,4.0
full,7777,1,2019,2012,2019,2020,2019,applications,23.09574317932129,124.0,-79.90425682067871,21.0
full,7777,1,2019,2012,2019,2020,2019,applications in,19.406789779663086,62.0,-34.593210220336914,8.0
full,7777,1,2019,2012,2019,2020,2019,applications of,13.705543518066406,41.0,-12.294456481933594,15.0
full,7777,1,2019,2012,2019,2020,2019,applied,5.228991508483887,15.0,-13.771008491516113,-4.0
full,7777,3,2019,2012,2019,2022,2019,21st century,22.25722885131836,52.0,-9.74277114868164,20.0
full,7777,3,2019,2012,2019,2022,2019,3d laser,17.960987091064453,41.0,-20.039012908935547,3.0
full,7777,3,2019,2012,2019,2022,2019,3d laser scanning,14.867968559265137,41.0,-15.132031440734863,11.0
full,7777,3,2019,2012,2019,2022,2019,3d modeling,1.0481200218200684,0.0,-7.951879978179932,-9.0
full,7777,3,2019,2012,2019,2022,2019,3d modelling,8.38391399383545,9.0,-0.6160860061645508,0.0
full,7777,3,2019,2012,2019,2022,2019,3d models,9.491307258605957,29.0,-22.508692741394043,-3.0
full,7777,3,2019,2012,2019,2022,2019,3d printing,1.1168627738952637,40.0,-7.883137226104736,31.0
full,7777,3,2019,2012,2019,2022,2019,3d scanning,15.432209968566895,36.0,-14.567790031433105,6.0
full,7777,3,2019,2012,2019,2022,2019,abroad,16.5590763092041,17.0,-13.440923690795898,-13.0
full,7777,3,2019,2012,2019,2022,2019,acceptance,10.010708808898926,9.0,-26.989291191101074,-28.0
full,7777,3,2019,2012,2019,2022,2019,access,6.908931255340576,53.0,-57.091068744659424,-11.0
full,7777,3,2019,2012,2019,2022,2019,accessible,2.612442970275879,12.0,-3.387557029724121,6.0
full,7777,3,2019,2012,2019,2022,2019,accuracy,0.11316487193107605,6.0,0.11316487193107605,6.0
full,7777,3,2019,2012,2019,2022,2019,accurate,3.9631903171539307,12.0,-6.036809682846069,2.0
full,7777,3,2019,2012,2019,2022,2019,achieving,1.6951615810394287,34.0,-12.304838418960571,20.0
full,7777,3,2019,2012,2019,2022,2019,acknowledgements,1.6202555894851685,6.0,-3.3797444105148315,1.0
full,7777,3,2019,2012,2019,2022,2019,acquisition,0.11316487193107605,9.0,0.11316487193107605,9.0
full,7777,3,2019,2012,2019,2022,2019,action,15.453058242797852,281.0,-241.54694175720215,24.0
full,7777,3,2019,2012,2019,2022,2019,activism,0.774904191493988,15.0,-5.225095808506012,9.0
full,7777,3,2019,2012,2019,2022,2019,activities,21.91924285888672,40.0,-12.080757141113281,6.0
full,7777,3,2019,2012,2019,2022,2019,activity,23.4930362701416,29.0,-21.5069637298584,-16.0
full,7777,3,2019,2012,2019,2022,2019,adaptation,6.310858249664307,20.0,-19.689141750335693,-6.0
full,7777,3,2019,2012,2019,2022,2019,adaptive,17.33698844909668,18.0,-3.6630115509033203,-3.0
full,7777,3,2019,2012,2019,2022,2019,addressing,3.8008766174316406,8.0,-5.199123382568359,-1.0
full,7777,3,2019,2012,2019,2022,2019,aden,3.4166414737701416,0.0,-4.583358526229858,-8.0
full,7777,3,2019,2012,2019,2022,2019,adoption,20.757253646850586,37.0,-13.242746353149414,3.0
full,7777,3,2019,2012,2019,2022,2019,adults,0.11316487193107605,0.0,0.11316487193107605,0.0
full,7777,3,2019,2012,2019,2022,2019,advanced,25.850204467773438,30.0,-8.149795532226562,-4.0
full,7777,3,2019,2012,2019,2022,2019,advances,20.73824119567871,49.0,-11.261758804321289,17.0
full,7777,3,2019,2012,2019,2022,2019,advances in,11.118827819824219,20.0,-4.881172180175781,4.0
full,7777,3,2019,2012,2019,2022,2019,advancing,1.530440092086792,18.0,-7.469559907913208,9.0
full,7777,3,2019,2012,2019,2022,2019,advantages,0.11316487193107605,0.0,0.11316487193107605,0.0
full,7777,3,2019,2012,2019,2022,2019,advertising,4.173141002655029,32.0,-5.826858997344971,22.0
full,7777,3,2019,2012,2019,2022,2019,africa,41.68063735961914,242.0,-177.31936264038086,23.0
full,7777,3,2019,2012,2019,2022,2019,african,12.298392295837402,51.0,-36.7016077041626,2.0
full,7777,3,2019,2012,2019,2022,2019,afterword,4.114326477050781,1.0,-6.885673522949219,-10.0
full,7777,3,2019,2012,2019,2022,2019,against,6.424625396728516,11.0,-11.575374603271484,-7.0
full,7777,3,2019,2012,2019,2022,2019,age of,32.729129791259766,143.0,-86.27087020874023,24.0
full,7777,3,2019,2012,2019,2022,2019,agencies,3.8008766174316406,9.0,-5.199123382568359,0.0
full,7777,3,2019,2012,2019,2022,2019,agenda,32.8098030090332,149.0,-19.190196990966797,97.0
full,7777,3,2019,2012,2019,2022,2019,agentic,0.11316487193107605,0.0,0.11316487193107605,0.0
full,7777,3,2019,2012,2019,2022,2019,agents,3.188553810119629,23.0,-20.81144618988037,-1.0
full,7777,3,2019,2012,2019,2022,2019,agricultural,15.604307174682617,30.0,-4.395692825317383,10.0
full,7777,3,2019,2012,2019,2022,2019,ai chatbot,0.11316487193107605,7.0,0.11316487193107605,7.0
full,7777,3,2019,2012,2019,2022,2019,ai in,1.0576237440109253,49.0,-7.942376255989075,40.0
full,7777,3,2019,2012,2019,2022,2019,ai on,0.11316487193107605,0.0,0.11316487193107605,0.0
full,7777,3,2019,2012,2019,2022,2019,ai-driven,0.11316487193107605,0.0,0.11316487193107605,0.0
full,7777,3,2019,2012,2019,2022,2019,ai-enabled,0.11316487193107605,6.0,0.11316487193107605,6.0
full,7777,3,2019,2012,2019,2022,2019,ai-generated,0.11316487193107605,16.0,0.11316487193107605,16.0
full,7777,3,2019,2012,2019,2022,2019,ai-generated content,0.11316487193107605,0.0,0.11316487193107605,0.0
full,7777,3,2019,2012,2019,2022,2019,ai-powered,0.11316487193107605,0.0,0.11316487193107605,0.0
full,7777,3,2019,2012,2019,2022,2019,ai伦理,8.798318862915039,27.0,1.798318862915039,20.0
full,7777,3,2019,2012,2019,2022,2019,al jazeera,41.88007736206055,138.0,-129.11992263793945,-33.0
full,7777,3,2019,2012,2019,2022,2019,al jazeera and,25.666044235229492,26.0,-11.333955764770508,-11.0
full,7777,3,2019,2012,2019,2022,2019,al jazeera english,0.11316487193107605,16.0,0.11316487193107605,16.0
full,7777,3,2019,2012,2019,2022,2019,al-jazeera,3.153416395187378,17.0,-31.846583604812622,-18.0
full,7777,3,2019,2012,2019,2022,2019,aleppo,0.11316487193107605,0.0,0.11316487193107605,0.0
full,7777,3,2019,2012,2019,2022,2019,algorithmic,16.919082641601562,18.0,1.9190826416015625,3.0
full,7777,3,2019,2012,2019,2022,2019,algorithms,13.024107933044434,57.0,-1.9758920669555664,42.0
full,7777,3,2019,2012,2019,2022,2019,alignment,11.298600196838379,15.0,2.298600196838379,6.0
full,7777,3,2019,2012,2019,2022,2019,along,14.055366516113281,32.0,-1.9446334838867188,16.0
full,7777,3,2019,2012,2019,2022,2019,along the silk,0.11316487193107605,15.0,0.11316487193107605,15.0
full,7777,3,2019,2012,2019,2022,2019,alternative,4.559080600738525,48.0,-32.440919399261475,11.0
full,7777,3,2019,2012,2019,2022,2019,america,29.897624969482422,139.0,-87.10237503051758,22.0
full,7777,3,2019,2012,2019,2022,2019,american,8.708538055419922,55.0,-80.29146194458008,-34.0
full,7777,3,2019,2012,2019,2022,2019,an empirical,2.2052972316741943,24.0,-15.794702768325806,6.0
full,7777,3,2019,2012,2019,2022,2019,an empirical study,0.11316487193107605,7.0,0.11316487193107605,7.0
full,7777,3,2019,2012,2019,2022,2019,an example,10.086100578308105,22.0,2.0861005783081055,14.0
full,7777,3,2019,2012,2019,2022,2019,an exploratory,18.684741973876953,49.0,-12.315258026123047,18.0
full,7777,3,2019,2012,2019,2022,2019,an exploratory study,18.684741973876953,49.0,-12.315258026123047,18.0
full,7777,3,2019,2012,2019,2022,2019,an immersive,3.020397901535034,8.0,-3.979602098464966,1.0
full,7777,3,2019,2012,2019,2022,2019,an integrated,0.11316487193107605,8.0,0.11316487193107605,8.0
full,7777,3,2019,2012,2019,2022,2019,an introduction,11.521912574768066,27.0,-2.4780874252319336,13.0
full,7777,3,2019,2012,2019,2022,2019,an investigation,5.998622894287109,0.0,-10.00137710571289,-16.0
full,7777,3,2019,2012,2019,2022,2019,an overview,1.1168627738952637,31.0,-7.883137226104736,22.0
full,7777,3,2019,2012,2019,2022,2019,an overview of,2.1351587772369385,31.0,-15.864841222763062,13.0
full,7777,3,2019,2012,2019,2022,2019,analyses,2.684269428253174,13.0,-11.315730571746826,-1.0
full,7777,3,2019,2012,2019,2022,2019,analytic hierarchy process,0.11316487193107605,0.0,0.11316487193107605,0.0
full,7777,3,2019,2012,2019,2022,2019,analytical,0.11316487193107605,0.0,0.11316487193107605,0.0
full,7777,3,2019,2012,2019,2022,2019,analytics,17.87806510925293,37.0,-27.12193489074707,-8.0
full,7777,3,2019,2012,2019,2022,2019,analyzing,0.5646653771400452,20.0,-4.435334622859955,15.0
full,7777,3,2019,2012,2019,2022,2019,ancient,4.724313259124756,72.0,-43.275686740875244,24.0
full,7777,3,2019,2012,2019,2022,2019,ancient city,0.11316487193107605,0.0,0.11316487193107605,0.0
full,7777,3,2019,2012,2019,2022,2019,and al jazeera,3.6422600746154785,27.0,-24.35773992538452,-1.0
full,7777,3,2019,2012,2019,2022,2019,and disaster risk,7.4371185302734375,6.0,1.4371185302734375,0.0
full,7777,3,2019,2012,2019,2022,2019,and future directions,5.998622894287109,25.0,-10.00137710571289,9.0
full,7777,3,2019,2012,2019,2022,2019,and generative ai,0.11316487193107605,0.0,0.11316487193107605,0.0
full,7777,3,2019,2012,2019,2022,2019,and nation branding,0.11316487193107605,8.0,0.11316487193107605,8.0
full,7777,3,2019,2012,2019,2022,2019,and place branding,3.4166414737701416,13.0,-4.583358526229858,5.0
full,7777,3,2019,2012,2019,2022,2019,and the future,3.8008766174316406,17.0,-5.199123382568359,8.0
full,7777,3,2019,2012,2019,2022,2019,and the future of,3.8008766174316406,17.0,-5.199123382568359,8.0
full,7777,3,2019,2012,2019,2022,2019,and user-generated content,3.4166414737701416,8.0,-4.583358526229858,0.0
full,7777,3,2019,2012,2019,2022,2019,annual,8.798318862915039,7.0,1.798318862915039,0.0
full,7777,3,2019,2012,2019,2022,2019,answering,0.11316487193107605,8.0,0.11316487193107605,8.0
full,7777,3,2019,2012,2019,2022,2019,antecedents,18.554576873779297,50.0,-6.445423126220703,25.0
full,7777,3,2019,2012,2019,2022,2019,anxiety,8.798318862915039,20.0,1.798318862915039,13.0
full,7777,3,2019,2012,2019,2022,2019,applications,32.74961853027344,209.0,-70.25038146972656,106.0
full,7777,3,2019,2012,2019,2022,2019,applications in,27.673742294311523,69.0,-26.326257705688477,15.0
full,7777,3,2019,2012,2019,2022,2019,applications of,19.602964401245117,49.0,-6.397035598754883,23.0
full,7777,3,2019,2012,2019,2022,2019,applied,7.045635223388672,31.0,-11.954364776611328,12.0
full,7777,5,2019,2012,2019,2024,2019,21st century,24.86065673828125,36.0,-7.13934326171875,4.0
full,7777,5,2019,2012,2019,2024,2019,3d laser,20.19120979309082,31.0,-17.80879020690918,-7.0
full,7777,5,2019,2012,2019,2024,2019,3d laser scanning,16.746774673461914,31.0,-13.253225326538086,1.0
full,7777,5,2019,2012,2019,2024,2019,3d modeling,1.0949960947036743,22.0,-7.905003905296326,13.0
full,7777,5,2019,2012,2019,2024,2019,3d modelling,9.314871788024902,4.0,0.31487178802490234,-5.0
full,7777,5,2019,2012,2019,2024,2019,3d models,10.57186222076416,13.0,-21.42813777923584,-19.0
full,7777,5,2019,2012,2019,2024,2019,3d printing,1.1639254093170166,50.0,-7.836074590682983,41.0
full,7777,5,2019,2012,2019,2024,2019,3d scanning,17.3791561126709,31.0,-12.620843887329102,1.0
full,7777,5,2019,2012,2019,2024,2019,abroad,18.63341522216797,18.0,-11.366584777832031,-12.0
full,7777,5,2019,2012,2019,2024,2019,acceptance,11.1709623336792,40.0,-25.8290376663208,3.0
full,7777,5,2019,2012,2019,2024,2019,access,7.558547019958496,38.0,-56.441452980041504,-26.0
full,7777,5,2019,2012,2019,2024,2019,accessible,2.732632637023926,12.0,-3.267367362976074,6.0
full,7777,5,2019,2012,2019,2024,2019,accuracy,0.17478105425834656,23.0,0.17478105425834656,23.0
full,7777,5,2019,2012,2019,2024,2019,accurate,4.220388889312744,12.0,-5.779611110687256,2.0
full,7777,5,2019,2012,2019,2024,2019,achieving,1.7536942958831787,47.0,-12.246305704116821,33.0
full,7777,5,2019,2012,2019,2024,2019,acknowledgements,1.6838008165359497,5.0,-3.3161991834640503,0.0
full,7777,5,2019,2012,2019,2024,2019,acquisition,0.17478105425834656,9.0,0.17478105425834656,9.0
full,7777,5,2019,2012,2019,2024,2019,action,17.31443977355957,350.0,-239.68556022644043,93.0
full,7777,5,2019,2012,2019,2024,2019,activism,0.8237495422363281,15.0,-5.176250457763672,9.0
full,7777,5,2019,2012,2019,2024,2019,activities,24.49407958984375,52.0,-9.50592041015625,18.0
full,7777,5,2019,2012,2019,2024,2019,activity,26.15675163269043,37.0,-18.84324836730957,-8.0
full,7777,5,2019,2012,2019,2024,2019,adaptation,6.887189865112305,29.0,-19.112810134887695,3.0
full,7777,5,2019,2012,2019,2024,2019,adaptive,19.506916046142578,18.0,-1.4930839538574219,-3.0
full,7777,5,2019,2012,2019,2024,2019,addressing,4.03896951675415,17.0,-4.96103048324585,8.0
full,7777,5,2019,2012,2019,2024,2019,aden,3.6119742393493652,1.0,-4.388025760650635,-7.0
full,7777,5,2019,2012,2019,2024,2019,adoption,23.240169525146484,53.0,-10.759830474853516,19.0
full,7777,5,2019,2012,2019,2024,2019,adults,0.17478105425834656,0.0,0.17478105425834656,0.0
full,7777,5,2019,2012,2019,2024,2019,advanced,28.633310317993164,23.0,-5.366689682006836,-11.0
full,7777,5,2019,2012,2019,2024,2019,advances,23.226673126220703,52.0,-8.773326873779297,20.0
full,7777,5,2019,2012,2019,2024,2019,advances in,12.47303295135498,31.0,-3.5269670486450195,15.0
full,7777,5,2019,2012,2019,2024,2019,advancing,1.585471510887146,40.0,-7.414528489112854,31.0
full,7777,5,2019,2012,2019,2024,2019,advantages,0.17478105425834656,26.0,0.17478105425834656,26.0
full,7777,5,2019,2012,2019,2024,2019,advertising,4.456106662750244,50.0,-5.543893337249756,40.0
full,7777,5,2019,2012,2019,2024,2019,africa,43.681129455566406,242.0,-175.3188705444336,23.0
full,7777,5,2019,2012,2019,2024,2019,african,13.795475006103516,50.0,-35.204524993896484,1.0
full,7777,5,2019,2012,2019,2024,2019,afterword,4.389854907989502,13.0,-6.610145092010498,2.0
full,7777,5,2019,2012,2019,2024,2019,against,7.026307582855225,18.0,-10.973692417144775,0.0
full,7777,5,2019,2012,2019,2024,2019,age of,35.47005844116211,130.0,-83.52994155883789,11.0
full,7777,5,2019,2012,2019,2024,2019,agencies,4.03896951675415,17.0,-4.96103048324585,8.0
full,7777,5,2019,2012,2019,2024,2019,agenda,35.57780075073242,160.0,-16.422199249267578,108.0
full,7777,5,2019,2012,2019,2024,2019,agentic,0.17478105425834656,0.0,0.17478105425834656,0.0
full,7777,5,2019,2012,2019,2024,2019,agents,3.3483850955963135,45.0,-20.651614904403687,21.0
full,7777,5,2019,2012,2019,2024,2019,agricultural,17.574039459228516,26.0,-2.4259605407714844,6.0
full,7777,5,2019,2012,2019,2024,2019,ai chatbot,0.17478105425834656,41.0,0.17478105425834656,41.0
full,7777,5,2019,2012,2019,2024,2019,ai in,1.1043367385864258,157.0,-7.895663261413574,148.0
full,7777,5,2019,2012,2019,2024,2019,ai on,0.17478105425834656,15.0,0.17478105425834656,15.0
full,7777,5,2019,2012,2019,2024,2019,ai-driven,0.17478105425834656,30.0,0.17478105425834656,30.0
full,7777,5,2019,2012,2019,2024,2019,ai-enabled,0.17478105425834656,6.0,0.17478105425834656,6.0
full,7777,5,2019,2012,2019,2024,2019,ai-generated,0.17478105425834656,33.0,0.17478105425834656,33.0
full,7777,5,2019,2012,2019,2024,2019,ai-generated content,0.17478105425834656,24.0,0.17478105425834656,24.0
full,7777,5,2019,2012,2019,2024,2019,ai-powered,0.17478105425834656,8.0,0.17478105425834656,8.0
full,7777,5,2019,2012,2019,2024,2019,ai伦理,9.798839569091797,20.0,2.798839569091797,13.0
full,7777,5,2019,2012,2019,2024,2019,al jazeera,43.877593994140625,48.0,-127.12240600585938,-123.0
full,7777,5,2019,2012,2019,2024,2019,al jazeera and,28.44454002380371,0.0,-8.555459976196289,-37.0
full,7777,5,2019,2012,2019,2024,2019,al jazeera english,0.17478105425834656,24.0,0.17478105425834656,24.0
full,7777,5,2019,2012,2019,2024,2019,al-jazeera,3.309046745300293,9.0,-31.690953254699707,-26.0
full,7777,5,2019,2012,2019,2024,2019,aleppo,0.17478105425834656,9.0,0.17478105425834656,9.0
full,7777,5,2019,2012,2019,2024,2019,algorithmic,19.051809310913086,3.0,4.051809310913086,-12.0
full,7777,5,2019,2012,2019,2024,2019,algorithms,14.658493995666504,71.0,-0.3415060043334961,56.0
full,7777,5,2019,2012,2019,2024,2019,alignment,12.689676284790039,6.0,3.689676284790039,-3.0
full,7777,5,2019,2012,2019,2024,2019,along,15.832367897033691,52.0,-0.1676321029663086,36.0
full,7777,5,2019,2012,2019,2024,2019,along the silk,0.17478105425834656,29.0,0.17478105425834656,29.0
full,7777,5,2019,2012,2019,2024,2019,alternative,4.874179363250732,36.0,-32.12582063674927,-1.0
full,7777,5,2019,2012,2019,2024,2019,america,32.69664764404297,138.0,-84.30335235595703,21.0
full,7777,5,2019,2012,2019,2024,2019,american,9.640070915222168,57.0,-79.35992908477783,-32.0
full,7777,5,2019,2012,2019,2024,2019,an empirical,2.2878456115722656,15.0,-15.712154388427734,-3.0
full,7777,5,2019,2012,2019,2024,2019,an empirical study,0.17478105425834656,7.0,0.17478105425834656,7.0
full,7777,5,2019,2012,2019,2024,2019,an example,11.290958404541016,29.0,3.2909584045410156,21.0
full,7777,5,2019,2012,2019,2024,2019,an exploratory,20.98558235168457,26.0,-10.01441764831543,-5.0
full,7777,5,2019,2012,2019,2024,2019,an exploratory study,20.98558235168457,26.0,-10.01441764831543,-5.0
full,7777,5,2019,2012,2019,2024,2019,an immersive,3.1760382652282715,8.0,-3.8239617347717285,1.0
full,7777,5,2019,2012,2019,2024,2019,an integrated,0.17478105425834656,16.0,0.17478105425834656,16.0
full,7777,5,2019,2012,2019,2024,2019,an introduction,12.93896484375,28.0,-1.06103515625,14.0
full,7777,5,2019,2012,2019,2024,2019,an investigation,6.535789489746094,7.0,-9.464210510253906,-9.0
full,7777,5,2019,2012,2019,2024,2019,an overview,1.1639254093170166,76.0,-7.836074590682983,67.0
full,7777,5,2019,2012,2019,2024,2019,an overview of,2.2136826515197754,67.0,-15.786317348480225,49.0
full,7777,5,2019,2012,2019,2024,2019,analyses,2.8035483360290527,13.0,-11.196451663970947,-1.0
full,7777,5,2019,2012,2019,2024,2019,analytic hierarchy process,0.17478105425834656,0.0,0.17478105425834656,0.0
full,7777,5,2019,2012,2019,2024,2019,analytical,0.17478105425834656,32.0,0.17478105425834656,32.0
full,7777,5,2019,2012,2019,2024,2019,analytics,20.084129333496094,45.0,-24.915870666503906,0.0
full,7777,5,2019,2012,2019,2024,2019,analyzing,0.617107093334198,53.0,-4.382892906665802,48.0
full,7777,5,2019,2012,2019,2024,2019,ancient,5.057590484619141,76.0,-42.94240951538086,28.0
full,7777,5,2019,2012,2019,2024,2019,ancient city,0.17478105425834656,17.0,0.17478105425834656,17.0
full,7777,5,2019,2012,2019,2024,2019,and al jazeera,3.8500771522521973,16.0,-24.149922847747803,-12.0
full,7777,5,2019,2012,2019,2024,2019,and disaster risk,8.218496322631836,38.0,2.218496322631836,32.0
full,7777,5,2019,2012,2019,2024,2019,and future directions,6.535789489746094,43.0,-9.464210510253906,27.0
full,7777,5,2019,2012,2019,2024,2019,and generative ai,0.17478105425834656,25.0,0.17478105425834656,25.0
full,7777,5,2019,2012,2019,2024,2019,and nation branding,0.17478105425834656,8.0,0.17478105425834656,8.0
full,7777,5,2019,2012,2019,2024,2019,and place branding,3.6119742393493652,13.0,-4.388025760650635,5.0
full,7777,5,2019,2012,2019,2024,2019,and the future,4.03896951675415,31.0,-4.96103048324585,22.0
full,7777,5,2019,2012,2019,2024,2019,and the future of,4.03896951675415,31.0,-4.96103048324585,22.0
full,7777,5,2019,2012,2019,2024,2019,and user-generated content,3.6119742393493652,16.0,-4.388025760650635,8.0
full,7777,5,2019,2012,2019,2024,2019,annual,9.798839569091797,16.0,2.798839569091797,9.0
full,7777,5,2019,2012,2019,2024,2019,answering,0.17478105425834656,8.0,0.17478105425834656,8.0
full,7777,5,2019,2012,2019,2024,2019,antecedents,20.847862243652344,25.0,-4.152137756347656,0.0
full,7777,5,2019,2012,2019,2024,2019,anxiety,9.798839569091797,19.0,2.798839569091797,12.0
full,7777,5,2019,2012,2019,2024,2019,applications,35.49699783325195,167.0,-67.50300216674805,64.0
full,7777,5,2019,2012,2019,2024,2019,applications in,30.490001678466797,49.0,-23.509998321533203,-5.0
full,7777,5,2019,2012,2019,2024,2019,applications of,21.997648239135742,45.0,-4.002351760864258,19.0
full,7777,5,2019,2012,2019,2024,2019,applied,7.743433952331543,52.0,-11.256566047668457,33.0
no_log,42,1,2019,2012,2019,2020,2019,21st century,27.4222354888916,44.0,-4.577764511108398,12.0
no_log,42,1,2019,2012,2019,2020,2019,3d laser,27.384023666381836,46.0,-10.615976333618164,8.0
no_log,42,1,2019,2012,2019,2020,2019,3d laser scanning,19.705734252929688,38.0,-10.294265747070312,8.0
no_log,42,1,2019,2012,2019,2020,2019,3d modeling,4.406344890594482,3.0,-4.593655109405518,-6.0
no_log,42,1,2019,2012,2019,2020,2019,3d modelling,7.029107570648193,9.0,-1.9708924293518066,0.0
no_log,42,1,2019,2012,2019,2020,2019,3d models,27.204973220825195,32.0,-4.795026779174805,0.0
no_log,42,1,2019,2012,2019,2020,2019,3d printing,4.736340045928955,17.0,-4.263659954071045,8.0
no_log,42,1,2019,2012,2019,2020,2019,3d scanning,21.141311645507812,39.0,-8.858688354492188,9.0
no_log,42,1,2019,2012,2019,2020,2019,abroad,25.398664474487305,8.0,-4.601335525512695,-22.0
no_log,42,1,2019,2012,2019,2020,2019,acceptance,29.98546028137207,22.0,-7.01453971862793,-15.0
no_log,42,1,2019,2012,2019,2020,2019,access,43.962928771972656,64.0,-20.037071228027344,0.0
no_log,42,1,2019,2012,2019,2020,2019,accessible,4.030865669250488,6.0,-1.9691343307495117,0.0
no_log,42,1,2019,2012,2019,2020,2019,accuracy,0.34760305285453796,0.0,0.34760305285453796,0.0
no_log,42,1,2019,2012,2019,2020,2019,accurate,6.981049537658691,10.0,-3.0189504623413086,0.0
no_log,42,1,2019,2012,2019,2020,2019,achieving,9.62100601196289,39.0,-4.378993988037109,25.0
no_log,42,1,2019,2012,2019,2020,2019,acknowledgements,2.0419492721557617,5.0,-2.9580507278442383,0.0
no_log,42,1,2019,2012,2019,2020,2019,acquisition,0.34760305285453796,0.0,0.34760305285453796,0.0
no_log,42,1,2019,2012,2019,2020,2019,action,56.20138931274414,263.0,-200.79861068725586,6.0
no_log,42,1,2019,2012,2019,2020,2019,activism,2.5350096225738525,10.0,-3.4649903774261475,4.0
no_log,42,1,2019,2012,2019,2020,2019,activities,30.350444793701172,47.0,-3.649555206298828,13.0
no_log,42,1,2019,2012,2019,2020,2019,activity,38.43397521972656,37.0,-6.5660247802734375,-8.0
no_log,42,1,2019,2012,2019,2020,2019,adaptation,22.624977111816406,24.0,-3.3750228881835938,-2.0
no_log,42,1,2019,2012,2019,2020,2019,adaptive,20.047286987304688,12.0,-0.9527130126953125,-9.0
no_log,42,1,2019,2012,2019,2020,2019,addressing,6.49062967300415,9.0,-2.5093703269958496,0.0
no_log,42,1,2019,2012,2019,2020,2019,aden,5.6298136711120605,8.0,-2.3701863288879395,0.0
no_log,42,1,2019,2012,2019,2020,2019,adoption,31.556175231933594,46.0,-2.4438247680664062,12.0
no_log,42,1,2019,2012,2019,2020,2019,adults,0.34760305285453796,0.0,0.34760305285453796,0.0
no_log,42,1,2019,2012,2019,2020,2019,advanced,32.503875732421875,34.0,-1.496124267578125,0.0
no_log,42,1,2019,2012,2019,2020,2019,advances,27.44676399230957,44.0,-4.55323600769043,12.0
no_log,42,1,2019,2012,2019,2020,2019,advances in,12.413376808166504,16.0,-3.586623191833496,0.0
no_log,42,1,2019,2012,2019,2020,2019,advancing,5.634117126464844,18.0,-3.3658828735351562,9.0
no_log,42,1,2019,2012,2019,2020,2019,advantages,0.34760305285453796,0.0,0.34760305285453796,0.0
no_log,42,1,2019,2012,2019,2020,2019,advertising,7.391590595245361,8.0,-2.6084094047546387,-2.0
no_log,42,1,2019,2012,2019,2020,2019,africa,56.4531364440918,227.0,-162.5468635559082,8.0
no_log,42,1,2019,2012,2019,2020,2019,african,38.373939514160156,60.0,-10.626060485839844,11.0
no_log,42,1,2019,2012,2019,2020,2019,afterword,7.478440761566162,11.0,-3.521559238433838,0.0
no_log,42,1,2019,2012,2019,2020,2019,against,14.5412015914917,18.0,-3.458798408508301,0.0
no_log,42,1,2019,2012,2019,2020,2019,age of,53.037620544433594,178.0,-65.9623794555664,59.0
no_log,42,1,2019,2012,2019,2020,2019,agencies,6.49062967300415,18.0,-2.5093703269958496,9.0
no_log,42,1,2019,2012,2019,2020,2019,agenda,43.040714263916016,81.0,-8.959285736083984,29.0
no_log,42,1,2019,2012,2019,2020,2019,agentic,0.34760305285453796,0.0,0.34760305285453796,0.0
no_log,42,1,2019,2012,2019,2020,2019,agents,20.57481575012207,32.0,-3.4251842498779297,8.0
no_log,42,1,2019,2012,2019,2020,2019,agricultural,18.133806228637695,29.0,-1.8661937713623047,9.0
no_log,42,1,2019,2012,2019,2020,2019,ai chatbot,0.34760305285453796,0.0,0.34760305285453796,0.0
no_log,42,1,2019,2012,2019,2020,2019,ai in,4.466560363769531,27.0,-4.533439636230469,18.0
no_log,42,1,2019,2012,2019,2020,2019,ai on,0.34760305285453796,0.0,0.34760305285453796,0.0
no_log,42,1,2019,2012,2019,2020,2019,ai-driven,0.34760305285453796,0.0,0.34760305285453796,0.0
no_log,42,1,2019,2012,2019,2020,2019,ai-enabled,0.34760305285453796,6.0,0.34760305285453796,6.0
no_log,42,1,2019,2012,2019,2020,2019,ai-generated,0.34760305285453796,0.0,0.34760305285453796,0.0
no_log,42,1,2019,2012,2019,2020,2019,ai-generated content,0.34760305285453796,0.0,0.34760305285453796,0.0
no_log,42,1,2019,2012,2019,2020,2019,ai-powered,0.34760305285453796,0.0,0.34760305285453796,0.0
no_log,42,1,2019,2012,2019,2020,2019,ai伦理,6.754063129425049,18.0,-0.24593687057495117,11.0
no_log,42,1,2019,2012,2019,2020,2019,al jazeera,55.35919189453125,181.0,-115.64080810546875,10.0
no_log,42,1,2019,2012,2019,2020,2019,al jazeera and,31.442474365234375,28.0,-5.557525634765625,-9.0
no_log,42,1,2019,2012,2019,2020,2019,al jazeera english,0.34760305285453796,8.0,0.34760305285453796,8.0
no_log,42,1,2019,2012,2019,2020,2019,al-jazeera,23.795114517211914,33.0,-11.204885482788086,-2.0
no_log,42,1,2019,2012,2019,2020,2019,aleppo,0.34760305285453796,0.0,0.34760305285453796,0.0
no_log,42,1,2019,2012,2019,2020,2019,algorithmic,15.28685188293457,18.0,0.2868518829345703,3.0
no_log,42,1,2019,2012,2019,2020,2019,algorithms,13.402690887451172,40.0,-1.5973091125488281,25.0
no_log,42,1,2019,2012,2019,2020,2019,alignment,9.04499340057373,9.0,0.04499340057373047,0.0
no_log,42,1,2019,2012,2019,2020,2019,along,13.83922004699707,16.0,-2.1607799530029297,0.0
no_log,42,1,2019,2012,2019,2020,2019,along the silk,0.34760305285453796,0.0,0.34760305285453796,0.0
no_log,42,1,2019,2012,2019,2020,2019,alternative,30.611045837402344,55.0,-6.388954162597656,18.0
no_log,42,1,2019,2012,2019,2020,2019,america,52.51792907714844,165.0,-64.48207092285156,48.0
no_log,42,1,2019,2012,2019,2020,2019,american,48.090049743652344,103.0,-40.909950256347656,14.0
no_log,42,1,2019,2012,2019,2020,2019,an empirical,13.952080726623535,17.0,-4.047919273376465,-1.0
no_log,42,1,2019,2012,2019,2020,2019,an empirical study,0.34760305285453796,0.0,0.34760305285453796,0.0
no_log,42,1,2019,2012,2019,2020,2019,an example,7.9013543128967285,8.0,-0.09864568710327148,0.0
no_log,42,1,2019,2012,2019,2020,2019,an exploratory,27.416973114013672,32.0,-3.583026885986328,1.0
no_log,42,1,2019,2012,2019,2020,2019,an exploratory study,27.416973114013672,32.0,-3.583026885986328,1.0
no_log,42,1,2019,2012,2019,2020,2019,an immersive,4.81045389175415,0.0,-2.1895461082458496,-7.0
no_log,42,1,2019,2012,2019,2020,2019,an integrated,0.34760305285453796,8.0,0.34760305285453796,8.0
no_log,42,1,2019,2012,2019,2020,2019,an introduction,11.66897964477539,19.0,-2.3310203552246094,5.0
no_log,42,1,2019,2012,2019,2020,2019,an investigation,12.91287899017334,16.0,-3.08712100982666,0.0
no_log,42,1,2019,2012,2019,2020,2019,an overview,4.736340045928955,14.0,-4.263659954071045,5.0
no_log,42,1,2019,2012,2019,2020,2019,an overview of,13.453433990478516,14.0,-4.546566009521484,-4.0
no_log,42,1,2019,2012,2019,2020,2019,analyses,10.776328086853027,18.0,-3.2236719131469727,4.0
no_log,42,1,2019,2012,2019,2020,2019,analytic hierarchy process,0.34760305285453796,0.0,0.34760305285453796,0.0
no_log,42,1,2019,2012,2019,2020,2019,analytical,0.34760305285453796,0.0,0.34760305285453796,0.0
no_log,42,1,2019,2012,2019,2020,2019,analytics,36.18882751464844,58.0,-8.811172485351562,13.0
no_log,42,1,2019,2012,2019,2020,2019,analyzing,1.6517326831817627,5.0,-3.3482673168182373,0.0
no_log,42,1,2019,2012,2019,2020,2019,ancient,36.18213653564453,66.0,-11.817863464355469,18.0
no_log,42,1,2019,2012,2019,2020,2019,ancient city,0.34760305285453796,0.0,0.34760305285453796,0.0
no_log,42,1,2019,2012,2019,2020,2019,and al jazeera,21.778602600097656,36.0,-6.221397399902344,8.0
no_log,42,1,2019,2012,2019,2020,2019,and disaster risk,5.60923957824707,6.0,-0.3907604217529297,0.0
no_log,42,1,2019,2012,2019,2020,2019,and future directions,12.91287899017334,25.0,-3.08712100982666,9.0
no_log,42,1,2019,2012,2019,2020,2019,and generative ai,0.34760305285453796,0.0,0.34760305285453796,0.0
no_log,42,1,2019,2012,2019,2020,2019,and nation branding,0.34760305285453796,0.0,0.34760305285453796,0.0
no_log,42,1,2019,2012,2019,2020,2019,and place branding,5.6298136711120605,5.0,-2.3701863288879395,-3.0
no_log,42,1,2019,2012,2019,2020,2019,and the future,6.49062967300415,9.0,-2.5093703269958496,0.0
no_log,42,1,2019,2012,2019,2020,2019,and the future of,6.49062967300415,9.0,-2.5093703269958496,0.0
no_log,42,1,2019,2012,2019,2020,2019,and user-generated content,5.6298136711120605,8.0,-2.3701863288879395,0.0
no_log,42,1,2019,2012,2019,2020,2019,annual,6.754063129425049,7.0,-0.24593687057495117,0.0
no_log,42,1,2019,2012,2019,2020,2019,answering,0.34760305285453796,0.0,0.34760305285453796,0.0
no_log,42,1,2019,2012,2019,2020,2019,antecedents,23.459108352661133,34.0,-1.5408916473388672,9.0
no_log,42,1,2019,2012,2019,2020,2019,anxiety,6.754063129425049,11.0,-0.24593687057495117,4.0
no_log,42,1,2019,2012,2019,2020,2019,applications,51.743106842041016,124.0,-51.256893157958984,21.0
no_log,42,1,2019,2012,2019,2020,2019,applications in,41.71152114868164,62.0,-12.28847885131836,8.0
no_log,42,1,2019,2012,2019,2020,2019,applications of,23.536893844604492,41.0,-2.463106155395508,15.0
no_log,42,1,2019,2012,2019,2020,2019,applied,16.540771484375,15.0,-2.459228515625,-4.0
no_log,42,3,2019,2012,2019,2022,2019,21st century,34.12797927856445,52.0,2.127979278564453,20.0
no_log,42,3,2019,2012,2019,2022,2019,3d laser,33.9891471862793,41.0,-4.010852813720703,3.0
no_log,42,3,2019,2012,2019,2022,2019,3d laser scanning,24.965986251831055,41.0,-5.034013748168945,11.0
no_log,42,3,2019,2012,2019,2022,2019,3d modeling,5.195587158203125,0.0,-3.804412841796875,-9.0
no_log,42,3,2019,2012,2019,2022,2019,3d modelling,8.398530006408691,9.0,-0.6014699935913086,0.0
no_log,42,3,2019,2012,2019,2022,2019,3d models,33.6519660949707,29.0,1.6519660949707031,-3.0
no_log,42,3,2019,2012,2019,2022,2019,3d printing,5.572046756744385,40.0,-3.4279532432556152,31.0
no_log,42,3,2019,2012,2019,2022,2019,3d scanning,26.7766170501709,36.0,-3.2233829498291016,6.0
no_log,42,3,2019,2012,2019,2022,2019,abroad,31.787418365478516,17.0,1.7874183654785156,-13.0
no_log,42,3,2019,2012,2019,2022,2019,acceptance,36.42903137207031,9.0,-0.5709686279296875,-28.0
no_log,42,3,2019,2012,2019,2022,2019,access,45.9344596862793,53.0,-18.065540313720703,-11.0
no_log,42,3,2019,2012,2019,2022,2019,accessible,4.832677841186523,12.0,-1.1673221588134766,6.0
no_log,42,3,2019,2012,2019,2022,2019,accuracy,0.7941994667053223,6.0,0.7941994667053223,6.0
no_log,42,3,2019,2012,2019,2022,2019,accurate,8.304166793823242,12.0,-1.6958332061767578,2.0
no_log,42,3,2019,2012,2019,2022,2019,achieving,11.475345611572266,34.0,-2.5246543884277344,20.0
no_log,42,3,2019,2012,2019,2022,2019,acknowledgements,2.6296675205230713,6.0,-2.3703324794769287,1.0
no_log,42,3,2019,2012,2019,2022,2019,acquisition,0.7941994667053223,9.0,0.7941994667053223,9.0
no_log,42,3,2019,2012,2019,2022,2019,action,50.044403076171875,281.0,-206.95559692382812,24.0
no_log,42,3,2019,2012,2019,2022,2019,activism,3.124393939971924,15.0,-2.875606060028076,9.0
no_log,42,3,2019,2012,2019,2022,2019,activities,36.9518928527832,40.0,2.951892852783203,6.0
no_log,42,3,2019,2012,2019,2022,2019,activity,43.08940124511719,29.0,-1.9105987548828125,-16.0
no_log,42,3,2019,2012,2019,2022,2019,adaptation,28.423357009887695,20.0,2.4233570098876953,-6.0
no_log,42,3,2019,2012,2019,2022,2019,adaptive,25.39219856262207,18.0,4.39219856262207,-3.0
no_log,42,3,2019,2012,2019,2022,2019,addressing,7.709258079528809,8.0,-1.2907419204711914,-1.0
no_log,42,3,2019,2012,2019,2022,2019,aden,6.684118270874023,0.0,-1.3158817291259766,-8.0
no_log,42,3,2019,2012,2019,2022,2019,adoption,37.97235870361328,37.0,3.9723587036132812,3.0
no_log,42,3,2019,2012,2019,2022,2019,adults,0.7941994667053223,0.0,0.7941994667053223,0.0
no_log,42,3,2019,2012,2019,2022,2019,advanced,38.916603088378906,30.0,4.916603088378906,-4.0
no_log,42,3,2019,2012,2019,2022,2019,advances,34.11023712158203,49.0,2.1102371215820312,17.0
no_log,42,3,2019,2012,2019,2022,2019,advances in,15.270368576049805,20.0,-0.7296314239501953,4.0
no_log,42,3,2019,2012,2019,2022,2019,advancing,6.649704933166504,18.0,-2.350295066833496,9.0
no_log,42,3,2019,2012,2019,2022,2019,advantages,0.7941994667053223,0.0,0.7941994667053223,0.0
no_log,42,3,2019,2012,2019,2022,2019,advertising,8.802019119262695,32.0,-1.1979808807373047,22.0
no_log,42,3,2019,2012,2019,2022,2019,africa,50.14756774902344,242.0,-168.85243225097656,23.0
no_log,42,3,2019,2012,2019,2022,2019,african,42.96841049194336,51.0,-6.031589508056641,2.0
no_log,42,3,2019,2012,2019,2022,2019,afterword,8.91390609741211,1.0,-2.0860939025878906,-10.0
no_log,42,3,2019,2012,2019,2022,2019,against,18.01053810119629,11.0,0.010538101196289062,-7.0
no_log,42,3,2019,2012,2019,2022,2019,age of,49.29305648803711,143.0,-69.70694351196289,24.0
no_log,42,3,2019,2012,2019,2022,2019,agencies,7.709258079528809,9.0,-1.2907419204711914,0.0
no_log,42,3,2019,2012,2019,2022,2019,agenda,45.73080825805664,149.0,-6.269191741943359,97.0
no_log,42,3,2019,2012,2019,2022,2019,agentic,0.7941994667053223,0.0,0.7941994667053223,0.0
no_log,42,3,2019,2012,2019,2022,2019,agents,25.756616592407227,23.0,1.7566165924072266,-1.0
no_log,42,3,2019,2012,2019,2022,2019,agricultural,22.88772964477539,30.0,2.8877296447753906,10.0
no_log,42,3,2019,2012,2019,2022,2019,ai chatbot,0.7941994667053223,7.0,0.7941994667053223,7.0
no_log,42,3,2019,2012,2019,2022,2019,ai in,5.255517959594727,49.0,-3.7444820404052734,40.0
no_log,42,3,2019,2012,2019,2022,2019,ai on,0.7941994667053223,0.0,0.7941994667053223,0.0
no_log,42,3,2019,2012,2019,2022,2019,ai-driven,0.7941994667053223,0.0,0.7941994667053223,0.0
no_log,42,3,2019,2012,2019,2022,2019,ai-enabled,0.7941994667053223,6.0,0.7941994667053223,6.0
no_log,42,3,2019,2012,2019,2022,2019,ai-generated,0.7941994667053223,16.0,0.7941994667053223,16.0
no_log,42,3,2019,2012,2019,2022,2019,ai-generated content,0.7941994667053223,0.0,0.7941994667053223,0.0
no_log,42,3,2019,2012,2019,2022,2019,ai-powered,0.7941994667053223,0.0,0.7941994667053223,0.0
no_log,42,3,2019,2012,2019,2022,2019,ai伦理,8.060909271240234,27.0,1.0609092712402344,20.0
no_log,42,3,2019,2012,2019,2022,2019,al jazeera,49.92622756958008,138.0,-121.07377243041992,-33.0
no_log,42,3,2019,2012,2019,2022,2019,al jazeera and,38.01422882080078,26.0,1.0142288208007812,-11.0
no_log,42,3,2019,2012,2019,2022,2019,al jazeera english,0.7941994667053223,16.0,0.7941994667053223,16.0
no_log,42,3,2019,2012,2019,2022,2019,al-jazeera,29.7202205657959,17.0,-5.279779434204102,-18.0
no_log,42,3,2019,2012,2019,2022,2019,aleppo,0.7941994667053223,0.0,0.7941994667053223,0.0
no_log,42,3,2019,2012,2019,2022,2019,algorithmic,19.125362396240234,18.0,4.125362396240234,3.0
no_log,42,3,2019,2012,2019,2022,2019,algorithms,16.591022491455078,57.0,1.5910224914550781,42.0
no_log,42,3,2019,2012,2019,2022,2019,alignment,10.911375045776367,15.0,1.9113750457763672,6.0
no_log,42,3,2019,2012,2019,2022,2019,along,17.19346809387207,32.0,1.1934680938720703,16.0
no_log,42,3,2019,2012,2019,2022,2019,along the silk,0.7941994667053223,15.0,0.7941994667053223,15.0
no_log,42,3,2019,2012,2019,2022,2019,alternative,36.904727935791016,48.0,-0.09527206420898438,11.0
no_log,42,3,2019,2012,2019,2022,2019,america,49.134334564208984,139.0,-67.86566543579102,22.0
no_log,42,3,2019,2012,2019,2022,2019,american,47.650047302246094,55.0,-41.349952697753906,-34.0
no_log,42,3,2019,2012,2019,2022,2019,an empirical,17.08524513244629,24.0,-0.9147548675537109,6.0
no_log,42,3,2019,2012,2019,2022,2019,an empirical study,0.7941994667053223,7.0,0.7941994667053223,7.0
no_log,42,3,2019,2012,2019,2022,2019,an example,9.473278045654297,22.0,1.4732780456542969,14.0
no_log,42,3,2019,2012,2019,2022,2019,an exploratory,33.99831008911133,49.0,2.998310089111328,18.0
no_log,42,3,2019,2012,2019,2022,2019,an exploratory study,33.99831008911133,49.0,2.998310089111328,18.0
no_log,42,3,2019,2012,2019,2022,2019,an immersive,5.726577281951904,8.0,-1.2734227180480957,1.0
no_log,42,3,2019,2012,2019,2022,2019,an integrated,0.7941994667053223,8.0,0.7941994667053223,8.0
no_log,42,3,2019,2012,2019,2022,2019,an introduction,14.2971773147583,27.0,0.2971773147583008,13.0
no_log,42,3,2019,2012,2019,2022,2019,an investigation,15.853877067565918,0.0,-0.14612293243408203,-16.0
no_log,42,3,2019,2012,2019,2022,2019,an overview,5.572046756744385,31.0,-3.4279532432556152,22.0
no_log,42,3,2019,2012,2019,2022,2019,an overview of,16.43222999572754,31.0,-1.567770004272461,13.0
no_log,42,3,2019,2012,2019,2022,2019,analyses,13.011710166931152,13.0,-0.9882898330688477,-1.0
no_log,42,3,2019,2012,2019,2022,2019,analytic hierarchy process,0.7941994667053223,0.0,0.7941994667053223,0.0
no_log,42,3,2019,2012,2019,2022,2019,analytical,0.7941994667053223,0.0,0.7941994667053223,0.0
no_log,42,3,2019,2012,2019,2022,2019,analytics,41.55276870727539,37.0,-3.4472312927246094,-8.0
no_log,42,3,2019,2012,2019,2022,2019,analyzing,2.1631228923797607,20.0,-2.8368771076202393,15.0
no_log,42,3,2019,2012,2019,2022,2019,ancient,41.402408599853516,72.0,-6.597591400146484,24.0
no_log,42,3,2019,2012,2019,2022,2019,ancient city,0.7941994667053223,0.0,0.7941994667053223,0.0
no_log,42,3,2019,2012,2019,2022,2019,and al jazeera,27.320199966430664,27.0,-0.6798000335693359,-1.0
no_log,42,3,2019,2012,2019,2022,2019,and disaster risk,6.684686660766602,6.0,0.6846866607666016,0.0
no_log,42,3,2019,2012,2019,2022,2019,and future directions,15.853877067565918,25.0,-0.14612293243408203,9.0
no_log,42,3,2019,2012,2019,2022,2019,and generative ai,0.7941994667053223,0.0,0.7941994667053223,0.0
no_log,42,3,2019,2012,2019,2022,2019,and nation branding,0.7941994667053223,8.0,0.7941994667053223,8.0
no_log,42,3,2019,2012,2019,2022,2019,and place branding,6.684118270874023,13.0,-1.3158817291259766,5.0
no_log,42,3,2019,2012,2019,2022,2019,and the future,7.709258079528809,17.0,-1.2907419204711914,8.0
no_log,42,3,2019,2012,2019,2022,2019,and the future of,7.709258079528809,17.0,-1.2907419204711914,8.0
no_log,42,3,2019,2012,2019,2022,2019,and user-generated content,6.684118270874023,8.0,-1.3158817291259766,0.0
no_log,42,3,2019,2012,2019,2022,2019,annual,8.060909271240234,7.0,1.0609092712402344,0.0
no_log,42,3,2019,2012,2019,2022,2019,answering,0.7941994667053223,8.0,0.7941994667053223,8.0
no_log,42,3,2019,2012,2019,2022,2019,antecedents,29.610666275024414,50.0,4.610666275024414,25.0
no_log,42,3,2019,2012,2019,2022,2019,anxiety,8.060909271240234,20.0,1.0609092712402344,13.0
no_log,42,3,2019,2012,2019,2022,2019,applications,48.935054779052734,209.0,-54.064945220947266,106.0
no_log,42,3,2019,2012,2019,2022,2019,applications in,45.01313400268555,69.0,-8.986865997314453,15.0
no_log,42,3,2019,2012,2019,2022,2019,applications of,29.746694564819336,49.0,3.746694564819336,23.0
no_log,42,3,2019,2012,2019,2022,2019,applied,20.653623580932617,31.0,1.6536235809326172,12.0
no_log,42,5,2019,2012,2019,2024,2019,21st century,38.85158157348633,36.0,6.851581573486328,4.0
no_log,42,5,2019,2012,2019,2024,2019,3d laser,38.71741485595703,31.0,0.7174148559570312,-7.0
no_log,42,5,2019,2012,2019,2024,2019,3d laser scanning,29.339536666870117,31.0,-0.6604633331298828,1.0
no_log,42,5,2019,2012,2019,2024,2019,3d modeling,5.37272310256958,22.0,-3.62727689743042,13.0
no_log,42,5,2019,2012,2019,2024,2019,3d modelling,8.855461120605469,4.0,-0.14453887939453125,-5.0
no_log,42,5,2019,2012,2019,2024,2019,3d models,38.40016174316406,13.0,6.4001617431640625,-19.0
no_log,42,5,2019,2012,2019,2024,2019,3d printing,5.758455276489258,50.0,-3.241544723510742,41.0
no_log,42,5,2019,2012,2019,2024,2019,3d scanning,31.43856430053711,31.0,1.4385643005371094,1.0
no_log,42,5,2019,2012,2019,2024,2019,abroad,36.69012451171875,18.0,6.69012451171875,-12.0
no_log,42,5,2019,2012,2019,2024,2019,acceptance,40.722110748291016,40.0,3.7221107482910156,3.0
no_log,42,5,2019,2012,2019,2024,2019,access,46.593135833740234,38.0,-17.406864166259766,-26.0
no_log,42,5,2019,2012,2019,2024,2019,accessible,5.0332207679748535,12.0,-0.9667792320251465,6.0
no_log,42,5,2019,2012,2019,2024,2019,accuracy,1.153101921081543,23.0,1.153101921081543,23.0
no_log,42,5,2019,2012,2019,2024,2019,accurate,8.73573112487793,12.0,-1.2642688751220703,2.0
no_log,42,5,2019,2012,2019,2024,2019,achieving,12.38193130493164,47.0,-1.6180686950683594,33.0
no_log,42,5,2019,2012,2019,2024,2019,acknowledgements,2.880971908569336,5.0,-2.119028091430664,0.0
no_log,42,5,2019,2012,2019,2024,2019,acquisition,1.153101921081543,9.0,1.153101921081543,9.0
no_log,42,5,2019,2012,2019,2024,2019,action,48.31527328491211,350.0,-208.6847267150879,93.0
no_log,42,5,2019,2012,2019,2024,2019,activism,3.333366870880127,15.0,-2.666633129119873,9.0
no_log,42,5,2019,2012,2019,2024,2019,activities,41.14567184448242,52.0,7.145671844482422,18.0
no_log,42,5,2019,2012,2019,2024,2019,activity,45.14936065673828,37.0,0.14936065673828125,-8.0
no_log,42,5,2019,2012,2019,2024,2019,adaptation,33.230552673339844,29.0,7.230552673339844,3.0
no_log,42,5,2019,2012,2019,2024,2019,adaptive,29.84026527404785,18.0,8.840265274047852,-3.0
no_log,42,5,2019,2012,2019,2024,2019,addressing,8.07388687133789,17.0,-0.9261131286621094,8.0
no_log,42,5,2019,2012,2019,2024,2019,aden,6.959927082061768,1.0,-1.0400729179382324,-7.0
no_log,42,5,2019,2012,2019,2024,2019,adoption,41.897186279296875,53.0,7.897186279296875,19.0
no_log,42,5,2019,2012,2019,2024,2019,adults,1.153101921081543,0.0,1.153101921081543,0.0
no_log,42,5,2019,2012,2019,2024,2019,advanced,42.57709884643555,23.0,8.577098846435547,-11.0
no_log,42,5,2019,2012,2019,2024,2019,advances,38.83041000366211,52.0,6.830410003662109,20.0
no_log,42,5,2019,2012,2019,2024,2019,advances in,17.144338607788086,31.0,1.144338607788086,15.0
no_log,42,5,2019,2012,2019,2024,2019,advancing,6.905961513519287,40.0,-2.094038486480713,31.0
no_log,42,5,2019,2012,2019,2024,2019,advantages,1.153101921081543,26.0,1.153101921081543,26.0
no_log,42,5,2019,2012,2019,2024,2019,advertising,9.296326637268066,50.0,-0.7036733627319336,40.0
no_log,42,5,2019,2012,2019,2024,2019,africa,48.35566329956055,242.0,-170.64433670043945,23.0
no_log,42,5,2019,2012,2019,2024,2019,african,45.07667922973633,50.0,-3.923320770263672,1.0
no_log,42,5,2019,2012,2019,2024,2019,afterword,9.424911499023438,13.0,-1.5750885009765625,2.0
no_log,42,5,2019,2012,2019,2024,2019,against,20.61743927001953,18.0,2.6174392700195312,0.0
no_log,42,5,2019,2012,2019,2024,2019,age of,48.033878326416016,130.0,-70.96612167358398,11.0
no_log,42,5,2019,2012,2019,2024,2019,agencies,8.07388687133789,17.0,-0.9261131286621094,8.0
no_log,42,5,2019,2012,2019,2024,2019,agenda,46.50957107543945,160.0,-5.490428924560547,108.0
no_log,42,5,2019,2012,2019,2024,2019,agentic,1.153101921081543,0.0,1.153101921081543,0.0
no_log,42,5,2019,2012,2019,2024,2019,agents,30.20334815979004,45.0,6.203348159790039,21.0
no_log,42,5,2019,2012,2019,2024,2019,agricultural,26.81742286682129,26.0,6.817422866821289,6.0
no_log,42,5,2019,2012,2019,2024,2019,ai chatbot,1.153101921081543,41.0,1.153101921081543,41.0
no_log,42,5,2019,2012,2019,2024,2019,ai in,5.429825782775879,157.0,-3.570174217224121,148.0
no_log,42,5,2019,2012,2019,2024,2019,ai on,1.153101921081543,15.0,1.153101921081543,15.0
no_log,42,5,2019,2012,2019,2024,2019,ai-driven,1.153101921081543,30.0,1.153101921081543,30.0
no_log,42,5,2019,2012,2019,2024,2019,ai-enabled,1.153101921081543,6.0,1.153101921081543,6.0
no_log,42,5,2019,2012,2019,2024,2019,ai-generated,1.153101921081543,33.0,1.153101921081543,33.0
no_log,42,5,2019,2012,2019,2024,2019,ai-generated content,1.153101921081543,24.0,1.153101921081543,24.0
no_log,42,5,2019,2012,2019,2024,2019,ai-powered,1.153101921081543,8.0,1.153101921081543,8.0
no_log,42,5,2019,2012,2019,2024,2019,ai伦理,8.476899147033691,20.0,1.4768991470336914,13.0
no_log,42,5,2019,2012,2019,2024,2019,al jazeera,48.276206970214844,48.0,-122.72379302978516,-123.0
no_log,42,5,2019,2012,2019,2024,2019,al jazeera and,41.941200256347656,0.0,4.941200256347656,-37.0
no_log,42,5,2019,2012,2019,2024,2019,al jazeera english,1.153101921081543,24.0,1.153101921081543,24.0
no_log,42,5,2019,2012,2019,2024,2019,al-jazeera,34.5880126953125,9.0,-0.4119873046875,-26.0
no_log,42,5,2019,2012,2019,2024,2019,aleppo,1.153101921081543,9.0,1.153101921081543,9.0
no_log,42,5,2019,2012,2019,2024,2019,algorithmic,22.079513549804688,3.0,7.0795135498046875,-12.0
no_log,42,5,2019,2012,2019,2024,2019,algorithms,18.828876495361328,71.0,3.828876495361328,56.0
no_log,42,5,2019,2012,2019,2024,2019,alignment,11.76977825164795,6.0,2.769778251647949,-3.0
no_log,42,5,2019,2012,2019,2024,2019,along,19.605426788330078,52.0,3.605426788330078,36.0
no_log,42,5,2019,2012,2019,2024,2019,along the silk,1.153101921081543,29.0,1.153101921081543,29.0
no_log,42,5,2019,2012,2019,2024,2019,alternative,41.079158782958984,36.0,4.079158782958984,-1.0
no_log,42,5,2019,2012,2019,2024,2019,america,47.9716682434082,138.0,-69.0283317565918,21.0
no_log,42,5,2019,2012,2019,2024,2019,american,47.362972259521484,57.0,-41.637027740478516,-32.0
no_log,42,5,2019,2012,2019,2024,2019,an empirical,19.38852310180664,15.0,1.3885231018066406,-3.0
no_log,42,5,2019,2012,2019,2024,2019,an empirical study,1.153101921081543,7.0,1.153101921081543,7.0
no_log,42,5,2019,2012,2019,2024,2019,an example,10.081250190734863,29.0,2.0812501907348633,21.0
no_log,42,5,2019,2012,2019,2024,2019,an exploratory,38.721981048583984,26.0,7.721981048583984,-5.0
no_log,42,5,2019,2012,2019,2024,2019,an exploratory study,38.721981048583984,26.0,7.721981048583984,-5.0
no_log,42,5,2019,2012,2019,2024,2019,an immersive,5.949560642242432,8.0,-1.0504393577575684,1.0
no_log,42,5,2019,2012,2019,2024,2019,an integrated,1.153101921081543,16.0,1.153101921081543,16.0
no_log,42,5,2019,2012,2019,2024,2019,an introduction,15.919327735900879,28.0,1.919327735900879,14.0
no_log,42,5,2019,2012,2019,2024,2019,an investigation,17.86130714416504,7.0,1.861307144165039,-9.0
no_log,42,5,2019,2012,2019,2024,2019,an overview,5.758455276489258,76.0,-3.241544723510742,67.0
no_log,42,5,2019,2012,2019,2024,2019,an overview of,18.5550479888916,67.0,0.5550479888916016,49.0
no_log,42,5,2019,2012,2019,2024,2019,analyses,14.276357650756836,13.0,0.27635765075683594,-1.0
no_log,42,5,2019,2012,2019,2024,2019,analytic hierarchy process,1.153101921081543,0.0,1.153101921081543,0.0
no_log,42,5,2019,2012,2019,2024,2019,analytical,1.153101921081543,32.0,1.153101921081543,32.0
no_log,42,5,2019,2012,2019,2024,2019,analytics,44.260528564453125,45.0,-0.739471435546875,0.0
no_log,42,5,2019,2012,2019,2024,2019,analyzing,2.420367479324341,53.0,-2.579632520675659,48.0
no_log,42,5,2019,2012,2019,2024,2019,ancient,44.15875244140625,76.0,-3.84124755859375,28.0
no_log,42,5,2019,2012,2019,2024,2019,ancient city,1.153101921081543,17.0,1.153101921081543,17.0
no_log,42,5,2019,2012,2019,2024,2019,and al jazeera,32.00217056274414,16.0,4.002170562744141,-12.0
no_log,42,5,2019,2012,2019,2024,2019,and disaster risk,6.970530033111572,38.0,0.9705300331115723,32.0
no_log,42,5,2019,2012,2019,2024,2019,and future directions,17.86130714416504,43.0,1.861307144165039,27.0
no_log,42,5,2019,2012,2019,2024,2019,and generative ai,1.153101921081543,25.0,1.153101921081543,25.0
no_log,42,5,2019,2012,2019,2024,2019,and nation branding,1.153101921081543,8.0,1.153101921081543,8.0
no_log,42,5,2019,2012,2019,2024,2019,and place branding,6.959927082061768,13.0,-1.0400729179382324,5.0
no_log,42,5,2019,2012,2019,2024,2019,and the future,8.07388687133789,31.0,-0.9261131286621094,22.0
no_log,42,5,2019,2012,2019,2024,2019,and the future of,8.07388687133789,31.0,-0.9261131286621094,22.0
no_log,42,5,2019,2012,2019,2024,2019,and user-generated content,6.959927082061768,16.0,-1.0400729179382324,8.0
no_log,42,5,2019,2012,2019,2024,2019,annual,8.476899147033691,16.0,1.4768991470336914,9.0
no_log,42,5,2019,2012,2019,2024,2019,answering,1.153101921081543,8.0,1.153101921081543,8.0
no_log,42,5,2019,2012,2019,2024,2019,antecedents,34.52276611328125,25.0,9.52276611328125,0.0
no_log,42,5,2019,2012,2019,2024,2019,anxiety,8.476899147033691,19.0,1.4768991470336914,12.0
no_log,42,5,2019,2012,2019,2024,2019,applications,47.89425277709961,167.0,-55.10574722290039,64.0
no_log,42,5,2019,2012,2019,2024,2019,applications in,46.158992767333984,49.0,-7.841007232666016,-5.0
no_log,42,5,2019,2012,2019,2024,2019,applications of,34.67133331298828,45.0,8.671333312988281,19.0
no_log,42,5,2019,2012,2019,2024,2019,applied,23.988245010375977,52.0,4.988245010375977,33.0
no_log,123,1,2019,2012,2019,2020,2019,21st century,28.693002700805664,44.0,-3.306997299194336,12.0
no_log,123,1,2019,2012,2019,2020,2019,3d laser,29.882061004638672,46.0,-8.117938995361328,8.0
no_log,123,1,2019,2012,2019,2020,2019,3d laser scanning,21.946331024169922,38.0,-8.053668975830078,8.0
no_log,123,1,2019,2012,2019,2020,2019,3d modeling,3.9501729011535645,3.0,-5.0498270988464355,-6.0
no_log,123,1,2019,2012,2019,2020,2019,3d modelling,7.142448425292969,9.0,-1.8575515747070312,0.0
no_log,123,1,2019,2012,2019,2020,2019,3d models,28.2293643951416,32.0,-3.7706356048583984,0.0
no_log,123,1,2019,2012,2019,2020,2019,3d printing,4.108154296875,17.0,-4.891845703125,8.0
no_log,123,1,2019,2012,2019,2020,2019,3d scanning,23.474885940551758,39.0,-6.525114059448242,9.0
no_log,123,1,2019,2012,2019,2020,2019,abroad,26.80333709716797,8.0,-3.1966629028320312,-22.0
no_log,123,1,2019,2012,2019,2020,2019,acceptance,31.415678024291992,22.0,-5.584321975708008,-15.0
no_log,123,1,2019,2012,2019,2020,2019,access,44.132843017578125,64.0,-19.867156982421875,0.0
no_log,123,1,2019,2012,2019,2020,2019,accessible,3.8609845638275146,6.0,-2.1390154361724854,0.0
no_log,123,1,2019,2012,2019,2020,2019,accuracy,0.3408239185810089,0.0,0.3408239185810089,0.0
no_log,123,1,2019,2012,2019,2020,2019,accurate,6.907955169677734,10.0,-3.0920448303222656,0.0
no_log,123,1,2019,2012,2019,2020,2019,achieving,9.094233512878418,39.0,-4.905766487121582,25.0
no_log,123,1,2019,2012,2019,2020,2019,acknowledgements,2.0749945640563965,5.0,-2.9250054359436035,0.0
no_log,123,1,2019,2012,2019,2020,2019,acquisition,0.3408239185810089,0.0,0.3408239185810089,0.0
no_log,123,1,2019,2012,2019,2020,2019,action,54.203731536865234,263.0,-202.79626846313477,6.0
no_log,123,1,2019,2012,2019,2020,2019,activism,2.2033464908599854,10.0,-3.7966535091400146,4.0
no_log,123,1,2019,2012,2019,2020,2019,activities,31.21819496154785,47.0,-2.7818050384521484,13.0
no_log,123,1,2019,2012,2019,2020,2019,activity,38.666873931884766,37.0,-6.333126068115234,-8.0
no_log,123,1,2019,2012,2019,2020,2019,adaptation,23.344467163085938,24.0,-2.6555328369140625,-2.0
no_log,123,1,2019,2012,2019,2020,2019,adaptive,20.664817810058594,12.0,-0.33518218994140625,-9.0
no_log,123,1,2019,2012,2019,2020,2019,addressing,6.3488898277282715,9.0,-2.6511101722717285,0.0
no_log,123,1,2019,2012,2019,2020,2019,aden,5.453701019287109,8.0,-2.5462989807128906,0.0
no_log,123,1,2019,2012,2019,2020,2019,adoption,31.953983306884766,46.0,-2.0460166931152344,12.0
no_log,123,1,2019,2012,2019,2020,2019,adults,0.3408239185810089,0.0,0.3408239185810089,0.0
no_log,123,1,2019,2012,2019,2020,2019,advanced,33.34862518310547,34.0,-0.6513748168945312,0.0
no_log,123,1,2019,2012,2019,2020,2019,advances,28.850669860839844,44.0,-3.1493301391601562,12.0
no_log,123,1,2019,2012,2019,2020,2019,advances in,13.072604179382324,16.0,-2.927395820617676,0.0
no_log,123,1,2019,2012,2019,2020,2019,advancing,5.199151515960693,18.0,-3.8008484840393066,9.0
no_log,123,1,2019,2012,2019,2020,2019,advantages,0.3408239185810089,0.0,0.3408239185810089,0.0
no_log,123,1,2019,2012,2019,2020,2019,advertising,7.299824237823486,8.0,-2.7001757621765137,-2.0
no_log,123,1,2019,2012,2019,2020,2019,africa,54.251800537109375,227.0,-164.74819946289062,8.0
no_log,123,1,2019,2012,2019,2020,2019,african,39.00226593017578,60.0,-9.997734069824219,11.0
no_log,123,1,2019,2012,2019,2020,2019,afterword,7.5152506828308105,11.0,-3.4847493171691895,0.0
no_log,123,1,2019,2012,2019,2020,2019,against,15.106393814086914,18.0,-2.893606185913086,0.0
no_log,123,1,2019,2012,2019,2020,2019,age of,52.139278411865234,178.0,-66.86072158813477,59.0
no_log,123,1,2019,2012,2019,2020,2019,agencies,6.3488898277282715,18.0,-2.6511101722717285,9.0
no_log,123,1,2019,2012,2019,2020,2019,agenda,42.93313980102539,81.0,-9.06686019897461,29.0
no_log,123,1,2019,2012,2019,2020,2019,agentic,0.3408239185810089,0.0,0.3408239185810089,0.0
no_log,123,1,2019,2012,2019,2020,2019,agents,20.89889907836914,32.0,-3.1011009216308594,8.0
no_log,123,1,2019,2012,2019,2020,2019,agricultural,18.758764266967773,29.0,-1.2412357330322266,9.0
no_log,123,1,2019,2012,2019,2020,2019,ai chatbot,0.3408239185810089,0.0,0.3408239185810089,0.0
no_log,123,1,2019,2012,2019,2020,2019,ai in,3.8540475368499756,27.0,-5.145952463150024,18.0
no_log,123,1,2019,2012,2019,2020,2019,ai on,0.3408239185810089,0.0,0.3408239185810089,0.0
no_log,123,1,2019,2012,2019,2020,2019,ai-driven,0.3408239185810089,0.0,0.3408239185810089,0.0
no_log,123,1,2019,2012,2019,2020,2019,ai-enabled,0.3408239185810089,6.0,0.3408239185810089,6.0
no_log,123,1,2019,2012,2019,2020,2019,ai-generated,0.3408239185810089,0.0,0.3408239185810089,0.0
no_log,123,1,2019,2012,2019,2020,2019,ai-generated content,0.3408239185810089,0.0,0.3408239185810089,0.0
no_log,123,1,2019,2012,2019,2020,2019,ai-powered,0.3408239185810089,0.0,0.3408239185810089,0.0
no_log,123,1,2019,2012,2019,2020,2019,ai伦理,6.940145015716553,18.0,-0.059854984283447266,11.0
no_log,123,1,2019,2012,2019,2020,2019,al jazeera,53.4418830871582,181.0,-117.5581169128418,10.0
no_log,123,1,2019,2012,2019,2020,2019,al jazeera and,32.28387451171875,28.0,-4.71612548828125,-9.0
no_log,123,1,2019,2012,2019,2020,2019,al jazeera english,0.3408239185810089,8.0,0.3408239185810089,8.0
no_log,123,1,2019,2012,2019,2020,2019,al-jazeera,26.450519561767578,33.0,-8.549480438232422,-2.0
no_log,123,1,2019,2012,2019,2020,2019,aleppo,0.3408239185810089,0.0,0.3408239185810089,0.0
no_log,123,1,2019,2012,2019,2020,2019,algorithmic,16.182878494262695,18.0,1.1828784942626953,3.0
no_log,123,1,2019,2012,2019,2020,2019,algorithms,13.788862228393555,40.0,-1.2111377716064453,25.0
no_log,123,1,2019,2012,2019,2020,2019,alignment,9.442397117614746,9.0,0.4423971176147461,0.0
no_log,123,1,2019,2012,2019,2020,2019,along,14.476720809936523,16.0,-1.5232791900634766,0.0
no_log,123,1,2019,2012,2019,2020,2019,along the silk,0.3408239185810089,0.0,0.3408239185810089,0.0
no_log,123,1,2019,2012,2019,2020,2019,alternative,31.408662796020508,55.0,-5.591337203979492,18.0
no_log,123,1,2019,2012,2019,2020,2019,america,51.88568878173828,165.0,-65.11431121826172,48.0
no_log,123,1,2019,2012,2019,2020,2019,american,48.5823974609375,103.0,-40.4176025390625,14.0
no_log,123,1,2019,2012,2019,2020,2019,an empirical,13.83012580871582,17.0,-4.16987419128418,-1.0
no_log,123,1,2019,2012,2019,2020,2019,an empirical study,0.3408239185810089,0.0,0.3408239185810089,0.0
no_log,123,1,2019,2012,2019,2020,2019,an example,8.189687728881836,8.0,0.18968772888183594,0.0
no_log,123,1,2019,2012,2019,2020,2019,an exploratory,28.421104431152344,32.0,-2.5788955688476562,1.0
no_log,123,1,2019,2012,2019,2020,2019,an exploratory study,28.421104431152344,32.0,-2.5788955688476562,1.0
no_log,123,1,2019,2012,2019,2020,2019,an immersive,4.622661590576172,0.0,-2.377338409423828,-7.0
no_log,123,1,2019,2012,2019,2020,2019,an integrated,0.3408239185810089,8.0,0.3408239185810089,8.0
no_log,123,1,2019,2012,2019,2020,2019,an introduction,12.027167320251465,19.0,-1.9728326797485352,5.0
no_log,123,1,2019,2012,2019,2020,2019,an investigation,13.264525413513184,16.0,-2.7354745864868164,0.0
no_log,123,1,2019,2012,2019,2020,2019,an overview,4.108154296875,14.0,-4.891845703125,5.0
no_log,123,1,2019,2012,2019,2020,2019,an overview of,13.508183479309082,14.0,-4.491816520690918,-4.0
no_log,123,1,2019,2012,2019,2020,2019,analyses,10.777098655700684,18.0,-3.2229013442993164,4.0
no_log,123,1,2019,2012,2019,2020,2019,analytic hierarchy process,0.3408239185810089,0.0,0.3408239185810089,0.0
no_log,123,1,2019,2012,2019,2020,2019,analytical,0.3408239185810089,0.0,0.3408239185810089,0.0
no_log,123,1,2019,2012,2019,2020,2019,analytics,37.224002838134766,58.0,-7.775997161865234,13.0
no_log,123,1,2019,2012,2019,2020,2019,analyzing,1.3446236848831177,5.0,-3.6553763151168823,0.0
no_log,123,1,2019,2012,2019,2020,2019,ancient,37.072303771972656,66.0,-10.927696228027344,18.0
no_log,123,1,2019,2012,2019,2020,2019,ancient city,0.3408239185810089,0.0,0.3408239185810089,0.0
no_log,123,1,2019,2012,2019,2020,2019,and al jazeera,23.1871280670166,36.0,-4.812871932983398,8.0
no_log,123,1,2019,2012,2019,2020,2019,and disaster risk,5.706619739532471,6.0,-0.2933802604675293,0.0
no_log,123,1,2019,2012,2019,2020,2019,and future directions,13.264525413513184,25.0,-2.7354745864868164,9.0
no_log,123,1,2019,2012,2019,2020,2019,and generative ai,0.3408239185810089,0.0,0.3408239185810089,0.0
no_log,123,1,2019,2012,2019,2020,2019,and nation branding,0.3408239185810089,0.0,0.3408239185810089,0.0
no_log,123,1,2019,2012,2019,2020,2019,and place branding,5.453701019287109,5.0,-2.5462989807128906,-3.0
no_log,123,1,2019,2012,2019,2020,2019,and the future,6.3488898277282715,9.0,-2.6511101722717285,0.0
no_log,123,1,2019,2012,2019,2020,2019,and the future of,6.3488898277282715,9.0,-2.6511101722717285,0.0
no_log,123,1,2019,2012,2019,2020,2019,and user-generated content,5.453701019287109,8.0,-2.5462989807128906,0.0
no_log,123,1,2019,2012,2019,2020,2019,annual,6.940145015716553,7.0,-0.059854984283447266,0.0
no_log,123,1,2019,2012,2019,2020,2019,answering,0.3408239185810089,0.0,0.3408239185810089,0.0
no_log,123,1,2019,2012,2019,2020,2019,antecedents,24.115306854248047,34.0,-0.8846931457519531,9.0
no_log,123,1,2019,2012,2019,2020,2019,anxiety,6.940145015716553,11.0,-0.059854984283447266,4.0
no_log,123,1,2019,2012,2019,2020,2019,applications,51.14644241333008,124.0,-51.85355758666992,21.0
no_log,123,1,2019,2012,2019,2020,2019,applications in,42.23096466064453,62.0,-11.769035339355469,8.0
no_log,123,1,2019,2012,2019,2020,2019,applications of,24.545515060424805,41.0,-1.4544849395751953,15.0
no_log,123,1,2019,2012,2019,2020,2019,applied,16.93659210205078,15.0,-2.0634078979492188,-4.0
no_log,123,3,2019,2012,2019,2022,2019,21st century,33.80890655517578,52.0,1.8089065551757812,20.0
no_log,123,3,2019,2012,2019,2022,2019,3d laser,34.74637222290039,41.0,-3.2536277770996094,3.0
no_log,123,3,2019,2012,2019,2022,2019,3d laser scanning,26.620677947998047,41.0,-3.379322052001953,11.0
no_log,123,3,2019,2012,2019,2022,2019,3d modeling,4.343066692352295,0.0,-4.656933307647705,-9.0
no_log,123,3,2019,2012,2019,2022,2019,3d modelling,8.251313209533691,9.0,-0.7486867904663086,0.0
no_log,123,3,2019,2012,2019,2022,2019,3d models,33.102783203125,29.0,1.102783203125,-3.0
no_log,123,3,2019,2012,2019,2022,2019,3d printing,4.511043548583984,40.0,-4.488956451416016,31.0
no_log,123,3,2019,2012,2019,2022,2019,3d scanning,28.35340690612793,36.0,-1.6465930938720703,6.0
no_log,123,3,2019,2012,2019,2022,2019,abroad,31.831846237182617,17.0,1.8318462371826172,-13.0
no_log,123,3,2019,2012,2019,2022,2019,acceptance,35.92161178588867,9.0,-1.0783882141113281,-28.0
no_log,123,3,2019,2012,2019,2022,2019,access,43.659507751464844,53.0,-20.340492248535156,-11.0
no_log,123,3,2019,2012,2019,2022,2019,accessible,4.400410175323486,12.0,-1.5995898246765137,6.0
no_log,123,3,2019,2012,2019,2022,2019,accuracy,0.6994667649269104,6.0,0.6994667649269104,6.0
no_log,123,3,2019,2012,2019,2022,2019,accurate,7.883455276489258,12.0,-2.116544723510742,2.0
no_log,123,3,2019,2012,2019,2022,2019,achieving,10.281698226928711,34.0,-3.718301773071289,20.0
no_log,123,3,2019,2012,2019,2022,2019,acknowledgements,2.4876646995544434,6.0,-2.5123353004455566,1.0
no_log,123,3,2019,2012,2019,2022,2019,acquisition,0.6994667649269104,9.0,0.6994667649269104,9.0
no_log,123,3,2019,2012,2019,2022,2019,action,47.05015563964844,281.0,-209.94984436035156,24.0
no_log,123,3,2019,2012,2019,2022,2019,activism,2.533445358276367,15.0,-3.466554641723633,9.0
no_log,123,3,2019,2012,2019,2022,2019,activities,35.9639778137207,40.0,1.9639778137207031,6.0
no_log,123,3,2019,2012,2019,2022,2019,activity,41.05209732055664,29.0,-3.9479026794433594,-16.0
no_log,123,3,2019,2012,2019,2022,2019,adaptation,28.033246994018555,20.0,2.0332469940185547,-6.0
no_log,123,3,2019,2012,2019,2022,2019,adaptive,25.211824417114258,18.0,4.211824417114258,-3.0
no_log,123,3,2019,2012,2019,2022,2019,addressing,7.2281174659729,8.0,-1.7718825340270996,-1.0
no_log,123,3,2019,2012,2019,2022,2019,aden,6.1906914710998535,0.0,-1.8093085289001465,-8.0
no_log,123,3,2019,2012,2019,2022,2019,adoption,36.49421310424805,37.0,2.494213104248047,3.0
no_log,123,3,2019,2012,2019,2022,2019,adults,0.6994667649269104,0.0,0.6994667649269104,0.0
no_log,123,3,2019,2012,2019,2022,2019,advanced,37.70072937011719,30.0,3.7007293701171875,-4.0
no_log,123,3,2019,2012,2019,2022,2019,advances,33.91569519042969,49.0,1.9156951904296875,17.0
no_log,123,3,2019,2012,2019,2022,2019,advances in,15.613943099975586,20.0,-0.38605690002441406,4.0
no_log,123,3,2019,2012,2019,2022,2019,advancing,5.809848785400391,18.0,-3.1901512145996094,9.0
no_log,123,3,2019,2012,2019,2022,2019,advantages,0.6994667649269104,0.0,0.6994667649269104,0.0
no_log,123,3,2019,2012,2019,2022,2019,advertising,8.351920127868652,32.0,-1.6480798721313477,22.0
no_log,123,3,2019,2012,2019,2022,2019,africa,47.05514144897461,242.0,-171.9448585510254,23.0
no_log,123,3,2019,2012,2019,2022,2019,african,41.16257858276367,51.0,-7.837421417236328,2.0
no_log,123,3,2019,2012,2019,2022,2019,afterword,8.603189468383789,1.0,-2.396810531616211,-10.0
no_log,123,3,2019,2012,2019,2022,2019,against,18.078344345092773,11.0,0.07834434509277344,-7.0
no_log,123,3,2019,2012,2019,2022,2019,age of,46.50388717651367,143.0,-72.49611282348633,24.0
no_log,123,3,2019,2012,2019,2022,2019,agencies,7.2281174659729,9.0,-1.7718825340270996,0.0
no_log,123,3,2019,2012,2019,2022,2019,agenda,43.30037307739258,149.0,-8.699626922607422,97.0
no_log,123,3,2019,2012,2019,2022,2019,agentic,0.6994667649269104,0.0,0.6994667649269104,0.0
no_log,123,3,2019,2012,2019,2022,2019,agents,25.05486297607422,23.0,1.0548629760742188,-1.0
no_log,123,3,2019,2012,2019,2022,2019,agricultural,22.864084243774414,30.0,2.864084243774414,10.0
no_log,123,3,2019,2012,2019,2022,2019,ai chatbot,0.6994667649269104,7.0,0.6994667649269104,7.0
no_log,123,3,2019,2012,2019,2022,2019,ai in,4.217418670654297,49.0,-4.782581329345703,40.0
no_log,123,3,2019,2012,2019,2022,2019,ai on,0.6994667649269104,0.0,0.6994667649269104,0.0
no_log,123,3,2019,2012,2019,2022,2019,ai-driven,0.6994667649269104,0.0,0.6994667649269104,0.0
no_log,123,3,2019,2012,2019,2022,2019,ai-enabled,0.6994667649269104,6.0,0.6994667649269104,6.0
no_log,123,3,2019,2012,2019,2022,2019,ai-generated,0.6994667649269104,16.0,0.6994667649269104,16.0
no_log,123,3,2019,2012,2019,2022,2019,ai-generated content,0.6994667649269104,0.0,0.6994667649269104,0.0
no_log,123,3,2019,2012,2019,2022,2019,ai-powered,0.6994667649269104,0.0,0.6994667649269104,0.0
no_log,123,3,2019,2012,2019,2022,2019,ai伦理,8.028189659118652,27.0,1.0281896591186523,20.0
no_log,123,3,2019,2012,2019,2022,2019,al jazeera,46.8648796081543,138.0,-124.1351203918457,-33.0
no_log,123,3,2019,2012,2019,2022,2019,al jazeera and,36.87372589111328,26.0,-0.12627410888671875,-11.0
no_log,123,3,2019,2012,2019,2022,2019,al jazeera english,0.6994667649269104,16.0,0.6994667649269104,16.0
no_log,123,3,2019,2012,2019,2022,2019,al-jazeera,31.168027877807617,17.0,-3.831972122192383,-18.0
no_log,123,3,2019,2012,2019,2022,2019,aleppo,0.6994667649269104,0.0,0.6994667649269104,0.0
no_log,123,3,2019,2012,2019,2022,2019,algorithmic,19.724138259887695,18.0,4.724138259887695,3.0
no_log,123,3,2019,2012,2019,2022,2019,algorithms,16.584646224975586,57.0,1.584646224975586,42.0
no_log,123,3,2019,2012,2019,2022,2019,alignment,11.111159324645996,15.0,2.111159324645996,6.0
no_log,123,3,2019,2012,2019,2022,2019,along,17.496644973754883,32.0,1.4966449737548828,16.0
no_log,123,3,2019,2012,2019,2022,2019,along the silk,0.6994667649269104,15.0,0.6994667649269104,15.0
no_log,123,3,2019,2012,2019,2022,2019,alternative,35.808738708496094,48.0,-1.1912612915039062,11.0
no_log,123,3,2019,2012,2019,2022,2019,america,46.429481506347656,139.0,-70.57051849365234,22.0
no_log,123,3,2019,2012,2019,2022,2019,american,45.38121795654297,55.0,-43.61878204345703,-34.0
no_log,123,3,2019,2012,2019,2022,2019,an empirical,16.209402084350586,24.0,-1.790597915649414,6.0
no_log,123,3,2019,2012,2019,2022,2019,an empirical study,0.6994667649269104,7.0,0.6994667649269104,7.0
no_log,123,3,2019,2012,2019,2022,2019,an example,9.552828788757324,22.0,1.5528287887573242,14.0
no_log,123,3,2019,2012,2019,2022,2019,an exploratory,33.431617736816406,49.0,2.4316177368164062,18.0
no_log,123,3,2019,2012,2019,2022,2019,an exploratory study,33.431617736816406,49.0,2.4316177368164062,18.0
no_log,123,3,2019,2012,2019,2022,2019,an immersive,5.247257232666016,8.0,-1.7527427673339844,1.0
no_log,123,3,2019,2012,2019,2022,2019,an integrated,0.6994667649269104,8.0,0.6994667649269104,8.0
no_log,123,3,2019,2012,2019,2022,2019,an introduction,14.318532943725586,27.0,0.31853294372558594,13.0
no_log,123,3,2019,2012,2019,2022,2019,an investigation,15.74379825592041,0.0,-0.25620174407958984,-16.0
no_log,123,3,2019,2012,2019,2022,2019,an overview,4.511043548583984,31.0,-4.488956451416016,22.0
no_log,123,3,2019,2012,2019,2022,2019,an overview of,15.79826831817627,31.0,-2.2017316818237305,13.0
no_log,123,3,2019,2012,2019,2022,2019,analyses,12.517956733703613,13.0,-1.4820432662963867,-1.0
no_log,123,3,2019,2012,2019,2022,2019,analytic hierarchy process,0.6994667649269104,0.0,0.6994667649269104,0.0
no_log,123,3,2019,2012,2019,2022,2019,analytical,0.6994667649269104,0.0,0.6994667649269104,0.0
no_log,123,3,2019,2012,2019,2022,2019,analytics,40.14160919189453,37.0,-4.858390808105469,-8.0
no_log,123,3,2019,2012,2019,2022,2019,analyzing,1.6515874862670898,20.0,-3.34841251373291,15.0
no_log,123,3,2019,2012,2019,2022,2019,ancient,39.90118408203125,72.0,-8.09881591796875,24.0
no_log,123,3,2019,2012,2019,2022,2019,ancient city,0.6994667649269104,0.0,0.6994667649269104,0.0
no_log,123,3,2019,2012,2019,2022,2019,and al jazeera,27.73897933959961,27.0,-0.2610206604003906,-1.0
no_log,123,3,2019,2012,2019,2022,2019,and disaster risk,6.559036731719971,6.0,0.5590367317199707,0.0
no_log,123,3,2019,2012,2019,2022,2019,and future directions,15.74379825592041,25.0,-0.25620174407958984,9.0
no_log,123,3,2019,2012,2019,2022,2019,and generative ai,0.6994667649269104,0.0,0.6994667649269104,0.0
no_log,123,3,2019,2012,2019,2022,2019,and nation branding,0.6994667649269104,8.0,0.6994667649269104,8.0
no_log,123,3,2019,2012,2019,2022,2019,and place branding,6.1906914710998535,13.0,-1.8093085289001465,5.0
no_log,123,3,2019,2012,2019,2022,2019,and the future,7.2281174659729,17.0,-1.7718825340270996,8.0
no_log,123,3,2019,2012,2019,2022,2019,and the future of,7.2281174659729,17.0,-1.7718825340270996,8.0
no_log,123,3,2019,2012,2019,2022,2019,and user-generated content,6.1906914710998535,8.0,-1.8093085289001465,0.0
no_log,123,3,2019,2012,2019,2022,2019,annual,8.028189659118652,7.0,1.0281896591186523,0.0
no_log,123,3,2019,2012,2019,2022,2019,answering,0.6994667649269104,8.0,0.6994667649269104,8.0
no_log,123,3,2019,2012,2019,2022,2019,antecedents,29.135448455810547,50.0,4.135448455810547,25.0
no_log,123,3,2019,2012,2019,2022,2019,anxiety,8.028189659118652,20.0,1.0281896591186523,13.0
no_log,123,3,2019,2012,2019,2022,2019,applications,46.22690963745117,209.0,-56.77309036254883,106.0
no_log,123,3,2019,2012,2019,2022,2019,applications in,42.94144821166992,69.0,-11.058551788330078,15.0
no_log,123,3,2019,2012,2019,2022,2019,applications of,29.650758743286133,49.0,3.650758743286133,23.0
no_log,123,3,2019,2012,2019,2022,2019,applied,20.39661407470703,31.0,1.3966140747070312,12.0
no_log,123,5,2019,2012,2019,2024,2019,21st century,36.784812927246094,36.0,4.784812927246094,4.0
no_log,123,5,2019,2012,2019,2024,2019,3d laser,37.505714416503906,31.0,-0.49428558349609375,-7.0
no_log,123,5,2019,2012,2019,2024,2019,3d laser scanning,30.07363510131836,31.0,0.07363510131835938,1.0
no_log,123,5,2019,2012,2019,2024,2019,3d modeling,4.332677364349365,22.0,-4.667322635650635,13.0
no_log,123,5,2019,2012,2019,2024,2019,3d modelling,8.497318267822266,4.0,-0.5026817321777344,-5.0
no_log,123,5,2019,2012,2019,2024,2019,3d models,36.17204666137695,13.0,4.172046661376953,-19.0
no_log,123,5,2019,2012,2019,2024,2019,3d printing,4.498250484466553,50.0,-4.501749515533447,41.0
no_log,123,5,2019,2012,2019,2024,2019,3d scanning,31.846723556518555,31.0,1.8467235565185547,1.0
no_log,123,5,2019,2012,2019,2024,2019,abroad,35.10005569458008,18.0,5.100055694580078,-12.0
no_log,123,5,2019,2012,2019,2024,2019,acceptance,38.37565612792969,40.0,1.3756561279296875,3.0
no_log,123,5,2019,2012,2019,2024,2019,access,43.08223342895508,38.0,-20.917766571044922,-26.0
no_log,123,5,2019,2012,2019,2024,2019,accessible,4.42738676071167,12.0,-1.57261323928833,6.0
no_log,123,5,2019,2012,2019,2024,2019,accuracy,0.9649128913879395,23.0,0.9649128913879395,23.0
no_log,123,5,2019,2012,2019,2024,2019,accurate,8.067509651184082,12.0,-1.932490348815918,2.0
no_log,123,5,2019,2012,2019,2024,2019,achieving,10.734029769897461,47.0,-3.265970230102539,33.0
no_log,123,5,2019,2012,2019,2024,2019,acknowledgements,2.599351406097412,5.0,-2.400648593902588,0.0
no_log,123,5,2019,2012,2019,2024,2019,acquisition,0.9649128913879395,9.0,0.9649128913879395,9.0
no_log,123,5,2019,2012,2019,2024,2019,action,44.630821228027344,350.0,-212.36917877197266,93.0
no_log,123,5,2019,2012,2019,2024,2019,activism,2.617462396621704,15.0,-3.382537603378296,9.0
no_log,123,5,2019,2012,2019,2024,2019,activities,38.431270599365234,52.0,4.431270599365234,18.0
no_log,123,5,2019,2012,2019,2024,2019,activity,41.71022415161133,37.0,-3.289775848388672,-8.0
no_log,123,5,2019,2012,2019,2024,2019,adaptation,31.503925323486328,29.0,5.503925323486328,3.0
no_log,123,5,2019,2012,2019,2024,2019,adaptive,28.583358764648438,18.0,7.5833587646484375,-3.0
no_log,123,5,2019,2012,2019,2024,2019,addressing,7.354113578796387,17.0,-1.6458864212036133,8.0
no_log,123,5,2019,2012,2019,2024,2019,aden,6.249732494354248,1.0,-1.750267505645752,-7.0
no_log,123,5,2019,2012,2019,2024,2019,adoption,38.80562973022461,53.0,4.805629730224609,19.0
no_log,123,5,2019,2012,2019,2024,2019,adults,0.9649128913879395,0.0,0.9649128913879395,0.0
no_log,123,5,2019,2012,2019,2024,2019,advanced,39.65598678588867,23.0,5.655986785888672,-11.0
no_log,123,5,2019,2012,2019,2024,2019,advances,36.86483383178711,52.0,4.864833831787109,20.0
no_log,123,5,2019,2012,2019,2024,2019,advances in,17.20182991027832,31.0,1.2018299102783203,15.0
no_log,123,5,2019,2012,2019,2024,2019,advancing,5.8319525718688965,40.0,-3.1680474281311035,31.0
no_log,123,5,2019,2012,2019,2024,2019,advantages,0.9649128913879395,26.0,0.9649128913879395,26.0
no_log,123,5,2019,2012,2019,2024,2019,advertising,8.587122917175293,50.0,-1.412877082824707,40.0
no_log,123,5,2019,2012,2019,2024,2019,africa,44.62937545776367,242.0,-174.37062454223633,23.0
no_log,123,5,2019,2012,2019,2024,2019,african,41.76435089111328,50.0,-7.235649108886719,1.0
no_log,123,5,2019,2012,2019,2024,2019,afterword,8.864974975585938,13.0,-2.1350250244140625,2.0
no_log,123,5,2019,2012,2019,2024,2019,against,20.19595718383789,18.0,2.1959571838378906,0.0
no_log,123,5,2019,2012,2019,2024,2019,age of,44.39814758300781,130.0,-74.60185241699219,11.0
no_log,123,5,2019,2012,2019,2024,2019,agencies,7.354113578796387,17.0,-1.6458864212036133,8.0
no_log,123,5,2019,2012,2019,2024,2019,agenda,42.92043685913086,160.0,-9.07956314086914,108.0
no_log,123,5,2019,2012,2019,2024,2019,agentic,0.9649128913879395,0.0,0.9649128913879395,0.0
no_log,123,5,2019,2012,2019,2024,2019,agents,28.34926986694336,45.0,4.349269866943359,21.0
no_log,123,5,2019,2012,2019,2024,2019,agricultural,25.94104766845703,26.0,5.941047668457031,6.0
no_log,123,5,2019,2012,2019,2024,2019,ai chatbot,0.9649128913879395,41.0,0.9649128913879395,41.0
no_log,123,5,2019,2012,2019,2024,2019,ai in,4.205379009246826,157.0,-4.794620990753174,148.0
no_log,123,5,2019,2012,2019,2024,2019,ai on,0.9649128913879395,15.0,0.9649128913879395,15.0
no_log,123,5,2019,2012,2019,2024,2019,ai-driven,0.9649128913879395,30.0,0.9649128913879395,30.0
no_log,123,5,2019,2012,2019,2024,2019,ai-enabled,0.9649128913879395,6.0,0.9649128913879395,6.0
no_log,123,5,2019,2012,2019,2024,2019,ai-generated,0.9649128913879395,33.0,0.9649128913879395,33.0
no_log,123,5,2019,2012,2019,2024,2019,ai-generated content,0.9649128913879395,24.0,0.9649128913879395,24.0
no_log,123,5,2019,2012,2019,2024,2019,ai-powered,0.9649128913879395,8.0,0.9649128913879395,8.0
no_log,123,5,2019,2012,2019,2024,2019,ai伦理,8.257100105285645,20.0,1.2571001052856445,13.0
no_log,123,5,2019,2012,2019,2024,2019,al jazeera,44.54984664916992,48.0,-126.45015335083008,-123.0
no_log,123,5,2019,2012,2019,2024,2019,al jazeera and,39.088722229003906,0.0,2.0887222290039062,-37.0
no_log,123,5,2019,2012,2019,2024,2019,al jazeera english,0.9649128913879395,24.0,0.9649128913879395,24.0
no_log,123,5,2019,2012,2019,2024,2019,al-jazeera,34.47361755371094,9.0,-0.5263824462890625,-26.0
no_log,123,5,2019,2012,2019,2024,2019,aleppo,0.9649128913879395,9.0,0.9649128913879395,9.0
no_log,123,5,2019,2012,2019,2024,2019,algorithmic,22.25771141052246,3.0,7.257711410522461,-12.0
no_log,123,5,2019,2012,2019,2024,2019,algorithms,18.406156539916992,71.0,3.406156539916992,56.0
no_log,123,5,2019,2012,2019,2024,2019,alignment,11.792435646057129,6.0,2.792435646057129,-3.0
no_log,123,5,2019,2012,2019,2024,2019,along,19.531099319458008,52.0,3.531099319458008,36.0
no_log,123,5,2019,2012,2019,2024,2019,along the silk,0.9649128913879395,29.0,0.9649128913879395,29.0
no_log,123,5,2019,2012,2019,2024,2019,alternative,38.28543472290039,36.0,1.2854347229003906,-1.0
no_log,123,5,2019,2012,2019,2024,2019,america,44.36627960205078,138.0,-72.63372039794922,21.0
no_log,123,5,2019,2012,2019,2024,2019,american,43.90092086791992,57.0,-45.09907913208008,-32.0
no_log,123,5,2019,2012,2019,2024,2019,an empirical,17.86904525756836,15.0,-0.13095474243164062,-3.0
no_log,123,5,2019,2012,2019,2024,2019,an empirical study,0.9649128913879395,7.0,0.9649128913879395,7.0
no_log,123,5,2019,2012,2019,2024,2019,an example,9.978018760681152,29.0,1.9780187606811523,21.0
no_log,123,5,2019,2012,2019,2024,2019,an exploratory,36.46143341064453,26.0,5.461433410644531,-5.0
no_log,123,5,2019,2012,2019,2024,2019,an exploratory study,36.46143341064453,26.0,5.461433410644531,-5.0
no_log,123,5,2019,2012,2019,2024,2019,an immersive,5.275852680206299,8.0,-1.7241473197937012,1.0
no_log,123,5,2019,2012,2019,2024,2019,an integrated,0.9649128913879395,16.0,0.9649128913879395,16.0
no_log,123,5,2019,2012,2019,2024,2019,an introduction,15.627713203430176,28.0,1.6277132034301758,14.0
no_log,123,5,2019,2012,2019,2024,2019,an investigation,17.338760375976562,7.0,1.3387603759765625,-9.0
no_log,123,5,2019,2012,2019,2024,2019,an overview,4.498250484466553,76.0,-4.501749515533447,67.0
no_log,123,5,2019,2012,2019,2024,2019,an overview of,17.362960815429688,67.0,-0.6370391845703125,49.0
no_log,123,5,2019,2012,2019,2024,2019,analyses,13.403729438781738,13.0,-0.5962705612182617,-1.0
no_log,123,5,2019,2012,2019,2024,2019,analytic hierarchy process,0.9649128913879395,0.0,0.9649128913879395,0.0
no_log,123,5,2019,2012,2019,2024,2019,analytical,0.9649128913879395,32.0,0.9649128913879395,32.0
no_log,123,5,2019,2012,2019,2024,2019,analytics,41.17580032348633,45.0,-3.824199676513672,0.0
no_log,123,5,2019,2012,2019,2024,2019,analyzing,1.8080968856811523,53.0,-3.1919031143188477,48.0
no_log,123,5,2019,2012,2019,2024,2019,ancient,41.02010726928711,76.0,-6.979892730712891,28.0
no_log,123,5,2019,2012,2019,2024,2019,ancient city,0.9649128913879395,17.0,0.9649128913879395,17.0
no_log,123,5,2019,2012,2019,2024,2019,and al jazeera,31.189374923706055,16.0,3.1893749237060547,-12.0
no_log,123,5,2019,2012,2019,2024,2019,and disaster risk,6.660017490386963,38.0,0.6600174903869629,32.0
no_log,123,5,2019,2012,2019,2024,2019,and future directions,17.338760375976562,43.0,1.3387603759765625,27.0
no_log,123,5,2019,2012,2019,2024,2019,and generative ai,0.9649128913879395,25.0,0.9649128913879395,25.0
no_log,123,5,2019,2012,2019,2024,2019,and nation branding,0.9649128913879395,8.0,0.9649128913879395,8.0
no_log,123,5,2019,2012,2019,2024,2019,and place branding,6.249732494354248,13.0,-1.750267505645752,5.0
no_log,123,5,2019,2012,2019,2024,2019,and the future,7.354113578796387,31.0,-1.6458864212036133,22.0
no_log,123,5,2019,2012,2019,2024,2019,and the future of,7.354113578796387,31.0,-1.6458864212036133,22.0
no_log,123,5,2019,2012,2019,2024,2019,and user-generated content,6.249732494354248,16.0,-1.750267505645752,8.0
no_log,123,5,2019,2012,2019,2024,2019,annual,8.257100105285645,16.0,1.2571001052856445,9.0
no_log,123,5,2019,2012,2019,2024,2019,answering,0.9649128913879395,8.0,0.9649128913879395,8.0
no_log,123,5,2019,2012,2019,2024,2019,antecedents,32.62946701049805,25.0,7.629467010498047,0.0
no_log,123,5,2019,2012,2019,2024,2019,anxiety,8.257100105285645,19.0,1.2571001052856445,12.0
no_log,123,5,2019,2012,2019,2024,2019,applications,44.279598236083984,167.0,-58.720401763916016,64.0
no_log,123,5,2019,2012,2019,2024,2019,applications in,42.73408508300781,49.0,-11.265914916992188,-5.0
no_log,123,5,2019,2012,2019,2024,2019,applications of,33.131717681884766,45.0,7.131717681884766,19.0
no_log,123,5,2019,2012,2019,2024,2019,applied,23.004995346069336,52.0,4.004995346069336,33.0
no_log,2026,1,2019,2012,2019,2020,2019,21st century,29.473745346069336,44.0,-2.526254653930664,12.0
no_log,2026,1,2019,2012,2019,2020,2019,3d laser,30.48053550720215,46.0,-7.519464492797852,8.0
no_log,2026,1,2019,2012,2019,2020,2019,3d laser scanning,22.056943893432617,38.0,-7.943056106567383,8.0
no_log,2026,1,2019,2012,2019,2020,2019,3d modeling,4.3814568519592285,3.0,-4.6185431480407715,-6.0
no_log,2026,1,2019,2012,2019,2020,2019,3d modelling,7.510489463806152,9.0,-1.4895105361938477,0.0
no_log,2026,1,2019,2012,2019,2020,2019,3d models,29.812646865844727,32.0,-2.1873531341552734,0.0
no_log,2026,1,2019,2012,2019,2020,2019,3d printing,4.890602111816406,17.0,-4.109397888183594,8.0
no_log,2026,1,2019,2012,2019,2020,2019,3d scanning,23.6633243560791,39.0,-6.336675643920898,9.0
no_log,2026,1,2019,2012,2019,2020,2019,abroad,27.89312171936035,8.0,-2.1068782806396484,-22.0
no_log,2026,1,2019,2012,2019,2020,2019,acceptance,33.26404571533203,22.0,-3.7359542846679688,-15.0
no_log,2026,1,2019,2012,2019,2020,2019,access,47.497528076171875,64.0,-16.502471923828125,0.0
no_log,2026,1,2019,2012,2019,2020,2019,accessible,4.079992771148682,6.0,-1.9200072288513184,0.0
no_log,2026,1,2019,2012,2019,2020,2019,accuracy,0.4195639193058014,0.0,0.4195639193058014,0.0
no_log,2026,1,2019,2012,2019,2020,2019,accurate,7.26975154876709,10.0,-2.73024845123291,0.0
no_log,2026,1,2019,2012,2019,2020,2019,achieving,10.469486236572266,39.0,-3.5305137634277344,25.0
no_log,2026,1,2019,2012,2019,2020,2019,acknowledgements,2.1961846351623535,5.0,-2.8038153648376465,0.0
no_log,2026,1,2019,2012,2019,2020,2019,acquisition,0.4195639193058014,0.0,0.4195639193058014,0.0
no_log,2026,1,2019,2012,2019,2020,2019,action,58.055137634277344,263.0,-198.94486236572266,6.0
no_log,2026,1,2019,2012,2019,2020,2019,activism,2.4765830039978027,10.0,-3.5234169960021973,4.0
no_log,2026,1,2019,2012,2019,2020,2019,activities,32.53778839111328,47.0,-1.4622116088867188,13.0
no_log,2026,1,2019,2012,2019,2020,2019,activity,40.80656433105469,37.0,-4.1934356689453125,-8.0
no_log,2026,1,2019,2012,2019,2020,2019,adaptation,24.585542678833008,24.0,-1.4144573211669922,-2.0
no_log,2026,1,2019,2012,2019,2020,2019,adaptive,21.28349494934082,12.0,0.2834949493408203,-9.0
no_log,2026,1,2019,2012,2019,2020,2019,addressing,6.692417144775391,9.0,-2.3075828552246094,0.0
no_log,2026,1,2019,2012,2019,2020,2019,aden,5.758735179901123,8.0,-2.241264820098877,0.0
no_log,2026,1,2019,2012,2019,2020,2019,adoption,33.52478790283203,46.0,-0.47521209716796875,12.0
no_log,2026,1,2019,2012,2019,2020,2019,adults,0.4195639193058014,0.0,0.4195639193058014,0.0
no_log,2026,1,2019,2012,2019,2020,2019,advanced,34.10226058959961,34.0,0.10226058959960938,0.0
no_log,2026,1,2019,2012,2019,2020,2019,advances,29.76689338684082,44.0,-2.2331066131591797,12.0
no_log,2026,1,2019,2012,2019,2020,2019,advances in,13.405364036560059,16.0,-2.5946359634399414,0.0
no_log,2026,1,2019,2012,2019,2020,2019,advancing,5.996671199798584,18.0,-3.003328800201416,9.0
no_log,2026,1,2019,2012,2019,2020,2019,advantages,0.4195639193058014,0.0,0.4195639193058014,0.0
no_log,2026,1,2019,2012,2019,2020,2019,advertising,7.6842851638793945,8.0,-2.3157148361206055,-2.0
no_log,2026,1,2019,2012,2019,2020,2019,africa,58.06401443481445,227.0,-160.93598556518555,8.0
no_log,2026,1,2019,2012,2019,2020,2019,african,41.67816162109375,60.0,-7.32183837890625,11.0
no_log,2026,1,2019,2012,2019,2020,2019,afterword,7.898252487182617,11.0,-3.101747512817383,0.0
no_log,2026,1,2019,2012,2019,2020,2019,against,15.826189041137695,18.0,-2.1738109588623047,0.0
no_log,2026,1,2019,2012,2019,2020,2019,age of,55.72380065917969,178.0,-63.27619934082031,59.0
no_log,2026,1,2019,2012,2019,2020,2019,agencies,6.692417144775391,18.0,-2.3075828552246094,9.0
no_log,2026,1,2019,2012,2019,2020,2019,agenda,44.86528778076172,81.0,-7.134712219238281,29.0
no_log,2026,1,2019,2012,2019,2020,2019,agentic,0.4195639193058014,0.0,0.4195639193058014,0.0
no_log,2026,1,2019,2012,2019,2020,2019,agents,22.710222244262695,32.0,-1.2897777557373047,8.0
no_log,2026,1,2019,2012,2019,2020,2019,agricultural,19.412363052368164,29.0,-0.5876369476318359,9.0
no_log,2026,1,2019,2012,2019,2020,2019,ai chatbot,0.4195639193058014,0.0,0.4195639193058014,0.0
no_log,2026,1,2019,2012,2019,2020,2019,ai in,4.492267608642578,27.0,-4.507732391357422,18.0
no_log,2026,1,2019,2012,2019,2020,2019,ai on,0.4195639193058014,0.0,0.4195639193058014,0.0
no_log,2026,1,2019,2012,2019,2020,2019,ai-driven,0.4195639193058014,0.0,0.4195639193058014,0.0
no_log,2026,1,2019,2012,2019,2020,2019,ai-enabled,0.4195639193058014,6.0,0.4195639193058014,6.0
no_log,2026,1,2019,2012,2019,2020,2019,ai-generated,0.4195639193058014,0.0,0.4195639193058014,0.0
no_log,2026,1,2019,2012,2019,2020,2019,ai-generated content,0.4195639193058014,0.0,0.4195639193058014,0.0
no_log,2026,1,2019,2012,2019,2020,2019,ai-powered,0.4195639193058014,0.0,0.4195639193058014,0.0
no_log,2026,1,2019,2012,2019,2020,2019,ai伦理,7.4349589347839355,18.0,0.43495893478393555,11.0
no_log,2026,1,2019,2012,2019,2020,2019,al jazeera,57.09843063354492,181.0,-113.90156936645508,10.0
no_log,2026,1,2019,2012,2019,2020,2019,al jazeera and,33.006103515625,28.0,-3.993896484375,-9.0
no_log,2026,1,2019,2012,2019,2020,2019,al jazeera english,0.4195639193058014,8.0,0.4195639193058014,8.0
no_log,2026,1,2019,2012,2019,2020,2019,al-jazeera,27.649686813354492,33.0,-7.350313186645508,-2.0
no_log,2026,1,2019,2012,2019,2020,2019,aleppo,0.4195639193058014,0.0,0.4195639193058014,0.0
no_log,2026,1,2019,2012,2019,2020,2019,algorithmic,16.454500198364258,18.0,1.4545001983642578,3.0
no_log,2026,1,2019,2012,2019,2020,2019,algorithms,14.230325698852539,40.0,-0.7696743011474609,25.0
no_log,2026,1,2019,2012,2019,2020,2019,alignment,9.959970474243164,9.0,0.9599704742431641,0.0
no_log,2026,1,2019,2012,2019,2020,2019,along,14.81219482421875,16.0,-1.18780517578125,0.0
no_log,2026,1,2019,2012,2019,2020,2019,along the silk,0.4195639193058014,0.0,0.4195639193058014,0.0
no_log,2026,1,2019,2012,2019,2020,2019,alternative,33.65107727050781,55.0,-3.3489227294921875,18.0
no_log,2026,1,2019,2012,2019,2020,2019,america,55.466495513916016,165.0,-61.533504486083984,48.0
no_log,2026,1,2019,2012,2019,2020,2019,american,51.99791717529297,103.0,-37.00208282470703,14.0
no_log,2026,1,2019,2012,2019,2020,2019,an empirical,15.441957473754883,17.0,-2.558042526245117,-1.0
no_log,2026,1,2019,2012,2019,2020,2019,an empirical study,0.4195639193058014,0.0,0.4195639193058014,0.0
no_log,2026,1,2019,2012,2019,2020,2019,an example,8.711153984069824,8.0,0.7111539840698242,0.0
no_log,2026,1,2019,2012,2019,2020,2019,an exploratory,29.65686798095703,32.0,-1.3431320190429688,1.0
no_log,2026,1,2019,2012,2019,2020,2019,an exploratory study,29.65686798095703,32.0,-1.3431320190429688,1.0
no_log,2026,1,2019,2012,2019,2020,2019,an immersive,4.887961387634277,0.0,-2.1120386123657227,-7.0
no_log,2026,1,2019,2012,2019,2020,2019,an integrated,0.4195639193058014,8.0,0.4195639193058014,8.0
no_log,2026,1,2019,2012,2019,2020,2019,an introduction,12.388827323913574,19.0,-1.6111726760864258,5.0
no_log,2026,1,2019,2012,2019,2020,2019,an investigation,13.913187026977539,16.0,-2.086812973022461,0.0
no_log,2026,1,2019,2012,2019,2020,2019,an overview,4.890602111816406,14.0,-4.109397888183594,5.0
no_log,2026,1,2019,2012,2019,2020,2019,an overview of,14.91915225982666,14.0,-3.08084774017334,-4.0
no_log,2026,1,2019,2012,2019,2020,2019,analyses,11.627753257751465,18.0,-2.372246742248535,4.0
no_log,2026,1,2019,2012,2019,2020,2019,analytic hierarchy process,0.4195639193058014,0.0,0.4195639193058014,0.0
no_log,2026,1,2019,2012,2019,2020,2019,analytical,0.4195639193058014,0.0,0.4195639193058014,0.0
no_log,2026,1,2019,2012,2019,2020,2019,analytics,39.47681427001953,58.0,-5.523185729980469,13.0
no_log,2026,1,2019,2012,2019,2020,2019,analyzing,1.4665926694869995,5.0,-3.5334073305130005,0.0
no_log,2026,1,2019,2012,2019,2020,2019,ancient,40.045597076416016,66.0,-7.954402923583984,18.0
no_log,2026,1,2019,2012,2019,2020,2019,ancient city,0.4195639193058014,0.0,0.4195639193058014,0.0
no_log,2026,1,2019,2012,2019,2020,2019,and al jazeera,24.593547821044922,36.0,-3.406452178955078,8.0
no_log,2026,1,2019,2012,2019,2020,2019,and disaster risk,6.143526077270508,6.0,0.1435260772705078,0.0
no_log,2026,1,2019,2012,2019,2020,2019,and future directions,13.913187026977539,25.0,-2.086812973022461,9.0
no_log,2026,1,2019,2012,2019,2020,2019,and generative ai,0.4195639193058014,0.0,0.4195639193058014,0.0
no_log,2026,1,2019,2012,2019,2020,2019,and nation branding,0.4195639193058014,0.0,0.4195639193058014,0.0
no_log,2026,1,2019,2012,2019,2020,2019,and place branding,5.758735179901123,5.0,-2.241264820098877,-3.0
no_log,2026,1,2019,2012,2019,2020,2019,and the future,6.692417144775391,9.0,-2.3075828552246094,0.0
no_log,2026,1,2019,2012,2019,2020,2019,and the future of,6.692417144775391,9.0,-2.3075828552246094,0.0
no_log,2026,1,2019,2012,2019,2020,2019,and user-generated content,5.758735179901123,8.0,-2.241264820098877,0.0
no_log,2026,1,2019,2012,2019,2020,2019,annual,7.4349589347839355,7.0,0.43495893478393555,0.0
no_log,2026,1,2019,2012,2019,2020,2019,answering,0.4195639193058014,0.0,0.4195639193058014,0.0
no_log,2026,1,2019,2012,2019,2020,2019,antecedents,25.022016525268555,34.0,0.022016525268554688,9.0
no_log,2026,1,2019,2012,2019,2020,2019,anxiety,7.4349589347839355,11.0,0.43495893478393555,4.0
no_log,2026,1,2019,2012,2019,2020,2019,applications,54.536197662353516,124.0,-48.463802337646484,21.0
no_log,2026,1,2019,2012,2019,2020,2019,applications in,44.492713928222656,62.0,-9.507286071777344,8.0
no_log,2026,1,2019,2012,2019,2020,2019,applications of,25.220903396606445,41.0,-0.7790966033935547,15.0
no_log,2026,1,2019,2012,2019,2020,2019,applied,17.807214736938477,15.0,-1.1927852630615234,-4.0
no_log,2026,3,2019,2012,2019,2022,2019,21st century,36.82255172729492,52.0,4.822551727294922,20.0
no_log,2026,3,2019,2012,2019,2022,2019,3d laser,37.796653747558594,41.0,-0.20334625244140625,3.0
no_log,2026,3,2019,2012,2019,2022,2019,3d laser scanning,28.29913330078125,41.0,-1.70086669921875,11.0
no_log,2026,3,2019,2012,2019,2022,2019,3d modeling,4.910731315612793,0.0,-4.089268684387207,-9.0
no_log,2026,3,2019,2012,2019,2022,2019,3d modelling,9.01832103729248,9.0,0.01832103729248047,0.0
no_log,2026,3,2019,2012,2019,2022,2019,3d models,36.98237228393555,29.0,4.982372283935547,-3.0
no_log,2026,3,2019,2012,2019,2022,2019,3d printing,5.487250328063965,40.0,-3.512749671936035,31.0
no_log,2026,3,2019,2012,2019,2022,2019,3d scanning,30.26936912536621,36.0,0.26936912536621094,6.0
no_log,2026,3,2019,2012,2019,2022,2019,abroad,35.06657028198242,17.0,5.066570281982422,-13.0
no_log,2026,3,2019,2012,2019,2022,2019,acceptance,40.229034423828125,9.0,3.229034423828125,-28.0
no_log,2026,3,2019,2012,2019,2022,2019,access,48.8979606628418,53.0,-15.102039337158203,-11.0
no_log,2026,3,2019,2012,2019,2022,2019,accessible,4.800142288208008,12.0,-1.1998577117919922,6.0
no_log,2026,3,2019,2012,2019,2022,2019,accuracy,0.8532499074935913,6.0,0.8532499074935913,6.0
no_log,2026,3,2019,2012,2019,2022,2019,accurate,8.582103729248047,12.0,-1.4178962707519531,2.0
no_log,2026,3,2019,2012,2019,2022,2019,achieving,12.349334716796875,34.0,-1.650665283203125,20.0
no_log,2026,3,2019,2012,2019,2022,2019,acknowledgements,2.739957094192505,6.0,-2.260042905807495,1.0
no_log,2026,3,2019,2012,2019,2022,2019,acquisition,0.8532499074935913,9.0,0.8532499074935913,9.0
no_log,2026,3,2019,2012,2019,2022,2019,action,52.122440338134766,281.0,-204.87755966186523,24.0
no_log,2026,3,2019,2012,2019,2022,2019,activism,2.884704113006592,15.0,-3.115295886993408,9.0
no_log,2026,3,2019,2012,2019,2022,2019,activities,39.70834732055664,40.0,5.708347320556641,6.0
no_log,2026,3,2019,2012,2019,2022,2019,activity,45.69923400878906,29.0,0.6992340087890625,-16.0
no_log,2026,3,2019,2012,2019,2022,2019,adaptation,31.144847869873047,20.0,5.144847869873047,-6.0
no_log,2026,3,2019,2012,2019,2022,2019,adaptive,27.266969680786133,18.0,6.266969680786133,-3.0
no_log,2026,3,2019,2012,2019,2022,2019,addressing,7.872755527496338,8.0,-1.127244472503662,-1.0
no_log,2026,3,2019,2012,2019,2022,2019,aden,6.749797344207764,0.0,-1.2502026557922363,-8.0
no_log,2026,3,2019,2012,2019,2022,2019,adoption,40.530487060546875,37.0,6.530487060546875,3.0
no_log,2026,3,2019,2012,2019,2022,2019,adults,0.8532499074935913,0.0,0.8532499074935913,0.0
no_log,2026,3,2019,2012,2019,2022,2019,advanced,41.0451545715332,30.0,7.045154571533203,-4.0
no_log,2026,3,2019,2012,2019,2022,2019,advances,37.10574722290039,49.0,5.105747222900391,17.0
no_log,2026,3,2019,2012,2019,2022,2019,advances in,16.686141967773438,20.0,0.6861419677734375,4.0
no_log,2026,3,2019,2012,2019,2022,2019,advancing,6.912128448486328,18.0,-2.087871551513672,9.0
no_log,2026,3,2019,2012,2019,2022,2019,advantages,0.8532499074935913,0.0,0.8532499074935913,0.0
no_log,2026,3,2019,2012,2019,2022,2019,advertising,9.092615127563477,32.0,-0.9073848724365234,22.0
no_log,2026,3,2019,2012,2019,2022,2019,africa,52.09827423095703,242.0,-166.90172576904297,23.0
no_log,2026,3,2019,2012,2019,2022,2019,african,46.16633605957031,51.0,-2.8336639404296875,2.0
no_log,2026,3,2019,2012,2019,2022,2019,afterword,9.365053176879883,1.0,-1.6349468231201172,-10.0
no_log,2026,3,2019,2012,2019,2022,2019,against,19.78644371032715,11.0,1.7864437103271484,-7.0
no_log,2026,3,2019,2012,2019,2022,2019,age of,51.535240173339844,143.0,-67.46475982666016,24.0
no_log,2026,3,2019,2012,2019,2022,2019,agencies,7.872755527496338,9.0,-1.127244472503662,0.0
no_log,2026,3,2019,2012,2019,2022,2019,agenda,47.771820068359375,149.0,-4.228179931640625,97.0
no_log,2026,3,2019,2012,2019,2022,2019,agentic,0.8532499074935913,0.0,0.8532499074935913,0.0
no_log,2026,3,2019,2012,2019,2022,2019,agents,28.673717498779297,23.0,4.673717498779297,-1.0
no_log,2026,3,2019,2012,2019,2022,2019,agricultural,24.804794311523438,30.0,4.8047943115234375,10.0
no_log,2026,3,2019,2012,2019,2022,2019,ai chatbot,0.8532499074935913,7.0,0.8532499074935913,7.0
no_log,2026,3,2019,2012,2019,2022,2019,ai in,5.002010345458984,49.0,-3.9979896545410156,40.0
no_log,2026,3,2019,2012,2019,2022,2019,ai on,0.8532499074935913,0.0,0.8532499074935913,0.0
no_log,2026,3,2019,2012,2019,2022,2019,ai-driven,0.8532499074935913,0.0,0.8532499074935913,0.0
no_log,2026,3,2019,2012,2019,2022,2019,ai-enabled,0.8532499074935913,6.0,0.8532499074935913,6.0
no_log,2026,3,2019,2012,2019,2022,2019,ai-generated,0.8532499074935913,16.0,0.8532499074935913,16.0
no_log,2026,3,2019,2012,2019,2022,2019,ai-generated content,0.8532499074935913,0.0,0.8532499074935913,0.0
no_log,2026,3,2019,2012,2019,2022,2019,ai-powered,0.8532499074935913,0.0,0.8532499074935913,0.0
no_log,2026,3,2019,2012,2019,2022,2019,ai伦理,8.928121566772461,27.0,1.928121566772461,20.0
no_log,2026,3,2019,2012,2019,2022,2019,al jazeera,51.84897232055664,138.0,-119.15102767944336,-33.0
no_log,2026,3,2019,2012,2019,2022,2019,al jazeera and,40.119998931884766,26.0,3.1199989318847656,-11.0
no_log,2026,3,2019,2012,2019,2022,2019,al jazeera english,0.8532499074935913,16.0,0.8532499074935913,16.0
no_log,2026,3,2019,2012,2019,2022,2019,al-jazeera,34.585205078125,17.0,-0.414794921875,-18.0
no_log,2026,3,2019,2012,2019,2022,2019,aleppo,0.8532499074935913,0.0,0.8532499074935913,0.0
no_log,2026,3,2019,2012,2019,2022,2019,algorithmic,20.89505958557129,18.0,5.895059585571289,3.0
no_log,2026,3,2019,2012,2019,2022,2019,algorithms,17.833322525024414,57.0,2.833322525024414,42.0
no_log,2026,3,2019,2012,2019,2022,2019,alignment,12.176191329956055,15.0,3.1761913299560547,6.0
no_log,2026,3,2019,2012,2019,2022,2019,along,18.66621208190918,32.0,2.6662120819091797,16.0
no_log,2026,3,2019,2012,2019,2022,2019,along the silk,0.8532499074935913,15.0,0.8532499074935913,15.0
no_log,2026,3,2019,2012,2019,2022,2019,alternative,40.47623825073242,48.0,3.476238250732422,11.0
no_log,2026,3,2019,2012,2019,2022,2019,america,51.4741096496582,139.0,-65.5258903503418,22.0
no_log,2026,3,2019,2012,2019,2022,2019,american,50.498191833496094,55.0,-38.501808166503906,-34.0
no_log,2026,3,2019,2012,2019,2022,2019,an empirical,18.987775802612305,24.0,0.9877758026123047,6.0
no_log,2026,3,2019,2012,2019,2022,2019,an empirical study,0.8532499074935913,7.0,0.8532499074935913,7.0
no_log,2026,3,2019,2012,2019,2022,2019,an example,10.553833961486816,22.0,2.5538339614868164,14.0
no_log,2026,3,2019,2012,2019,2022,2019,an exploratory,36.9349479675293,49.0,5.934947967529297,18.0
no_log,2026,3,2019,2012,2019,2022,2019,an exploratory study,36.9349479675293,49.0,5.934947967529297,18.0
no_log,2026,3,2019,2012,2019,2022,2019,an immersive,5.726823329925537,8.0,-1.273176670074463,1.0
no_log,2026,3,2019,2012,2019,2022,2019,an integrated,0.8532499074935913,8.0,0.8532499074935913,8.0
no_log,2026,3,2019,2012,2019,2022,2019,an introduction,15.348240852355957,27.0,1.348240852355957,13.0
no_log,2026,3,2019,2012,2019,2022,2019,an investigation,17.20697593688965,0.0,1.2069759368896484,-16.0
no_log,2026,3,2019,2012,2019,2022,2019,an overview,5.487250328063965,31.0,-3.512749671936035,22.0
no_log,2026,3,2019,2012,2019,2022,2019,an overview of,18.279478073120117,31.0,0.2794780731201172,13.0
no_log,2026,3,2019,2012,2019,2022,2019,analyses,14.047483444213867,13.0,0.04748344421386719,-1.0
no_log,2026,3,2019,2012,2019,2022,2019,analytic hierarchy process,0.8532499074935913,0.0,0.8532499074935913,0.0
no_log,2026,3,2019,2012,2019,2022,2019,analytical,0.8532499074935913,0.0,0.8532499074935913,0.0
no_log,2026,3,2019,2012,2019,2022,2019,analytics,44.87741470336914,37.0,-0.12258529663085938,-8.0
no_log,2026,3,2019,2012,2019,2022,2019,analyzing,1.8168330192565918,20.0,-3.183166980743408,15.0
no_log,2026,3,2019,2012,2019,2022,2019,ancient,45.148284912109375,72.0,-2.851715087890625,24.0
no_log,2026,3,2019,2012,2019,2022,2019,ancient city,0.8532499074935913,0.0,0.8532499074935913,0.0
no_log,2026,3,2019,2012,2019,2022,2019,and al jazeera,31.072561264038086,27.0,3.072561264038086,-1.0
no_log,2026,3,2019,2012,2019,2022,2019,and disaster risk,7.323233604431152,6.0,1.3232336044311523,0.0
no_log,2026,3,2019,2012,2019,2022,2019,and future directions,17.20697593688965,25.0,1.2069759368896484,9.0
no_log,2026,3,2019,2012,2019,2022,2019,and generative ai,0.8532499074935913,0.0,0.8532499074935913,0.0
no_log,2026,3,2019,2012,2019,2022,2019,and nation branding,0.8532499074935913,8.0,0.8532499074935913,8.0
no_log,2026,3,2019,2012,2019,2022,2019,and place branding,6.749797344207764,13.0,-1.2502026557922363,5.0
no_log,2026,3,2019,2012,2019,2022,2019,and the future,7.872755527496338,17.0,-1.127244472503662,8.0
no_log,2026,3,2019,2012,2019,2022,2019,and the future of,7.872755527496338,17.0,-1.127244472503662,8.0
no_log,2026,3,2019,2012,2019,2022,2019,and user-generated content,6.749797344207764,8.0,-1.2502026557922363,0.0
no_log,2026,3,2019,2012,2019,2022,2019,annual,8.928121566772461,7.0,1.928121566772461,0.0
no_log,2026,3,2019,2012,2019,2022,2019,answering,0.8532499074935913,8.0,0.8532499074935913,8.0
no_log,2026,3,2019,2012,2019,2022,2019,antecedents,31.883546829223633,50.0,6.883546829223633,25.0
no_log,2026,3,2019,2012,2019,2022,2019,anxiety,8.928121566772461,20.0,1.928121566772461,13.0
no_log,2026,3,2019,2012,2019,2022,2019,applications,51.220306396484375,209.0,-51.779693603515625,106.0
no_log,2026,3,2019,2012,2019,2022,2019,applications in,47.6282844543457,69.0,-6.371715545654297,15.0
no_log,2026,3,2019,2012,2019,2022,2019,applications of,32.15668869018555,49.0,6.156688690185547,23.0
no_log,2026,3,2019,2012,2019,2022,2019,applied,22.45102310180664,31.0,3.4510231018066406,12.0
no_log,2026,5,2019,2012,2019,2024,2019,21st century,42.236019134521484,36.0,10.236019134521484,4.0
no_log,2026,5,2019,2012,2019,2024,2019,3d laser,42.98322296142578,31.0,4.983222961425781,-7.0
no_log,2026,5,2019,2012,2019,2024,2019,3d laser scanning,34.11017608642578,31.0,4.110176086425781,1.0
no_log,2026,5,2019,2012,2019,2024,2019,3d modeling,4.971166133880615,22.0,-4.028833866119385,13.0
no_log,2026,5,2019,2012,2019,2024,2019,3d modelling,9.59083080291748,4.0,0.5908308029174805,-5.0
no_log,2026,5,2019,2012,2019,2024,2019,3d models,42.35518264770508,13.0,10.355182647705078,-19.0
no_log,2026,5,2019,2012,2019,2024,2019,3d printing,5.5670294761657715,50.0,-3.4329705238342285,41.0
no_log,2026,5,2019,2012,2019,2024,2019,3d scanning,36.24417495727539,31.0,6.244174957275391,1.0
no_log,2026,5,2019,2012,2019,2024,2019,abroad,40.798187255859375,18.0,10.798187255859375,-12.0
no_log,2026,5,2019,2012,2019,2024,2019,acceptance,44.67495346069336,40.0,7.674953460693359,3.0
no_log,2026,5,2019,2012,2019,2024,2019,access,49.148380279541016,38.0,-14.851619720458984,-26.0
no_log,2026,5,2019,2012,2019,2024,2019,accessible,4.906160831451416,12.0,-1.093839168548584,6.0
no_log,2026,5,2019,2012,2019,2024,2019,accuracy,1.177466630935669,23.0,1.177466630935669,23.0
no_log,2026,5,2019,2012,2019,2024,2019,accurate,9.052587509155273,12.0,-0.9474124908447266,2.0
no_log,2026,5,2019,2012,2019,2024,2019,achieving,13.635479927062988,47.0,-0.3645200729370117,33.0
no_log,2026,5,2019,2012,2019,2024,2019,acknowledgements,2.90431547164917,5.0,-2.09568452835083,0.0
no_log,2026,5,2019,2012,2019,2024,2019,acquisition,1.177466630935669,9.0,1.177466630935669,9.0
no_log,2026,5,2019,2012,2019,2024,2019,action,50.33372497558594,350.0,-206.66627502441406,93.0
no_log,2026,5,2019,2012,2019,2024,2019,activism,2.9980015754699707,15.0,-3.0019984245300293,9.0
no_log,2026,5,2019,2012,2019,2024,2019,activities,44.33224105834961,52.0,10.33224105834961,18.0
no_log,2026,5,2019,2012,2019,2024,2019,activity,47.75004577636719,37.0,2.7500457763671875,-8.0
no_log,2026,5,2019,2012,2019,2024,2019,adaptation,37.124610900878906,29.0,11.124610900878906,3.0
no_log,2026,5,2019,2012,2019,2024,2019,adaptive,32.91788864135742,18.0,11.917888641357422,-3.0
no_log,2026,5,2019,2012,2019,2024,2019,addressing,8.230636596679688,17.0,-0.7693634033203125,8.0
no_log,2026,5,2019,2012,2019,2024,2019,aden,6.970685005187988,1.0,-1.0293149948120117,-7.0
no_log,2026,5,2019,2012,2019,2024,2019,adoption,44.87131881713867,53.0,10.871318817138672,19.0
no_log,2026,5,2019,2012,2019,2024,2019,adults,1.177466630935669,0.0,1.177466630935669,0.0
no_log,2026,5,2019,2012,2019,2024,2019,advanced,45.195526123046875,23.0,11.195526123046875,-11.0
no_log,2026,5,2019,2012,2019,2024,2019,advances,42.45716857910156,52.0,10.457168579101562,20.0
no_log,2026,5,2019,2012,2019,2024,2019,advances in,19.37434959411621,31.0,3.374349594116211,15.0
no_log,2026,5,2019,2012,2019,2024,2019,advancing,7.127136707305908,40.0,-1.8728632926940918,31.0
no_log,2026,5,2019,2012,2019,2024,2019,advantages,1.177466630935669,26.0,1.177466630935669,26.0
no_log,2026,5,2019,2012,2019,2024,2019,advertising,9.652339935302734,50.0,-0.3476600646972656,40.0
no_log,2026,5,2019,2012,2019,2024,2019,africa,50.32246780395508,242.0,-168.67753219604492,23.0
no_log,2026,5,2019,2012,2019,2024,2019,african,47.970909118652344,50.0,-1.0290908813476562,1.0
no_log,2026,5,2019,2012,2019,2024,2019,afterword,9.980262756347656,13.0,-1.0197372436523438,2.0
no_log,2026,5,2019,2012,2019,2024,2019,against,23.483938217163086,18.0,5.483938217163086,0.0
no_log,2026,5,2019,2012,2019,2024,2019,age of,50.12885284423828,130.0,-68.87114715576172,11.0
no_log,2026,5,2019,2012,2019,2024,2019,agencies,8.230636596679688,17.0,-0.7693634033203125,8.0
no_log,2026,5,2019,2012,2019,2024,2019,agenda,48.67972183227539,160.0,-3.3202781677246094,108.0
no_log,2026,5,2019,2012,2019,2024,2019,agentic,1.177466630935669,0.0,1.177466630935669,0.0
no_log,2026,5,2019,2012,2019,2024,2019,agents,34.4859619140625,45.0,10.4859619140625,21.0
no_log,2026,5,2019,2012,2019,2024,2019,agricultural,29.967676162719727,26.0,9.967676162719727,6.0
no_log,2026,5,2019,2012,2019,2024,2019,ai chatbot,1.177466630935669,41.0,1.177466630935669,41.0
no_log,2026,5,2019,2012,2019,2024,2019,ai in,5.057490348815918,157.0,-3.942509651184082,148.0
no_log,2026,5,2019,2012,2019,2024,2019,ai on,1.177466630935669,15.0,1.177466630935669,15.0
no_log,2026,5,2019,2012,2019,2024,2019,ai-driven,1.177466630935669,30.0,1.177466630935669,30.0
no_log,2026,5,2019,2012,2019,2024,2019,ai-enabled,1.177466630935669,6.0,1.177466630935669,6.0
no_log,2026,5,2019,2012,2019,2024,2019,ai-generated,1.177466630935669,33.0,1.177466630935669,33.0
no_log,2026,5,2019,2012,2019,2024,2019,ai-generated content,1.177466630935669,24.0,1.177466630935669,24.0
no_log,2026,5,2019,2012,2019,2024,2019,ai-powered,1.177466630935669,8.0,1.177466630935669,8.0
no_log,2026,5,2019,2012,2019,2024,2019,ai伦理,9.481993675231934,20.0,2.4819936752319336,13.0
no_log,2026,5,2019,2012,2019,2024,2019,al jazeera,50.23332595825195,48.0,-120.76667404174805,-123.0
no_log,2026,5,2019,2012,2019,2024,2019,al jazeera and,44.601722717285156,0.0,7.601722717285156,-37.0
no_log,2026,5,2019,2012,2019,2024,2019,al jazeera english,1.177466630935669,24.0,1.177466630935669,24.0
no_log,2026,5,2019,2012,2019,2024,2019,al-jazeera,40.37846755981445,9.0,5.378467559814453,-26.0
no_log,2026,5,2019,2012,2019,2024,2019,aleppo,1.177466630935669,9.0,1.177466630935669,9.0
no_log,2026,5,2019,2012,2019,2024,2019,algorithmic,24.966299057006836,3.0,9.966299057006836,-12.0
no_log,2026,5,2019,2012,2019,2024,2019,algorithms,20.904638290405273,71.0,5.904638290405273,56.0
no_log,2026,5,2019,2012,2019,2024,2019,alignment,13.477849960327148,6.0,4.477849960327148,-3.0
no_log,2026,5,2019,2012,2019,2024,2019,along,22.020784378051758,52.0,6.020784378051758,36.0
no_log,2026,5,2019,2012,2019,2024,2019,along the silk,1.177466630935669,29.0,1.177466630935669,29.0
no_log,2026,5,2019,2012,2019,2024,2019,alternative,44.83087158203125,36.0,7.83087158203125,-1.0
no_log,2026,5,2019,2012,2019,2024,2019,america,50.10824203491211,138.0,-66.89175796508789,21.0
no_log,2026,5,2019,2012,2019,2024,2019,american,49.760826110839844,57.0,-39.239173889160156,-32.0
no_log,2026,5,2019,2012,2019,2024,2019,an empirical,22.395854949951172,15.0,4.395854949951172,-3.0
no_log,2026,5,2019,2012,2019,2024,2019,an empirical study,1.177466630935669,7.0,1.177466630935669,7.0
no_log,2026,5,2019,2012,2019,2024,2019,an example,11.445873260498047,29.0,3.445873260498047,21.0
no_log,2026,5,2019,2012,2019,2024,2019,an exploratory,42.32257080078125,26.0,11.32257080078125,-5.0
no_log,2026,5,2019,2012,2019,2024,2019,an exploratory study,42.32257080078125,26.0,11.32257080078125,-5.0
no_log,2026,5,2019,2012,2019,2024,2019,an immersive,5.867279529571533,8.0,-1.1327204704284668,1.0
no_log,2026,5,2019,2012,2019,2024,2019,an integrated,1.177466630935669,16.0,1.177466630935669,16.0
no_log,2026,5,2019,2012,2019,2024,2019,an introduction,17.599550247192383,28.0,3.599550247192383,14.0
no_log,2026,5,2019,2012,2019,2024,2019,an investigation,20.046171188354492,7.0,4.046171188354492,-9.0
no_log,2026,5,2019,2012,2019,2024,2019,an overview,5.5670294761657715,76.0,-3.4329705238342285,67.0
no_log,2026,5,2019,2012,2019,2024,2019,an overview of,21.451919555664062,67.0,3.4519195556640625,49.0
no_log,2026,5,2019,2012,2019,2024,2019,analyses,15.850377082824707,13.0,1.850377082824707,-1.0
no_log,2026,5,2019,2012,2019,2024,2019,analytic hierarchy process,1.177466630935669,0.0,1.177466630935669,0.0
no_log,2026,5,2019,2012,2019,2024,2019,analytical,1.177466630935669,32.0,1.177466630935669,32.0
no_log,2026,5,2019,2012,2019,2024,2019,analytics,47.34773254394531,45.0,2.3477325439453125,0.0
no_log,2026,5,2019,2012,2019,2024,2019,analyzing,2.0093910694122314,53.0,-2.9906089305877686,48.0
no_log,2026,5,2019,2012,2019,2024,2019,ancient,47.48029708862305,76.0,-0.5197029113769531,28.0
no_log,2026,5,2019,2012,2019,2024,2019,ancient city,1.177466630935669,17.0,1.177466630935669,17.0
no_log,2026,5,2019,2012,2019,2024,2019,and al jazeera,37.05022430419922,16.0,9.050224304199219,-12.0
no_log,2026,5,2019,2012,2019,2024,2019,and disaster risk,7.6290435791015625,38.0,1.6290435791015625,32.0
no_log,2026,5,2019,2012,2019,2024,2019,and future directions,20.046171188354492,43.0,4.046171188354492,27.0
no_log,2026,5,2019,2012,2019,2024,2019,and generative ai,1.177466630935669,25.0,1.177466630935669,25.0
no_log,2026,5,2019,2012,2019,2024,2019,and nation branding,1.177466630935669,8.0,1.177466630935669,8.0
no_log,2026,5,2019,2012,2019,2024,2019,and place branding,6.970685005187988,13.0,-1.0293149948120117,5.0
no_log,2026,5,2019,2012,2019,2024,2019,and the future,8.230636596679688,31.0,-0.7693634033203125,22.0
no_log,2026,5,2019,2012,2019,2024,2019,and the future of,8.230636596679688,31.0,-0.7693634033203125,22.0
no_log,2026,5,2019,2012,2019,2024,2019,and user-generated content,6.970685005187988,16.0,-1.0293149948120117,8.0
no_log,2026,5,2019,2012,2019,2024,2019,annual,9.481993675231934,16.0,2.4819936752319336,9.0
no_log,2026,5,2019,2012,2019,2024,2019,answering,1.177466630935669,8.0,1.177466630935669,8.0
no_log,2026,5,2019,2012,2019,2024,2019,antecedents,37.87548828125,25.0,12.87548828125,0.0
no_log,2026,5,2019,2012,2019,2024,2019,anxiety,9.481993675231934,19.0,2.4819936752319336,12.0
no_log,2026,5,2019,2012,2019,2024,2019,applications,50.01738357543945,167.0,-52.98261642456055,64.0
no_log,2026,5,2019,2012,2019,2024,2019,applications in,48.621925354003906,49.0,-5.378074645996094,-5.0
no_log,2026,5,2019,2012,2019,2024,2019,applications of,38.144588470458984,45.0,12.144588470458984,19.0
no_log,2026,5,2019,2012,2019,2024,2019,applied,26.97288703918457,52.0,7.97288703918457,33.0
no_log,3407,1,2019,2012,2019,2020,2019,21st century,27.77459144592285,44.0,-4.225408554077148,12.0
no_log,3407,1,2019,2012,2019,2020,2019,3d laser,28.2197265625,46.0,-9.7802734375,8.0
no_log,3407,1,2019,2012,2019,2020,2019,3d laser scanning,19.615022659301758,38.0,-10.384977340698242,8.0
no_log,3407,1,2019,2012,2019,2020,2019,3d modeling,3.794663906097412,3.0,-5.205336093902588,-6.0
no_log,3407,1,2019,2012,2019,2020,2019,3d modelling,7.071206569671631,9.0,-1.9287934303283691,0.0
no_log,3407,1,2019,2012,2019,2020,2019,3d models,27.494895935058594,32.0,-4.505104064941406,0.0
no_log,3407,1,2019,2012,2019,2020,2019,3d printing,4.101898193359375,17.0,-4.898101806640625,8.0
no_log,3407,1,2019,2012,2019,2020,2019,3d scanning,21.703784942626953,39.0,-8.296215057373047,9.0
no_log,3407,1,2019,2012,2019,2020,2019,abroad,25.939563751220703,8.0,-4.060436248779297,-22.0
no_log,3407,1,2019,2012,2019,2020,2019,acceptance,30.7412166595459,22.0,-6.258783340454102,-15.0
no_log,3407,1,2019,2012,2019,2020,2019,access,44.311763763427734,64.0,-19.688236236572266,0.0
no_log,3407,1,2019,2012,2019,2020,2019,accessible,3.832589864730835,6.0,-2.167410135269165,0.0
no_log,3407,1,2019,2012,2019,2020,2019,accuracy,0.3271733522415161,0.0,0.3271733522415161,0.0
no_log,3407,1,2019,2012,2019,2020,2019,accurate,6.757800579071045,10.0,-3.242199420928955,0.0
no_log,3407,1,2019,2012,2019,2020,2019,achieving,8.438179016113281,39.0,-5.561820983886719,25.0
no_log,3407,1,2019,2012,2019,2020,2019,acknowledgements,2.057297945022583,5.0,-2.942702054977417,0.0
no_log,3407,1,2019,2012,2019,2020,2019,acquisition,0.3271733522415161,0.0,0.3271733522415161,0.0
no_log,3407,1,2019,2012,2019,2020,2019,action,55.64042282104492,263.0,-201.35957717895508,6.0
no_log,3407,1,2019,2012,2019,2020,2019,activism,2.3002099990844727,10.0,-3.6997900009155273,4.0
no_log,3407,1,2019,2012,2019,2020,2019,activities,30.63467025756836,47.0,-3.3653297424316406,13.0
no_log,3407,1,2019,2012,2019,2020,2019,activity,38.3232421875,37.0,-6.6767578125,-8.0
no_log,3407,1,2019,2012,2019,2020,2019,adaptation,22.568803787231445,24.0,-3.4311962127685547,-2.0
no_log,3407,1,2019,2012,2019,2020,2019,adaptive,19.750465393066406,12.0,-1.2495346069335938,-9.0
no_log,3407,1,2019,2012,2019,2020,2019,addressing,6.202234745025635,9.0,-2.7977652549743652,0.0
no_log,3407,1,2019,2012,2019,2020,2019,aden,5.362013339996338,8.0,-2.637986660003662,0.0
no_log,3407,1,2019,2012,2019,2020,2019,adoption,31.305469512939453,46.0,-2.694530487060547,12.0
no_log,3407,1,2019,2012,2019,2020,2019,adults,0.3271733522415161,0.0,0.3271733522415161,0.0
no_log,3407,1,2019,2012,2019,2020,2019,advanced,32.39115524291992,34.0,-1.6088447570800781,0.0
no_log,3407,1,2019,2012,2019,2020,2019,advances,27.965890884399414,44.0,-4.034109115600586,12.0
no_log,3407,1,2019,2012,2019,2020,2019,advances in,12.375086784362793,16.0,-3.624913215637207,0.0
no_log,3407,1,2019,2012,2019,2020,2019,advancing,5.143507480621338,18.0,-3.856492519378662,9.0
no_log,3407,1,2019,2012,2019,2020,2019,advantages,0.3271733522415161,0.0,0.3271733522415161,0.0
no_log,3407,1,2019,2012,2019,2020,2019,advertising,7.091813087463379,8.0,-2.908186912536621,-2.0
no_log,3407,1,2019,2012,2019,2020,2019,africa,55.39109802246094,227.0,-163.60890197753906,8.0
no_log,3407,1,2019,2012,2019,2020,2019,african,38.78842544555664,60.0,-10.21157455444336,11.0
no_log,3407,1,2019,2012,2019,2020,2019,afterword,7.333118438720703,11.0,-3.666881561279297,0.0
no_log,3407,1,2019,2012,2019,2020,2019,against,14.479398727416992,18.0,-3.520601272583008,0.0
no_log,3407,1,2019,2012,2019,2020,2019,age of,52.858116149902344,178.0,-66.14188385009766,59.0
no_log,3407,1,2019,2012,2019,2020,2019,agencies,6.202234745025635,18.0,-2.7977652549743652,9.0
no_log,3407,1,2019,2012,2019,2020,2019,agenda,42.71015548706055,81.0,-9.289844512939453,29.0
no_log,3407,1,2019,2012,2019,2020,2019,agentic,0.3271733522415161,0.0,0.3271733522415161,0.0
no_log,3407,1,2019,2012,2019,2020,2019,agents,19.847043991088867,32.0,-4.152956008911133,8.0
no_log,3407,1,2019,2012,2019,2020,2019,agricultural,17.89773941040039,29.0,-2.1022605895996094,9.0
no_log,3407,1,2019,2012,2019,2020,2019,ai chatbot,0.3271733522415161,0.0,0.3271733522415161,0.0
no_log,3407,1,2019,2012,2019,2020,2019,ai in,3.834193468093872,27.0,-5.165806531906128,18.0
no_log,3407,1,2019,2012,2019,2020,2019,ai on,0.3271733522415161,0.0,0.3271733522415161,0.0
no_log,3407,1,2019,2012,2019,2020,2019,ai-driven,0.3271733522415161,0.0,0.3271733522415161,0.0
no_log,3407,1,2019,2012,2019,2020,2019,ai-enabled,0.3271733522415161,6.0,0.3271733522415161,6.0
no_log,3407,1,2019,2012,2019,2020,2019,ai-generated,0.3271733522415161,0.0,0.3271733522415161,0.0
no_log,3407,1,2019,2012,2019,2020,2019,ai-generated content,0.3271733522415161,0.0,0.3271733522415161,0.0
no_log,3407,1,2019,2012,2019,2020,2019,ai-powered,0.3271733522415161,0.0,0.3271733522415161,0.0
no_log,3407,1,2019,2012,2019,2020,2019,ai伦理,6.965329170227051,18.0,-0.03467082977294922,11.0
no_log,3407,1,2019,2012,2019,2020,2019,al jazeera,54.092288970947266,181.0,-116.90771102905273,10.0
no_log,3407,1,2019,2012,2019,2020,2019,al jazeera and,31.891307830810547,28.0,-5.108692169189453,-9.0
no_log,3407,1,2019,2012,2019,2020,2019,al jazeera english,0.3271733522415161,8.0,0.3271733522415161,8.0
no_log,3407,1,2019,2012,2019,2020,2019,al-jazeera,24.815521240234375,33.0,-10.184478759765625,-2.0
no_log,3407,1,2019,2012,2019,2020,2019,aleppo,0.3271733522415161,0.0,0.3271733522415161,0.0
no_log,3407,1,2019,2012,2019,2020,2019,algorithmic,15.650026321411133,18.0,0.6500263214111328,3.0
no_log,3407,1,2019,2012,2019,2020,2019,algorithms,13.10921859741211,40.0,-1.8907814025878906,25.0
no_log,3407,1,2019,2012,2019,2020,2019,alignment,9.327393531799316,9.0,0.3273935317993164,0.0
no_log,3407,1,2019,2012,2019,2020,2019,along,13.680530548095703,16.0,-2.319469451904297,0.0
no_log,3407,1,2019,2012,2019,2020,2019,along the silk,0.3271733522415161,0.0,0.3271733522415161,0.0
no_log,3407,1,2019,2012,2019,2020,2019,alternative,30.679834365844727,55.0,-6.320165634155273,18.0
no_log,3407,1,2019,2012,2019,2020,2019,america,52.56756591796875,165.0,-64.43243408203125,48.0
no_log,3407,1,2019,2012,2019,2020,2019,american,49.00244903564453,103.0,-39.99755096435547,14.0
no_log,3407,1,2019,2012,2019,2020,2019,an empirical,12.815271377563477,17.0,-5.184728622436523,-1.0
no_log,3407,1,2019,2012,2019,2020,2019,an empirical study,0.3271733522415161,0.0,0.3271733522415161,0.0
no_log,3407,1,2019,2012,2019,2020,2019,an example,8.158446311950684,8.0,0.1584463119506836,0.0
no_log,3407,1,2019,2012,2019,2020,2019,an exploratory,27.676355361938477,32.0,-3.3236446380615234,1.0
no_log,3407,1,2019,2012,2019,2020,2019,an exploratory study,27.676355361938477,32.0,-3.3236446380615234,1.0
no_log,3407,1,2019,2012,2019,2020,2019,an immersive,4.5731425285339355,0.0,-2.4268574714660645,-7.0
no_log,3407,1,2019,2012,2019,2020,2019,an integrated,0.3271733522415161,8.0,0.3271733522415161,8.0
no_log,3407,1,2019,2012,2019,2020,2019,an introduction,11.44655704498291,19.0,-2.55344295501709,5.0
no_log,3407,1,2019,2012,2019,2020,2019,an investigation,12.730679512023926,16.0,-3.269320487976074,0.0
no_log,3407,1,2019,2012,2019,2020,2019,an overview,4.101898193359375,14.0,-4.898101806640625,5.0
no_log,3407,1,2019,2012,2019,2020,2019,an overview of,12.433927536010742,14.0,-5.566072463989258,-4.0
no_log,3407,1,2019,2012,2019,2020,2019,analyses,10.287359237670898,18.0,-3.7126407623291016,4.0
no_log,3407,1,2019,2012,2019,2020,2019,analytic hierarchy process,0.3271733522415161,0.0,0.3271733522415161,0.0
no_log,3407,1,2019,2012,2019,2020,2019,analytical,0.3271733522415161,0.0,0.3271733522415161,0.0
no_log,3407,1,2019,2012,2019,2020,2019,analytics,36.78767013549805,58.0,-8.212329864501953,13.0
no_log,3407,1,2019,2012,2019,2020,2019,analyzing,1.4200639724731445,5.0,-3.5799360275268555,0.0
no_log,3407,1,2019,2012,2019,2020,2019,ancient,36.69697189331055,66.0,-11.303028106689453,18.0
no_log,3407,1,2019,2012,2019,2020,2019,ancient city,0.3271733522415161,0.0,0.3271733522415161,0.0
no_log,3407,1,2019,2012,2019,2020,2019,and al jazeera,22.268213272094727,36.0,-5.731786727905273,8.0
no_log,3407,1,2019,2012,2019,2020,2019,and disaster risk,5.75329065322876,6.0,-0.24670934677124023,0.0
no_log,3407,1,2019,2012,2019,2020,2019,and future directions,12.730679512023926,25.0,-3.269320487976074,9.0
no_log,3407,1,2019,2012,2019,2020,2019,and generative ai,0.3271733522415161,0.0,0.3271733522415161,0.0
no_log,3407,1,2019,2012,2019,2020,2019,and nation branding,0.3271733522415161,0.0,0.3271733522415161,0.0
no_log,3407,1,2019,2012,2019,2020,2019,and place branding,5.362013339996338,5.0,-2.637986660003662,-3.0
no_log,3407,1,2019,2012,2019,2020,2019,and the future,6.202234745025635,9.0,-2.7977652549743652,0.0
no_log,3407,1,2019,2012,2019,2020,2019,and the future of,6.202234745025635,9.0,-2.7977652549743652,0.0
no_log,3407,1,2019,2012,2019,2020,2019,and user-generated content,5.362013339996338,8.0,-2.637986660003662,0.0
no_log,3407,1,2019,2012,2019,2020,2019,annual,6.965329170227051,7.0,-0.03467082977294922,0.0
no_log,3407,1,2019,2012,2019,2020,2019,answering,0.3271733522415161,0.0,0.3271733522415161,0.0
no_log,3407,1,2019,2012,2019,2020,2019,antecedents,23.269752502441406,34.0,-1.7302474975585938,9.0
no_log,3407,1,2019,2012,2019,2020,2019,anxiety,6.965329170227051,11.0,-0.03467082977294922,4.0
no_log,3407,1,2019,2012,2019,2020,2019,applications,51.66496658325195,124.0,-51.33503341674805,21.0
no_log,3407,1,2019,2012,2019,2020,2019,applications in,42.18891906738281,62.0,-11.811080932617188,8.0
no_log,3407,1,2019,2012,2019,2020,2019,applications of,23.587535858154297,41.0,-2.412464141845703,15.0
no_log,3407,1,2019,2012,2019,2020,2019,applied,16.282081604003906,15.0,-2.7179183959960938,-4.0
no_log,3407,3,2019,2012,2019,2022,2019,21st century,35.0928955078125,52.0,3.0928955078125,20.0
no_log,3407,3,2019,2012,2019,2022,2019,3d laser,35.49974060058594,41.0,-2.5002593994140625,3.0
no_log,3407,3,2019,2012,2019,2022,2019,3d laser scanning,25.294960021972656,41.0,-4.705039978027344,11.0
no_log,3407,3,2019,2012,2019,2022,2019,3d modeling,4.374166488647461,0.0,-4.625833511352539,-9.0
no_log,3407,3,2019,2012,2019,2022,2019,3d modelling,8.469243049621582,9.0,-0.530756950378418,0.0
no_log,3407,3,2019,2012,2019,2022,2019,3d models,34.58145523071289,29.0,2.5814552307128906,-3.0
no_log,3407,3,2019,2012,2019,2022,2019,3d printing,4.715651988983154,40.0,-4.284348011016846,31.0
no_log,3407,3,2019,2012,2019,2022,2019,3d scanning,27.986295700073242,36.0,-2.013704299926758,6.0
no_log,3407,3,2019,2012,2019,2022,2019,abroad,32.98176956176758,17.0,2.981769561767578,-13.0
no_log,3407,3,2019,2012,2019,2022,2019,acceptance,37.8101692199707,9.0,0.8101692199707031,-28.0
no_log,3407,3,2019,2012,2019,2022,2019,access,46.62705612182617,53.0,-17.372943878173828,-11.0
no_log,3407,3,2019,2012,2019,2022,2019,accessible,4.52770471572876,12.0,-1.4722952842712402,6.0
no_log,3407,3,2019,2012,2019,2022,2019,accuracy,0.7494947910308838,6.0,0.7494947910308838,6.0
no_log,3407,3,2019,2012,2019,2022,2019,accurate,7.997288227081299,12.0,-2.002711772918701,2.0
no_log,3407,3,2019,2012,2019,2022,2019,achieving,9.946332931518555,34.0,-4.053667068481445,20.0
no_log,3407,3,2019,2012,2019,2022,2019,acknowledgements,2.583261251449585,6.0,-2.416738748550415,1.0
no_log,3407,3,2019,2012,2019,2022,2019,acquisition,0.7494947910308838,9.0,0.7494947910308838,9.0
no_log,3407,3,2019,2012,2019,2022,2019,action,50.1412239074707,281.0,-206.8587760925293,24.0
no_log,3407,3,2019,2012,2019,2022,2019,activism,2.7649316787719727,15.0,-3.2350683212280273,9.0
no_log,3407,3,2019,2012,2019,2022,2019,activities,37.84489440917969,40.0,3.8448944091796875,6.0
no_log,3407,3,2019,2012,2019,2022,2019,activity,43.60953140258789,29.0,-1.3904685974121094,-16.0
no_log,3407,3,2019,2012,2019,2022,2019,adaptation,28.856473922729492,20.0,2.856473922729492,-6.0
no_log,3407,3,2019,2012,2019,2022,2019,adaptive,25.421401977539062,18.0,4.4214019775390625,-3.0
no_log,3407,3,2019,2012,2019,2022,2019,addressing,7.311089515686035,8.0,-1.6889104843139648,-1.0
no_log,3407,3,2019,2012,2019,2022,2019,aden,6.3018107414245605,0.0,-1.6981892585754395,-8.0
no_log,3407,3,2019,2012,2019,2022,2019,adoption,38.36863708496094,37.0,4.3686370849609375,3.0
no_log,3407,3,2019,2012,2019,2022,2019,adults,0.7494947910308838,0.0,0.7494947910308838,0.0
no_log,3407,3,2019,2012,2019,2022,2019,advanced,39.41138458251953,30.0,5.411384582519531,-4.0
no_log,3407,3,2019,2012,2019,2022,2019,advances,35.26983642578125,49.0,3.26983642578125,17.0
no_log,3407,3,2019,2012,2019,2022,2019,advances in,15.4035005569458,20.0,-0.5964994430541992,4.0
no_log,3407,3,2019,2012,2019,2022,2019,advancing,5.979620456695557,18.0,-3.0203795433044434,9.0
no_log,3407,3,2019,2012,2019,2022,2019,advantages,0.7494947910308838,0.0,0.7494947910308838,0.0
no_log,3407,3,2019,2012,2019,2022,2019,advertising,8.403825759887695,32.0,-1.5961742401123047,22.0
no_log,3407,3,2019,2012,2019,2022,2019,africa,50.097225189208984,242.0,-168.90277481079102,23.0
no_log,3407,3,2019,2012,2019,2022,2019,african,43.853065490722656,51.0,-5.146934509277344,2.0
no_log,3407,3,2019,2012,2019,2022,2019,afterword,8.717924118041992,1.0,-2.282075881958008,-10.0
no_log,3407,3,2019,2012,2019,2022,2019,against,18.146804809570312,11.0,0.1468048095703125,-7.0
no_log,3407,3,2019,2012,2019,2022,2019,age of,49.506141662597656,143.0,-69.49385833740234,24.0
no_log,3407,3,2019,2012,2019,2022,2019,agencies,7.311089515686035,9.0,-1.6889104843139648,0.0
no_log,3407,3,2019,2012,2019,2022,2019,agenda,46.01852035522461,149.0,-5.981479644775391,97.0
no_log,3407,3,2019,2012,2019,2022,2019,agentic,0.7494947910308838,0.0,0.7494947910308838,0.0
no_log,3407,3,2019,2012,2019,2022,2019,agents,25.23940658569336,23.0,1.2394065856933594,-1.0
no_log,3407,3,2019,2012,2019,2022,2019,agricultural,22.935144424438477,30.0,2.9351444244384766,10.0
no_log,3407,3,2019,2012,2019,2022,2019,ai chatbot,0.7494947910308838,7.0,0.7494947910308838,7.0
no_log,3407,3,2019,2012,2019,2022,2019,ai in,4.400784015655518,49.0,-4.599215984344482,40.0
no_log,3407,3,2019,2012,2019,2022,2019,ai on,0.7494947910308838,0.0,0.7494947910308838,0.0
no_log,3407,3,2019,2012,2019,2022,2019,ai-driven,0.7494947910308838,0.0,0.7494947910308838,0.0
no_log,3407,3,2019,2012,2019,2022,2019,ai-enabled,0.7494947910308838,6.0,0.7494947910308838,6.0
no_log,3407,3,2019,2012,2019,2022,2019,ai-generated,0.7494947910308838,16.0,0.7494947910308838,16.0
no_log,3407,3,2019,2012,2019,2022,2019,ai-generated content,0.7494947910308838,0.0,0.7494947910308838,0.0
no_log,3407,3,2019,2012,2019,2022,2019,ai-powered,0.7494947910308838,0.0,0.7494947910308838,0.0
no_log,3407,3,2019,2012,2019,2022,2019,ai伦理,8.33404541015625,27.0,1.33404541015625,20.0
no_log,3407,3,2019,2012,2019,2022,2019,al jazeera,49.81041717529297,138.0,-121.18958282470703,-33.0
no_log,3407,3,2019,2012,2019,2022,2019,al jazeera and,39.005977630615234,26.0,2.0059776306152344,-11.0
no_log,3407,3,2019,2012,2019,2022,2019,al jazeera english,0.7494947910308838,16.0,0.7494947910308838,16.0
no_log,3407,3,2019,2012,2019,2022,2019,al-jazeera,31.53913688659668,17.0,-3.4608631134033203,-18.0
no_log,3407,3,2019,2012,2019,2022,2019,aleppo,0.7494947910308838,0.0,0.7494947910308838,0.0
no_log,3407,3,2019,2012,2019,2022,2019,algorithmic,19.925098419189453,18.0,4.925098419189453,3.0
no_log,3407,3,2019,2012,2019,2022,2019,algorithms,16.40389060974121,57.0,1.403890609741211,42.0
no_log,3407,3,2019,2012,2019,2022,2019,alignment,11.36716079711914,15.0,2.3671607971191406,6.0
no_log,3407,3,2019,2012,2019,2022,2019,along,17.234554290771484,32.0,1.2345542907714844,16.0
no_log,3407,3,2019,2012,2019,2022,2019,along the silk,0.7494947910308838,15.0,0.7494947910308838,15.0
no_log,3407,3,2019,2012,2019,2022,2019,alternative,37.655792236328125,48.0,0.655792236328125,11.0
no_log,3407,3,2019,2012,2019,2022,2019,america,49.42959213256836,139.0,-67.57040786743164,22.0
no_log,3407,3,2019,2012,2019,2022,2019,american,48.39434814453125,55.0,-40.60565185546875,-34.0
no_log,3407,3,2019,2012,2019,2022,2019,an empirical,15.711362838745117,24.0,-2.288637161254883,6.0
no_log,3407,3,2019,2012,2019,2022,2019,an empirical study,0.7494947910308838,7.0,0.7494947910308838,7.0
no_log,3407,3,2019,2012,2019,2022,2019,an example,9.849387168884277,22.0,1.8493871688842773,14.0
no_log,3407,3,2019,2012,2019,2022,2019,an exploratory,34.87331771850586,49.0,3.8733177185058594,18.0
no_log,3407,3,2019,2012,2019,2022,2019,an exploratory study,34.87331771850586,49.0,3.8733177185058594,18.0
no_log,3407,3,2019,2012,2019,2022,2019,an immersive,5.376161098480225,8.0,-1.6238389015197754,1.0
no_log,3407,3,2019,2012,2019,2022,2019,an integrated,0.7494947910308838,8.0,0.7494947910308838,8.0
no_log,3407,3,2019,2012,2019,2022,2019,an introduction,14.156584739685059,27.0,0.1565847396850586,13.0
no_log,3407,3,2019,2012,2019,2022,2019,an investigation,15.766134262084961,0.0,-0.23386573791503906,-16.0
no_log,3407,3,2019,2012,2019,2022,2019,an overview,4.715651988983154,31.0,-4.284348011016846,22.0
no_log,3407,3,2019,2012,2019,2022,2019,an overview of,15.20496940612793,31.0,-2.7950305938720703,13.0
no_log,3407,3,2019,2012,2019,2022,2019,analyses,12.43766975402832,13.0,-1.5623302459716797,-1.0
no_log,3407,3,2019,2012,2019,2022,2019,analytic hierarchy process,0.7494947910308838,0.0,0.7494947910308838,0.0
no_log,3407,3,2019,2012,2019,2022,2019,analytical,0.7494947910308838,0.0,0.7494947910308838,0.0
no_log,3407,3,2019,2012,2019,2022,2019,analytics,42.609561920166016,37.0,-2.3904380798339844,-8.0
no_log,3407,3,2019,2012,2019,2022,2019,analyzing,1.8302010297775269,20.0,-3.169798970222473,15.0
no_log,3407,3,2019,2012,2019,2022,2019,ancient,42.450862884521484,72.0,-5.549137115478516,24.0
no_log,3407,3,2019,2012,2019,2022,2019,ancient city,0.7494947910308838,0.0,0.7494947910308838,0.0
no_log,3407,3,2019,2012,2019,2022,2019,and al jazeera,28.453960418701172,27.0,0.4539604187011719,-1.0
no_log,3407,3,2019,2012,2019,2022,2019,and disaster risk,6.835853576660156,6.0,0.8358535766601562,0.0
no_log,3407,3,2019,2012,2019,2022,2019,and future directions,15.766134262084961,25.0,-0.23386573791503906,9.0
no_log,3407,3,2019,2012,2019,2022,2019,and generative ai,0.7494947910308838,0.0,0.7494947910308838,0.0
no_log,3407,3,2019,2012,2019,2022,2019,and nation branding,0.7494947910308838,8.0,0.7494947910308838,8.0
no_log,3407,3,2019,2012,2019,2022,2019,and place branding,6.3018107414245605,13.0,-1.6981892585754395,5.0
no_log,3407,3,2019,2012,2019,2022,2019,and the future,7.311089515686035,17.0,-1.6889104843139648,8.0
no_log,3407,3,2019,2012,2019,2022,2019,and the future of,7.311089515686035,17.0,-1.6889104843139648,8.0
no_log,3407,3,2019,2012,2019,2022,2019,and user-generated content,6.3018107414245605,8.0,-1.6981892585754395,0.0
no_log,3407,3,2019,2012,2019,2022,2019,annual,8.33404541015625,7.0,1.33404541015625,0.0
no_log,3407,3,2019,2012,2019,2022,2019,answering,0.7494947910308838,8.0,0.7494947910308838,8.0
no_log,3407,3,2019,2012,2019,2022,2019,antecedents,29.889387130737305,50.0,4.889387130737305,25.0
no_log,3407,3,2019,2012,2019,2022,2019,anxiety,8.33404541015625,20.0,1.33404541015625,13.0
no_log,3407,3,2019,2012,2019,2022,2019,applications,49.199581146240234,209.0,-53.800418853759766,106.0
no_log,3407,3,2019,2012,2019,2022,2019,applications in,45.768402099609375,69.0,-8.231597900390625,15.0
no_log,3407,3,2019,2012,2019,2022,2019,applications of,30.342456817626953,49.0,4.342456817626953,23.0
no_log,3407,3,2019,2012,2019,2022,2019,applied,20.5866756439209,31.0,1.5866756439208984,12.0
no_log,3407,5,2019,2012,2019,2024,2019,21st century,40.560001373291016,36.0,8.560001373291016,4.0
no_log,3407,5,2019,2012,2019,2024,2019,3d laser,40.8840217590332,31.0,2.884021759033203,-7.0
no_log,3407,5,2019,2012,2019,2024,2019,3d laser scanning,30.590673446655273,31.0,0.5906734466552734,1.0
no_log,3407,5,2019,2012,2019,2024,2019,3d modeling,4.480727672576904,22.0,-4.519272327423096,13.0
no_log,3407,5,2019,2012,2019,2024,2019,3d modelling,9.02258586883545,4.0,0.02258586883544922,-5.0
no_log,3407,5,2019,2012,2019,2024,2019,3d models,40.12784957885742,13.0,8.127849578857422,-19.0
no_log,3407,5,2019,2012,2019,2024,2019,3d printing,4.8257670402526855,50.0,-4.1742329597473145,41.0
no_log,3407,5,2019,2012,2019,2024,2019,3d scanning,33.707122802734375,31.0,3.707122802734375,1.0
no_log,3407,5,2019,2012,2019,2024,2019,abroad,38.742000579833984,18.0,8.742000579833984,-12.0
no_log,3407,5,2019,2012,2019,2024,2019,acceptance,42.60676574707031,40.0,5.6067657470703125,3.0
no_log,3407,5,2019,2012,2019,2024,2019,access,47.40639877319336,38.0,-16.59360122680664,-26.0
no_log,3407,5,2019,2012,2019,2024,2019,accessible,4.677243709564209,12.0,-1.322756290435791,6.0
no_log,3407,5,2019,2012,2019,2024,2019,accuracy,1.079559564590454,23.0,1.079559564590454,23.0
no_log,3407,5,2019,2012,2019,2024,2019,accurate,8.44778823852539,12.0,-1.5522117614746094,2.0
no_log,3407,5,2019,2012,2019,2024,2019,achieving,10.710232734680176,47.0,-3.289767265319824,33.0
no_log,3407,5,2019,2012,2019,2024,2019,acknowledgements,2.7787463665008545,5.0,-2.2212536334991455,0.0
no_log,3407,5,2019,2012,2019,2024,2019,acquisition,1.079559564590454,9.0,1.079559564590454,9.0
no_log,3407,5,2019,2012,2019,2024,2019,action,48.681278228759766,350.0,-208.31872177124023,93.0
no_log,3407,5,2019,2012,2019,2024,2019,activism,2.918672561645508,15.0,-3.081327438354492,9.0
no_log,3407,5,2019,2012,2019,2024,2019,activities,42.63722610473633,52.0,8.637226104736328,18.0
no_log,3407,5,2019,2012,2019,2024,2019,activity,46.05122756958008,37.0,1.0512275695800781,-8.0
no_log,3407,5,2019,2012,2019,2024,2019,adaptation,34.64326858520508,29.0,8.643268585205078,3.0
no_log,3407,5,2019,2012,2019,2024,2019,adaptive,30.741777420043945,18.0,9.741777420043945,-3.0
no_log,3407,5,2019,2012,2019,2024,2019,addressing,7.6639604568481445,17.0,-1.3360395431518555,8.0
no_log,3407,5,2019,2012,2019,2024,2019,aden,6.545153617858887,1.0,-1.4548463821411133,-7.0
no_log,3407,5,2019,2012,2019,2024,2019,adoption,42.9954833984375,53.0,8.9954833984375,19.0
no_log,3407,5,2019,2012,2019,2024,2019,adults,1.079559564590454,0.0,1.079559564590454,0.0
no_log,3407,5,2019,2012,2019,2024,2019,advanced,43.6856689453125,23.0,9.6856689453125,-11.0
no_log,3407,5,2019,2012,2019,2024,2019,advances,40.7025146484375,52.0,8.7025146484375,20.0
no_log,3407,5,2019,2012,2019,2024,2019,advances in,17.748741149902344,31.0,1.7487411499023438,15.0
no_log,3407,5,2019,2012,2019,2024,2019,advancing,6.173977851867676,40.0,-2.826022148132324,31.0
no_log,3407,5,2019,2012,2019,2024,2019,advantages,1.079559564590454,26.0,1.079559564590454,26.0
no_log,3407,5,2019,2012,2019,2024,2019,advertising,8.917787551879883,50.0,-1.0822124481201172,40.0
no_log,3407,5,2019,2012,2019,2024,2019,africa,48.667144775390625,242.0,-170.33285522460938,23.0
no_log,3407,5,2019,2012,2019,2024,2019,african,46.16941833496094,50.0,-2.8305816650390625,1.0
no_log,3407,5,2019,2012,2019,2024,2019,afterword,9.288663864135742,13.0,-1.7113361358642578,2.0
no_log,3407,5,2019,2012,2019,2024,2019,against,21.37396812438965,18.0,3.3739681243896484,0.0
no_log,3407,5,2019,2012,2019,2024,2019,age of,48.47401428222656,130.0,-70.52598571777344,11.0
no_log,3407,5,2019,2012,2019,2024,2019,agencies,7.6639604568481445,17.0,-1.3360395431518555,8.0
no_log,3407,5,2019,2012,2019,2024,2019,agenda,47.15511703491211,160.0,-4.844882965087891,108.0
no_log,3407,5,2019,2012,2019,2024,2019,agentic,1.079559564590454,0.0,1.079559564590454,0.0
no_log,3407,5,2019,2012,2019,2024,2019,agents,30.486665725708008,45.0,6.486665725708008,21.0
no_log,3407,5,2019,2012,2019,2024,2019,agricultural,27.664918899536133,26.0,7.664918899536133,6.0
no_log,3407,5,2019,2012,2019,2024,2019,ai chatbot,1.079559564590454,41.0,1.079559564590454,41.0
no_log,3407,5,2019,2012,2019,2024,2019,ai in,4.50085973739624,157.0,-4.49914026260376,148.0
no_log,3407,5,2019,2012,2019,2024,2019,ai on,1.079559564590454,15.0,1.079559564590454,15.0
no_log,3407,5,2019,2012,2019,2024,2019,ai-driven,1.079559564590454,30.0,1.079559564590454,30.0
no_log,3407,5,2019,2012,2019,2024,2019,ai-enabled,1.079559564590454,6.0,1.079559564590454,6.0
no_log,3407,5,2019,2012,2019,2024,2019,ai-generated,1.079559564590454,33.0,1.079559564590454,33.0
no_log,3407,5,2019,2012,2019,2024,2019,ai-generated content,1.079559564590454,24.0,1.079559564590454,24.0
no_log,3407,5,2019,2012,2019,2024,2019,ai-powered,1.079559564590454,8.0,1.079559564590454,8.0
no_log,3407,5,2019,2012,2019,2024,2019,ai伦理,8.866074562072754,20.0,1.866074562072754,13.0
no_log,3407,5,2019,2012,2019,2024,2019,al jazeera,48.574275970458984,48.0,-122.42572402954102,-123.0
no_log,3407,5,2019,2012,2019,2024,2019,al jazeera and,43.42315673828125,0.0,6.42315673828125,-37.0
no_log,3407,5,2019,2012,2019,2024,2019,al jazeera english,1.079559564590454,24.0,1.079559564590454,24.0
no_log,3407,5,2019,2012,2019,2024,2019,al-jazeera,37.384979248046875,9.0,2.384979248046875,-26.0
no_log,3407,5,2019,2012,2019,2024,2019,aleppo,1.079559564590454,9.0,1.079559564590454,9.0
no_log,3407,5,2019,2012,2019,2024,2019,algorithmic,23.767793655395508,3.0,8.767793655395508,-12.0
no_log,3407,5,2019,2012,2019,2024,2019,algorithms,19.07927703857422,71.0,4.079277038574219,56.0
no_log,3407,5,2019,2012,2019,2024,2019,alignment,12.545459747314453,6.0,3.545459747314453,-3.0
no_log,3407,5,2019,2012,2019,2024,2019,along,20.19339942932129,52.0,4.193399429321289,36.0
no_log,3407,5,2019,2012,2019,2024,2019,along the silk,1.079559564590454,29.0,1.079559564590454,29.0
no_log,3407,5,2019,2012,2019,2024,2019,alternative,42.49489974975586,36.0,5.494899749755859,-1.0
no_log,3407,5,2019,2012,2019,2024,2019,america,48.448280334472656,138.0,-68.55171966552734,21.0
no_log,3407,5,2019,2012,2019,2024,2019,american,48.08608627319336,57.0,-40.91391372680664,-32.0
no_log,3407,5,2019,2012,2019,2024,2019,an empirical,18.096172332763672,15.0,0.09617233276367188,-3.0
no_log,3407,5,2019,2012,2019,2024,2019,an empirical study,1.079559564590454,7.0,1.079559564590454,7.0
no_log,3407,5,2019,2012,2019,2024,2019,an example,10.671427726745605,29.0,2.6714277267456055,21.0
no_log,3407,5,2019,2012,2019,2024,2019,an exploratory,40.37520217895508,26.0,9.375202178955078,-5.0
no_log,3407,5,2019,2012,2019,2024,2019,an exploratory study,40.37520217895508,26.0,9.375202178955078,-5.0
no_log,3407,5,2019,2012,2019,2024,2019,an immersive,5.554461479187012,8.0,-1.4455385208129883,1.0
no_log,3407,5,2019,2012,2019,2024,2019,an integrated,1.079559564590454,16.0,1.079559564590454,16.0
no_log,3407,5,2019,2012,2019,2024,2019,an introduction,16.112985610961914,28.0,2.112985610961914,14.0
no_log,3407,5,2019,2012,2019,2024,2019,an investigation,18.205509185791016,7.0,2.2055091857910156,-9.0
no_log,3407,5,2019,2012,2019,2024,2019,an overview,4.8257670402526855,76.0,-4.1742329597473145,67.0
no_log,3407,5,2019,2012,2019,2024,2019,an overview of,17.42721939086914,67.0,-0.5727806091308594,49.0
no_log,3407,5,2019,2012,2019,2024,2019,analyses,13.847100257873535,13.0,-0.15289974212646484,-1.0
no_log,3407,5,2019,2012,2019,2024,2019,analytic hierarchy process,1.079559564590454,0.0,1.079559564590454,0.0
no_log,3407,5,2019,2012,2019,2024,2019,analytical,1.079559564590454,32.0,1.079559564590454,32.0
no_log,3407,5,2019,2012,2019,2024,2019,analytics,45.54029083251953,45.0,0.5402908325195312,0.0
no_log,3407,5,2019,2012,2019,2024,2019,analyzing,2.043765068054199,53.0,-2.956234931945801,48.0
no_log,3407,5,2019,2012,2019,2024,2019,ancient,45.45396041870117,76.0,-2.546039581298828,28.0
no_log,3407,5,2019,2012,2019,2024,2019,ancient city,1.079559564590454,17.0,1.079559564590454,17.0
no_log,3407,5,2019,2012,2019,2024,2019,and al jazeera,34.2031364440918,16.0,6.203136444091797,-12.0
no_log,3407,5,2019,2012,2019,2024,2019,and disaster risk,7.1565046310424805,38.0,1.1565046310424805,32.0
no_log,3407,5,2019,2012,2019,2024,2019,and future directions,18.205509185791016,43.0,2.2055091857910156,27.0
no_log,3407,5,2019,2012,2019,2024,2019,and generative ai,1.079559564590454,25.0,1.079559564590454,25.0
no_log,3407,5,2019,2012,2019,2024,2019,and nation branding,1.079559564590454,8.0,1.079559564590454,8.0
no_log,3407,5,2019,2012,2019,2024,2019,and place branding,6.545153617858887,13.0,-1.4548463821411133,5.0
no_log,3407,5,2019,2012,2019,2024,2019,and the future,7.6639604568481445,31.0,-1.3360395431518555,22.0
no_log,3407,5,2019,2012,2019,2024,2019,and the future of,7.6639604568481445,31.0,-1.3360395431518555,22.0
no_log,3407,5,2019,2012,2019,2024,2019,and user-generated content,6.545153617858887,16.0,-1.4548463821411133,8.0
no_log,3407,5,2019,2012,2019,2024,2019,annual,8.866074562072754,16.0,1.866074562072754,9.0
no_log,3407,5,2019,2012,2019,2024,2019,answering,1.079559564590454,8.0,1.079559564590454,8.0
no_log,3407,5,2019,2012,2019,2024,2019,antecedents,35.748287200927734,25.0,10.748287200927734,0.0
no_log,3407,5,2019,2012,2019,2024,2019,anxiety,8.866074562072754,19.0,1.866074562072754,12.0
no_log,3407,5,2019,2012,2019,2024,2019,applications,48.37012481689453,167.0,-54.62987518310547,64.0
no_log,3407,5,2019,2012,2019,2024,2019,applications in,47.04864501953125,49.0,-6.95135498046875,-5.0
no_log,3407,5,2019,2012,2019,2024,2019,applications of,36.21688461303711,45.0,10.21688461303711,19.0
no_log,3407,5,2019,2012,2019,2024,2019,applied,24.605539321899414,52.0,5.605539321899414,33.0
no_log,7777,1,2019,2012,2019,2020,2019,21st century,29.13957405090332,44.0,-2.8604259490966797,12.0
no_log,7777,1,2019,2012,2019,2020,2019,3d laser,29.97907257080078,46.0,-8.020927429199219,8.0
no_log,7777,1,2019,2012,2019,2020,2019,3d laser scanning,21.932085037231445,38.0,-8.067914962768555,8.0
no_log,7777,1,2019,2012,2019,2020,2019,3d modeling,4.204150676727295,3.0,-4.795849323272705,-6.0
no_log,7777,1,2019,2012,2019,2020,2019,3d modelling,7.530613899230957,9.0,-1.469386100769043,0.0
no_log,7777,1,2019,2012,2019,2020,2019,3d models,29.096410751342773,32.0,-2.9035892486572266,0.0
no_log,7777,1,2019,2012,2019,2020,2019,3d printing,4.6321516036987305,17.0,-4.3678483963012695,8.0
no_log,7777,1,2019,2012,2019,2020,2019,3d scanning,23.312395095825195,39.0,-6.687604904174805,9.0
no_log,7777,1,2019,2012,2019,2020,2019,abroad,27.21619987487793,8.0,-2.7838001251220703,-22.0
no_log,7777,1,2019,2012,2019,2020,2019,acceptance,32.30118179321289,22.0,-4.698818206787109,-15.0
no_log,7777,1,2019,2012,2019,2020,2019,access,47.64353561401367,64.0,-16.356464385986328,0.0
no_log,7777,1,2019,2012,2019,2020,2019,accessible,4.031834602355957,6.0,-1.968165397644043,0.0
no_log,7777,1,2019,2012,2019,2020,2019,accuracy,0.3450136184692383,0.0,0.3450136184692383,0.0
no_log,7777,1,2019,2012,2019,2020,2019,accurate,7.119776248931885,10.0,-2.8802237510681152,0.0
no_log,7777,1,2019,2012,2019,2020,2019,achieving,9.778973579406738,39.0,-4.221026420593262,25.0
no_log,7777,1,2019,2012,2019,2020,2019,acknowledgements,2.288987874984741,5.0,-2.711012125015259,0.0
no_log,7777,1,2019,2012,2019,2020,2019,acquisition,0.3450136184692383,0.0,0.3450136184692383,0.0
no_log,7777,1,2019,2012,2019,2020,2019,action,60.797542572021484,263.0,-196.20245742797852,6.0
no_log,7777,1,2019,2012,2019,2020,2019,activism,2.3505194187164307,10.0,-3.6494805812835693,4.0
no_log,7777,1,2019,2012,2019,2020,2019,activities,32.22925567626953,47.0,-1.7707443237304688,13.0
no_log,7777,1,2019,2012,2019,2020,2019,activity,41.043548583984375,37.0,-3.956451416015625,-8.0
no_log,7777,1,2019,2012,2019,2020,2019,adaptation,24.121994018554688,24.0,-1.8780059814453125,-2.0
no_log,7777,1,2019,2012,2019,2020,2019,adaptive,21.059633255004883,12.0,0.05963325500488281,-9.0
no_log,7777,1,2019,2012,2019,2020,2019,addressing,6.543293476104736,9.0,-2.4567065238952637,0.0
no_log,7777,1,2019,2012,2019,2020,2019,aden,5.649712085723877,8.0,-2.350287914276123,0.0
no_log,7777,1,2019,2012,2019,2020,2019,adoption,33.508026123046875,46.0,-0.491973876953125,12.0
no_log,7777,1,2019,2012,2019,2020,2019,adults,0.3450136184692383,0.0,0.3450136184692383,0.0
no_log,7777,1,2019,2012,2019,2020,2019,advanced,34.530487060546875,34.0,0.530487060546875,0.0
no_log,7777,1,2019,2012,2019,2020,2019,advances,29.27547836303711,44.0,-2.7245216369628906,12.0
no_log,7777,1,2019,2012,2019,2020,2019,advances in,13.096023559570312,16.0,-2.9039764404296875,0.0
no_log,7777,1,2019,2012,2019,2020,2019,advancing,5.649930953979492,18.0,-3.350069046020508,9.0
no_log,7777,1,2019,2012,2019,2020,2019,advantages,0.3450136184692383,0.0,0.3450136184692383,0.0
no_log,7777,1,2019,2012,2019,2020,2019,advertising,7.492838382720947,8.0,-2.5071616172790527,-2.0
no_log,7777,1,2019,2012,2019,2020,2019,africa,60.856056213378906,227.0,-158.1439437866211,8.0
no_log,7777,1,2019,2012,2019,2020,2019,african,41.24848175048828,60.0,-7.751518249511719,11.0
no_log,7777,1,2019,2012,2019,2020,2019,afterword,7.719868183135986,11.0,-3.2801318168640137,0.0
no_log,7777,1,2019,2012,2019,2020,2019,against,15.325155258178711,18.0,-2.674844741821289,0.0
no_log,7777,1,2019,2012,2019,2020,2019,age of,57.41523742675781,178.0,-61.58476257324219,59.0
no_log,7777,1,2019,2012,2019,2020,2019,agencies,6.543293476104736,18.0,-2.4567065238952637,9.0
no_log,7777,1,2019,2012,2019,2020,2019,agenda,45.906620025634766,81.0,-6.093379974365234,29.0
no_log,7777,1,2019,2012,2019,2020,2019,agentic,0.3450136184692383,0.0,0.3450136184692383,0.0
no_log,7777,1,2019,2012,2019,2020,2019,agents,21.77692985534668,32.0,-2.2230701446533203,8.0
no_log,7777,1,2019,2012,2019,2020,2019,agricultural,19.04268455505371,29.0,-0.9573154449462891,9.0
no_log,7777,1,2019,2012,2019,2020,2019,ai chatbot,0.3450136184692383,0.0,0.3450136184692383,0.0
no_log,7777,1,2019,2012,2019,2020,2019,ai in,4.295306205749512,27.0,-4.704693794250488,18.0
no_log,7777,1,2019,2012,2019,2020,2019,ai on,0.3450136184692383,0.0,0.3450136184692383,0.0
no_log,7777,1,2019,2012,2019,2020,2019,ai-driven,0.3450136184692383,0.0,0.3450136184692383,0.0
no_log,7777,1,2019,2012,2019,2020,2019,ai-enabled,0.3450136184692383,6.0,0.3450136184692383,6.0
no_log,7777,1,2019,2012,2019,2020,2019,ai-generated,0.3450136184692383,0.0,0.3450136184692383,0.0
no_log,7777,1,2019,2012,2019,2020,2019,ai-generated content,0.3450136184692383,0.0,0.3450136184692383,0.0
no_log,7777,1,2019,2012,2019,2020,2019,ai-powered,0.3450136184692383,0.0,0.3450136184692383,0.0
no_log,7777,1,2019,2012,2019,2020,2019,ai伦理,7.244137763977051,18.0,0.24413776397705078,11.0
no_log,7777,1,2019,2012,2019,2020,2019,al jazeera,59.51734924316406,181.0,-111.48265075683594,10.0
no_log,7777,1,2019,2012,2019,2020,2019,al jazeera and,33.63785934448242,28.0,-3.362140655517578,-9.0
no_log,7777,1,2019,2012,2019,2020,2019,al jazeera english,0.3450136184692383,8.0,0.3450136184692383,8.0
no_log,7777,1,2019,2012,2019,2020,2019,al-jazeera,26.7331485748291,33.0,-8.266851425170898,-2.0
no_log,7777,1,2019,2012,2019,2020,2019,aleppo,0.3450136184692383,0.0,0.3450136184692383,0.0
no_log,7777,1,2019,2012,2019,2020,2019,algorithmic,16.62042999267578,18.0,1.6204299926757812,3.0
no_log,7777,1,2019,2012,2019,2020,2019,algorithms,13.97312068939209,40.0,-1.0268793106079102,25.0
no_log,7777,1,2019,2012,2019,2020,2019,alignment,9.753721237182617,9.0,0.7537212371826172,0.0
no_log,7777,1,2019,2012,2019,2020,2019,along,14.595232009887695,16.0,-1.4047679901123047,0.0
no_log,7777,1,2019,2012,2019,2020,2019,along the silk,0.3450136184692383,0.0,0.3450136184692383,0.0
no_log,7777,1,2019,2012,2019,2020,2019,alternative,33.034061431884766,55.0,-3.9659385681152344,18.0
no_log,7777,1,2019,2012,2019,2020,2019,america,57.00273513793945,165.0,-59.99726486206055,48.0
no_log,7777,1,2019,2012,2019,2020,2019,american,52.421695709228516,103.0,-36.578304290771484,14.0
no_log,7777,1,2019,2012,2019,2020,2019,an empirical,14.522890090942383,17.0,-3.477109909057617,-1.0
no_log,7777,1,2019,2012,2019,2020,2019,an empirical study,0.3450136184692383,0.0,0.3450136184692383,0.0
no_log,7777,1,2019,2012,2019,2020,2019,an example,8.500687599182129,8.0,0.5006875991821289,0.0
no_log,7777,1,2019,2012,2019,2020,2019,an exploratory,29.209856033325195,32.0,-1.7901439666748047,1.0
no_log,7777,1,2019,2012,2019,2020,2019,an exploratory study,29.209856033325195,32.0,-1.7901439666748047,1.0
no_log,7777,1,2019,2012,2019,2020,2019,an immersive,4.8135199546813965,0.0,-2.1864800453186035,-7.0
no_log,7777,1,2019,2012,2019,2020,2019,an integrated,0.3450136184692383,8.0,0.3450136184692383,8.0
no_log,7777,1,2019,2012,2019,2020,2019,an introduction,12.17016887664795,19.0,-1.8298311233520508,5.0
no_log,7777,1,2019,2012,2019,2020,2019,an investigation,13.514140129089355,16.0,-2.4858598709106445,0.0
no_log,7777,1,2019,2012,2019,2020,2019,an overview,4.6321516036987305,14.0,-4.3678483963012695,5.0
no_log,7777,1,2019,2012,2019,2020,2019,an overview of,14.08461856842041,14.0,-3.91538143157959,-4.0
no_log,7777,1,2019,2012,2019,2020,2019,analyses,11.142386436462402,18.0,-2.8576135635375977,4.0
no_log,7777,1,2019,2012,2019,2020,2019,analytic hierarchy process,0.3450136184692383,0.0,0.3450136184692383,0.0
no_log,7777,1,2019,2012,2019,2020,2019,analytical,0.3450136184692383,0.0,0.3450136184692383,0.0
no_log,7777,1,2019,2012,2019,2020,2019,analytics,38.95250701904297,58.0,-6.047492980957031,13.0
no_log,7777,1,2019,2012,2019,2020,2019,analyzing,1.3308736085891724,5.0,-3.6691263914108276,0.0
no_log,7777,1,2019,2012,2019,2020,2019,ancient,39.36483383178711,66.0,-8.63516616821289,18.0
no_log,7777,1,2019,2012,2019,2020,2019,ancient city,0.3450136184692383,0.0,0.3450136184692383,0.0
no_log,7777,1,2019,2012,2019,2020,2019,and al jazeera,23.649152755737305,36.0,-4.350847244262695,8.0
no_log,7777,1,2019,2012,2019,2020,2019,and disaster risk,5.992020130157471,6.0,-0.007979869842529297,0.0
no_log,7777,1,2019,2012,2019,2020,2019,and future directions,13.514140129089355,25.0,-2.4858598709106445,9.0
no_log,7777,1,2019,2012,2019,2020,2019,and generative ai,0.3450136184692383,0.0,0.3450136184692383,0.0
no_log,7777,1,2019,2012,2019,2020,2019,and nation branding,0.3450136184692383,0.0,0.3450136184692383,0.0
no_log,7777,1,2019,2012,2019,2020,2019,and place branding,5.649712085723877,5.0,-2.350287914276123,-3.0
no_log,7777,1,2019,2012,2019,2020,2019,and the future,6.543293476104736,9.0,-2.4567065238952637,0.0
no_log,7777,1,2019,2012,2019,2020,2019,and the future of,6.543293476104736,9.0,-2.4567065238952637,0.0
no_log,7777,1,2019,2012,2019,2020,2019,and user-generated content,5.649712085723877,8.0,-2.350287914276123,0.0
no_log,7777,1,2019,2012,2019,2020,2019,annual,7.244137763977051,7.0,0.24413776397705078,0.0
no_log,7777,1,2019,2012,2019,2020,2019,answering,0.3450136184692383,0.0,0.3450136184692383,0.0
no_log,7777,1,2019,2012,2019,2020,2019,antecedents,24.73695182800293,34.0,-0.2630481719970703,9.0
no_log,7777,1,2019,2012,2019,2020,2019,anxiety,7.244137763977051,11.0,0.24413776397705078,4.0
no_log,7777,1,2019,2012,2019,2020,2019,applications,55.939674377441406,124.0,-47.060325622558594,21.0
no_log,7777,1,2019,2012,2019,2020,2019,applications in,44.635066986083984,62.0,-9.364933013916016,8.0
no_log,7777,1,2019,2012,2019,2020,2019,applications of,24.861589431762695,41.0,-1.1384105682373047,15.0
no_log,7777,1,2019,2012,2019,2020,2019,applied,17.466276168823242,15.0,-1.5337238311767578,-4.0
no_log,7777,3,2019,2012,2019,2022,2019,21st century,36.9830207824707,52.0,4.983020782470703,20.0
no_log,7777,3,2019,2012,2019,2022,2019,3d laser,37.72603988647461,41.0,-0.2739601135253906,3.0
no_log,7777,3,2019,2012,2019,2022,2019,3d laser scanning,28.426433563232422,41.0,-1.5735664367675781,11.0
no_log,7777,3,2019,2012,2019,2022,2019,3d modeling,4.753363609313965,0.0,-4.246636390686035,-9.0
no_log,7777,3,2019,2012,2019,2022,2019,3d modelling,8.999666213989258,9.0,-0.0003337860107421875,0.0
no_log,7777,3,2019,2012,2019,2022,2019,3d models,36.50625991821289,29.0,4.506259918212891,-3.0
no_log,7777,3,2019,2012,2019,2022,2019,3d printing,5.229228496551514,40.0,-3.7707715034484863,31.0
no_log,7777,3,2019,2012,2019,2022,2019,3d scanning,30.13123321533203,36.0,0.13123321533203125,6.0
no_log,7777,3,2019,2012,2019,2022,2019,abroad,34.63993453979492,17.0,4.639934539794922,-13.0
no_log,7777,3,2019,2012,2019,2022,2019,acceptance,39.731258392333984,9.0,2.7312583923339844,-28.0
no_log,7777,3,2019,2012,2019,2022,2019,access,50.03622817993164,53.0,-13.96377182006836,-11.0
no_log,7777,3,2019,2012,2019,2022,2019,accessible,4.698591709136963,12.0,-1.301408290863037,6.0
no_log,7777,3,2019,2012,2019,2022,2019,accuracy,0.7415357828140259,6.0,0.7415357828140259,6.0
no_log,7777,3,2019,2012,2019,2022,2019,accurate,8.371737480163574,12.0,-1.6282625198364258,2.0
no_log,7777,3,2019,2012,2019,2022,2019,achieving,11.50137996673584,34.0,-2.49862003326416,20.0
no_log,7777,3,2019,2012,2019,2022,2019,acknowledgements,2.7967283725738525,6.0,-2.2032716274261475,1.0
no_log,7777,3,2019,2012,2019,2022,2019,acquisition,0.7415357828140259,9.0,0.7415357828140259,9.0
no_log,7777,3,2019,2012,2019,2022,2019,action,54.332950592041016,281.0,-202.66704940795898,24.0
no_log,7777,3,2019,2012,2019,2022,2019,activism,2.769071340560913,15.0,-3.230928659439087,9.0
no_log,7777,3,2019,2012,2019,2022,2019,activities,39.95595169067383,40.0,5.955951690673828,6.0
no_log,7777,3,2019,2012,2019,2022,2019,activity,46.68180465698242,29.0,1.6818046569824219,-16.0
no_log,7777,3,2019,2012,2019,2022,2019,adaptation,30.755390167236328,20.0,4.755390167236328,-6.0
no_log,7777,3,2019,2012,2019,2022,2019,adaptive,27.228240966796875,18.0,6.228240966796875,-3.0
no_log,7777,3,2019,2012,2019,2022,2019,addressing,7.656403541564941,8.0,-1.3435964584350586,-1.0
no_log,7777,3,2019,2012,2019,2022,2019,aden,6.578868389129639,0.0,-1.4211316108703613,-8.0
no_log,7777,3,2019,2012,2019,2022,2019,adoption,41.00679016113281,37.0,7.0067901611328125,3.0
no_log,7777,3,2019,2012,2019,2022,2019,adults,0.7415357828140259,0.0,0.7415357828140259,0.0
no_log,7777,3,2019,2012,2019,2022,2019,advanced,42.07193374633789,30.0,8.07193374633789,-4.0
no_log,7777,3,2019,2012,2019,2022,2019,advances,37.05907440185547,49.0,5.059074401855469,17.0
no_log,7777,3,2019,2012,2019,2022,2019,advances in,16.34630584716797,20.0,0.34630584716796875,4.0
no_log,7777,3,2019,2012,2019,2022,2019,advancing,6.484281063079834,18.0,-2.515718936920166,9.0
no_log,7777,3,2019,2012,2019,2022,2019,advantages,0.7415357828140259,0.0,0.7415357828140259,0.0
no_log,7777,3,2019,2012,2019,2022,2019,advertising,8.828763961791992,32.0,-1.1712360382080078,22.0
no_log,7777,3,2019,2012,2019,2022,2019,africa,54.39162063598633,242.0,-164.60837936401367,23.0
no_log,7777,3,2019,2012,2019,2022,2019,african,46.68722152709961,51.0,-2.3127784729003906,2.0
no_log,7777,3,2019,2012,2019,2022,2019,afterword,9.127094268798828,1.0,-1.8729057312011719,-10.0
no_log,7777,3,2019,2012,2019,2022,2019,against,19.211345672607422,11.0,1.2113456726074219,-7.0
no_log,7777,3,2019,2012,2019,2022,2019,age of,53.559669494628906,143.0,-65.4403305053711,24.0
no_log,7777,3,2019,2012,2019,2022,2019,agencies,7.656403541564941,9.0,-1.3435964584350586,0.0
no_log,7777,3,2019,2012,2019,2022,2019,agenda,49.5145378112793,149.0,-2.485462188720703,97.0
no_log,7777,3,2019,2012,2019,2022,2019,agentic,0.7415357828140259,0.0,0.7415357828140259,0.0
no_log,7777,3,2019,2012,2019,2022,2019,agents,27.59132194519043,23.0,3.5913219451904297,-1.0
no_log,7777,3,2019,2012,2019,2022,2019,agricultural,24.51775360107422,30.0,4.517753601074219,10.0
no_log,7777,3,2019,2012,2019,2022,2019,ai chatbot,0.7415357828140259,7.0,0.7415357828140259,7.0
no_log,7777,3,2019,2012,2019,2022,2019,ai in,4.834649085998535,49.0,-4.165350914001465,40.0
no_log,7777,3,2019,2012,2019,2022,2019,ai on,0.7415357828140259,0.0,0.7415357828140259,0.0
no_log,7777,3,2019,2012,2019,2022,2019,ai-driven,0.7415357828140259,0.0,0.7415357828140259,0.0
no_log,7777,3,2019,2012,2019,2022,2019,ai-enabled,0.7415357828140259,6.0,0.7415357828140259,6.0
no_log,7777,3,2019,2012,2019,2022,2019,ai-generated,0.7415357828140259,16.0,0.7415357828140259,16.0
no_log,7777,3,2019,2012,2019,2022,2019,ai-generated content,0.7415357828140259,0.0,0.7415357828140259,0.0
no_log,7777,3,2019,2012,2019,2022,2019,ai-powered,0.7415357828140259,0.0,0.7415357828140259,0.0
no_log,7777,3,2019,2012,2019,2022,2019,ai伦理,8.64345932006836,27.0,1.6434593200683594,20.0
no_log,7777,3,2019,2012,2019,2022,2019,al jazeera,54.12432098388672,138.0,-116.87567901611328,-33.0
no_log,7777,3,2019,2012,2019,2022,2019,al jazeera and,41.36489486694336,26.0,4.364894866943359,-11.0
no_log,7777,3,2019,2012,2019,2022,2019,al jazeera english,0.7415357828140259,16.0,0.7415357828140259,16.0
no_log,7777,3,2019,2012,2019,2022,2019,al-jazeera,33.72235107421875,17.0,-1.27764892578125,-18.0
no_log,7777,3,2019,2012,2019,2022,2019,aleppo,0.7415357828140259,0.0,0.7415357828140259,0.0
no_log,7777,3,2019,2012,2019,2022,2019,algorithmic,21.321613311767578,18.0,6.321613311767578,3.0
no_log,7777,3,2019,2012,2019,2022,2019,algorithms,17.57542610168457,57.0,2.5754261016845703,42.0
no_log,7777,3,2019,2012,2019,2022,2019,alignment,11.906451225280762,15.0,2.9064512252807617,6.0
no_log,7777,3,2019,2012,2019,2022,2019,along,18.48615074157715,32.0,2.4861507415771484,16.0
no_log,7777,3,2019,2012,2019,2022,2019,along the silk,0.7415357828140259,15.0,0.7415357828140259,15.0
no_log,7777,3,2019,2012,2019,2022,2019,alternative,40.24103927612305,48.0,3.241039276123047,11.0
no_log,7777,3,2019,2012,2019,2022,2019,america,53.43986892700195,139.0,-63.56013107299805,22.0
no_log,7777,3,2019,2012,2019,2022,2019,american,51.985252380371094,55.0,-37.014747619628906,-34.0
no_log,7777,3,2019,2012,2019,2022,2019,an empirical,17.819900512695312,24.0,-0.1800994873046875,6.0
no_log,7777,3,2019,2012,2019,2022,2019,an empirical study,0.7415357828140259,7.0,0.7415357828140259,7.0
no_log,7777,3,2019,2012,2019,2022,2019,an example,10.25780200958252,22.0,2.2578020095825195,14.0
no_log,7777,3,2019,2012,2019,2022,2019,an exploratory,36.84956741333008,49.0,5.849567413330078,18.0
no_log,7777,3,2019,2012,2019,2022,2019,an exploratory study,36.84956741333008,49.0,5.849567413330078,18.0
no_log,7777,3,2019,2012,2019,2022,2019,an immersive,5.59519624710083,8.0,-1.40480375289917,1.0
no_log,7777,3,2019,2012,2019,2022,2019,an integrated,0.7415357828140259,8.0,0.7415357828140259,8.0
no_log,7777,3,2019,2012,2019,2022,2019,an introduction,15.103175163269043,27.0,1.103175163269043,13.0
no_log,7777,3,2019,2012,2019,2022,2019,an investigation,16.740131378173828,0.0,0.7401313781738281,-16.0
no_log,7777,3,2019,2012,2019,2022,2019,an overview,5.229228496551514,31.0,-3.7707715034484863,22.0
no_log,7777,3,2019,2012,2019,2022,2019,an overview of,17.22979164123535,31.0,-0.7702083587646484,13.0
no_log,7777,3,2019,2012,2019,2022,2019,analyses,13.435176849365234,13.0,-0.5648231506347656,-1.0
no_log,7777,3,2019,2012,2019,2022,2019,analytic hierarchy process,0.7415357828140259,0.0,0.7415357828140259,0.0
no_log,7777,3,2019,2012,2019,2022,2019,analytical,0.7415357828140259,0.0,0.7415357828140259,0.0
no_log,7777,3,2019,2012,2019,2022,2019,analytics,45.2236213684082,37.0,0.22362136840820312,-8.0
no_log,7777,3,2019,2012,2019,2022,2019,analyzing,1.70832359790802,20.0,-3.29167640209198,15.0
no_log,7777,3,2019,2012,2019,2022,2019,ancient,45.29804611206055,72.0,-2.701953887939453,24.0
no_log,7777,3,2019,2012,2019,2022,2019,ancient city,0.7415357828140259,0.0,0.7415357828140259,0.0
no_log,7777,3,2019,2012,2019,2022,2019,and al jazeera,30.05797576904297,27.0,2.0579757690429688,-1.0
no_log,7777,3,2019,2012,2019,2022,2019,and disaster risk,7.080931186676025,6.0,1.0809311866760254,0.0
no_log,7777,3,2019,2012,2019,2022,2019,and future directions,16.740131378173828,25.0,0.7401313781738281,9.0
no_log,7777,3,2019,2012,2019,2022,2019,and generative ai,0.7415357828140259,0.0,0.7415357828140259,0.0
no_log,7777,3,2019,2012,2019,2022,2019,and nation branding,0.7415357828140259,8.0,0.7415357828140259,8.0
no_log,7777,3,2019,2012,2019,2022,2019,and place branding,6.578868389129639,13.0,-1.4211316108703613,5.0
no_log,7777,3,2019,2012,2019,2022,2019,and the future,7.656403541564941,17.0,-1.3435964584350586,8.0
no_log,7777,3,2019,2012,2019,2022,2019,and the future of,7.656403541564941,17.0,-1.3435964584350586,8.0
no_log,7777,3,2019,2012,2019,2022,2019,and user-generated content,6.578868389129639,8.0,-1.4211316108703613,0.0
no_log,7777,3,2019,2012,2019,2022,2019,annual,8.64345932006836,7.0,1.6434593200683594,0.0
no_log,7777,3,2019,2012,2019,2022,2019,answering,0.7415357828140259,8.0,0.7415357828140259,8.0
no_log,7777,3,2019,2012,2019,2022,2019,antecedents,31.852632522583008,50.0,6.852632522583008,25.0
no_log,7777,3,2019,2012,2019,2022,2019,anxiety,8.64345932006836,20.0,1.6434593200683594,13.0
no_log,7777,3,2019,2012,2019,2022,2019,applications,53.17184829711914,209.0,-49.82815170288086,106.0
no_log,7777,3,2019,2012,2019,2022,2019,applications in,48.830543518066406,69.0,-5.169456481933594,15.0
no_log,7777,3,2019,2012,2019,2022,2019,applications of,32.0828971862793,49.0,6.082897186279297,23.0
no_log,7777,3,2019,2012,2019,2022,2019,applied,22.11184310913086,31.0,3.1118431091308594,12.0
no_log,7777,5,2019,2012,2019,2024,2019,21st century,42.380950927734375,36.0,10.380950927734375,4.0
no_log,7777,5,2019,2012,2019,2024,2019,3d laser,42.9842414855957,31.0,4.984241485595703,-7.0
no_log,7777,5,2019,2012,2019,2024,2019,3d laser scanning,33.980369567871094,31.0,3.9803695678710938,1.0
no_log,7777,5,2019,2012,2019,2024,2019,3d modeling,4.923590660095215,22.0,-4.076409339904785,13.0
no_log,7777,5,2019,2012,2019,2024,2019,3d modelling,9.740776062011719,4.0,0.7407760620117188,-5.0
no_log,7777,5,2019,2012,2019,2024,2019,3d models,41.91596603393555,13.0,9.915966033935547,-19.0
no_log,7777,5,2019,2012,2019,2024,2019,3d printing,5.419027328491211,50.0,-3.580972671508789,41.0
no_log,7777,5,2019,2012,2019,2024,2019,3d scanning,35.83209228515625,31.0,5.83209228515625,1.0
no_log,7777,5,2019,2012,2019,2024,2019,abroad,40.28672790527344,18.0,10.286727905273438,-12.0
no_log,7777,5,2019,2012,2019,2024,2019,acceptance,44.51198196411133,40.0,7.511981964111328,3.0
no_log,7777,5,2019,2012,2019,2024,2019,access,50.63026809692383,38.0,-13.369731903076172,-26.0
no_log,7777,5,2019,2012,2019,2024,2019,accessible,4.914112567901611,12.0,-1.0858874320983887,6.0
no_log,7777,5,2019,2012,2019,2024,2019,accuracy,1.0573747158050537,23.0,1.0573747158050537,23.0
no_log,7777,5,2019,2012,2019,2024,2019,accurate,8.967605590820312,12.0,-1.0323944091796875,2.0
no_log,7777,5,2019,2012,2019,2024,2019,achieving,12.656257629394531,47.0,-1.3437423706054688,33.0
no_log,7777,5,2019,2012,2019,2024,2019,acknowledgements,3.0111236572265625,5.0,-1.9888763427734375,0.0
no_log,7777,5,2019,2012,2019,2024,2019,acquisition,1.0573747158050537,9.0,1.0573747158050537,9.0
no_log,7777,5,2019,2012,2019,2024,2019,action,52.38787841796875,350.0,-204.61212158203125,93.0
no_log,7777,5,2019,2012,2019,2024,2019,activism,2.9504263401031494,15.0,-3.0495736598968506,9.0
no_log,7777,5,2019,2012,2019,2024,2019,activities,44.71542739868164,52.0,10.71542739868164,18.0
no_log,7777,5,2019,2012,2019,2024,2019,activity,48.983726501464844,37.0,3.9837265014648438,-8.0
no_log,7777,5,2019,2012,2019,2024,2019,adaptation,36.41472625732422,29.0,10.414726257324219,3.0
no_log,7777,5,2019,2012,2019,2024,2019,adaptive,32.59727096557617,18.0,11.597270965576172,-3.0
no_log,7777,5,2019,2012,2019,2024,2019,addressing,8.14145278930664,17.0,-0.8585472106933594,8.0
no_log,7777,5,2019,2012,2019,2024,2019,aden,6.930737495422363,1.0,-1.0692625045776367,-7.0
no_log,7777,5,2019,2012,2019,2024,2019,adoption,45.461669921875,53.0,11.461669921875,19.0
no_log,7777,5,2019,2012,2019,2024,2019,adults,1.0573747158050537,0.0,1.0573747158050537,0.0
no_log,7777,5,2019,2012,2019,2024,2019,advanced,46.2166862487793,23.0,12.216686248779297,-11.0
no_log,7777,5,2019,2012,2019,2024,2019,advances,42.43674087524414,52.0,10.43674087524414,20.0
no_log,7777,5,2019,2012,2019,2024,2019,advances in,18.950538635253906,31.0,2.9505386352539062,15.0
no_log,7777,5,2019,2012,2019,2024,2019,advancing,6.795529842376709,40.0,-2.204470157623291,31.0
no_log,7777,5,2019,2012,2019,2024,2019,advantages,1.0573747158050537,26.0,1.0573747158050537,26.0
no_log,7777,5,2019,2012,2019,2024,2019,advertising,9.499603271484375,50.0,-0.500396728515625,40.0
no_log,7777,5,2019,2012,2019,2024,2019,africa,52.41332244873047,242.0,-166.58667755126953,23.0
no_log,7777,5,2019,2012,2019,2024,2019,african,48.9742546081543,50.0,-0.025745391845703125,1.0
no_log,7777,5,2019,2012,2019,2024,2019,afterword,9.856281280517578,13.0,-1.1437187194824219,2.0
no_log,7777,5,2019,2012,2019,2024,2019,against,22.617338180541992,18.0,4.617338180541992,0.0
no_log,7777,5,2019,2012,2019,2024,2019,age of,52.105220794677734,130.0,-66.89477920532227,11.0
no_log,7777,5,2019,2012,2019,2024,2019,agencies,8.14145278930664,17.0,-0.8585472106933594,8.0
no_log,7777,5,2019,2012,2019,2024,2019,agenda,50.41743087768555,160.0,-1.5825691223144531,108.0
no_log,7777,5,2019,2012,2019,2024,2019,agentic,1.0573747158050537,0.0,1.0573747158050537,0.0
no_log,7777,5,2019,2012,2019,2024,2019,agents,32.89461135864258,45.0,8.894611358642578,21.0
no_log,7777,5,2019,2012,2019,2024,2019,agricultural,29.376022338867188,26.0,9.376022338867188,6.0
no_log,7777,5,2019,2012,2019,2024,2019,ai chatbot,1.0573747158050537,41.0,1.0573747158050537,41.0
no_log,7777,5,2019,2012,2019,2024,2019,ai in,5.001406192779541,157.0,-3.998593807220459,148.0
no_log,7777,5,2019,2012,2019,2024,2019,ai on,1.0573747158050537,15.0,1.0573747158050537,15.0
no_log,7777,5,2019,2012,2019,2024,2019,ai-driven,1.0573747158050537,30.0,1.0573747158050537,30.0
no_log,7777,5,2019,2012,2019,2024,2019,ai-enabled,1.0573747158050537,6.0,1.0573747158050537,6.0
no_log,7777,5,2019,2012,2019,2024,2019,ai-generated,1.0573747158050537,33.0,1.0573747158050537,33.0
no_log,7777,5,2019,2012,2019,2024,2019,ai-generated content,1.0573747158050537,24.0,1.0573747158050537,24.0
no_log,7777,5,2019,2012,2019,2024,2019,ai-powered,1.0573747158050537,8.0,1.0573747158050537,8.0
no_log,7777,5,2019,2012,2019,2024,2019,ai伦理,9.32298469543457,20.0,2.3229846954345703,13.0
no_log,7777,5,2019,2012,2019,2024,2019,al jazeera,52.318973541259766,48.0,-118.68102645874023,-123.0
no_log,7777,5,2019,2012,2019,2024,2019,al jazeera and,45.740455627441406,0.0,8.740455627441406,-37.0
no_log,7777,5,2019,2012,2019,2024,2019,al jazeera english,1.0573747158050537,24.0,1.0573747158050537,24.0
no_log,7777,5,2019,2012,2019,2024,2019,al-jazeera,39.368656158447266,9.0,4.368656158447266,-26.0
no_log,7777,5,2019,2012,2019,2024,2019,aleppo,1.0573747158050537,9.0,1.0573747158050537,9.0
no_log,7777,5,2019,2012,2019,2024,2019,algorithmic,25.409366607666016,3.0,10.409366607666016,-12.0
no_log,7777,5,2019,2012,2019,2024,2019,algorithms,20.553213119506836,71.0,5.553213119506836,56.0
no_log,7777,5,2019,2012,2019,2024,2019,alignment,13.291110038757324,6.0,4.291110038757324,-3.0
no_log,7777,5,2019,2012,2019,2024,2019,along,21.75002098083496,52.0,5.750020980834961,36.0
no_log,7777,5,2019,2012,2019,2024,2019,along the silk,1.0573747158050537,29.0,1.0573747158050537,29.0
no_log,7777,5,2019,2012,2019,2024,2019,alternative,44.86531448364258,36.0,7.865314483642578,-1.0
no_log,7777,5,2019,2012,2019,2024,2019,america,52.058929443359375,138.0,-64.94107055664062,21.0
no_log,7777,5,2019,2012,2019,2024,2019,american,51.47926712036133,57.0,-37.52073287963867,-32.0
no_log,7777,5,2019,2012,2019,2024,2019,an empirical,20.733980178833008,15.0,2.733980178833008,-3.0
no_log,7777,5,2019,2012,2019,2024,2019,an empirical study,1.0573747158050537,7.0,1.0573747158050537,7.0
no_log,7777,5,2019,2012,2019,2024,2019,an example,11.255672454833984,29.0,3.2556724548339844,21.0
no_log,7777,5,2019,2012,2019,2024,2019,an exploratory,42.24119186401367,26.0,11.241191864013672,-5.0
no_log,7777,5,2019,2012,2019,2024,2019,an exploratory study,42.24119186401367,26.0,11.241191864013672,-5.0
no_log,7777,5,2019,2012,2019,2024,2019,an immersive,5.85985803604126,8.0,-1.1401419639587402,1.0
no_log,7777,5,2019,2012,2019,2024,2019,an integrated,1.0573747158050537,16.0,1.0573747158050537,16.0
no_log,7777,5,2019,2012,2019,2024,2019,an introduction,17.346036911010742,28.0,3.346036911010742,14.0
no_log,7777,5,2019,2012,2019,2024,2019,an investigation,19.41168975830078,7.0,3.4116897583007812,-9.0
no_log,7777,5,2019,2012,2019,2024,2019,an overview,5.419027328491211,76.0,-3.580972671508789,67.0
no_log,7777,5,2019,2012,2019,2024,2019,an overview of,19.969459533691406,67.0,1.9694595336914062,49.0
no_log,7777,5,2019,2012,2019,2024,2019,analyses,15.125329971313477,13.0,1.1253299713134766,-1.0
no_log,7777,5,2019,2012,2019,2024,2019,analytic hierarchy process,1.0573747158050537,0.0,1.0573747158050537,0.0
no_log,7777,5,2019,2012,2019,2024,2019,analytical,1.0573747158050537,32.0,1.0573747158050537,32.0
no_log,7777,5,2019,2012,2019,2024,2019,analytics,48.161048889160156,45.0,3.1610488891601562,0.0
no_log,7777,5,2019,2012,2019,2024,2019,analyzing,1.9412193298339844,53.0,-3.0587806701660156,48.0
no_log,7777,5,2019,2012,2019,2024,2019,ancient,48.17885971069336,76.0,0.17885971069335938,28.0
no_log,7777,5,2019,2012,2019,2024,2019,ancient city,1.0573747158050537,17.0,1.0573747158050537,17.0
no_log,7777,5,2019,2012,2019,2024,2019,and al jazeera,35.655548095703125,16.0,7.655548095703125,-12.0
no_log,7777,5,2019,2012,2019,2024,2019,and disaster risk,7.521457672119141,38.0,1.5214576721191406,32.0
no_log,7777,5,2019,2012,2019,2024,2019,and future directions,19.41168975830078,43.0,3.4116897583007812,27.0
no_log,7777,5,2019,2012,2019,2024,2019,and generative ai,1.0573747158050537,25.0,1.0573747158050537,25.0
no_log,7777,5,2019,2012,2019,2024,2019,and nation branding,1.0573747158050537,8.0,1.0573747158050537,8.0
no_log,7777,5,2019,2012,2019,2024,2019,and place branding,6.930737495422363,13.0,-1.0692625045776367,5.0
no_log,7777,5,2019,2012,2019,2024,2019,and the future,8.14145278930664,31.0,-0.8585472106933594,22.0
no_log,7777,5,2019,2012,2019,2024,2019,and the future of,8.14145278930664,31.0,-0.8585472106933594,22.0
no_log,7777,5,2019,2012,2019,2024,2019,and user-generated content,6.930737495422363,16.0,-1.0692625045776367,8.0
no_log,7777,5,2019,2012,2019,2024,2019,annual,9.32298469543457,16.0,2.3229846954345703,9.0
no_log,7777,5,2019,2012,2019,2024,2019,answering,1.0573747158050537,8.0,1.0573747158050537,8.0
no_log,7777,5,2019,2012,2019,2024,2019,antecedents,37.60837173461914,25.0,12.60837173461914,0.0
no_log,7777,5,2019,2012,2019,2024,2019,anxiety,9.32298469543457,19.0,2.3229846954345703,12.0
no_log,7777,5,2019,2012,2019,2024,2019,applications,51.958824157714844,167.0,-51.041175842285156,64.0
no_log,7777,5,2019,2012,2019,2024,2019,applications in,50.08925247192383,49.0,-3.910747528076172,-5.0
no_log,7777,5,2019,2012,2019,2024,2019,applications of,37.8538703918457,45.0,11.853870391845703,19.0
no_log,7777,5,2019,2012,2019,2024,2019,applied,26.324186325073242,52.0,7.324186325073242,33.0
window12,42,1,2019,2008,2019,2020,2019,21st century,6.8480143547058105,44.0,-25.15198564529419,12.0
window12,42,1,2019,2008,2019,2020,2019,3d laser,5.911561489105225,46.0,-32.088438510894775,8.0
window12,42,1,2019,2008,2019,2020,2019,3d laser scanning,4.782767295837402,38.0,-25.217232704162598,8.0
window12,42,1,2019,2008,2019,2020,2019,3d modeling,1.166059136390686,3.0,-7.833940863609314,-6.0
window12,42,1,2019,2008,2019,2020,2019,3d modelling,2.823485851287842,9.0,-6.176514148712158,0.0
window12,42,1,2019,2008,2019,2020,2019,3d models,4.21090841293335,32.0,-27.78909158706665,0.0
window12,42,1,2019,2008,2019,2020,2019,3d printing,1.2157442569732666,17.0,-7.784255743026733,8.0
window12,42,1,2019,2008,2019,2020,2019,3d scanning,5.041595458984375,39.0,-24.958404541015625,9.0
window12,42,1,2019,2008,2019,2020,2019,abroad,5.620833396911621,8.0,-24.37916660308838,-22.0
window12,42,1,2019,2008,2019,2020,2019,acceptance,4.428318977355957,22.0,-32.57168102264404,-15.0
window12,42,1,2019,2008,2019,2020,2019,access,4.1041154861450195,64.0,-59.89588451385498,0.0
window12,42,1,2019,2008,2019,2020,2019,accessible,1.5662126541137695,6.0,-4.4337873458862305,0.0
window12,42,1,2019,2008,2019,2020,2019,accuracy,0.12255546450614929,0.0,0.12255546450614929,0.0
window12,42,1,2019,2008,2019,2020,2019,accurate,2.1254305839538574,10.0,-7.874569416046143,0.0
window12,42,1,2019,2008,2019,2020,2019,achieving,1.6150482892990112,39.0,-12.384951710700989,25.0
window12,42,1,2019,2008,2019,2020,2019,acknowledgements,1.0324339866638184,5.0,-3.9675660133361816,0.0
window12,42,1,2019,2008,2019,2020,2019,acquisition,0.12255546450614929,0.0,0.12255546450614929,0.0
window12,42,1,2019,2008,2019,2020,2019,action,8.012385368347168,263.0,-248.98761463165283,6.0
window12,42,1,2019,2008,2019,2020,2019,activism,0.9258787035942078,10.0,-5.074121296405792,4.0
window12,42,1,2019,2008,2019,2020,2019,activities,7.0440449714660645,47.0,-26.955955028533936,13.0
window12,42,1,2019,2008,2019,2020,2019,activity,8.091154098510742,37.0,-36.90884590148926,-8.0
window12,42,1,2019,2008,2019,2020,2019,adaptation,3.317518949508667,24.0,-22.682481050491333,-2.0
window12,42,1,2019,2008,2019,2020,2019,adaptive,5.391286373138428,12.0,-15.608713626861572,-9.0
window12,42,1,2019,2008,2019,2020,2019,addressing,2.053473949432373,9.0,-6.946526050567627,0.0
window12,42,1,2019,2008,2019,2020,2019,aden,1.9004815816879272,8.0,-6.099518418312073,0.0
window12,42,1,2019,2008,2019,2020,2019,adoption,6.916619300842285,46.0,-27.083380699157715,12.0
window12,42,1,2019,2008,2019,2020,2019,adults,0.12255546450614929,0.0,0.12255546450614929,0.0
window12,42,1,2019,2008,2019,2020,2019,advanced,8.029884338378906,34.0,-25.970115661621094,0.0
window12,42,1,2019,2008,2019,2020,2019,advances,6.562300682067871,44.0,-25.43769931793213,12.0
window12,42,1,2019,2008,2019,2020,2019,advances in,3.787536382675171,16.0,-12.212463617324829,0.0
window12,42,1,2019,2008,2019,2020,2019,advancing,1.3982479572296143,18.0,-7.601752042770386,9.0
window12,42,1,2019,2008,2019,2020,2019,advantages,0.12255546450614929,0.0,0.12255546450614929,0.0
window12,42,1,2019,2008,2019,2020,2019,advertising,2.198721170425415,8.0,-7.801278829574585,-2.0
window12,42,1,2019,2008,2019,2020,2019,africa,18.971153259277344,227.0,-200.02884674072266,8.0
window12,42,1,2019,2008,2019,2020,2019,african,5.321636199951172,60.0,-43.67836380004883,11.0
window12,42,1,2019,2008,2019,2020,2019,afterword,2.1923587322235107,11.0,-8.80764126777649,0.0
window12,42,1,2019,2008,2019,2020,2019,against,3.0568666458129883,18.0,-14.943133354187012,0.0
window12,42,1,2019,2008,2019,2020,2019,age of,12.980694770812988,178.0,-106.01930522918701,59.0
window12,42,1,2019,2008,2019,2020,2019,agencies,2.053473949432373,18.0,-6.946526050567627,9.0
window12,42,1,2019,2008,2019,2020,2019,agenda,10.852572441101074,81.0,-41.147427558898926,29.0
window12,42,1,2019,2008,2019,2020,2019,agentic,0.12255546450614929,0.0,0.12255546450614929,0.0
window12,42,1,2019,2008,2019,2020,2019,agents,2.4107282161712646,32.0,-21.589271783828735,8.0
window12,42,1,2019,2008,2019,2020,2019,agricultural,4.957651138305664,29.0,-15.042348861694336,9.0
window12,42,1,2019,2008,2019,2020,2019,ai chatbot,0.12255546450614929,0.0,0.12255546450614929,0.0
window12,42,1,2019,2008,2019,2020,2019,ai in,1.1859426498413086,27.0,-7.814057350158691,18.0
window12,42,1,2019,2008,2019,2020,2019,ai on,0.12255546450614929,0.0,0.12255546450614929,0.0
window12,42,1,2019,2008,2019,2020,2019,ai-driven,0.12255546450614929,0.0,0.12255546450614929,0.0
window12,42,1,2019,2008,2019,2020,2019,ai-enabled,0.12255546450614929,6.0,0.12255546450614929,6.0
window12,42,1,2019,2008,2019,2020,2019,ai-generated,0.12255546450614929,0.0,0.12255546450614929,0.0
window12,42,1,2019,2008,2019,2020,2019,ai-generated content,0.12255546450614929,0.0,0.12255546450614929,0.0
window12,42,1,2019,2008,2019,2020,2019,ai-powered,0.12255546450614929,0.0,0.12255546450614929,0.0
window12,42,1,2019,2008,2019,2020,2019,ai伦理,2.7750778198242188,18.0,-4.224922180175781,11.0
window12,42,1,2019,2008,2019,2020,2019,al jazeera,17.1661319732666,181.0,-153.8338680267334,10.0
window12,42,1,2019,2008,2019,2020,2019,al jazeera and,7.871379852294922,28.0,-29.128620147705078,-9.0
window12,42,1,2019,2008,2019,2020,2019,al jazeera english,0.12255546450614929,8.0,0.12255546450614929,8.0
window12,42,1,2019,2008,2019,2020,2019,al-jazeera,2.459770441055298,33.0,-32.5402295589447,-2.0
window12,42,1,2019,2008,2019,2020,2019,aleppo,0.12255546450614929,0.0,0.12255546450614929,0.0
window12,42,1,2019,2008,2019,2020,2019,algorithmic,4.826977729797363,18.0,-10.173022270202637,3.0
window12,42,1,2019,2008,2019,2020,2019,algorithms,4.152360916137695,40.0,-10.847639083862305,25.0
window12,42,1,2019,2008,2019,2020,2019,alignment,3.369812488555908,9.0,-5.630187511444092,0.0
window12,42,1,2019,2008,2019,2020,2019,along,4.337235450744629,16.0,-11.662764549255371,0.0
window12,42,1,2019,2008,2019,2020,2019,along the silk,0.12255546450614929,0.0,0.12255546450614929,0.0
window12,42,1,2019,2008,2019,2020,2019,alternative,3.0570333003997803,55.0,-33.94296669960022,18.0
window12,42,1,2019,2008,2019,2020,2019,america,11.893187522888184,165.0,-105.10681247711182,48.0
window12,42,1,2019,2008,2019,2020,2019,american,4.776904582977295,103.0,-84.2230954170227,14.0
window12,42,1,2019,2008,2019,2020,2019,an empirical,1.9204344749450684,17.0,-16.07956552505493,-1.0
window12,42,1,2019,2008,2019,2020,2019,an empirical study,0.12255546450614929,0.0,0.12255546450614929,0.0
window12,42,1,2019,2008,2019,2020,2019,an example,3.07869029045105,8.0,-4.92130970954895,0.0
window12,42,1,2019,2008,2019,2020,2019,an exploratory,6.184974193572998,32.0,-24.815025806427002,1.0
window12,42,1,2019,2008,2019,2020,2019,an exploratory study,6.184974193572998,32.0,-24.815025806427002,1.0
window12,42,1,2019,2008,2019,2020,2019,an immersive,1.7385609149932861,0.0,-5.261439085006714,-7.0
window12,42,1,2019,2008,2019,2020,2019,an integrated,0.12255546450614929,8.0,0.12255546450614929,8.0
window12,42,1,2019,2008,2019,2020,2019,an introduction,3.777895212173462,19.0,-10.222104787826538,5.0
window12,42,1,2019,2008,2019,2020,2019,an investigation,2.892946243286133,16.0,-13.107053756713867,0.0
window12,42,1,2019,2008,2019,2020,2019,an overview,1.2157442569732666,14.0,-7.784255743026733,5.0
window12,42,1,2019,2008,2019,2020,2019,an overview of,1.882873296737671,14.0,-16.11712670326233,-4.0
window12,42,1,2019,2008,2019,2020,2019,analyses,1.9883301258087158,18.0,-12.011669874191284,4.0
window12,42,1,2019,2008,2019,2020,2019,analytic hierarchy process,0.12255546450614929,0.0,0.12255546450614929,0.0
window12,42,1,2019,2008,2019,2020,2019,analytical,0.12255546450614929,0.0,0.12255546450614929,0.0
window12,42,1,2019,2008,2019,2020,2019,analytics,6.568314552307129,58.0,-38.43168544769287,13.0
window12,42,1,2019,2008,2019,2020,2019,analyzing,0.7591132521629333,5.0,-4.240886747837067,0.0
window12,42,1,2019,2008,2019,2020,2019,ancient,3.240166187286377,66.0,-44.75983381271362,18.0
window12,42,1,2019,2008,2019,2020,2019,ancient city,0.12255546450614929,0.0,0.12255546450614929,0.0
window12,42,1,2019,2008,2019,2020,2019,and al jazeera,2.577378273010254,36.0,-25.422621726989746,8.0
window12,42,1,2019,2008,2019,2020,2019,and disaster risk,2.4571280479431152,6.0,-3.5428719520568848,0.0
window12,42,1,2019,2008,2019,2020,2019,and future directions,2.892946243286133,25.0,-13.107053756713867,9.0
window12,42,1,2019,2008,2019,2020,2019,and generative ai,0.12255546450614929,0.0,0.12255546450614929,0.0
window12,42,1,2019,2008,2019,2020,2019,and nation branding,0.12255546450614929,0.0,0.12255546450614929,0.0
window12,42,1,2019,2008,2019,2020,2019,and place branding,1.9004815816879272,5.0,-6.099518418312073,-3.0
window12,42,1,2019,2008,2019,2020,2019,and the future,2.053473949432373,9.0,-6.946526050567627,0.0
window12,42,1,2019,2008,2019,2020,2019,and the future of,2.053473949432373,9.0,-6.946526050567627,0.0
window12,42,1,2019,2008,2019,2020,2019,and user-generated content,1.9004815816879272,8.0,-6.099518418312073,0.0
window12,42,1,2019,2008,2019,2020,2019,annual,2.7750778198242188,7.0,-4.224922180175781,0.0
window12,42,1,2019,2008,2019,2020,2019,answering,0.12255546450614929,0.0,0.12255546450614929,0.0
window12,42,1,2019,2008,2019,2020,2019,antecedents,5.87630558013916,34.0,-19.12369441986084,9.0
window12,42,1,2019,2008,2019,2020,2019,anxiety,2.7750778198242188,11.0,-4.224922180175781,4.0
window12,42,1,2019,2008,2019,2020,2019,applications,12.510272026062012,124.0,-90.48972797393799,21.0
window12,42,1,2019,2008,2019,2020,2019,applications in,9.381279945373535,62.0,-44.618720054626465,8.0
window12,42,1,2019,2008,2019,2020,2019,applications of,6.058839797973633,41.0,-19.941160202026367,15.0
window12,42,1,2019,2008,2019,2020,2019,applied,3.272221326828003,15.0,-15.727778673171997,-4.0
window12,42,3,2019,2008,2019,2022,2019,21st century,7.668703556060791,52.0,-24.33129644393921,20.0
window12,42,3,2019,2008,2019,2022,2019,3d laser,6.7441534996032715,41.0,-31.25584650039673,3.0
window12,42,3,2019,2008,2019,2022,2019,3d laser scanning,5.596429347991943,41.0,-24.403570652008057,11.0
window12,42,3,2019,2008,2019,2022,2019,3d modeling,1.6181248426437378,0.0,-7.381875157356262,-9.0
window12,42,3,2019,2008,2019,2022,2019,3d modelling,3.5021233558654785,9.0,-5.4978766441345215,0.0
window12,42,3,2019,2008,2019,2022,2019,3d models,4.997402667999268,29.0,-27.002597332000732,-3.0
window12,42,3,2019,2008,2019,2022,2019,3d printing,1.6760363578796387,40.0,-7.323963642120361,31.0
window12,42,3,2019,2008,2019,2022,2019,3d scanning,5.863229274749756,36.0,-24.136770725250244,6.0
window12,42,3,2019,2008,2019,2022,2019,abroad,6.452305793762207,17.0,-23.547694206237793,-13.0
window12,42,3,2019,2008,2019,2022,2019,acceptance,5.225652694702148,9.0,-31.77434730529785,-28.0
window12,42,3,2019,2008,2019,2022,2019,access,4.884117126464844,53.0,-59.115882873535156,-11.0
window12,42,3,2019,2008,2019,2022,2019,accessible,2.082390546798706,12.0,-3.917609453201294,6.0
window12,42,3,2019,2008,2019,2022,2019,accuracy,0.38086825609207153,6.0,0.38086825609207153,6.0
window12,42,3,2019,2008,2019,2022,2019,accurate,2.7207913398742676,12.0,-7.279208660125732,2.0
window12,42,3,2019,2008,2019,2022,2019,achieving,2.138340950012207,34.0,-11.861659049987793,20.0
window12,42,3,2019,2008,2019,2022,2019,acknowledgements,1.4620589017868042,6.0,-3.537941098213196,1.0
window12,42,3,2019,2008,2019,2022,2019,acquisition,0.38086825609207153,9.0,0.38086825609207153,9.0
window12,42,3,2019,2008,2019,2022,2019,action,8.773764610290527,281.0,-248.22623538970947,24.0
window12,42,3,2019,2008,2019,2022,2019,activism,1.3367680311203003,15.0,-4.6632319688797,9.0
window12,42,3,2019,2008,2019,2022,2019,activities,7.8580732345581055,40.0,-26.141926765441895,6.0
window12,42,3,2019,2008,2019,2022,2019,activity,8.85409927368164,29.0,-36.14590072631836,-16.0
window12,42,3,2019,2008,2019,2022,2019,adaptation,4.041500568389893,20.0,-21.958499431610107,-6.0
window12,42,3,2019,2008,2019,2022,2019,adaptive,6.221282482147217,18.0,-14.778717517852783,-3.0
window12,42,3,2019,2008,2019,2022,2019,addressing,2.6393167972564697,8.0,-6.36068320274353,-1.0
window12,42,3,2019,2008,2019,2022,2019,aden,2.465428352355957,0.0,-5.534571647644043,-8.0
window12,42,3,2019,2008,2019,2022,2019,adoption,7.734037399291992,37.0,-26.265962600708008,3.0
window12,42,3,2019,2008,2019,2022,2019,adults,0.38086825609207153,0.0,0.38086825609207153,0.0
window12,42,3,2019,2008,2019,2022,2019,advanced,8.799211502075195,30.0,-25.200788497924805,-4.0
window12,42,3,2019,2008,2019,2022,2019,advances,7.389235019683838,49.0,-24.610764980316162,17.0
window12,42,3,2019,2008,2019,2022,2019,advances in,4.549611568450928,20.0,-11.450388431549072,4.0
window12,42,3,2019,2008,2019,2022,2019,advancing,1.8880528211593628,18.0,-7.111947178840637,9.0
window12,42,3,2019,2008,2019,2022,2019,advantages,0.38086825609207153,0.0,0.38086825609207153,0.0
window12,42,3,2019,2008,2019,2022,2019,advertising,2.8035709857940674,32.0,-7.196429014205933,22.0
window12,42,3,2019,2008,2019,2022,2019,africa,17.850526809692383,242.0,-201.14947319030762,23.0
window12,42,3,2019,2008,2019,2022,2019,african,6.146978855133057,51.0,-42.85302114486694,2.0
window12,42,3,2019,2008,2019,2022,2019,afterword,2.7963919639587402,1.0,-8.20360803604126,-10.0
window12,42,3,2019,2008,2019,2022,2019,against,3.7575628757476807,11.0,-14.24243712425232,-7.0
window12,42,3,2019,2008,2019,2022,2019,age of,13.165173530578613,143.0,-105.83482646942139,24.0
window12,42,3,2019,2008,2019,2022,2019,agencies,2.6393167972564697,9.0,-6.36068320274353,0.0
window12,42,3,2019,2008,2019,2022,2019,agenda,11.357735633850098,149.0,-40.6422643661499,97.0
window12,42,3,2019,2008,2019,2022,2019,agentic,0.38086825609207153,0.0,0.38086825609207153,0.0
window12,42,3,2019,2008,2019,2022,2019,agents,3.0414507389068604,23.0,-20.95854926109314,-1.0
window12,42,3,2019,2008,2019,2022,2019,agricultural,5.777613162994385,30.0,-14.222386837005615,10.0
window12,42,3,2019,2008,2019,2022,2019,ai chatbot,0.38086825609207153,7.0,0.38086825609207153,7.0
window12,42,3,2019,2008,2019,2022,2019,ai in,1.6413052082061768,49.0,-7.358694791793823,40.0
window12,42,3,2019,2008,2019,2022,2019,ai on,0.38086825609207153,0.0,0.38086825609207153,0.0
window12,42,3,2019,2008,2019,2022,2019,ai-driven,0.38086825609207153,0.0,0.38086825609207153,0.0
window12,42,3,2019,2008,2019,2022,2019,ai-enabled,0.38086825609207153,6.0,0.38086825609207153,6.0
window12,42,3,2019,2008,2019,2022,2019,ai-generated,0.38086825609207153,16.0,0.38086825609207153,16.0
window12,42,3,2019,2008,2019,2022,2019,ai-generated content,0.38086825609207153,0.0,0.38086825609207153,0.0
window12,42,3,2019,2008,2019,2022,2019,ai-powered,0.38086825609207153,0.0,0.38086825609207153,0.0
window12,42,3,2019,2008,2019,2022,2019,ai伦理,3.448908805847168,27.0,-3.551091194152832,20.0
window12,42,3,2019,2008,2019,2022,2019,al jazeera,16.500782012939453,138.0,-154.49921798706055,-33.0
window12,42,3,2019,2008,2019,2022,2019,al jazeera and,8.649715423583984,26.0,-28.350284576416016,-11.0
window12,42,3,2019,2008,2019,2022,2019,al jazeera english,0.38086825609207153,16.0,0.38086825609207153,16.0
window12,42,3,2019,2008,2019,2022,2019,al-jazeera,3.0964605808258057,17.0,-31.903539419174194,-18.0
window12,42,3,2019,2008,2019,2022,2019,aleppo,0.38086825609207153,0.0,0.38086825609207153,0.0
window12,42,3,2019,2008,2019,2022,2019,algorithmic,5.6439642906188965,18.0,-9.356035709381104,3.0
window12,42,3,2019,2008,2019,2022,2019,algorithms,4.937838077545166,57.0,-10.062161922454834,42.0
window12,42,3,2019,2008,2019,2022,2019,alignment,4.100677967071533,15.0,-4.899322032928467,6.0
window12,42,3,2019,2008,2019,2022,2019,along,5.1327948570251465,32.0,-10.867205142974854,16.0
window12,42,3,2019,2008,2019,2022,2019,along the silk,0.38086825609207153,15.0,0.38086825609207153,15.0
window12,42,3,2019,2008,2019,2022,2019,alternative,3.757272481918335,48.0,-33.242727518081665,11.0
window12,42,3,2019,2008,2019,2022,2019,america,12.248128890991211,139.0,-104.75187110900879,22.0
window12,42,3,2019,2008,2019,2022,2019,american,5.587650775909424,55.0,-83.41234922409058,-34.0
window12,42,3,2019,2008,2019,2022,2019,an empirical,2.487830638885498,24.0,-15.512169361114502,6.0
window12,42,3,2019,2008,2019,2022,2019,an empirical study,0.38086825609207153,7.0,0.38086825609207153,7.0
window12,42,3,2019,2008,2019,2022,2019,an example,3.7832767963409424,22.0,-4.216723203659058,14.0
window12,42,3,2019,2008,2019,2022,2019,an exploratory,7.016611099243164,49.0,-23.983388900756836,18.0
window12,42,3,2019,2008,2019,2022,2019,an exploratory study,7.016611099243164,49.0,-23.983388900756836,18.0
window12,42,3,2019,2008,2019,2022,2019,an immersive,2.2804152965545654,8.0,-4.719584703445435,1.0
window12,42,3,2019,2008,2019,2022,2019,an integrated,0.38086825609207153,8.0,0.38086825609207153,8.0
window12,42,3,2019,2008,2019,2022,2019,an introduction,4.539575576782227,27.0,-9.460424423217773,13.0
window12,42,3,2019,2008,2019,2022,2019,an investigation,3.5774943828582764,0.0,-12.422505617141724,-16.0
window12,42,3,2019,2008,2019,2022,2019,an overview,1.6760363578796387,31.0,-7.323963642120361,22.0
window12,42,3,2019,2008,2019,2022,2019,an overview of,2.445052146911621,31.0,-15.554947853088379,13.0
window12,42,3,2019,2008,2019,2022,2019,analyses,2.5650391578674316,13.0,-11.434960842132568,-1.0
window12,42,3,2019,2008,2019,2022,2019,analytic hierarchy process,0.38086825609207153,0.0,0.38086825609207153,0.0
window12,42,3,2019,2008,2019,2022,2019,analytical,0.38086825609207153,0.0,0.38086825609207153,0.0
window12,42,3,2019,2008,2019,2022,2019,analytics,7.392607688903809,37.0,-37.60739231109619,-8.0
window12,42,3,2019,2008,2019,2022,2019,analyzing,1.140241026878357,20.0,-3.859758973121643,15.0
window12,42,3,2019,2008,2019,2022,2019,ancient,3.9572908878326416,72.0,-44.04270911216736,24.0
window12,42,3,2019,2008,2019,2022,2019,ancient city,0.38086825609207153,0.0,0.38086825609207153,0.0
window12,42,3,2019,2008,2019,2022,2019,and al jazeera,3.227588653564453,27.0,-24.772411346435547,-1.0
window12,42,3,2019,2008,2019,2022,2019,and disaster risk,3.0950310230255127,6.0,-2.9049689769744873,0.0
window12,42,3,2019,2008,2019,2022,2019,and future directions,3.5774943828582764,25.0,-12.422505617141724,9.0
window12,42,3,2019,2008,2019,2022,2019,and generative ai,0.38086825609207153,0.0,0.38086825609207153,0.0
window12,42,3,2019,2008,2019,2022,2019,and nation branding,0.38086825609207153,8.0,0.38086825609207153,8.0
window12,42,3,2019,2008,2019,2022,2019,and place branding,2.465428352355957,13.0,-5.534571647644043,5.0
window12,42,3,2019,2008,2019,2022,2019,and the future,2.6393167972564697,17.0,-6.36068320274353,8.0
window12,42,3,2019,2008,2019,2022,2019,and the future of,2.6393167972564697,17.0,-6.36068320274353,8.0
window12,42,3,2019,2008,2019,2022,2019,and user-generated content,2.465428352355957,8.0,-5.534571647644043,0.0
window12,42,3,2019,2008,2019,2022,2019,annual,3.448908805847168,7.0,-3.551091194152832,0.0
window12,42,3,2019,2008,2019,2022,2019,answering,0.38086825609207153,8.0,0.38086825609207153,8.0
window12,42,3,2019,2008,2019,2022,2019,antecedents,6.709949970245361,50.0,-18.29005002975464,25.0
window12,42,3,2019,2008,2019,2022,2019,anxiety,3.448908805847168,20.0,-3.551091194152832,13.0
window12,42,3,2019,2008,2019,2022,2019,applications,12.773260116577148,209.0,-90.22673988342285,106.0
window12,42,3,2019,2008,2019,2022,2019,applications in,10.045120239257812,69.0,-43.95487976074219,15.0
window12,42,3,2019,2008,2019,2022,2019,applications of,6.8924078941345215,49.0,-19.10759210586548,23.0
window12,42,3,2019,2008,2019,2022,2019,applied,3.9926187992095947,31.0,-15.007381200790405,12.0
window12,42,5,2019,2008,2019,2024,2019,21st century,8.128326416015625,36.0,-23.871673583984375,4.0
window12,42,5,2019,2008,2019,2024,2019,3d laser,7.301252841949463,31.0,-30.698747158050537,-7.0
window12,42,5,2019,2008,2019,2024,2019,3d laser scanning,6.235776424407959,31.0,-23.76422357559204,1.0
window12,42,5,2019,2008,2019,2024,2019,3d modeling,2.1364593505859375,22.0,-6.8635406494140625,13.0
window12,42,5,2019,2008,2019,2024,2019,3d modelling,4.166300296783447,4.0,-4.833699703216553,-5.0
window12,42,5,2019,2008,2019,2024,2019,3d models,5.663447380065918,13.0,-26.336552619934082,-19.0
window12,42,5,2019,2008,2019,2024,2019,3d printing,2.2016513347625732,50.0,-6.798348665237427,41.0
window12,42,5,2019,2008,2019,2024,2019,3d scanning,6.487631320953369,31.0,-23.51236867904663,1.0
window12,42,5,2019,2008,2019,2024,2019,abroad,7.0351338386535645,18.0,-22.964866161346436,-12.0
window12,42,5,2019,2008,2019,2024,2019,acceptance,5.883952617645264,40.0,-31.116047382354736,3.0
window12,42,5,2019,2008,2019,2024,2019,access,5.555075168609619,38.0,-58.44492483139038,-26.0
window12,42,5,2019,2008,2019,2024,2019,accessible,2.6533281803131104,12.0,-3.3466718196868896,6.0
window12,42,5,2019,2008,2019,2024,2019,accuracy,0.6976884007453918,23.0,0.6976884007453918,23.0
window12,42,5,2019,2008,2019,2024,2019,accurate,3.346336841583252,12.0,-6.653663158416748,2.0
window12,42,5,2019,2008,2019,2024,2019,achieving,2.7156434059143066,47.0,-11.284356594085693,33.0
window12,42,5,2019,2008,2019,2024,2019,acknowledgements,1.959067702293396,5.0,-3.040932297706604,0.0
window12,42,5,2019,2008,2019,2024,2019,acquisition,0.6976884007453918,9.0,0.6976884007453918,9.0
window12,42,5,2019,2008,2019,2024,2019,action,9.09203815460205,350.0,-247.90796184539795,93.0
window12,42,5,2019,2008,2019,2024,2019,activism,1.817001223564148,15.0,-4.182998776435852,9.0
window12,42,5,2019,2008,2019,2024,2019,activities,8.295133590698242,52.0,-25.704866409301758,18.0
window12,42,5,2019,2008,2019,2024,2019,activity,9.154193878173828,37.0,-35.84580612182617,-8.0
window12,42,5,2019,2008,2019,2024,2019,adaptation,4.718222618103027,29.0,-21.281777381896973,3.0
window12,42,5,2019,2008,2019,2024,2019,adaptive,6.8216142654418945,18.0,-14.178385734558105,-3.0
window12,42,5,2019,2008,2019,2024,2019,addressing,3.259047031402588,17.0,-5.740952968597412,8.0
window12,42,5,2019,2008,2019,2024,2019,aden,3.071627616882324,1.0,-4.928372383117676,-7.0
window12,42,5,2019,2008,2019,2024,2019,adoption,8.186752319335938,53.0,-25.813247680664062,19.0
window12,42,5,2019,2008,2019,2024,2019,adults,0.6976884007453918,0.0,0.6976884007453918,0.0
window12,42,5,2019,2008,2019,2024,2019,advanced,9.106572151184082,23.0,-24.893427848815918,-11.0
window12,42,5,2019,2008,2019,2024,2019,advances,7.881252288818359,52.0,-24.11874771118164,20.0
window12,42,5,2019,2008,2019,2024,2019,advances in,5.223809242248535,31.0,-10.776190757751465,15.0
window12,42,5,2019,2008,2019,2024,2019,advancing,2.438617467880249,40.0,-6.561382532119751,31.0
window12,42,5,2019,2008,2019,2024,2019,advantages,0.6976884007453918,26.0,0.6976884007453918,26.0
window12,42,5,2019,2008,2019,2024,2019,advertising,3.4346985816955566,50.0,-6.565301418304443,40.0
window12,42,5,2019,2008,2019,2024,2019,africa,15.945976257324219,242.0,-203.05402374267578,23.0
window12,42,5,2019,2008,2019,2024,2019,african,6.754884719848633,50.0,-42.24511528015137,1.0
window12,42,5,2019,2008,2019,2024,2019,afterword,3.4270405769348145,13.0,-7.5729594230651855,2.0
window12,42,5,2019,2008,2019,2024,2019,against,4.429556369781494,18.0,-13.570443630218506,0.0
window12,42,5,2019,2008,2019,2024,2019,age of,12.597129821777344,130.0,-106.40287017822266,11.0
window12,42,5,2019,2008,2019,2024,2019,agencies,3.259047031402588,17.0,-5.740952968597412,8.0
window12,42,5,2019,2008,2019,2024,2019,agenda,11.201321601867676,160.0,-40.798678398132324,108.0
window12,42,5,2019,2008,2019,2024,2019,agentic,0.6976884007453918,0.0,0.6976884007453918,0.0
window12,42,5,2019,2008,2019,2024,2019,agents,3.6877658367156982,45.0,-20.3122341632843,21.0
window12,42,5,2019,2008,2019,2024,2019,agricultural,6.407428741455078,26.0,-13.592571258544922,6.0
window12,42,5,2019,2008,2019,2024,2019,ai chatbot,0.6976884007453918,41.0,0.6976884007453918,41.0
window12,42,5,2019,2008,2019,2024,2019,ai in,2.162598133087158,157.0,-6.837401866912842,148.0
window12,42,5,2019,2008,2019,2024,2019,ai on,0.6976884007453918,15.0,0.6976884007453918,15.0
window12,42,5,2019,2008,2019,2024,2019,ai-driven,0.6976884007453918,30.0,0.6976884007453918,30.0
window12,42,5,2019,2008,2019,2024,2019,ai-enabled,0.6976884007453918,6.0,0.6976884007453918,6.0
window12,42,5,2019,2008,2019,2024,2019,ai-generated,0.6976884007453918,33.0,0.6976884007453918,33.0
window12,42,5,2019,2008,2019,2024,2019,ai-generated content,0.6976884007453918,24.0,0.6976884007453918,24.0
window12,42,5,2019,2008,2019,2024,2019,ai-powered,0.6976884007453918,8.0,0.6976884007453918,8.0
window12,42,5,2019,2008,2019,2024,2019,ai伦理,4.1112165451049805,20.0,-2.8887834548950195,13.0
window12,42,5,2019,2008,2019,2024,2019,al jazeera,15.01459789276123,48.0,-155.98540210723877,-123.0
window12,42,5,2019,2008,2019,2024,2019,al jazeera and,8.978862762451172,0.0,-28.021137237548828,-37.0
window12,42,5,2019,2008,2019,2024,2019,al jazeera english,0.6976884007453918,24.0,0.6976884007453918,24.0
window12,42,5,2019,2008,2019,2024,2019,al-jazeera,3.7458062171936035,9.0,-31.254193782806396,-26.0
window12,42,5,2019,2008,2019,2024,2019,aleppo,0.6976884007453918,9.0,0.6976884007453918,9.0
window12,42,5,2019,2008,2019,2024,2019,algorithmic,6.28074836730957,3.0,-8.71925163269043,-12.0
window12,42,5,2019,2008,2019,2024,2019,algorithms,5.604081153869629,71.0,-9.395918846130371,56.0
window12,42,5,2019,2008,2019,2024,2019,alignment,4.77597713470459,6.0,-4.22402286529541,-3.0
window12,42,5,2019,2008,2019,2024,2019,along,5.792705535888672,52.0,-10.207294464111328,36.0
window12,42,5,2019,2008,2019,2024,2019,along the silk,0.6976884007453918,29.0,0.6976884007453918,29.0
window12,42,5,2019,2008,2019,2024,2019,alternative,4.430555820465088,36.0,-32.56944417953491,-1.0
window12,42,5,2019,2008,2019,2024,2019,america,11.89811897277832,138.0,-105.10188102722168,21.0
window12,42,5,2019,2008,2019,2024,2019,american,6.231499195098877,57.0,-82.76850080490112,-32.0
window12,42,5,2019,2008,2019,2024,2019,an empirical,3.0967233180999756,15.0,-14.903276681900024,-3.0
window12,42,5,2019,2008,2019,2024,2019,an empirical study,0.6976884007453918,7.0,0.6976884007453918,7.0
window12,42,5,2019,2008,2019,2024,2019,an example,4.454576015472412,29.0,-3.545423984527588,21.0
window12,42,5,2019,2008,2019,2024,2019,an exploratory,7.548263072967529,26.0,-23.45173692703247,-5.0
window12,42,5,2019,2008,2019,2024,2019,an exploratory study,7.548263072967529,26.0,-23.45173692703247,-5.0
window12,42,5,2019,2008,2019,2024,2019,an immersive,2.8705320358276367,8.0,-4.129467964172363,1.0
window12,42,5,2019,2008,2019,2024,2019,an integrated,0.6976884007453918,16.0,0.6976884007453918,16.0
window12,42,5,2019,2008,2019,2024,2019,an introduction,5.213808536529541,28.0,-8.786191463470459,14.0
window12,42,5,2019,2008,2019,2024,2019,an investigation,4.244967937469482,7.0,-11.755032062530518,-9.0
window12,42,5,2019,2008,2019,2024,2019,an overview,2.2016513347625732,76.0,-6.798348665237427,67.0
window12,42,5,2019,2008,2019,2024,2019,an overview of,3.050421714782715,67.0,-14.949578285217285,49.0
window12,42,5,2019,2008,2019,2024,2019,analyses,3.179732322692871,13.0,-10.820267677307129,-1.0
window12,42,5,2019,2008,2019,2024,2019,analytic hierarchy process,0.6976884007453918,0.0,0.6976884007453918,0.0
window12,42,5,2019,2008,2019,2024,2019,analytical,0.6976884007453918,32.0,0.6976884007453918,32.0
window12,42,5,2019,2008,2019,2024,2019,analytics,7.885572910308838,45.0,-37.11442708969116,0.0
window12,42,5,2019,2008,2019,2024,2019,analyzing,1.5912920236587524,53.0,-3.4087079763412476,48.0
window12,42,5,2019,2008,2019,2024,2019,ancient,4.634268760681152,76.0,-43.36573123931885,28.0
window12,42,5,2019,2008,2019,2024,2019,ancient city,0.6976884007453918,17.0,0.6976884007453918,17.0
window12,42,5,2019,2008,2019,2024,2019,and al jazeera,3.88305926322937,16.0,-24.11694073677063,-12.0
window12,42,5,2019,2008,2019,2024,2019,and disaster risk,3.7422773838043213,38.0,-2.2577226161956787,32.0
window12,42,5,2019,2008,2019,2024,2019,and future directions,4.244967937469482,43.0,-11.755032062530518,27.0
window12,42,5,2019,2008,2019,2024,2019,and generative ai,0.6976884007453918,25.0,0.6976884007453918,25.0
window12,42,5,2019,2008,2019,2024,2019,and nation branding,0.6976884007453918,8.0,0.6976884007453918,8.0
window12,42,5,2019,2008,2019,2024,2019,and place branding,3.071627616882324,13.0,-4.928372383117676,5.0
window12,42,5,2019,2008,2019,2024,2019,and the future,3.259047031402588,31.0,-5.740952968597412,22.0
window12,42,5,2019,2008,2019,2024,2019,and the future of,3.259047031402588,31.0,-5.740952968597412,22.0
window12,42,5,2019,2008,2019,2024,2019,and user-generated content,3.071627616882324,16.0,-4.928372383117676,8.0
window12,42,5,2019,2008,2019,2024,2019,annual,4.1112165451049805,16.0,-2.8887834548950195,9.0
window12,42,5,2019,2008,2019,2024,2019,answering,0.6976884007453918,8.0,0.6976884007453918,8.0
window12,42,5,2019,2008,2019,2024,2019,antecedents,7.270371913909912,25.0,-17.729628086090088,0.0
window12,42,5,2019,2008,2019,2024,2019,anxiety,4.1112165451049805,19.0,-2.8887834548950195,12.0
window12,42,5,2019,2008,2019,2024,2019,applications,12.299756050109863,167.0,-90.70024394989014,64.0
window12,42,5,2019,2008,2019,2024,2019,applications in,10.146323204040527,49.0,-43.85367679595947,-5.0
window12,42,5,2019,2008,2019,2024,2019,applications of,7.435652256011963,45.0,-18.564347743988037,19.0
window12,42,5,2019,2008,2019,2024,2019,applied,4.668389320373535,52.0,-14.331610679626465,33.0
window12,123,1,2019,2008,2019,2020,2019,21st century,9.280195236206055,44.0,-22.719804763793945,12.0
window12,123,1,2019,2008,2019,2020,2019,3d laser,7.84230899810791,46.0,-30.15769100189209,8.0
window12,123,1,2019,2008,2019,2020,2019,3d laser scanning,6.311805725097656,38.0,-23.688194274902344,8.0
window12,123,1,2019,2008,2019,2020,2019,3d modeling,1.0780996084213257,3.0,-7.921900391578674,-6.0
window12,123,1,2019,2008,2019,2020,2019,3d modelling,3.5019538402557373,9.0,-5.498046159744263,0.0
window12,123,1,2019,2008,2019,2020,2019,3d models,5.095185279846191,32.0,-26.90481472015381,0.0
window12,123,1,2019,2008,2019,2020,2019,3d printing,1.1359208822250366,17.0,-7.864079117774963,8.0
window12,123,1,2019,2008,2019,2020,2019,3d scanning,6.6023406982421875,39.0,-23.397659301757812,9.0
window12,123,1,2019,2008,2019,2020,2019,abroad,7.256102561950684,8.0,-22.743897438049316,-22.0
window12,123,1,2019,2008,2019,2020,2019,acceptance,5.391510963439941,22.0,-31.60848903656006,-15.0
window12,123,1,2019,2008,2019,2020,2019,access,4.701933860778809,64.0,-59.29806613922119,0.0
window12,123,1,2019,2008,2019,2020,2019,accessible,1.7076036930084229,6.0,-4.292396306991577,0.0
window12,123,1,2019,2008,2019,2020,2019,accuracy,0.09765354543924332,0.0,0.09765354543924332,0.0
window12,123,1,2019,2008,2019,2020,2019,accurate,2.383030891418457,10.0,-7.616969108581543,0.0
window12,123,1,2019,2008,2019,2020,2019,achieving,1.577945351600647,39.0,-12.422054648399353,25.0
window12,123,1,2019,2008,2019,2020,2019,acknowledgements,1.1204339265823364,5.0,-3.8795660734176636,0.0
window12,123,1,2019,2008,2019,2020,2019,acquisition,0.09765354543924332,0.0,0.09765354543924332,0.0
window12,123,1,2019,2008,2019,2020,2019,action,10.24663257598877,263.0,-246.75336742401123,6.0
window12,123,1,2019,2008,2019,2020,2019,activism,0.8331058025360107,10.0,-5.166894197463989,4.0
window12,123,1,2019,2008,2019,2020,2019,activities,9.39486026763916,47.0,-24.60513973236084,13.0
window12,123,1,2019,2008,2019,2020,2019,activity,10.73885440826416,37.0,-34.26114559173584,-8.0
window12,123,1,2019,2008,2019,2020,2019,adaptation,3.838104724884033,24.0,-22.161895275115967,-2.0
window12,123,1,2019,2008,2019,2020,2019,adaptive,7.030323028564453,12.0,-13.969676971435547,-9.0
window12,123,1,2019,2008,2019,2020,2019,addressing,2.2962749004364014,9.0,-6.703725099563599,0.0
window12,123,1,2019,2008,2019,2020,2019,aden,2.1094205379486084,8.0,-5.890579462051392,0.0
window12,123,1,2019,2008,2019,2020,2019,adoption,9.086041450500488,46.0,-24.91395854949951,12.0
window12,123,1,2019,2008,2019,2020,2019,adults,0.09765354543924332,0.0,0.09765354543924332,0.0
window12,123,1,2019,2008,2019,2020,2019,advanced,10.942904472351074,34.0,-23.057095527648926,0.0
window12,123,1,2019,2008,2019,2020,2019,advances,8.761301040649414,44.0,-23.238698959350586,12.0
window12,123,1,2019,2008,2019,2020,2019,advances in,4.737961769104004,16.0,-11.262038230895996,0.0
window12,123,1,2019,2008,2019,2020,2019,advancing,1.3850167989730835,18.0,-7.6149832010269165,9.0
window12,123,1,2019,2008,2019,2020,2019,advantages,0.09765354543924332,0.0,0.09765354543924332,0.0
window12,123,1,2019,2008,2019,2020,2019,advertising,2.4753191471099854,8.0,-7.524680852890015,-2.0
window12,123,1,2019,2008,2019,2020,2019,africa,26.26915740966797,227.0,-192.73084259033203,8.0
window12,123,1,2019,2008,2019,2020,2019,african,6.626900672912598,60.0,-42.3730993270874,11.0
window12,123,1,2019,2008,2019,2020,2019,afterword,2.464218854904175,11.0,-8.535781145095825,0.0
window12,123,1,2019,2008,2019,2020,2019,against,3.5620386600494385,18.0,-14.437961339950562,0.0
window12,123,1,2019,2008,2019,2020,2019,age of,17.797361373901367,178.0,-101.20263862609863,59.0
window12,123,1,2019,2008,2019,2020,2019,agencies,2.2962749004364014,18.0,-6.703725099563599,9.0
window12,123,1,2019,2008,2019,2020,2019,agenda,15.095514297485352,81.0,-36.90448570251465,29.0
window12,123,1,2019,2008,2019,2020,2019,agentic,0.09765354543924332,0.0,0.09765354543924332,0.0
window12,123,1,2019,2008,2019,2020,2019,agents,2.535964012145996,32.0,-21.464035987854004,8.0
window12,123,1,2019,2008,2019,2020,2019,agricultural,6.394597053527832,29.0,-13.605402946472168,9.0
window12,123,1,2019,2008,2019,2020,2019,ai chatbot,0.09765354543924332,0.0,0.09765354543924332,0.0
window12,123,1,2019,2008,2019,2020,2019,ai in,1.0954668521881104,27.0,-7.90453314781189,18.0
window12,123,1,2019,2008,2019,2020,2019,ai on,0.09765354543924332,0.0,0.09765354543924332,0.0
window12,123,1,2019,2008,2019,2020,2019,ai-driven,0.09765354543924332,0.0,0.09765354543924332,0.0
window12,123,1,2019,2008,2019,2020,2019,ai-enabled,0.09765354543924332,6.0,0.09765354543924332,6.0
window12,123,1,2019,2008,2019,2020,2019,ai-generated,0.09765354543924332,0.0,0.09765354543924332,0.0
window12,123,1,2019,2008,2019,2020,2019,ai-generated content,0.09765354543924332,0.0,0.09765354543924332,0.0
window12,123,1,2019,2008,2019,2020,2019,ai-powered,0.09765354543924332,0.0,0.09765354543924332,0.0
window12,123,1,2019,2008,2019,2020,2019,ai伦理,3.4885525703430176,18.0,-3.5114474296569824,11.0
window12,123,1,2019,2008,2019,2020,2019,al jazeera,24.421110153198242,181.0,-146.57888984680176,10.0
window12,123,1,2019,2008,2019,2020,2019,al jazeera and,10.877862930297852,28.0,-26.12213706970215,-9.0
window12,123,1,2019,2008,2019,2020,2019,al jazeera english,0.09765354543924332,8.0,0.09765354543924332,8.0
window12,123,1,2019,2008,2019,2020,2019,al-jazeera,2.5468854904174805,33.0,-32.45311450958252,-2.0
window12,123,1,2019,2008,2019,2020,2019,aleppo,0.09765354543924332,0.0,0.09765354543924332,0.0
window12,123,1,2019,2008,2019,2020,2019,algorithmic,6.40435791015625,18.0,-8.59564208984375,3.0
window12,123,1,2019,2008,2019,2020,2019,algorithms,5.277792453765869,40.0,-9.72220754623413,25.0
window12,123,1,2019,2008,2019,2020,2019,alignment,4.315675735473633,9.0,-4.684324264526367,0.0
window12,123,1,2019,2008,2019,2020,2019,along,5.595440864562988,16.0,-10.404559135437012,0.0
window12,123,1,2019,2008,2019,2020,2019,along the silk,0.09765354543924332,0.0,0.09765354543924332,0.0
window12,123,1,2019,2008,2019,2020,2019,alternative,3.342005491256714,55.0,-33.657994508743286,18.0
window12,123,1,2019,2008,2019,2020,2019,america,16.194198608398438,165.0,-100.80580139160156,48.0
window12,123,1,2019,2008,2019,2020,2019,american,5.665182590484619,103.0,-83.33481740951538,14.0
window12,123,1,2019,2008,2019,2020,2019,an empirical,1.9314377307891846,17.0,-16.068562269210815,-1.0
window12,123,1,2019,2008,2019,2020,2019,an empirical study,0.09765354543924332,0.0,0.09765354543924332,0.0
window12,123,1,2019,2008,2019,2020,2019,an example,3.90903639793396,8.0,-4.09096360206604,0.0
window12,123,1,2019,2008,2019,2020,2019,an exploratory,8.07973861694336,32.0,-22.92026138305664,1.0
window12,123,1,2019,2008,2019,2020,2019,an exploratory study,8.07973861694336,32.0,-22.92026138305664,1.0
window12,123,1,2019,2008,2019,2020,2019,an immersive,1.9136549234390259,0.0,-5.086345076560974,-7.0
window12,123,1,2019,2008,2019,2020,2019,an integrated,0.09765354543924332,8.0,0.09765354543924332,8.0
window12,123,1,2019,2008,2019,2020,2019,an introduction,4.752692699432373,19.0,-9.247307300567627,5.0
window12,123,1,2019,2008,2019,2020,2019,an investigation,3.3509745597839355,16.0,-12.649025440216064,0.0
window12,123,1,2019,2008,2019,2020,2019,an overview,1.1359208822250366,14.0,-7.864079117774963,5.0
window12,123,1,2019,2008,2019,2020,2019,an overview of,1.8846347332000732,14.0,-16.115365266799927,-4.0
window12,123,1,2019,2008,2019,2020,2019,analyses,2.0945587158203125,18.0,-11.905441284179688,4.0
window12,123,1,2019,2008,2019,2020,2019,analytic hierarchy process,0.09765354543924332,0.0,0.09765354543924332,0.0
window12,123,1,2019,2008,2019,2020,2019,analytical,0.09765354543924332,0.0,0.09765354543924332,0.0
window12,123,1,2019,2008,2019,2020,2019,analytics,8.494083404541016,58.0,-36.505916595458984,13.0
window12,123,1,2019,2008,2019,2020,2019,analyzing,0.6466376185417175,5.0,-4.3533623814582825,0.0
window12,123,1,2019,2008,2019,2020,2019,ancient,3.5125198364257812,66.0,-44.48748016357422,18.0
window12,123,1,2019,2008,2019,2020,2019,ancient city,0.09765354543924332,0.0,0.09765354543924332,0.0
window12,123,1,2019,2008,2019,2020,2019,and al jazeera,2.761185646057129,36.0,-25.23881435394287,8.0
window12,123,1,2019,2008,2019,2020,2019,and disaster risk,3.052791118621826,6.0,-2.947208881378174,0.0
window12,123,1,2019,2008,2019,2020,2019,and future directions,3.3509745597839355,25.0,-12.649025440216064,9.0
window12,123,1,2019,2008,2019,2020,2019,and generative ai,0.09765354543924332,0.0,0.09765354543924332,0.0
window12,123,1,2019,2008,2019,2020,2019,and nation branding,0.09765354543924332,0.0,0.09765354543924332,0.0
window12,123,1,2019,2008,2019,2020,2019,and place branding,2.1094205379486084,5.0,-5.890579462051392,-3.0
window12,123,1,2019,2008,2019,2020,2019,and the future,2.2962749004364014,9.0,-6.703725099563599,0.0
window12,123,1,2019,2008,2019,2020,2019,and the future of,2.2962749004364014,9.0,-6.703725099563599,0.0
window12,123,1,2019,2008,2019,2020,2019,and user-generated content,2.1094205379486084,8.0,-5.890579462051392,0.0
window12,123,1,2019,2008,2019,2020,2019,annual,3.4885525703430176,7.0,-3.5114474296569824,0.0
window12,123,1,2019,2008,2019,2020,2019,answering,0.09765354543924332,0.0,0.09765354543924332,0.0
window12,123,1,2019,2008,2019,2020,2019,antecedents,7.696098327636719,34.0,-17.30390167236328,9.0
window12,123,1,2019,2008,2019,2020,2019,anxiety,3.4885525703430176,11.0,-3.5114474296569824,4.0
window12,123,1,2019,2008,2019,2020,2019,applications,17.216903686523438,124.0,-85.78309631347656,21.0
window12,123,1,2019,2008,2019,2020,2019,applications in,12.78219223022461,62.0,-41.21780776977539,8.0
window12,123,1,2019,2008,2019,2020,2019,applications of,8.043505668640137,41.0,-17.956494331359863,15.0
window12,123,1,2019,2008,2019,2020,2019,applied,3.843928813934326,15.0,-15.156071186065674,-4.0
window12,123,3,2019,2008,2019,2022,2019,21st century,10.788061141967773,52.0,-21.211938858032227,20.0
window12,123,3,2019,2008,2019,2022,2019,3d laser,9.25947380065918,41.0,-28.74052619934082,3.0
window12,123,3,2019,2008,2019,2022,2019,3d laser scanning,7.592517852783203,41.0,-22.407482147216797,11.0
window12,123,3,2019,2008,2019,2022,2019,3d modeling,1.5017669200897217,0.0,-7.498233079910278,-9.0
window12,123,3,2019,2008,2019,2022,2019,3d modelling,4.392544269561768,9.0,-4.607455730438232,0.0
window12,123,3,2019,2008,2019,2022,2019,3d models,6.214000701904297,29.0,-25.785999298095703,-3.0
window12,123,3,2019,2008,2019,2022,2019,3d printing,1.5711846351623535,40.0,-7.4288153648376465,31.0
window12,123,3,2019,2008,2019,2022,2019,3d scanning,7.911872386932373,36.0,-22.088127613067627,6.0
window12,123,3,2019,2008,2019,2022,2019,abroad,8.622947692871094,17.0,-21.377052307128906,-13.0
window12,123,3,2019,2008,2019,2022,2019,acceptance,6.547928333282471,9.0,-30.45207166671753,-28.0
window12,123,3,2019,2008,2019,2022,2019,access,5.751982688903809,53.0,-58.24801731109619,-11.0
window12,123,3,2019,2008,2019,2022,2019,accessible,2.2608425617218018,12.0,-3.7391574382781982,6.0
window12,123,3,2019,2008,2019,2022,2019,accuracy,0.3218477666378021,6.0,0.3218477666378021,6.0
window12,123,3,2019,2008,2019,2022,2019,accurate,3.066795825958252,12.0,-6.933204174041748,2.0
window12,123,3,2019,2008,2019,2022,2019,achieving,2.100897789001465,34.0,-11.899102210998535,20.0
window12,123,3,2019,2008,2019,2022,2019,acknowledgements,1.5566705465316772,6.0,-3.4433294534683228,1.0
window12,123,3,2019,2008,2019,2022,2019,acquisition,0.3218477666378021,9.0,0.3218477666378021,9.0
window12,123,3,2019,2008,2019,2022,2019,action,11.707568168640137,281.0,-245.29243183135986,24.0
window12,123,3,2019,2008,2019,2022,2019,activism,1.2075865268707275,15.0,-4.7924134731292725,9.0
window12,123,3,2019,2008,2019,2022,2019,activities,10.903396606445312,40.0,-23.096603393554688,6.0
window12,123,3,2019,2008,2019,2022,2019,activity,12.279480934143066,29.0,-32.720519065856934,-16.0
window12,123,3,2019,2008,2019,2022,2019,adaptation,4.77119779586792,20.0,-21.22880220413208,-6.0
window12,123,3,2019,2008,2019,2022,2019,adaptive,8.38242244720459,18.0,-12.61757755279541,-3.0
window12,123,3,2019,2008,2019,2022,2019,addressing,2.9636707305908203,8.0,-6.03632926940918,-1.0
window12,123,3,2019,2008,2019,2022,2019,aden,2.7411324977874756,0.0,-5.258867502212524,-8.0
window12,123,3,2019,2008,2019,2022,2019,adoption,10.576547622680664,37.0,-23.423452377319336,3.0
window12,123,3,2019,2008,2019,2022,2019,adults,0.3218477666378021,0.0,0.3218477666378021,0.0
window12,123,3,2019,2008,2019,2022,2019,advanced,12.498793601989746,30.0,-21.501206398010254,-4.0
window12,123,3,2019,2008,2019,2022,2019,advances,10.240239143371582,49.0,-21.759760856628418,17.0
window12,123,3,2019,2008,2019,2022,2019,advances in,5.819472789764404,20.0,-10.180527210235596,4.0
window12,123,3,2019,2008,2019,2022,2019,advancing,1.8710144758224487,18.0,-7.128985524177551,9.0
window12,123,3,2019,2008,2019,2022,2019,advantages,0.3218477666378021,0.0,0.3218477666378021,0.0
window12,123,3,2019,2008,2019,2022,2019,advertising,3.176363468170166,32.0,-6.823636531829834,22.0
window12,123,3,2019,2008,2019,2022,2019,africa,26.161685943603516,242.0,-192.83831405639648,23.0
window12,123,3,2019,2008,2019,2022,2019,african,7.918571949005127,51.0,-41.08142805099487,2.0
window12,123,3,2019,2008,2019,2022,2019,afterword,3.1631839275360107,1.0,-7.836816072463989,-10.0
window12,123,3,2019,2008,2019,2022,2019,against,4.454292297363281,11.0,-13.545707702636719,-7.0
window12,123,3,2019,2008,2019,2022,2019,age of,19.00794219970703,143.0,-99.99205780029297,24.0
window12,123,3,2019,2008,2019,2022,2019,agencies,2.9636707305908203,9.0,-6.03632926940918,0.0
window12,123,3,2019,2008,2019,2022,2019,agenda,16.550960540771484,149.0,-35.449039459228516,97.0
window12,123,3,2019,2008,2019,2022,2019,agentic,0.3218477666378021,0.0,0.3218477666378021,0.0
window12,123,3,2019,2008,2019,2022,2019,agents,3.240954875946045,23.0,-20.759045124053955,-1.0
window12,123,3,2019,2008,2019,2022,2019,agricultural,7.6828765869140625,30.0,-12.317123413085938,10.0
window12,123,3,2019,2008,2019,2022,2019,ai chatbot,0.3218477666378021,7.0,0.3218477666378021,7.0
window12,123,3,2019,2008,2019,2022,2019,ai in,1.5224692821502686,49.0,-7.4775307178497314,40.0
window12,123,3,2019,2008,2019,2022,2019,ai on,0.3218477666378021,0.0,0.3218477666378021,0.0
window12,123,3,2019,2008,2019,2022,2019,ai-driven,0.3218477666378021,0.0,0.3218477666378021,0.0
window12,123,3,2019,2008,2019,2022,2019,ai-enabled,0.3218477666378021,6.0,0.3218477666378021,6.0
window12,123,3,2019,2008,2019,2022,2019,ai-generated,0.3218477666378021,16.0,0.3218477666378021,16.0
window12,123,3,2019,2008,2019,2022,2019,ai-generated content,0.3218477666378021,0.0,0.3218477666378021,0.0
window12,123,3,2019,2008,2019,2022,2019,ai-powered,0.3218477666378021,0.0,0.3218477666378021,0.0
window12,123,3,2019,2008,2019,2022,2019,ai伦理,4.37811279296875,27.0,-2.62188720703125,20.0
window12,123,3,2019,2008,2019,2022,2019,al jazeera,24.699552536010742,138.0,-146.30044746398926,-33.0
window12,123,3,2019,2008,2019,2022,2019,al jazeera and,12.434806823730469,26.0,-24.56519317626953,-11.0
window12,123,3,2019,2008,2019,2022,2019,al jazeera english,0.3218477666378021,16.0,0.3218477666378021,16.0
window12,123,3,2019,2008,2019,2022,2019,al-jazeera,3.253303050994873,17.0,-31.746696949005127,-18.0
window12,123,3,2019,2008,2019,2022,2019,aleppo,0.3218477666378021,0.0,0.3218477666378021,0.0
window12,123,3,2019,2008,2019,2022,2019,algorithmic,7.69942045211792,18.0,-7.30057954788208,3.0
window12,123,3,2019,2008,2019,2022,2019,algorithms,6.434594631195068,57.0,-8.565405368804932,42.0
window12,123,3,2019,2008,2019,2022,2019,alignment,5.339313983917236,15.0,-3.6606860160827637,6.0
window12,123,3,2019,2008,2019,2022,2019,along,6.794057846069336,32.0,-9.205942153930664,16.0
window12,123,3,2019,2008,2019,2022,2019,along the silk,0.3218477666378021,15.0,0.3218477666378021,15.0
window12,123,3,2019,2008,2019,2022,2019,alternative,4.187386989593506,48.0,-32.812613010406494,11.0
window12,123,3,2019,2008,2019,2022,2019,america,17.54199981689453,139.0,-99.45800018310547,22.0
window12,123,3,2019,2008,2019,2022,2019,american,6.838667869567871,55.0,-82.16133213043213,-34.0
window12,123,3,2019,2008,2019,2022,2019,an empirical,2.5229814052581787,24.0,-15.477018594741821,6.0
window12,123,3,2019,2008,2019,2022,2019,an empirical study,0.3218477666378021,7.0,0.3218477666378021,7.0
window12,123,3,2019,2008,2019,2022,2019,an example,4.868587493896484,22.0,-3.1314125061035156,14.0
window12,123,3,2019,2008,2019,2022,2019,an exploratory,9.512042045593262,49.0,-21.48795795440674,18.0
window12,123,3,2019,2008,2019,2022,2019,an exploratory study,9.512042045593262,49.0,-21.48795795440674,18.0
window12,123,3,2019,2008,2019,2022,2019,an immersive,2.5074126720428467,8.0,-4.492587327957153,1.0
window12,123,3,2019,2008,2019,2022,2019,an integrated,0.3218477666378021,8.0,0.3218477666378021,8.0
window12,123,3,2019,2008,2019,2022,2019,an introduction,5.837424278259277,27.0,-8.162575721740723,13.0
window12,123,3,2019,2008,2019,2022,2019,an investigation,4.207969665527344,0.0,-11.792030334472656,-16.0
window12,123,3,2019,2008,2019,2022,2019,an overview,1.5711846351623535,31.0,-7.4288153648376465,22.0
window12,123,3,2019,2008,2019,2022,2019,an overview of,2.4671833515167236,31.0,-15.532816648483276,13.0
window12,123,3,2019,2008,2019,2022,2019,analyses,2.7195637226104736,13.0,-11.280436277389526,-1.0
window12,123,3,2019,2008,2019,2022,2019,analytic hierarchy process,0.3218477666378021,0.0,0.3218477666378021,0.0
window12,123,3,2019,2008,2019,2022,2019,analytical,0.3218477666378021,0.0,0.3218477666378021,0.0
window12,123,3,2019,2008,2019,2022,2019,analytics,9.943761825561523,37.0,-35.05623817443848,-8.0
window12,123,3,2019,2008,2019,2022,2019,analyzing,0.9831555485725403,20.0,-4.01684445142746,15.0
window12,123,3,2019,2008,2019,2022,2019,ancient,4.383709907531738,72.0,-43.61629009246826,24.0
window12,123,3,2019,2008,2019,2022,2019,ancient city,0.3218477666378021,0.0,0.3218477666378021,0.0
window12,123,3,2019,2008,2019,2022,2019,and al jazeera,3.5077972412109375,27.0,-24.492202758789062,-1.0
window12,123,3,2019,2008,2019,2022,2019,and disaster risk,3.865983486175537,6.0,-2.134016513824463,0.0
window12,123,3,2019,2008,2019,2022,2019,and future directions,4.207969665527344,25.0,-11.792030334472656,9.0
window12,123,3,2019,2008,2019,2022,2019,and generative ai,0.3218477666378021,0.0,0.3218477666378021,0.0
window12,123,3,2019,2008,2019,2022,2019,and nation branding,0.3218477666378021,8.0,0.3218477666378021,8.0
window12,123,3,2019,2008,2019,2022,2019,and place branding,2.7411324977874756,13.0,-5.258867502212524,5.0
window12,123,3,2019,2008,2019,2022,2019,and the future,2.9636707305908203,17.0,-6.03632926940918,8.0
window12,123,3,2019,2008,2019,2022,2019,and the future of,2.9636707305908203,17.0,-6.03632926940918,8.0
window12,123,3,2019,2008,2019,2022,2019,and user-generated content,2.7411324977874756,8.0,-5.258867502212524,0.0
window12,123,3,2019,2008,2019,2022,2019,annual,4.37811279296875,7.0,-2.62188720703125,0.0
window12,123,3,2019,2008,2019,2022,2019,answering,0.3218477666378021,8.0,0.3218477666378021,8.0
window12,123,3,2019,2008,2019,2022,2019,antecedents,9.103443145751953,50.0,-15.896556854248047,25.0
window12,123,3,2019,2008,2019,2022,2019,anxiety,4.37811279296875,20.0,-2.62188720703125,13.0
window12,123,3,2019,2008,2019,2022,2019,applications,18.49073028564453,209.0,-84.50926971435547,106.0
window12,123,3,2019,2008,2019,2022,2019,applications in,14.322359085083008,69.0,-39.67764091491699,15.0
window12,123,3,2019,2008,2019,2022,2019,applications of,9.478678703308105,49.0,-16.521321296691895,23.0
window12,123,3,2019,2008,2019,2022,2019,applied,4.781800270080566,31.0,-14.218199729919434,12.0
window12,123,5,2019,2008,2019,2024,2019,21st century,10.829231262207031,36.0,-21.17076873779297,4.0
window12,123,5,2019,2008,2019,2024,2019,3d laser,9.538071632385254,31.0,-28.461928367614746,-7.0
window12,123,5,2019,2008,2019,2024,2019,3d laser scanning,8.070878028869629,31.0,-21.92912197113037,1.0
window12,123,5,2019,2008,2019,2024,2019,3d modeling,1.966261625289917,22.0,-7.033738374710083,13.0
window12,123,5,2019,2008,2019,2024,2019,3d modelling,5.035871982574463,4.0,-3.964128017425537,-5.0
window12,123,5,2019,2008,2019,2024,2019,3d models,6.798110008239746,13.0,-25.201889991760254,-19.0
window12,123,5,2019,2008,2019,2024,2019,3d printing,2.0444459915161133,50.0,-6.955554008483887,41.0
window12,123,5,2019,2008,2019,2024,2019,3d scanning,8.35712718963623,31.0,-21.64287281036377,1.0
window12,123,5,2019,2008,2019,2024,2019,abroad,8.98501968383789,18.0,-21.01498031616211,-12.0
window12,123,5,2019,2008,2019,2024,2019,acceptance,7.1100873947143555,40.0,-29.889912605285645,3.0
window12,123,5,2019,2008,2019,2024,2019,access,6.355386257171631,38.0,-57.64461374282837,-26.0
window12,123,5,2019,2008,2019,2024,2019,accessible,2.8094406127929688,12.0,-3.1905593872070312,6.0
window12,123,5,2019,2008,2019,2024,2019,accuracy,0.5949230790138245,23.0,0.5949230790138245,23.0
window12,123,5,2019,2008,2019,2024,2019,accurate,3.6730258464813232,12.0,-6.326974153518677,2.0
window12,123,5,2019,2008,2019,2024,2019,achieving,2.632713556289673,47.0,-11.367286443710327,33.0
window12,123,5,2019,2008,2019,2024,2019,acknowledgements,2.029569625854492,5.0,-2.970430374145508,0.0
window12,123,5,2019,2008,2019,2024,2019,acquisition,0.5949230790138245,9.0,0.5949230790138245,9.0
window12,123,5,2019,2008,2019,2024,2019,action,11.559804916381836,350.0,-245.44019508361816,93.0
window12,123,5,2019,2008,2019,2024,2019,activism,1.6321102380752563,15.0,-4.367889761924744,9.0
window12,123,5,2019,2008,2019,2024,2019,activities,10.923614501953125,52.0,-23.076385498046875,18.0
window12,123,5,2019,2008,2019,2024,2019,activity,12.039371490478516,37.0,-32.960628509521484,-8.0
window12,123,5,2019,2008,2019,2024,2019,adaptation,5.408302307128906,29.0,-20.591697692871094,3.0
window12,123,5,2019,2008,2019,2024,2019,adaptive,8.775157928466797,18.0,-12.224842071533203,-3.0
window12,123,5,2019,2008,2019,2024,2019,addressing,3.5641751289367676,17.0,-5.435824871063232,8.0
window12,123,5,2019,2008,2019,2024,2019,aden,3.327651262283325,1.0,-4.672348737716675,-7.0
window12,123,5,2019,2008,2019,2024,2019,adoption,10.651895523071289,53.0,-23.34810447692871,19.0
window12,123,5,2019,2008,2019,2024,2019,adults,0.5949230790138245,0.0,0.5949230790138245,0.0
window12,123,5,2019,2008,2019,2024,2019,advanced,12.216939926147461,23.0,-21.78306007385254,-11.0
window12,123,5,2019,2008,2019,2024,2019,advances,10.372055053710938,52.0,-21.627944946289062,20.0
window12,123,5,2019,2008,2019,2024,2019,advances in,6.428208827972412,31.0,-9.571791172027588,15.0
window12,123,5,2019,2008,2019,2024,2019,advancing,2.3796322345733643,40.0,-6.620367765426636,31.0
window12,123,5,2019,2008,2019,2024,2019,advantages,0.5949230790138245,26.0,0.5949230790138245,26.0
window12,123,5,2019,2008,2019,2024,2019,advertising,3.7881996631622314,50.0,-6.2118003368377686,40.0
window12,123,5,2019,2008,2019,2024,2019,africa,21.773008346557617,242.0,-197.22699165344238,23.0
window12,123,5,2019,2008,2019,2024,2019,african,8.357734680175781,50.0,-40.64226531982422,1.0
window12,123,5,2019,2008,2019,2024,2019,afterword,3.7743453979492188,13.0,-7.225654602050781,2.0
window12,123,5,2019,2008,2019,2024,2019,against,5.095108985900879,18.0,-12.904891014099121,0.0
window12,123,5,2019,2008,2019,2024,2019,age of,17.05386734008789,130.0,-101.94613265991211,11.0
window12,123,5,2019,2008,2019,2024,2019,agencies,3.5641751289367676,17.0,-5.435824871063232,8.0
window12,123,5,2019,2008,2019,2024,2019,agenda,15.30386734008789,160.0,-36.69613265991211,108.0
window12,123,5,2019,2008,2019,2024,2019,agentic,0.5949230790138245,0.0,0.5949230790138245,0.0
window12,123,5,2019,2008,2019,2024,2019,agents,3.853163480758667,45.0,-20.146836519241333,21.0
window12,123,5,2019,2008,2019,2024,2019,agricultural,8.152210235595703,26.0,-11.847789764404297,6.0
window12,123,5,2019,2008,2019,2024,2019,ai chatbot,0.5949230790138245,41.0,0.5949230790138245,41.0
window12,123,5,2019,2008,2019,2024,2019,ai in,1.989545226097107,157.0,-7.010454773902893,148.0
window12,123,5,2019,2008,2019,2024,2019,ai on,0.5949230790138245,15.0,0.5949230790138245,15.0
window12,123,5,2019,2008,2019,2024,2019,ai-driven,0.5949230790138245,30.0,0.5949230790138245,30.0
window12,123,5,2019,2008,2019,2024,2019,ai-enabled,0.5949230790138245,6.0,0.5949230790138245,6.0
window12,123,5,2019,2008,2019,2024,2019,ai-generated,0.5949230790138245,33.0,0.5949230790138245,33.0
window12,123,5,2019,2008,2019,2024,2019,ai-generated content,0.5949230790138245,24.0,0.5949230790138245,24.0
window12,123,5,2019,2008,2019,2024,2019,ai-powered,0.5949230790138245,8.0,0.5949230790138245,8.0
window12,123,5,2019,2008,2019,2024,2019,ai伦理,5.021810531616211,20.0,-1.978189468383789,13.0
window12,123,5,2019,2008,2019,2024,2019,al jazeera,20.8552303314209,48.0,-150.1447696685791,-123.0
window12,123,5,2019,2008,2019,2024,2019,al jazeera and,12.166357040405273,0.0,-24.833642959594727,-37.0
window12,123,5,2019,2008,2019,2024,2019,al jazeera english,0.5949230790138245,24.0,0.5949230790138245,24.0
window12,123,5,2019,2008,2019,2024,2019,al-jazeera,3.8657588958740234,9.0,-31.134241104125977,-26.0
window12,123,5,2019,2008,2019,2024,2019,aleppo,0.5949230790138245,9.0,0.5949230790138245,9.0
window12,123,5,2019,2008,2019,2024,2019,algorithmic,8.168503761291504,3.0,-6.831496238708496,-12.0
window12,123,5,2019,2008,2019,2024,2019,algorithms,7.008782386779785,71.0,-7.991217613220215,56.0
window12,123,5,2019,2008,2019,2024,2019,alignment,5.9683756828308105,6.0,-3.0316243171691895,-3.0
window12,123,5,2019,2008,2019,2024,2019,along,7.342901706695557,52.0,-8.657098293304443,36.0
window12,123,5,2019,2008,2019,2024,2019,along the silk,0.5949230790138245,29.0,0.5949230790138245,29.0
window12,123,5,2019,2008,2019,2024,2019,alternative,4.823807239532471,36.0,-32.17619276046753,-1.0
window12,123,5,2019,2008,2019,2024,2019,america,16.014585494995117,138.0,-100.98541450500488,21.0
window12,123,5,2019,2008,2019,2024,2019,american,7.373744010925293,57.0,-81.6262559890747,-32.0
window12,123,5,2019,2008,2019,2024,2019,an empirical,3.091480255126953,15.0,-14.908519744873047,-3.0
window12,123,5,2019,2008,2019,2024,2019,an empirical study,0.5949230790138245,7.0,0.5949230790138245,7.0
window12,123,5,2019,2008,2019,2024,2019,an example,5.508848190307617,29.0,-2.491151809692383,21.0
window12,123,5,2019,2008,2019,2024,2019,an exploratory,9.754435539245605,26.0,-21.245564460754395,-5.0
window12,123,5,2019,2008,2019,2024,2019,an exploratory study,9.754435539245605,26.0,-21.245564460754395,-5.0
window12,123,5,2019,2008,2019,2024,2019,an immersive,3.076824903488159,8.0,-3.923175096511841,1.0
window12,123,5,2019,2008,2019,2024,2019,an integrated,0.5949230790138245,16.0,0.5949230790138245,16.0
window12,123,5,2019,2008,2019,2024,2019,an introduction,6.445636749267578,28.0,-7.554363250732422,14.0
window12,123,5,2019,2008,2019,2024,2019,an investigation,4.848160743713379,7.0,-11.151839256286621,-9.0
window12,123,5,2019,2008,2019,2024,2019,an overview,2.0444459915161133,76.0,-6.955554008483887,67.0
window12,123,5,2019,2008,2019,2024,2019,an overview of,3.0313103199005127,67.0,-14.968689680099487,49.0
window12,123,5,2019,2008,2019,2024,2019,analyses,3.303224563598633,13.0,-10.696775436401367,-1.0
window12,123,5,2019,2008,2019,2024,2019,analytic hierarchy process,0.5949230790138245,0.0,0.5949230790138245,0.0
window12,123,5,2019,2008,2019,2024,2019,analytical,0.5949230790138245,32.0,0.5949230790138245,32.0
window12,123,5,2019,2008,2019,2024,2019,analytics,10.119034767150879,45.0,-34.88096523284912,0.0
window12,123,5,2019,2008,2019,2024,2019,analyzing,1.3737646341323853,53.0,-3.6262353658676147,48.0
window12,123,5,2019,2008,2019,2024,2019,ancient,5.019926071166992,76.0,-42.98007392883301,28.0
window12,123,5,2019,2008,2019,2024,2019,ancient city,0.5949230790138245,17.0,0.5949230790138245,17.0
window12,123,5,2019,2008,2019,2024,2019,and al jazeera,4.130892753601074,16.0,-23.869107246398926,-12.0
window12,123,5,2019,2008,2019,2024,2019,and disaster risk,4.503786563873291,38.0,-1.496213436126709,32.0
window12,123,5,2019,2008,2019,2024,2019,and future directions,4.848160743713379,43.0,-11.151839256286621,27.0
window12,123,5,2019,2008,2019,2024,2019,and generative ai,0.5949230790138245,25.0,0.5949230790138245,25.0
window12,123,5,2019,2008,2019,2024,2019,and nation branding,0.5949230790138245,8.0,0.5949230790138245,8.0
window12,123,5,2019,2008,2019,2024,2019,and place branding,3.327651262283325,13.0,-4.672348737716675,5.0
window12,123,5,2019,2008,2019,2024,2019,and the future,3.5641751289367676,31.0,-5.435824871063232,22.0
window12,123,5,2019,2008,2019,2024,2019,and the future of,3.5641751289367676,31.0,-5.435824871063232,22.0
window12,123,5,2019,2008,2019,2024,2019,and user-generated content,3.327651262283325,16.0,-4.672348737716675,8.0
window12,123,5,2019,2008,2019,2024,2019,annual,5.021810531616211,16.0,-1.978189468383789,9.0
window12,123,5,2019,2008,2019,2024,2019,answering,0.5949230790138245,8.0,0.5949230790138245,8.0
window12,123,5,2019,2008,2019,2024,2019,antecedents,9.40406608581543,25.0,-15.59593391418457,0.0
window12,123,5,2019,2008,2019,2024,2019,anxiety,5.021810531616211,19.0,-1.978189468383789,12.0
window12,123,5,2019,2008,2019,2024,2019,applications,16.69226837158203,167.0,-86.30773162841797,64.0
window12,123,5,2019,2008,2019,2024,2019,applications in,13.636486053466797,49.0,-40.3635139465332,-5.0
window12,123,5,2019,2008,2019,2024,2019,applications of,9.727193832397461,45.0,-16.27280616760254,19.0
window12,123,5,2019,2008,2019,2024,2019,applied,5.420060157775879,52.0,-13.579939842224121,33.0
window12,2026,1,2019,2008,2019,2020,2019,21st century,8.802489280700684,44.0,-23.197510719299316,12.0
window12,2026,1,2019,2008,2019,2020,2019,3d laser,7.3868889808654785,46.0,-30.61311101913452,8.0
window12,2026,1,2019,2008,2019,2020,2019,3d laser scanning,6.001110553741455,38.0,-23.998889446258545,8.0
window12,2026,1,2019,2008,2019,2020,2019,3d modeling,1.0334441661834717,3.0,-7.966555833816528,-6.0
window12,2026,1,2019,2008,2019,2020,2019,3d modelling,3.5631351470947266,9.0,-5.436864852905273,0.0
window12,2026,1,2019,2008,2019,2020,2019,3d models,4.941279888153076,32.0,-27.058720111846924,0.0
window12,2026,1,2019,2008,2019,2020,2019,3d printing,1.086451768875122,17.0,-7.913548231124878,8.0
window12,2026,1,2019,2008,2019,2020,2019,3d scanning,6.306342601776123,39.0,-23.693657398223877,9.0
window12,2026,1,2019,2008,2019,2020,2019,abroad,6.9716691970825195,8.0,-23.02833080291748,-22.0
window12,2026,1,2019,2008,2019,2020,2019,acceptance,5.201927185058594,22.0,-31.798072814941406,-15.0
window12,2026,1,2019,2008,2019,2020,2019,access,4.437254428863525,64.0,-59.562745571136475,0.0
window12,2026,1,2019,2008,2019,2020,2019,accessible,1.7442923784255981,6.0,-4.255707621574402,0.0
window12,2026,1,2019,2008,2019,2020,2019,accuracy,0.09673082083463669,0.0,0.09673082083463669,0.0
window12,2026,1,2019,2008,2019,2020,2019,accurate,2.4120230674743652,10.0,-7.587976932525635,0.0
window12,2026,1,2019,2008,2019,2020,2019,achieving,1.524423599243164,39.0,-12.475576400756836,25.0
window12,2026,1,2019,2008,2019,2020,2019,acknowledgements,1.1365896463394165,5.0,-3.8634103536605835,0.0
window12,2026,1,2019,2008,2019,2020,2019,acquisition,0.09673082083463669,0.0,0.09673082083463669,0.0
window12,2026,1,2019,2008,2019,2020,2019,action,9.105353355407715,263.0,-247.89464664459229,6.0
window12,2026,1,2019,2008,2019,2020,2019,activism,0.7909467816352844,10.0,-5.209053218364716,4.0
window12,2026,1,2019,2008,2019,2020,2019,activities,8.909056663513184,47.0,-25.090943336486816,13.0
window12,2026,1,2019,2008,2019,2020,2019,activity,10.03085708618164,37.0,-34.96914291381836,-8.0
window12,2026,1,2019,2008,2019,2020,2019,adaptation,3.7539219856262207,24.0,-22.24607801437378,-2.0
window12,2026,1,2019,2008,2019,2020,2019,adaptive,6.869531631469727,12.0,-14.130468368530273,-9.0
window12,2026,1,2019,2008,2019,2020,2019,addressing,2.3282203674316406,9.0,-6.671779632568359,0.0
window12,2026,1,2019,2008,2019,2020,2019,aden,2.1443324089050293,8.0,-5.855667591094971,0.0
window12,2026,1,2019,2008,2019,2020,2019,adoption,8.639622688293457,46.0,-25.360377311706543,12.0
window12,2026,1,2019,2008,2019,2020,2019,adults,0.09673082083463669,0.0,0.09673082083463669,0.0
window12,2026,1,2019,2008,2019,2020,2019,advanced,10.349714279174805,34.0,-23.650285720825195,0.0
window12,2026,1,2019,2008,2019,2020,2019,advances,8.3319673538208,44.0,-23.6680326461792,12.0
window12,2026,1,2019,2008,2019,2020,2019,advances in,4.708469867706299,16.0,-11.291530132293701,0.0
window12,2026,1,2019,2008,2019,2020,2019,advancing,1.356524109840393,18.0,-7.643475890159607,9.0
window12,2026,1,2019,2008,2019,2020,2019,advantages,0.09673082083463669,0.0,0.09673082083463669,0.0
window12,2026,1,2019,2008,2019,2020,2019,advertising,2.5031814575195312,8.0,-7.496818542480469,-2.0
window12,2026,1,2019,2008,2019,2020,2019,africa,21.940879821777344,227.0,-197.05912017822266,8.0
window12,2026,1,2019,2008,2019,2020,2019,african,6.2886881828308105,60.0,-42.71131181716919,11.0
window12,2026,1,2019,2008,2019,2020,2019,afterword,2.489933967590332,11.0,-8.510066032409668,0.0
window12,2026,1,2019,2008,2019,2020,2019,against,3.53898024559021,18.0,-14.46101975440979,0.0
window12,2026,1,2019,2008,2019,2020,2019,age of,15.560856819152832,178.0,-103.43914318084717,59.0
window12,2026,1,2019,2008,2019,2020,2019,agencies,2.3282203674316406,18.0,-6.671779632568359,9.0
window12,2026,1,2019,2008,2019,2020,2019,agenda,13.857016563415527,81.0,-38.14298343658447,29.0
window12,2026,1,2019,2008,2019,2020,2019,agentic,0.09673082083463669,0.0,0.09673082083463669,0.0
window12,2026,1,2019,2008,2019,2020,2019,agents,2.4507906436920166,32.0,-21.549209356307983,8.0
window12,2026,1,2019,2008,2019,2020,2019,agricultural,6.2706499099731445,29.0,-13.729350090026855,9.0
window12,2026,1,2019,2008,2019,2020,2019,ai chatbot,0.09673082083463669,0.0,0.09673082083463669,0.0
window12,2026,1,2019,2008,2019,2020,2019,ai in,1.0424712896347046,27.0,-7.957528710365295,18.0
window12,2026,1,2019,2008,2019,2020,2019,ai on,0.09673082083463669,0.0,0.09673082083463669,0.0
window12,2026,1,2019,2008,2019,2020,2019,ai-driven,0.09673082083463669,0.0,0.09673082083463669,0.0
window12,2026,1,2019,2008,2019,2020,2019,ai-enabled,0.09673082083463669,6.0,0.09673082083463669,6.0
window12,2026,1,2019,2008,2019,2020,2019,ai-generated,0.09673082083463669,0.0,0.09673082083463669,0.0
window12,2026,1,2019,2008,2019,2020,2019,ai-generated content,0.09673082083463669,0.0,0.09673082083463669,0.0
window12,2026,1,2019,2008,2019,2020,2019,ai-powered,0.09673082083463669,0.0,0.09673082083463669,0.0
window12,2026,1,2019,2008,2019,2020,2019,ai伦理,3.5908360481262207,18.0,-3.4091639518737793,11.0
window12,2026,1,2019,2008,2019,2020,2019,al jazeera,20.57269859313965,181.0,-150.42730140686035,10.0
window12,2026,1,2019,2008,2019,2020,2019,al jazeera and,10.202356338500977,28.0,-26.797643661499023,-9.0
window12,2026,1,2019,2008,2019,2020,2019,al jazeera english,0.09673082083463669,8.0,0.09673082083463669,8.0
window12,2026,1,2019,2008,2019,2020,2019,al-jazeera,2.4871609210968018,33.0,-32.5128390789032,-2.0
window12,2026,1,2019,2008,2019,2020,2019,aleppo,0.09673082083463669,0.0,0.09673082083463669,0.0
window12,2026,1,2019,2008,2019,2020,2019,algorithmic,6.362297058105469,18.0,-8.637702941894531,3.0
window12,2026,1,2019,2008,2019,2020,2019,algorithms,5.25670051574707,40.0,-9.74329948425293,25.0
window12,2026,1,2019,2008,2019,2020,2019,alignment,4.399046421051025,9.0,-4.600953578948975,0.0
window12,2026,1,2019,2008,2019,2020,2019,along,5.5441060066223145,16.0,-10.455893993377686,0.0
window12,2026,1,2019,2008,2019,2020,2019,along the silk,0.09673082083463669,0.0,0.09673082083463669,0.0
window12,2026,1,2019,2008,2019,2020,2019,alternative,3.2114412784576416,55.0,-33.78855872154236,18.0
window12,2026,1,2019,2008,2019,2020,2019,america,14.241683959960938,165.0,-102.75831604003906,48.0
window12,2026,1,2019,2008,2019,2020,2019,american,5.328927516937256,103.0,-83.67107248306274,14.0
window12,2026,1,2019,2008,2019,2020,2019,an empirical,1.8679029941558838,17.0,-16.132097005844116,-1.0
window12,2026,1,2019,2008,2019,2020,2019,an empirical study,0.09673082083463669,0.0,0.09673082083463669,0.0
window12,2026,1,2019,2008,2019,2020,2019,an example,4.003786087036133,8.0,-3.996213912963867,0.0
window12,2026,1,2019,2008,2019,2020,2019,an exploratory,7.730868816375732,32.0,-23.269131183624268,1.0
window12,2026,1,2019,2008,2019,2020,2019,an exploratory study,7.730868816375732,32.0,-23.269131183624268,1.0
window12,2026,1,2019,2008,2019,2020,2019,an immersive,1.9502259492874146,0.0,-5.0497740507125854,-7.0
window12,2026,1,2019,2008,2019,2020,2019,an integrated,0.09673082083463669,8.0,0.09673082083463669,8.0
window12,2026,1,2019,2008,2019,2020,2019,an introduction,4.750636100769043,19.0,-9.249363899230957,5.0
window12,2026,1,2019,2008,2019,2020,2019,an investigation,3.3415091037750244,16.0,-12.658490896224976,0.0
window12,2026,1,2019,2008,2019,2020,2019,an overview,1.086451768875122,14.0,-7.913548231124878,5.0
window12,2026,1,2019,2008,2019,2020,2019,an overview of,1.8255295753479004,14.0,-16.1744704246521,-4.0
window12,2026,1,2019,2008,2019,2020,2019,analyses,2.063002347946167,18.0,-11.936997652053833,4.0
window12,2026,1,2019,2008,2019,2020,2019,analytic hierarchy process,0.09673082083463669,0.0,0.09673082083463669,0.0
window12,2026,1,2019,2008,2019,2020,2019,analytical,0.09673082083463669,0.0,0.09673082083463669,0.0
window12,2026,1,2019,2008,2019,2020,2019,analytics,8.002141952514648,58.0,-36.99785804748535,13.0
window12,2026,1,2019,2008,2019,2020,2019,analyzing,0.5994786024093628,5.0,-4.400521397590637,0.0
window12,2026,1,2019,2008,2019,2020,2019,ancient,3.3480098247528076,66.0,-44.65199017524719,18.0
window12,2026,1,2019,2008,2019,2020,2019,ancient city,0.09673082083463669,0.0,0.09673082083463669,0.0
window12,2026,1,2019,2008,2019,2020,2019,and al jazeera,2.693148374557495,36.0,-25.306851625442505,8.0
window12,2026,1,2019,2008,2019,2020,2019,and disaster risk,3.1579973697662354,6.0,-2.8420026302337646,0.0
window12,2026,1,2019,2008,2019,2020,2019,and future directions,3.3415091037750244,25.0,-12.658490896224976,9.0
window12,2026,1,2019,2008,2019,2020,2019,and generative ai,0.09673082083463669,0.0,0.09673082083463669,0.0
window12,2026,1,2019,2008,2019,2020,2019,and nation branding,0.09673082083463669,0.0,0.09673082083463669,0.0
window12,2026,1,2019,2008,2019,2020,2019,and place branding,2.1443324089050293,5.0,-5.855667591094971,-3.0
window12,2026,1,2019,2008,2019,2020,2019,and the future,2.3282203674316406,9.0,-6.671779632568359,0.0
window12,2026,1,2019,2008,2019,2020,2019,and the future of,2.3282203674316406,9.0,-6.671779632568359,0.0
window12,2026,1,2019,2008,2019,2020,2019,and user-generated content,2.1443324089050293,8.0,-5.855667591094971,0.0
window12,2026,1,2019,2008,2019,2020,2019,annual,3.5908360481262207,7.0,-3.4091639518737793,0.0
window12,2026,1,2019,2008,2019,2020,2019,answering,0.09673082083463669,0.0,0.09673082083463669,0.0
window12,2026,1,2019,2008,2019,2020,2019,antecedents,7.445774555206299,34.0,-17.5542254447937,9.0
window12,2026,1,2019,2008,2019,2020,2019,anxiety,3.5908360481262207,11.0,-3.4091639518737793,4.0
window12,2026,1,2019,2008,2019,2020,2019,applications,15.160510063171387,124.0,-87.83948993682861,21.0
window12,2026,1,2019,2008,2019,2020,2019,applications in,11.743366241455078,62.0,-42.25663375854492,8.0
window12,2026,1,2019,2008,2019,2020,2019,applications of,7.747760772705078,41.0,-18.252239227294922,15.0
window12,2026,1,2019,2008,2019,2020,2019,applied,3.8041656017303467,15.0,-15.195834398269653,-4.0
window12,2026,3,2019,2008,2019,2022,2019,21st century,9.141663551330566,52.0,-22.858336448669434,20.0
window12,2026,3,2019,2008,2019,2022,2019,3d laser,7.802728176116943,41.0,-30.197271823883057,3.0
window12,2026,3,2019,2008,2019,2022,2019,3d laser scanning,6.455552577972412,41.0,-23.544447422027588,11.0
window12,2026,3,2019,2008,2019,2022,2019,3d modeling,1.3166313171386719,0.0,-7.683368682861328,-9.0
window12,2026,3,2019,2008,2019,2022,2019,3d modelling,3.9923784732818604,9.0,-5.00762152671814,0.0
window12,2026,3,2019,2008,2019,2022,2019,3d models,5.399031639099121,29.0,-26.60096836090088,-3.0
window12,2026,3,2019,2008,2019,2022,2019,3d printing,1.3736693859100342,40.0,-7.626330614089966,31.0
window12,2026,3,2019,2008,2019,2022,2019,3d scanning,6.755894184112549,36.0,-23.24410581588745,6.0
window12,2026,3,2019,2008,2019,2022,2019,abroad,7.404087066650391,17.0,-22.59591293334961,-13.0
window12,2026,3,2019,2008,2019,2022,2019,acceptance,5.660731315612793,9.0,-31.339268684387207,-28.0
window12,2026,3,2019,2008,2019,2022,2019,access,4.887627124786377,53.0,-59.11237287521362,-11.0
window12,2026,3,2019,2008,2019,2022,2019,accessible,2.0784966945648193,12.0,-3.9215033054351807,6.0
window12,2026,3,2019,2008,2019,2022,2019,accuracy,0.2961820065975189,6.0,0.2961820065975189,6.0
window12,2026,3,2019,2008,2019,2022,2019,accurate,2.787334680557251,12.0,-7.212665319442749,2.0
window12,2026,3,2019,2008,2019,2022,2019,achieving,1.843387246131897,34.0,-12.156612753868103,20.0
window12,2026,3,2019,2008,2019,2022,2019,acknowledgements,1.4275771379470825,6.0,-3.5724228620529175,1.0
window12,2026,3,2019,2008,2019,2022,2019,acquisition,0.2961820065975189,9.0,0.2961820065975189,9.0
window12,2026,3,2019,2008,2019,2022,2019,action,9.416036605834961,281.0,-247.58396339416504,24.0
window12,2026,3,2019,2008,2019,2022,2019,activism,1.0551576614379883,15.0,-4.944842338562012,9.0
window12,2026,3,2019,2008,2019,2022,2019,activities,9.240697860717773,40.0,-24.759302139282227,6.0
window12,2026,3,2019,2008,2019,2022,2019,activity,10.270831108093262,29.0,-34.72916889190674,-16.0
window12,2026,3,2019,2008,2019,2022,2019,adaptation,4.188267707824707,20.0,-21.811732292175293,-6.0
window12,2026,3,2019,2008,2019,2022,2019,adaptive,7.3065290451049805,18.0,-13.69347095489502,-3.0
window12,2026,3,2019,2008,2019,2022,2019,addressing,2.6988086700439453,8.0,-6.301191329956055,-1.0
window12,2026,3,2019,2008,2019,2022,2019,aden,2.5040338039398193,0.0,-5.495966196060181,-8.0
window12,2026,3,2019,2008,2019,2022,2019,adoption,8.989617347717285,37.0,-25.010382652282715,3.0
window12,2026,3,2019,2008,2019,2022,2019,adults,0.2961820065975189,0.0,0.2961820065975189,0.0
window12,2026,3,2019,2008,2019,2022,2019,advanced,10.561280250549316,30.0,-23.438719749450684,-4.0
window12,2026,3,2019,2008,2019,2022,2019,advances,8.701201438903809,49.0,-23.29879856109619,17.0
window12,2026,3,2019,2008,2019,2022,2019,advances in,5.165075302124023,20.0,-10.834924697875977,4.0
window12,2026,3,2019,2008,2019,2022,2019,advancing,1.663670539855957,18.0,-7.336329460144043,9.0
window12,2026,3,2019,2008,2019,2022,2019,advantages,0.2961820065975189,0.0,0.2961820065975189,0.0
window12,2026,3,2019,2008,2019,2022,2019,advertising,2.8836138248443604,32.0,-7.11638617515564,22.0
window12,2026,3,2019,2008,2019,2022,2019,africa,20.0135440826416,242.0,-198.9864559173584,23.0
window12,2026,3,2019,2008,2019,2022,2019,african,6.7377495765686035,51.0,-42.2622504234314,2.0
window12,2026,3,2019,2008,2019,2022,2019,afterword,2.8695263862609863,1.0,-8.130473613739014,-10.0
window12,2026,3,2019,2008,2019,2022,2019,against,3.9664034843444824,11.0,-14.033596515655518,-7.0
window12,2026,3,2019,2008,2019,2022,2019,age of,15.039894104003906,143.0,-103.9601058959961,24.0
window12,2026,3,2019,2008,2019,2022,2019,agencies,2.6988086700439453,9.0,-6.301191329956055,0.0
window12,2026,3,2019,2008,2019,2022,2019,agenda,13.62540054321289,149.0,-38.37459945678711,97.0
window12,2026,3,2019,2008,2019,2022,2019,agentic,0.2961820065975189,0.0,0.2961820065975189,0.0
window12,2026,3,2019,2008,2019,2022,2019,agents,2.827845335006714,23.0,-21.172154664993286,-1.0
window12,2026,3,2019,2008,2019,2022,2019,agricultural,6.722533702850342,30.0,-13.277466297149658,10.0
window12,2026,3,2019,2008,2019,2022,2019,ai chatbot,0.2961820065975189,7.0,0.2961820065975189,7.0
window12,2026,3,2019,2008,2019,2022,2019,ai in,1.3263484239578247,49.0,-7.673651576042175,40.0
window12,2026,3,2019,2008,2019,2022,2019,ai on,0.2961820065975189,0.0,0.2961820065975189,0.0
window12,2026,3,2019,2008,2019,2022,2019,ai-driven,0.2961820065975189,0.0,0.2961820065975189,0.0
window12,2026,3,2019,2008,2019,2022,2019,ai-enabled,0.2961820065975189,6.0,0.2961820065975189,6.0
window12,2026,3,2019,2008,2019,2022,2019,ai-generated,0.2961820065975189,16.0,0.2961820065975189,16.0
window12,2026,3,2019,2008,2019,2022,2019,ai-generated content,0.2961820065975189,0.0,0.2961820065975189,0.0
window12,2026,3,2019,2008,2019,2022,2019,ai-powered,0.2961820065975189,0.0,0.2961820065975189,0.0
window12,2026,3,2019,2008,2019,2022,2019,ai伦理,4.021543025970459,27.0,-2.978456974029541,20.0
window12,2026,3,2019,2008,2019,2022,2019,al jazeera,18.989145278930664,138.0,-152.01085472106934,-33.0
window12,2026,3,2019,2008,2019,2022,2019,al jazeera and,10.427282333374023,26.0,-26.572717666625977,-11.0
window12,2026,3,2019,2008,2019,2022,2019,al jazeera english,0.2961820065975189,16.0,0.2961820065975189,16.0
window12,2026,3,2019,2008,2019,2022,2019,al-jazeera,2.865885019302368,17.0,-32.13411498069763,-18.0
window12,2026,3,2019,2008,2019,2022,2019,aleppo,0.2961820065975189,0.0,0.2961820065975189,0.0
window12,2026,3,2019,2008,2019,2022,2019,algorithmic,6.813318252563477,18.0,-8.186681747436523,3.0
window12,2026,3,2019,2008,2019,2022,2019,algorithms,5.717767238616943,57.0,-9.282232761383057,42.0
window12,2026,3,2019,2008,2019,2022,2019,alignment,4.851867198944092,15.0,-4.148132801055908,6.0
window12,2026,3,2019,2008,2019,2022,2019,along,6.004717826843262,32.0,-9.995282173156738,16.0
window12,2026,3,2019,2008,2019,2022,2019,along the silk,0.2961820065975189,15.0,0.2961820065975189,15.0
window12,2026,3,2019,2008,2019,2022,2019,alternative,3.625441074371338,48.0,-33.37455892562866,11.0
window12,2026,3,2019,2008,2019,2022,2019,america,13.944097518920898,139.0,-103.0559024810791,22.0
window12,2026,3,2019,2008,2019,2022,2019,american,5.786316394805908,55.0,-83.21368360519409,-34.0
window12,2026,3,2019,2008,2019,2022,2019,an empirical,2.209904432296753,24.0,-15.790095567703247,6.0
window12,2026,3,2019,2008,2019,2022,2019,an empirical study,0.2961820065975189,7.0,0.2961820065975189,7.0
window12,2026,3,2019,2008,2019,2022,2019,an example,4.447421073913574,22.0,-3.552578926086426,14.0
window12,2026,3,2019,2008,2019,2022,2019,an exploratory,8.132558822631836,49.0,-22.867441177368164,18.0
window12,2026,3,2019,2008,2019,2022,2019,an exploratory study,8.132558822631836,49.0,-22.867441177368164,18.0
window12,2026,3,2019,2008,2019,2022,2019,an immersive,2.2978568077087402,8.0,-4.70214319229126,1.0
window12,2026,3,2019,2008,2019,2022,2019,an integrated,0.2961820065975189,8.0,0.2961820065975189,8.0
window12,2026,3,2019,2008,2019,2022,2019,an introduction,5.208131313323975,27.0,-8.791868686676025,13.0
window12,2026,3,2019,2008,2019,2022,2019,an investigation,3.7615532875061035,0.0,-12.238446712493896,-16.0
window12,2026,3,2019,2008,2019,2022,2019,an overview,1.3736693859100342,31.0,-7.626330614089966,22.0
window12,2026,3,2019,2008,2019,2022,2019,an overview of,2.1647651195526123,31.0,-15.835234880447388,13.0
window12,2026,3,2019,2008,2019,2022,2019,analyses,2.417452573776245,13.0,-11.582547426223755,-1.0
window12,2026,3,2019,2008,2019,2022,2019,analytic hierarchy process,0.2961820065975189,0.0,0.2961820065975189,0.0
window12,2026,3,2019,2008,2019,2022,2019,analytical,0.2961820065975189,0.0,0.2961820065975189,0.0
window12,2026,3,2019,2008,2019,2022,2019,analytics,8.388701438903809,37.0,-36.61129856109619,-8.0
window12,2026,3,2019,2008,2019,2022,2019,analyzing,0.8479000926017761,20.0,-4.152099907398224,15.0
window12,2026,3,2019,2008,2019,2022,2019,ancient,3.767347574234009,72.0,-44.23265242576599,24.0
window12,2026,3,2019,2008,2019,2022,2019,ancient city,0.2961820065975189,0.0,0.2961820065975189,0.0
window12,2026,3,2019,2008,2019,2022,2019,and al jazeera,3.083014488220215,27.0,-24.916985511779785,-1.0
window12,2026,3,2019,2008,2019,2022,2019,and disaster risk,3.571596145629883,6.0,-2.428403854370117,0.0
window12,2026,3,2019,2008,2019,2022,2019,and future directions,3.7615532875061035,25.0,-12.238446712493896,9.0
window12,2026,3,2019,2008,2019,2022,2019,and generative ai,0.2961820065975189,0.0,0.2961820065975189,0.0
window12,2026,3,2019,2008,2019,2022,2019,and nation branding,0.2961820065975189,8.0,0.2961820065975189,8.0
window12,2026,3,2019,2008,2019,2022,2019,and place branding,2.5040338039398193,13.0,-5.495966196060181,5.0
window12,2026,3,2019,2008,2019,2022,2019,and the future,2.6988086700439453,17.0,-6.301191329956055,8.0
window12,2026,3,2019,2008,2019,2022,2019,and the future of,2.6988086700439453,17.0,-6.301191329956055,8.0
window12,2026,3,2019,2008,2019,2022,2019,and user-generated content,2.5040338039398193,8.0,-5.495966196060181,0.0
window12,2026,3,2019,2008,2019,2022,2019,annual,4.021543025970459,7.0,-2.978456974029541,0.0
window12,2026,3,2019,2008,2019,2022,2019,answering,0.2961820065975189,8.0,0.2961820065975189,8.0
window12,2026,3,2019,2008,2019,2022,2019,antecedents,7.861152648925781,50.0,-17.13884735107422,25.0
window12,2026,3,2019,2008,2019,2022,2019,anxiety,4.021543025970459,20.0,-2.978456974029541,13.0
window12,2026,3,2019,2008,2019,2022,2019,applications,14.710922241210938,209.0,-88.28907775878906,106.0
window12,2026,3,2019,2008,2019,2022,2019,applications in,11.801193237304688,69.0,-42.19880676269531,15.0
window12,2026,3,2019,2008,2019,2022,2019,applications of,8.149297714233398,49.0,-17.8507022857666,23.0
window12,2026,3,2019,2008,2019,2022,2019,applied,4.240492820739746,31.0,-14.759507179260254,12.0
window12,2026,5,2019,2008,2019,2024,2019,21st century,9.029641151428223,36.0,-22.970358848571777,4.0
window12,2026,5,2019,2008,2019,2024,2019,3d laser,7.886142730712891,31.0,-30.11385726928711,-7.0
window12,2026,5,2019,2008,2019,2024,2019,3d laser scanning,6.694027423858643,31.0,-23.305972576141357,1.0
window12,2026,5,2019,2008,2019,2024,2019,3d modeling,1.6537977457046509,22.0,-7.346202254295349,13.0
window12,2026,5,2019,2008,2019,2024,2019,3d modelling,4.3877997398376465,4.0,-4.6122002601623535,-5.0
window12,2026,5,2019,2008,2019,2024,2019,3d models,5.725969314575195,13.0,-26.274030685424805,-19.0
window12,2026,5,2019,2008,2019,2024,2019,3d printing,1.715025782585144,50.0,-7.284974217414856,41.0
window12,2026,5,2019,2008,2019,2024,2019,3d scanning,6.9637322425842285,31.0,-23.03626775741577,1.0
window12,2026,5,2019,2008,2019,2024,2019,abroad,7.538027763366699,18.0,-22.4619722366333,-12.0
window12,2026,5,2019,2008,2019,2024,2019,acceptance,5.968476295471191,40.0,-31.03152370452881,3.0
window12,2026,5,2019,2008,2019,2024,2019,access,5.245938301086426,38.0,-58.754061698913574,-26.0
window12,2026,5,2019,2008,2019,2024,2019,accessible,2.4602034091949463,12.0,-3.5397965908050537,6.0
window12,2026,5,2019,2008,2019,2024,2019,accuracy,0.5294106602668762,23.0,0.5294106602668762,23.0
window12,2026,5,2019,2008,2019,2024,2019,accurate,3.1894900798797607,12.0,-6.810509920120239,2.0
window12,2026,5,2019,2008,2019,2024,2019,achieving,2.2138235569000244,47.0,-11.786176443099976,33.0
window12,2026,5,2019,2008,2019,2024,2019,acknowledgements,1.7727630138397217,5.0,-3.2272369861602783,0.0
window12,2026,5,2019,2008,2019,2024,2019,acquisition,0.5294106602668762,9.0,0.5294106602668762,9.0
window12,2026,5,2019,2008,2019,2024,2019,action,9.256908416748047,350.0,-247.74309158325195,93.0
window12,2026,5,2019,2008,2019,2024,2019,activism,1.3712329864501953,15.0,-4.628767013549805,9.0
window12,2026,5,2019,2008,2019,2024,2019,activities,9.112443923950195,52.0,-24.887556076049805,18.0
window12,2026,5,2019,2008,2019,2024,2019,activity,9.963732719421387,37.0,-35.03626728057861,-8.0
window12,2026,5,2019,2008,2019,2024,2019,adaptation,4.5774359703063965,29.0,-21.422564029693604,3.0
window12,2026,5,2019,2008,2019,2024,2019,adaptive,7.452615737915039,18.0,-13.547384262084961,-3.0
window12,2026,5,2019,2008,2019,2024,2019,addressing,3.09946608543396,17.0,-5.90053391456604,8.0
window12,2026,5,2019,2008,2019,2024,2019,aden,2.900329351425171,1.0,-5.099670648574829,-7.0
window12,2026,5,2019,2008,2019,2024,2019,adoption,8.901440620422363,53.0,-25.098559379577637,19.0
window12,2026,5,2019,2008,2019,2024,2019,adults,0.5294106602668762,0.0,0.5294106602668762,0.0
window12,2026,5,2019,2008,2019,2024,2019,advanced,10.200796127319336,23.0,-23.799203872680664,-11.0
window12,2026,5,2019,2008,2019,2024,2019,advances,8.657782554626465,52.0,-23.342217445373535,20.0
window12,2026,5,2019,2008,2019,2024,2019,advances in,5.507875919342041,31.0,-10.492124080657959,15.0
window12,2026,5,2019,2008,2019,2024,2019,advancing,2.0241222381591797,40.0,-6.97587776184082,31.0
window12,2026,5,2019,2008,2019,2024,2019,advantages,0.5294106602668762,26.0,0.5294106602668762,26.0
window12,2026,5,2019,2008,2019,2024,2019,advertising,3.2871041297912598,50.0,-6.71289587020874,40.0
window12,2026,5,2019,2008,2019,2024,2019,africa,17.172531127929688,242.0,-201.8274688720703,23.0
window12,2026,5,2019,2008,2019,2024,2019,african,6.946986198425293,50.0,-42.05301380157471,1.0
window12,2026,5,2019,2008,2019,2024,2019,afterword,3.272813558578491,13.0,-7.727186441421509,2.0
window12,2026,5,2019,2008,2019,2024,2019,against,4.3621392250061035,18.0,-13.637860774993896,0.0
window12,2026,5,2019,2008,2019,2024,2019,age of,13.66064739227295,130.0,-105.33935260772705,11.0
window12,2026,5,2019,2008,2019,2024,2019,agencies,3.09946608543396,17.0,-5.90053391456604,8.0
window12,2026,5,2019,2008,2019,2024,2019,agenda,12.603625297546387,160.0,-39.39637470245361,108.0
window12,2026,5,2019,2008,2019,2024,2019,agentic,0.5294106602668762,0.0,0.5294106602668762,0.0
window12,2026,5,2019,2008,2019,2024,2019,agents,3.230405330657959,45.0,-20.76959466934204,21.0
window12,2026,5,2019,2008,2019,2024,2019,agricultural,6.934157848358154,26.0,-13.065842151641846,6.0
window12,2026,5,2019,2008,2019,2024,2019,ai chatbot,0.5294106602668762,41.0,0.5294106602668762,41.0
window12,2026,5,2019,2008,2019,2024,2019,ai in,1.6642396450042725,157.0,-7.3357603549957275,148.0
window12,2026,5,2019,2008,2019,2024,2019,ai on,0.5294106602668762,15.0,0.5294106602668762,15.0
window12,2026,5,2019,2008,2019,2024,2019,ai-driven,0.5294106602668762,30.0,0.5294106602668762,30.0
window12,2026,5,2019,2008,2019,2024,2019,ai-enabled,0.5294106602668762,6.0,0.5294106602668762,6.0
window12,2026,5,2019,2008,2019,2024,2019,ai-generated,0.5294106602668762,33.0,0.5294106602668762,33.0
window12,2026,5,2019,2008,2019,2024,2019,ai-generated content,0.5294106602668762,24.0,0.5294106602668762,24.0
window12,2026,5,2019,2008,2019,2024,2019,ai-powered,0.5294106602668762,8.0,0.5294106602668762,8.0
window12,2026,5,2019,2008,2019,2024,2019,ai伦理,4.416327953338623,20.0,-2.583672046661377,13.0
window12,2026,5,2019,2008,2019,2024,2019,al jazeera,16.474590301513672,48.0,-154.52540969848633,-123.0
window12,2026,5,2019,2008,2019,2024,2019,al jazeera and,10.091975212097168,0.0,-26.908024787902832,-37.0
window12,2026,5,2019,2008,2019,2024,2019,al jazeera english,0.5294106602668762,24.0,0.5294106602668762,24.0
window12,2026,5,2019,2008,2019,2024,2019,al-jazeera,3.2688333988189697,9.0,-31.73116660118103,-26.0
window12,2026,5,2019,2008,2019,2024,2019,aleppo,0.5294106602668762,9.0,0.5294106602668762,9.0
window12,2026,5,2019,2008,2019,2024,2019,algorithmic,7.015680313110352,3.0,-7.984319686889648,-12.0
window12,2026,5,2019,2008,2019,2024,2019,algorithms,6.0217509269714355,71.0,-8.978249073028564,56.0
window12,2026,5,2019,2008,2019,2024,2019,alignment,5.213164806365967,6.0,-3.786835193634033,-3.0
window12,2026,5,2019,2008,2019,2024,2019,along,6.285137176513672,52.0,-9.714862823486328,36.0
window12,2026,5,2019,2008,2019,2024,2019,along the silk,0.5294106602668762,29.0,0.5294106602668762,29.0
window12,2026,5,2019,2008,2019,2024,2019,alternative,4.027696132659912,36.0,-32.97230386734009,-1.0
window12,2026,5,2019,2008,2019,2024,2019,america,12.842901229858398,138.0,-104.1570987701416,21.0
window12,2026,5,2019,2008,2019,2024,2019,american,6.083762168884277,57.0,-82.91623783111572,-32.0
window12,2026,5,2019,2008,2019,2024,2019,an empirical,2.596698045730591,15.0,-15.40330195426941,-3.0
window12,2026,5,2019,2008,2019,2024,2019,an empirical study,0.5294106602668762,7.0,0.5294106602668762,7.0
window12,2026,5,2019,2008,2019,2024,2019,an example,4.827728748321533,29.0,-3.172271251678467,21.0
window12,2026,5,2019,2008,2019,2024,2019,an exploratory,8.17153549194336,26.0,-22.82846450805664,-5.0
window12,2026,5,2019,2008,2019,2024,2019,an exploratory study,8.17153549194336,26.0,-22.82846450805664,-5.0
window12,2026,5,2019,2008,2019,2024,2019,an immersive,2.6879632472991943,8.0,-4.312036752700806,1.0
window12,2026,5,2019,2008,2019,2024,2019,an integrated,0.5294106602668762,16.0,0.5294106602668762,16.0
window12,2026,5,2019,2008,2019,2024,2019,an introduction,5.548312664031982,28.0,-8.451687335968018,14.0
window12,2026,5,2019,2008,2019,2024,2019,an investigation,4.16184139251709,7.0,-11.83815860748291,-9.0
window12,2026,5,2019,2008,2019,2024,2019,an overview,1.715025782585144,76.0,-7.284974217414856,67.0
window12,2026,5,2019,2008,2019,2024,2019,an overview of,2.549827814102173,67.0,-15.450172185897827,49.0
window12,2026,5,2019,2008,2019,2024,2019,analyses,2.8112311363220215,13.0,-11.188768863677979,-1.0
window12,2026,5,2019,2008,2019,2024,2019,analytic hierarchy process,0.5294106602668762,0.0,0.5294106602668762,0.0
window12,2026,5,2019,2008,2019,2024,2019,analytical,0.5294106602668762,32.0,0.5294106602668762,32.0
window12,2026,5,2019,2008,2019,2024,2019,analytics,8.390939712524414,45.0,-36.609060287475586,0.0
window12,2026,5,2019,2008,2019,2024,2019,analyzing,1.1448708772659302,53.0,-3.85512912273407,48.0
window12,2026,5,2019,2008,2019,2024,2019,ancient,4.167166233062744,76.0,-43.832833766937256,28.0
window12,2026,5,2019,2008,2019,2024,2019,ancient city,0.5294106602668762,17.0,0.5294106602668762,17.0
window12,2026,5,2019,2008,2019,2024,2019,and al jazeera,3.4879190921783447,16.0,-24.512080907821655,-12.0
window12,2026,5,2019,2008,2019,2024,2019,and disaster risk,3.9752464294433594,38.0,-2.0247535705566406,32.0
window12,2026,5,2019,2008,2019,2024,2019,and future directions,4.16184139251709,43.0,-11.83815860748291,27.0
window12,2026,5,2019,2008,2019,2024,2019,and generative ai,0.5294106602668762,25.0,0.5294106602668762,25.0
window12,2026,5,2019,2008,2019,2024,2019,and nation branding,0.5294106602668762,8.0,0.5294106602668762,8.0
window12,2026,5,2019,2008,2019,2024,2019,and place branding,2.900329351425171,13.0,-5.099670648574829,5.0
window12,2026,5,2019,2008,2019,2024,2019,and the future,3.09946608543396,31.0,-5.90053391456604,22.0
window12,2026,5,2019,2008,2019,2024,2019,and the future of,3.09946608543396,31.0,-5.90053391456604,22.0
window12,2026,5,2019,2008,2019,2024,2019,and user-generated content,2.900329351425171,16.0,-5.099670648574829,8.0
window12,2026,5,2019,2008,2019,2024,2019,annual,4.416327953338623,16.0,-2.583672046661377,9.0
window12,2026,5,2019,2008,2019,2024,2019,answering,0.5294106602668762,8.0,0.5294106602668762,8.0
window12,2026,5,2019,2008,2019,2024,2019,antecedents,7.937192916870117,25.0,-17.062807083129883,0.0
window12,2026,5,2019,2008,2019,2024,2019,anxiety,4.416327953338623,19.0,-2.583672046661377,12.0
window12,2026,5,2019,2008,2019,2024,2019,applications,13.417379379272461,167.0,-89.58262062072754,64.0
window12,2026,5,2019,2008,2019,2024,2019,applications in,11.191856384277344,49.0,-42.808143615722656,-5.0
window12,2026,5,2019,2008,2019,2024,2019,applications of,8.18624210357666,45.0,-17.81375789642334,19.0
window12,2026,5,2019,2008,2019,2024,2019,applied,4.628032684326172,52.0,-14.371967315673828,33.0
window12,3407,1,2019,2008,2019,2020,2019,21st century,9.107709884643555,44.0,-22.892290115356445,12.0
window12,3407,1,2019,2008,2019,2020,2019,3d laser,7.662670612335205,46.0,-30.337329387664795,8.0
window12,3407,1,2019,2008,2019,2020,2019,3d laser scanning,6.269535541534424,38.0,-23.730464458465576,8.0
window12,3407,1,2019,2008,2019,2020,2019,3d modeling,1.2352168560028076,3.0,-7.764783143997192,-6.0
window12,3407,1,2019,2008,2019,2020,2019,3d modelling,3.7235682010650635,9.0,-5.2764317989349365,0.0
window12,3407,1,2019,2008,2019,2020,2019,3d models,5.01857328414917,32.0,-26.98142671585083,0.0
window12,3407,1,2019,2008,2019,2020,2019,3d printing,1.286616563796997,17.0,-7.713383436203003,8.0
window12,3407,1,2019,2008,2019,2020,2019,3d scanning,6.570656776428223,39.0,-23.429343223571777,9.0
window12,3407,1,2019,2008,2019,2020,2019,abroad,7.232379913330078,8.0,-22.767620086669922,-22.0
window12,3407,1,2019,2008,2019,2020,2019,acceptance,5.2669219970703125,22.0,-31.733078002929688,-15.0
window12,3407,1,2019,2008,2019,2020,2019,access,4.293141841888428,64.0,-59.70685815811157,0.0
window12,3407,1,2019,2008,2019,2020,2019,accessible,1.8518823385238647,6.0,-4.148117661476135,0.0
window12,3407,1,2019,2008,2019,2020,2019,accuracy,0.1409159004688263,0.0,0.1409159004688263,0.0
window12,3407,1,2019,2008,2019,2020,2019,accurate,2.530604600906372,10.0,-7.469395399093628,0.0
window12,3407,1,2019,2008,2019,2020,2019,achieving,1.7065197229385376,39.0,-12.293480277061462,25.0
window12,3407,1,2019,2008,2019,2020,2019,acknowledgements,1.2426782846450806,5.0,-3.7573217153549194,0.0
window12,3407,1,2019,2008,2019,2020,2019,acquisition,0.1409159004688263,0.0,0.1409159004688263,0.0
window12,3407,1,2019,2008,2019,2020,2019,action,8.18059253692627,263.0,-248.81940746307373,6.0
window12,3407,1,2019,2008,2019,2020,2019,activism,0.9879899621009827,10.0,-5.012010037899017,4.0
window12,3407,1,2019,2008,2019,2020,2019,activities,9.2234525680542,47.0,-24.7765474319458,13.0
window12,3407,1,2019,2008,2019,2020,2019,activity,10.322999954223633,37.0,-34.67700004577637,-8.0
window12,3407,1,2019,2008,2019,2020,2019,adaptation,3.818258762359619,24.0,-22.18174123764038,-2.0
window12,3407,1,2019,2008,2019,2020,2019,adaptive,7.164784908294678,12.0,-13.835215091705322,-9.0
window12,3407,1,2019,2008,2019,2020,2019,addressing,2.445098638534546,9.0,-6.554901361465454,0.0
window12,3407,1,2019,2008,2019,2020,2019,aden,2.2588698863983154,8.0,-5.741130113601685,0.0
window12,3407,1,2019,2008,2019,2020,2019,adoption,8.94666576385498,46.0,-25.05333423614502,12.0
window12,3407,1,2019,2008,2019,2020,2019,adults,0.1409159004688263,0.0,0.1409159004688263,0.0
window12,3407,1,2019,2008,2019,2020,2019,advanced,10.662540435791016,34.0,-23.337459564208984,0.0
window12,3407,1,2019,2008,2019,2020,2019,advances,8.637941360473633,44.0,-23.362058639526367,12.0
window12,3407,1,2019,2008,2019,2020,2019,advances in,4.917857646942139,16.0,-11.082142353057861,0.0
window12,3407,1,2019,2008,2019,2020,2019,advancing,1.5229909420013428,18.0,-7.477009057998657,9.0
window12,3407,1,2019,2008,2019,2020,2019,advantages,0.1409159004688263,0.0,0.1409159004688263,0.0
window12,3407,1,2019,2008,2019,2020,2019,advertising,2.6217501163482666,8.0,-7.378249883651733,-2.0
window12,3407,1,2019,2008,2019,2020,2019,africa,21.4398136138916,227.0,-197.5601863861084,8.0
window12,3407,1,2019,2008,2019,2020,2019,african,6.2916693687438965,60.0,-42.7083306312561,11.0
window12,3407,1,2019,2008,2019,2020,2019,afterword,2.6101372241973877,11.0,-8.389862775802612,0.0
window12,3407,1,2019,2008,2019,2020,2019,against,3.655477285385132,18.0,-14.344522714614868,0.0
window12,3407,1,2019,2008,2019,2020,2019,age of,15.569280624389648,178.0,-103.43071937561035,59.0
window12,3407,1,2019,2008,2019,2020,2019,agencies,2.445098638534546,18.0,-6.554901361465454,9.0
window12,3407,1,2019,2008,2019,2020,2019,agenda,14.055015563964844,81.0,-37.944984436035156,29.0
window12,3407,1,2019,2008,2019,2020,2019,agentic,0.1409159004688263,0.0,0.1409159004688263,0.0
window12,3407,1,2019,2008,2019,2020,2019,agents,2.5596704483032227,32.0,-21.440329551696777,8.0
window12,3407,1,2019,2008,2019,2020,2019,agricultural,6.543835639953613,29.0,-13.456164360046387,9.0
window12,3407,1,2019,2008,2019,2020,2019,ai chatbot,0.1409159004688263,0.0,0.1409159004688263,0.0
window12,3407,1,2019,2008,2019,2020,2019,ai in,1.2488889694213867,27.0,-7.751111030578613,18.0
window12,3407,1,2019,2008,2019,2020,2019,ai on,0.1409159004688263,0.0,0.1409159004688263,0.0
window12,3407,1,2019,2008,2019,2020,2019,ai-driven,0.1409159004688263,0.0,0.1409159004688263,0.0
window12,3407,1,2019,2008,2019,2020,2019,ai-enabled,0.1409159004688263,6.0,0.1409159004688263,6.0
window12,3407,1,2019,2008,2019,2020,2019,ai-generated,0.1409159004688263,0.0,0.1409159004688263,0.0
window12,3407,1,2019,2008,2019,2020,2019,ai-generated content,0.1409159004688263,0.0,0.1409159004688263,0.0
window12,3407,1,2019,2008,2019,2020,2019,ai-powered,0.1409159004688263,0.0,0.1409159004688263,0.0
window12,3407,1,2019,2008,2019,2020,2019,ai伦理,3.7421767711639404,18.0,-3.2578232288360596,11.0
window12,3407,1,2019,2008,2019,2020,2019,al jazeera,20.223615646362305,181.0,-150.7763843536377,10.0
window12,3407,1,2019,2008,2019,2020,2019,al jazeera and,10.485196113586426,28.0,-26.514803886413574,-9.0
window12,3407,1,2019,2008,2019,2020,2019,al jazeera english,0.1409159004688263,8.0,0.1409159004688263,8.0
window12,3407,1,2019,2008,2019,2020,2019,al-jazeera,2.601419448852539,33.0,-32.39858055114746,-2.0
window12,3407,1,2019,2008,2019,2020,2019,aleppo,0.1409159004688263,0.0,0.1409159004688263,0.0
window12,3407,1,2019,2008,2019,2020,2019,algorithmic,6.630661964416504,18.0,-8.369338035583496,3.0
window12,3407,1,2019,2008,2019,2020,2019,algorithms,5.4949259757995605,40.0,-9.50507402420044,25.0
window12,3407,1,2019,2008,2019,2020,2019,alignment,4.591160774230957,9.0,-4.408839225769043,0.0
window12,3407,1,2019,2008,2019,2020,2019,along,5.793537139892578,16.0,-10.206462860107422,0.0
window12,3407,1,2019,2008,2019,2020,2019,along the silk,0.1409159004688263,0.0,0.1409159004688263,0.0
window12,3407,1,2019,2008,2019,2020,2019,alternative,3.2407400608062744,55.0,-33.759259939193726,18.0
window12,3407,1,2019,2008,2019,2020,2019,america,14.259835243225098,165.0,-102.7401647567749,48.0
window12,3407,1,2019,2008,2019,2020,2019,american,5.1178507804870605,103.0,-83.88214921951294,14.0
window12,3407,1,2019,2008,2019,2020,2019,an empirical,2.027451276779175,17.0,-15.972548723220825,-1.0
window12,3407,1,2019,2008,2019,2020,2019,an empirical study,0.1409159004688263,0.0,0.1409159004688263,0.0
window12,3407,1,2019,2008,2019,2020,2019,an example,4.176290988922119,8.0,-3.823709011077881,0.0
window12,3407,1,2019,2008,2019,2020,2019,an exploratory,8.020602226257324,32.0,-22.979397773742676,1.0
window12,3407,1,2019,2008,2019,2020,2019,an exploratory study,8.020602226257324,32.0,-22.979397773742676,1.0
window12,3407,1,2019,2008,2019,2020,2019,an immersive,2.0616984367370605,0.0,-4.9383015632629395,-7.0
window12,3407,1,2019,2008,2019,2020,2019,an integrated,0.1409159004688263,8.0,0.1409159004688263,8.0
window12,3407,1,2019,2008,2019,2020,2019,an introduction,4.9658613204956055,19.0,-9.034138679504395,5.0
window12,3407,1,2019,2008,2019,2020,2019,an investigation,3.460153818130493,16.0,-12.539846181869507,0.0
window12,3407,1,2019,2008,2019,2020,2019,an overview,1.286616563796997,14.0,-7.713383436203003,5.0
window12,3407,1,2019,2008,2019,2020,2019,an overview of,1.9885079860687256,14.0,-16.011492013931274,-4.0
window12,3407,1,2019,2008,2019,2020,2019,analyses,2.1967976093292236,18.0,-11.803202390670776,4.0
window12,3407,1,2019,2008,2019,2020,2019,analytic hierarchy process,0.1409159004688263,0.0,0.1409159004688263,0.0
window12,3407,1,2019,2008,2019,2020,2019,analytical,0.1409159004688263,0.0,0.1409159004688263,0.0
window12,3407,1,2019,2008,2019,2020,2019,analytics,8.198087692260742,58.0,-36.80191230773926,13.0
window12,3407,1,2019,2008,2019,2020,2019,analyzing,0.8061327338218689,5.0,-4.193867266178131,0.0
window12,3407,1,2019,2008,2019,2020,2019,ancient,3.344905138015747,66.0,-44.65509486198425,18.0
window12,3407,1,2019,2008,2019,2020,2019,ancient city,0.1409159004688263,0.0,0.1409159004688263,0.0
window12,3407,1,2019,2008,2019,2020,2019,and al jazeera,2.786468982696533,36.0,-25.213531017303467,8.0
window12,3407,1,2019,2008,2019,2020,2019,and disaster risk,3.286942481994629,6.0,-2.713057518005371,0.0
window12,3407,1,2019,2008,2019,2020,2019,and future directions,3.460153818130493,25.0,-12.539846181869507,9.0
window12,3407,1,2019,2008,2019,2020,2019,and generative ai,0.1409159004688263,0.0,0.1409159004688263,0.0
window12,3407,1,2019,2008,2019,2020,2019,and nation branding,0.1409159004688263,0.0,0.1409159004688263,0.0
window12,3407,1,2019,2008,2019,2020,2019,and place branding,2.2588698863983154,5.0,-5.741130113601685,-3.0
window12,3407,1,2019,2008,2019,2020,2019,and the future,2.445098638534546,9.0,-6.554901361465454,0.0
window12,3407,1,2019,2008,2019,2020,2019,and the future of,2.445098638534546,9.0,-6.554901361465454,0.0
window12,3407,1,2019,2008,2019,2020,2019,and user-generated content,2.2588698863983154,8.0,-5.741130113601685,0.0
window12,3407,1,2019,2008,2019,2020,2019,annual,3.7421767711639404,7.0,-3.2578232288360596,0.0
window12,3407,1,2019,2008,2019,2020,2019,answering,0.1409159004688263,0.0,0.1409159004688263,0.0
window12,3407,1,2019,2008,2019,2020,2019,antecedents,7.750378608703613,34.0,-17.249621391296387,9.0
window12,3407,1,2019,2008,2019,2020,2019,anxiety,3.7421767711639404,11.0,-3.2578232288360596,4.0
window12,3407,1,2019,2008,2019,2020,2019,applications,15.23410701751709,124.0,-87.76589298248291,21.0
window12,3407,1,2019,2008,2019,2020,2019,applications in,12.013587951660156,62.0,-41.986412048339844,8.0
window12,3407,1,2019,2008,2019,2020,2019,applications of,8.054847717285156,41.0,-17.945152282714844,15.0
window12,3407,1,2019,2008,2019,2020,2019,applied,3.916966438293457,15.0,-15.083033561706543,-4.0
window12,3407,3,2019,2008,2019,2022,2019,21st century,11.893073081970215,52.0,-20.106926918029785,20.0
window12,3407,3,2019,2008,2019,2022,2019,3d laser,10.104585647583008,41.0,-27.895414352416992,3.0
window12,3407,3,2019,2008,2019,2022,2019,3d laser scanning,8.346719741821289,41.0,-21.65328025817871,11.0
window12,3407,3,2019,2008,2019,2022,2019,3d modeling,1.7392714023590088,0.0,-7.260728597640991,-9.0
window12,3407,3,2019,2008,2019,2022,2019,3d modelling,5.030797481536865,9.0,-3.9692025184631348,0.0
window12,3407,3,2019,2008,2019,2022,2019,3d models,6.716075420379639,29.0,-25.28392457962036,-3.0
window12,3407,3,2019,2008,2019,2022,2019,3d printing,1.8056765794754028,40.0,-7.194323420524597,31.0
window12,3407,3,2019,2008,2019,2022,2019,3d scanning,8.729124069213867,36.0,-21.270875930786133,6.0
window12,3407,3,2019,2008,2019,2022,2019,abroad,9.562054634094238,17.0,-20.43794536590576,-13.0
window12,3407,3,2019,2008,2019,2022,2019,acceptance,7.038079261779785,9.0,-29.961920738220215,-28.0
window12,3407,3,2019,2008,2019,2022,2019,access,5.7575554847717285,53.0,-58.24244451522827,-11.0
window12,3407,3,2019,2008,2019,2022,2019,accessible,2.548022985458374,12.0,-3.451977014541626,6.0
window12,3407,3,2019,2008,2019,2022,2019,accuracy,0.36346668004989624,6.0,0.36346668004989624,6.0
window12,3407,3,2019,2008,2019,2022,2019,accurate,3.443215847015381,12.0,-6.556784152984619,2.0
window12,3407,3,2019,2008,2019,2022,2019,achieving,2.35184383392334,34.0,-11.64815616607666,20.0
window12,3407,3,2019,2008,2019,2022,2019,acknowledgements,1.7543587684631348,6.0,-3.2456412315368652,1.0
window12,3407,3,2019,2008,2019,2022,2019,acquisition,0.36346668004989624,9.0,0.36346668004989624,9.0
window12,3407,3,2019,2008,2019,2022,2019,action,10.7047700881958,281.0,-246.2952299118042,24.0
window12,3407,3,2019,2008,2019,2022,2019,activism,1.4217826128005981,15.0,-4.578217387199402,9.0
window12,3407,3,2019,2008,2019,2022,2019,activities,12.028486251831055,40.0,-21.971513748168945,6.0
window12,3407,3,2019,2008,2019,2022,2019,activity,13.342321395874023,29.0,-31.657678604125977,-16.0
window12,3407,3,2019,2008,2019,2022,2019,adaptation,5.141225814819336,20.0,-20.858774185180664,-6.0
window12,3407,3,2019,2008,2019,2022,2019,adaptive,9.48366928100586,18.0,-11.51633071899414,-3.0
window12,3407,3,2019,2008,2019,2022,2019,addressing,3.330178737640381,8.0,-5.669821262359619,-1.0
window12,3407,3,2019,2008,2019,2022,2019,aden,3.084148645401001,0.0,-4.915851354598999,-8.0
window12,3407,3,2019,2008,2019,2022,2019,adoption,11.687097549438477,37.0,-22.312902450561523,3.0
window12,3407,3,2019,2008,2019,2022,2019,adults,0.36346668004989624,0.0,0.36346668004989624,0.0
window12,3407,3,2019,2008,2019,2022,2019,advanced,13.759774208068848,30.0,-20.240225791931152,-4.0
window12,3407,3,2019,2008,2019,2022,2019,advances,11.31519603729248,49.0,-20.68480396270752,17.0
window12,3407,3,2019,2008,2019,2022,2019,advances in,6.597350597381592,20.0,-9.402649402618408,4.0
window12,3407,3,2019,2008,2019,2022,2019,advancing,2.1136388778686523,18.0,-6.886361122131348,9.0
window12,3407,3,2019,2008,2019,2022,2019,advantages,0.36346668004989624,0.0,0.36346668004989624,0.0
window12,3407,3,2019,2008,2019,2022,2019,advertising,3.5637850761413574,32.0,-6.436214923858643,22.0
window12,3407,3,2019,2008,2019,2022,2019,africa,25.322677612304688,242.0,-193.6773223876953,23.0
window12,3407,3,2019,2008,2019,2022,2019,african,8.354499816894531,51.0,-40.64550018310547,2.0
window12,3407,3,2019,2008,2019,2022,2019,afterword,3.548391342163086,1.0,-7.451608657836914,-10.0
window12,3407,3,2019,2008,2019,2022,2019,against,4.930385112762451,11.0,-13.069614887237549,-7.0
window12,3407,3,2019,2008,2019,2022,2019,age of,19.281330108642578,143.0,-99.71866989135742,24.0
window12,3407,3,2019,2008,2019,2022,2019,agencies,3.330178737640381,9.0,-5.669821262359619,0.0
window12,3407,3,2019,2008,2019,2022,2019,agenda,17.651639938354492,149.0,-34.34836006164551,97.0
window12,3407,3,2019,2008,2019,2022,2019,agentic,0.36346668004989624,0.0,0.36346668004989624,0.0
window12,3407,3,2019,2008,2019,2022,2019,agents,3.474257230758667,23.0,-20.525742769241333,-1.0
window12,3407,3,2019,2008,2019,2022,2019,agricultural,8.695808410644531,30.0,-11.304191589355469,10.0
window12,3407,3,2019,2008,2019,2022,2019,ai chatbot,0.36346668004989624,7.0,0.36346668004989624,7.0
window12,3407,3,2019,2008,2019,2022,2019,ai in,1.7567425966262817,49.0,-7.243257403373718,40.0
window12,3407,3,2019,2008,2019,2022,2019,ai on,0.36346668004989624,0.0,0.36346668004989624,0.0
window12,3407,3,2019,2008,2019,2022,2019,ai-driven,0.36346668004989624,0.0,0.36346668004989624,0.0
window12,3407,3,2019,2008,2019,2022,2019,ai-enabled,0.36346668004989624,6.0,0.36346668004989624,6.0
window12,3407,3,2019,2008,2019,2022,2019,ai-generated,0.36346668004989624,16.0,0.36346668004989624,16.0
window12,3407,3,2019,2008,2019,2022,2019,ai-generated content,0.36346668004989624,0.0,0.36346668004989624,0.0
window12,3407,3,2019,2008,2019,2022,2019,ai-powered,0.36346668004989624,0.0,0.36346668004989624,0.0
window12,3407,3,2019,2008,2019,2022,2019,ai伦理,5.057231426239014,27.0,-1.9427685737609863,20.0
window12,3407,3,2019,2008,2019,2022,2019,al jazeera,24.141569137573242,138.0,-146.85843086242676,-33.0
window12,3407,3,2019,2008,2019,2022,2019,al jazeera and,13.55179500579834,26.0,-23.44820499420166,-11.0
window12,3407,3,2019,2008,2019,2022,2019,al jazeera english,0.36346668004989624,16.0,0.36346668004989624,16.0
window12,3407,3,2019,2008,2019,2022,2019,al-jazeera,3.528876781463623,17.0,-31.471123218536377,-18.0
window12,3407,3,2019,2008,2019,2022,2019,aleppo,0.36346668004989624,0.0,0.36346668004989624,0.0
window12,3407,3,2019,2008,2019,2022,2019,algorithmic,8.814212799072266,18.0,-6.185787200927734,3.0
window12,3407,3,2019,2008,2019,2022,2019,algorithms,7.349587917327881,57.0,-7.650412082672119,42.0
window12,3407,3,2019,2008,2019,2022,2019,alignment,6.176222324371338,15.0,-2.823777675628662,6.0
window12,3407,3,2019,2008,2019,2022,2019,along,7.737149238586426,32.0,-8.262850761413574,16.0
window12,3407,3,2019,2008,2019,2022,2019,along the silk,0.36346668004989624,15.0,0.36346668004989624,15.0
window12,3407,3,2019,2008,2019,2022,2019,alternative,4.373671531677246,48.0,-32.626328468322754,11.0
window12,3407,3,2019,2008,2019,2022,2019,america,17.843935012817383,139.0,-99.15606498718262,22.0
window12,3407,3,2019,2008,2019,2022,2019,american,6.833705902099609,55.0,-82.16629409790039,-34.0
window12,3407,3,2019,2008,2019,2022,2019,an empirical,2.772594451904297,24.0,-15.227405548095703,6.0
window12,3407,3,2019,2008,2019,2022,2019,an empirical study,0.36346668004989624,7.0,0.36346668004989624,7.0
window12,3407,3,2019,2008,2019,2022,2019,an example,5.630598068237305,22.0,-2.3694019317626953,14.0
window12,3407,3,2019,2008,2019,2022,2019,an exploratory,10.548456192016602,49.0,-20.4515438079834,18.0
window12,3407,3,2019,2008,2019,2022,2019,an exploratory study,10.548456192016602,49.0,-20.4515438079834,18.0
window12,3407,3,2019,2008,2019,2022,2019,an immersive,2.824083089828491,8.0,-4.175916910171509,1.0
window12,3407,3,2019,2008,2019,2022,2019,an integrated,0.36346668004989624,8.0,0.36346668004989624,8.0
window12,3407,3,2019,2008,2019,2022,2019,an introduction,6.661500930786133,27.0,-7.338499069213867,13.0
window12,3407,3,2019,2008,2019,2022,2019,an investigation,4.672610282897949,0.0,-11.32738971710205,-16.0
window12,3407,3,2019,2008,2019,2022,2019,an overview,1.8056765794754028,31.0,-7.194323420524597,22.0
window12,3407,3,2019,2008,2019,2022,2019,an overview of,2.721418857574463,31.0,-15.278581142425537,13.0
window12,3407,3,2019,2008,2019,2022,2019,analyses,2.9977285861968994,13.0,-11.0022714138031,-1.0
window12,3407,3,2019,2008,2019,2022,2019,analytic hierarchy process,0.36346668004989624,0.0,0.36346668004989624,0.0
window12,3407,3,2019,2008,2019,2022,2019,analytical,0.36346668004989624,0.0,0.36346668004989624,0.0
window12,3407,3,2019,2008,2019,2022,2019,analytics,10.758646965026855,37.0,-34.241353034973145,-8.0
window12,3407,3,2019,2008,2019,2022,2019,analyzing,1.1899492740631104,20.0,-3.8100507259368896,15.0
window12,3407,3,2019,2008,2019,2022,2019,ancient,4.509635925292969,72.0,-43.49036407470703,24.0
window12,3407,3,2019,2008,2019,2022,2019,ancient city,0.36346668004989624,0.0,0.36346668004989624,0.0
window12,3407,3,2019,2008,2019,2022,2019,and al jazeera,3.7746572494506836,27.0,-24.225342750549316,-1.0
window12,3407,3,2019,2008,2019,2022,2019,and disaster risk,4.453985691070557,6.0,-1.5460143089294434,0.0
window12,3407,3,2019,2008,2019,2022,2019,and future directions,4.672610282897949,25.0,-11.32738971710205,9.0
window12,3407,3,2019,2008,2019,2022,2019,and generative ai,0.36346668004989624,0.0,0.36346668004989624,0.0
window12,3407,3,2019,2008,2019,2022,2019,and nation branding,0.36346668004989624,8.0,0.36346668004989624,8.0
window12,3407,3,2019,2008,2019,2022,2019,and place branding,3.084148645401001,13.0,-4.915851354598999,5.0
window12,3407,3,2019,2008,2019,2022,2019,and the future,3.330178737640381,17.0,-5.669821262359619,8.0
window12,3407,3,2019,2008,2019,2022,2019,and the future of,3.330178737640381,17.0,-5.669821262359619,8.0
window12,3407,3,2019,2008,2019,2022,2019,and user-generated content,3.084148645401001,8.0,-4.915851354598999,0.0
window12,3407,3,2019,2008,2019,2022,2019,annual,5.057231426239014,7.0,-1.9427685737609863,0.0
window12,3407,3,2019,2008,2019,2022,2019,answering,0.36346668004989624,8.0,0.36346668004989624,8.0
window12,3407,3,2019,2008,2019,2022,2019,antecedents,10.216231346130371,50.0,-14.783768653869629,25.0
window12,3407,3,2019,2008,2019,2022,2019,anxiety,5.057231426239014,20.0,-1.9427685737609863,13.0
window12,3407,3,2019,2008,2019,2022,2019,applications,18.92446517944336,209.0,-84.07553482055664,106.0
window12,3407,3,2019,2008,2019,2022,2019,applications in,15.328230857849121,69.0,-38.67176914215088,15.0
window12,3407,3,2019,2008,2019,2022,2019,applications of,10.597529411315918,49.0,-15.402470588684082,23.0
window12,3407,3,2019,2008,2019,2022,2019,applied,5.274988174438477,31.0,-13.725011825561523,12.0
window12,3407,5,2019,2008,2019,2024,2019,21st century,13.593334197998047,36.0,-18.406665802001953,4.0
window12,3407,5,2019,2008,2019,2024,2019,3d laser,11.813685417175293,31.0,-26.186314582824707,-7.0
window12,3407,5,2019,2008,2019,2024,2019,3d laser scanning,9.995611190795898,31.0,-20.0043888092041,1.0
window12,3407,5,2019,2008,2019,2024,2019,3d modeling,2.3825652599334717,22.0,-6.617434740066528,13.0
window12,3407,5,2019,2008,2019,2024,2019,3d modelling,6.341175079345703,4.0,-2.658824920654297,-5.0
window12,3407,5,2019,2008,2019,2024,2019,3d models,8.23298454284668,13.0,-23.76701545715332,-19.0
window12,3407,5,2019,2008,2019,2024,2019,3d printing,2.4653573036193848,50.0,-6.534642696380615,41.0
window12,3407,5,2019,2008,2019,2024,2019,3d scanning,10.397290229797363,31.0,-19.602709770202637,1.0
window12,3407,5,2019,2008,2019,2024,2019,abroad,11.25953197479248,18.0,-18.74046802520752,-12.0
window12,3407,5,2019,2008,2019,2024,2019,acceptance,8.58559799194336,40.0,-28.41440200805664,3.0
window12,3407,5,2019,2008,2019,2024,2019,access,7.161620140075684,38.0,-56.838379859924316,-26.0
window12,3407,5,2019,2008,2019,2024,2019,accessible,3.385619878768921,12.0,-2.614380121231079,6.0
window12,3407,5,2019,2008,2019,2024,2019,accuracy,0.6549023985862732,23.0,0.6549023985862732,23.0
window12,3407,5,2019,2008,2019,2024,2019,accurate,4.472323894500732,12.0,-5.527676105499268,2.0
window12,3407,5,2019,2008,2019,2024,2019,achieving,3.1422312259674072,47.0,-10.857768774032593,33.0
window12,3407,5,2019,2008,2019,2024,2019,acknowledgements,2.403423309326172,5.0,-2.596576690673828,0.0
window12,3407,5,2019,2008,2019,2024,2019,acquisition,0.6549023985862732,9.0,0.6549023985862732,9.0
window12,3407,5,2019,2008,2019,2024,2019,action,12.405131340026855,350.0,-244.59486865997314,93.0
window12,3407,5,2019,2008,2019,2024,2019,activism,1.9855968952178955,15.0,-4.0144031047821045,9.0
window12,3407,5,2019,2008,2019,2024,2019,activities,13.723762512207031,52.0,-20.27623748779297,18.0
window12,3407,5,2019,2008,2019,2024,2019,activity,14.981478691101074,37.0,-30.018521308898926,-8.0
window12,3407,5,2019,2008,2019,2024,2019,adaptation,6.463374137878418,29.0,-19.536625862121582,3.0
window12,3407,5,2019,2008,2019,2024,2019,adaptive,11.181015968322754,18.0,-9.818984031677246,-3.0
window12,3407,5,2019,2008,2019,2024,2019,addressing,4.336483955383301,17.0,-4.663516044616699,8.0
window12,3407,5,2019,2008,2019,2024,2019,aden,4.039397239685059,1.0,-3.9606027603149414,-7.0
window12,3407,5,2019,2008,2019,2024,2019,adoption,13.389591217041016,53.0,-20.610408782958984,19.0
window12,3407,5,2019,2008,2019,2024,2019,adults,0.6549023985862732,0.0,0.6549023985862732,0.0
window12,3407,5,2019,2008,2019,2024,2019,advanced,15.378671646118164,23.0,-18.621328353881836,-11.0
window12,3407,5,2019,2008,2019,2024,2019,advances,13.025535583496094,52.0,-18.974464416503906,20.0
window12,3407,5,2019,2008,2019,2024,2019,advances in,8.105950355529785,31.0,-7.894049644470215,15.0
window12,3407,5,2019,2008,2019,2024,2019,advancing,2.8484435081481934,40.0,-6.151556491851807,31.0
window12,3407,5,2019,2008,2019,2024,2019,advantages,0.6549023985862732,26.0,0.6549023985862732,26.0
window12,3407,5,2019,2008,2019,2024,2019,advertising,4.616816997528076,50.0,-5.383183002471924,40.0
window12,3407,5,2019,2008,2019,2024,2019,africa,25.188684463500977,242.0,-193.81131553649902,23.0
window12,3407,5,2019,2008,2019,2024,2019,african,9.997981071472168,50.0,-39.00201892852783,1.0
window12,3407,5,2019,2008,2019,2024,2019,afterword,4.598355770111084,13.0,-6.401644229888916,2.0
window12,3407,5,2019,2008,2019,2024,2019,against,6.222132205963135,18.0,-11.777867794036865,0.0
window12,3407,5,2019,2008,2019,2024,2019,age of,20.294158935546875,130.0,-98.70584106445312,11.0
window12,3407,5,2019,2008,2019,2024,2019,agencies,4.336483955383301,17.0,-4.663516044616699,8.0
window12,3407,5,2019,2008,2019,2024,2019,agenda,18.899181365966797,160.0,-33.1008186340332,108.0
window12,3407,5,2019,2008,2019,2024,2019,agentic,0.6549023985862732,0.0,0.6549023985862732,0.0
window12,3407,5,2019,2008,2019,2024,2019,agents,4.50695276260376,45.0,-19.49304723739624,21.0
window12,3407,5,2019,2008,2019,2024,2019,agricultural,10.36285400390625,26.0,-9.63714599609375,6.0
window12,3407,5,2019,2008,2019,2024,2019,ai chatbot,0.6549023985862732,41.0,0.6549023985862732,41.0
window12,3407,5,2019,2008,2019,2024,2019,ai in,2.4042859077453613,157.0,-6.595714092254639,148.0
window12,3407,5,2019,2008,2019,2024,2019,ai on,0.6549023985862732,15.0,0.6549023985862732,15.0
window12,3407,5,2019,2008,2019,2024,2019,ai-driven,0.6549023985862732,30.0,0.6549023985862732,30.0
window12,3407,5,2019,2008,2019,2024,2019,ai-enabled,0.6549023985862732,6.0,0.6549023985862732,6.0
window12,3407,5,2019,2008,2019,2024,2019,ai-generated,0.6549023985862732,33.0,0.6549023985862732,33.0
window12,3407,5,2019,2008,2019,2024,2019,ai-generated content,0.6549023985862732,24.0,0.6549023985862732,24.0
window12,3407,5,2019,2008,2019,2024,2019,ai-powered,0.6549023985862732,8.0,0.6549023985862732,8.0
window12,3407,5,2019,2008,2019,2024,2019,ai伦理,6.372230052947998,20.0,-0.627769947052002,13.0
window12,3407,5,2019,2008,2019,2024,2019,al jazeera,24.271371841430664,48.0,-146.72862815856934,-123.0
window12,3407,5,2019,2008,2019,2024,2019,al jazeera and,15.183563232421875,0.0,-21.816436767578125,-37.0
window12,3407,5,2019,2008,2019,2024,2019,al jazeera english,0.6549023985862732,24.0,0.6549023985862732,24.0
window12,3407,5,2019,2008,2019,2024,2019,al-jazeera,4.572123050689697,9.0,-30.427876949310303,-26.0
window12,3407,5,2019,2008,2019,2024,2019,aleppo,0.6549023985862732,9.0,0.6549023985862732,9.0
window12,3407,5,2019,2008,2019,2024,2019,algorithmic,10.489054679870605,3.0,-4.5109453201293945,-12.0
window12,3407,5,2019,2008,2019,2024,2019,algorithms,8.929198265075684,71.0,-6.070801734924316,56.0
window12,3407,5,2019,2008,2019,2024,2019,alignment,7.6404242515563965,6.0,-1.3595757484436035,-3.0
window12,3407,5,2019,2008,2019,2024,2019,along,9.347407341003418,52.0,-6.652592658996582,36.0
window12,3407,5,2019,2008,2019,2024,2019,along the silk,0.6549023985862732,29.0,0.6549023985862732,29.0
window12,3407,5,2019,2008,2019,2024,2019,alternative,5.572203159332275,36.0,-31.427796840667725,-1.0
window12,3407,5,2019,2008,2019,2024,2019,america,19.057666778564453,138.0,-97.94233322143555,21.0
window12,3407,5,2019,2008,2019,2024,2019,american,8.358429908752441,57.0,-80.64157009124756,-32.0
window12,3407,5,2019,2008,2019,2024,2019,an empirical,3.6581742763519287,15.0,-14.341825723648071,-3.0
window12,3407,5,2019,2008,2019,2024,2019,an empirical study,0.6549023985862732,7.0,0.6549023985862732,7.0
window12,3407,5,2019,2008,2019,2024,2019,an example,7.026768684387207,29.0,-0.973231315612793,21.0
window12,3407,5,2019,2008,2019,2024,2019,an exploratory,12.261149406433105,26.0,-18.738850593566895,-5.0
window12,3407,5,2019,2008,2019,2024,2019,an exploratory study,12.261149406433105,26.0,-18.738850593566895,-5.0
window12,3407,5,2019,2008,2019,2024,2019,an immersive,3.723337411880493,8.0,-3.276662588119507,1.0
window12,3407,5,2019,2008,2019,2024,2019,an integrated,0.6549023985862732,16.0,0.6549023985862732,16.0
window12,3407,5,2019,2008,2019,2024,2019,an introduction,8.177223205566406,28.0,-5.822776794433594,14.0
window12,3407,5,2019,2008,2019,2024,2019,an investigation,5.923849582672119,7.0,-10.07615041732788,-9.0
window12,3407,5,2019,2008,2019,2024,2019,an overview,2.4653573036193848,76.0,-6.534642696380615,67.0
window12,3407,5,2019,2008,2019,2024,2019,an overview of,3.5956881046295166,67.0,-14.404311895370483,49.0
window12,3407,5,2019,2008,2019,2024,2019,analyses,3.932997941970825,13.0,-10.067002058029175,-1.0
window12,3407,5,2019,2008,2019,2024,2019,analytic hierarchy process,0.6549023985862732,0.0,0.6549023985862732,0.0
window12,3407,5,2019,2008,2019,2024,2019,analytical,0.6549023985862732,32.0,0.6549023985862732,32.0
window12,3407,5,2019,2008,2019,2024,2019,analytics,12.468870162963867,45.0,-32.53112983703613,0.0
window12,3407,5,2019,2008,2019,2024,2019,analyzing,1.6944807767868042,53.0,-3.305519223213196,48.0
window12,3407,5,2019,2008,2019,2024,2019,ancient,5.730440139770508,76.0,-42.26955986022949,28.0
window12,3407,5,2019,2008,2019,2024,2019,ancient city,0.6549023985862732,17.0,0.6549023985862732,17.0
window12,3407,5,2019,2008,2019,2024,2019,and al jazeera,4.865891456604004,16.0,-23.134108543395996,-12.0
window12,3407,5,2019,2008,2019,2024,2019,and disaster risk,5.672610759735107,38.0,-0.3273892402648926,32.0
window12,3407,5,2019,2008,2019,2024,2019,and future directions,5.923849582672119,43.0,-10.07615041732788,27.0
window12,3407,5,2019,2008,2019,2024,2019,and generative ai,0.6549023985862732,25.0,0.6549023985862732,25.0
window12,3407,5,2019,2008,2019,2024,2019,and nation branding,0.6549023985862732,8.0,0.6549023985862732,8.0
window12,3407,5,2019,2008,2019,2024,2019,and place branding,4.039397239685059,13.0,-3.9606027603149414,5.0
window12,3407,5,2019,2008,2019,2024,2019,and the future,4.336483955383301,31.0,-4.663516044616699,22.0
window12,3407,5,2019,2008,2019,2024,2019,and the future of,4.336483955383301,31.0,-4.663516044616699,22.0
window12,3407,5,2019,2008,2019,2024,2019,and user-generated content,4.039397239685059,16.0,-3.9606027603149414,8.0
window12,3407,5,2019,2008,2019,2024,2019,annual,6.372230052947998,16.0,-0.627769947052002,9.0
window12,3407,5,2019,2008,2019,2024,2019,answering,0.6549023985862732,8.0,0.6549023985862732,8.0
window12,3407,5,2019,2008,2019,2024,2019,antecedents,11.927587509155273,25.0,-13.072412490844727,0.0
window12,3407,5,2019,2008,2019,2024,2019,anxiety,6.372230052947998,19.0,-0.627769947052002,12.0
window12,3407,5,2019,2008,2019,2024,2019,applications,19.991928100585938,167.0,-83.00807189941406,64.0
window12,3407,5,2019,2008,2019,2024,2019,applications in,16.825401306152344,49.0,-37.174598693847656,-5.0
window12,3407,5,2019,2008,2019,2024,2019,applications of,12.312204360961914,45.0,-13.687795639038086,19.0
window12,3407,5,2019,2008,2019,2024,2019,applied,6.6177287101745605,52.0,-12.38227128982544,33.0
window12,7777,1,2019,2008,2019,2020,2019,21st century,9.506206512451172,44.0,-22.493793487548828,12.0
window12,7777,1,2019,2008,2019,2020,2019,3d laser,8.074604988098145,46.0,-29.925395011901855,8.0
window12,7777,1,2019,2008,2019,2020,2019,3d laser scanning,6.59302282333374,38.0,-23.40697717666626,8.0
window12,7777,1,2019,2008,2019,2020,2019,3d modeling,0.9986795783042908,3.0,-8.00132042169571,-6.0
window12,7777,1,2019,2008,2019,2020,2019,3d modelling,3.640118360519409,9.0,-5.359881639480591,0.0
window12,7777,1,2019,2008,2019,2020,2019,3d models,5.071497917175293,32.0,-26.928502082824707,0.0
window12,7777,1,2019,2008,2019,2020,2019,3d printing,1.053726315498352,17.0,-7.946273684501648,8.0
window12,7777,1,2019,2008,2019,2020,2019,3d scanning,6.869722843170166,39.0,-23.130277156829834,9.0
window12,7777,1,2019,2008,2019,2020,2019,abroad,7.446878433227539,8.0,-22.55312156677246,-22.0
window12,7777,1,2019,2008,2019,2020,2019,acceptance,5.355347633361816,22.0,-31.644652366638184,-15.0
window12,7777,1,2019,2008,2019,2020,2019,access,4.222818851470947,64.0,-59.77718114852905,0.0
window12,7777,1,2019,2008,2019,2020,2019,accessible,1.6775811910629272,6.0,-4.322418808937073,0.0
window12,7777,1,2019,2008,2019,2020,2019,accuracy,0.10245615988969803,0.0,0.10245615988969803,0.0
window12,7777,1,2019,2008,2019,2020,2019,accurate,2.383169412612915,10.0,-7.616830587387085,0.0
window12,7777,1,2019,2008,2019,2020,2019,achieving,1.470944881439209,39.0,-12.529055118560791,25.0
window12,7777,1,2019,2008,2019,2020,2019,acknowledgements,1.081989049911499,5.0,-3.918010950088501,0.0
window12,7777,1,2019,2008,2019,2020,2019,acquisition,0.10245615988969803,0.0,0.10245615988969803,0.0
window12,7777,1,2019,2008,2019,2020,2019,action,8.382225036621094,263.0,-248.6177749633789,6.0
window12,7777,1,2019,2008,2019,2020,2019,activism,0.7715590000152588,10.0,-5.228440999984741,4.0
window12,7777,1,2019,2008,2019,2020,2019,activities,9.559415817260742,47.0,-24.440584182739258,13.0
window12,7777,1,2019,2008,2019,2020,2019,activity,10.6988525390625,37.0,-34.3011474609375,-8.0
window12,7777,1,2019,2008,2019,2020,2019,adaptation,3.763169527053833,24.0,-22.236830472946167,-2.0
window12,7777,1,2019,2008,2019,2020,2019,adaptive,7.283870220184326,12.0,-13.716129779815674,-9.0
window12,7777,1,2019,2008,2019,2020,2019,addressing,2.289973258972168,9.0,-6.710026741027832,0.0
window12,7777,1,2019,2008,2019,2020,2019,aden,2.0958213806152344,8.0,-5.904178619384766,0.0
window12,7777,1,2019,2008,2019,2020,2019,adoption,9.201186180114746,46.0,-24.798813819885254,12.0
window12,7777,1,2019,2008,2019,2020,2019,adults,0.10245615988969803,0.0,0.10245615988969803,0.0
window12,7777,1,2019,2008,2019,2020,2019,advanced,11.060235023498535,34.0,-22.939764976501465,0.0
window12,7777,1,2019,2008,2019,2020,2019,advances,8.97934627532959,44.0,-23.02065372467041,12.0
window12,7777,1,2019,2008,2019,2020,2019,advances in,4.938272953033447,16.0,-11.061727046966553,0.0
window12,7777,1,2019,2008,2019,2020,2019,advancing,1.3107243776321411,18.0,-7.689275622367859,9.0
window12,7777,1,2019,2008,2019,2020,2019,advantages,0.10245615988969803,0.0,0.10245615988969803,0.0
window12,7777,1,2019,2008,2019,2020,2019,advertising,2.4754254817962646,8.0,-7.524574518203735,-2.0
window12,7777,1,2019,2008,2019,2020,2019,africa,22.9560546875,227.0,-196.0439453125,8.0
window12,7777,1,2019,2008,2019,2020,2019,african,6.459593772888184,60.0,-42.540406227111816,11.0
window12,7777,1,2019,2008,2019,2020,2019,afterword,2.4701390266418457,11.0,-8.529860973358154,0.0
window12,7777,1,2019,2008,2019,2020,2019,against,3.5862467288970947,18.0,-14.413753271102905,0.0
window12,7777,1,2019,2008,2019,2020,2019,age of,16.586837768554688,178.0,-102.41316223144531,59.0
window12,7777,1,2019,2008,2019,2020,2019,agencies,2.289973258972168,18.0,-6.710026741027832,9.0
window12,7777,1,2019,2008,2019,2020,2019,agenda,14.742151260375977,81.0,-37.25784873962402,29.0
window12,7777,1,2019,2008,2019,2020,2019,agentic,0.10245615988969803,0.0,0.10245615988969803,0.0
window12,7777,1,2019,2008,2019,2020,2019,agents,2.370628833770752,32.0,-21.629371166229248,8.0
window12,7777,1,2019,2008,2019,2020,2019,agricultural,6.639652729034424,29.0,-13.360347270965576,9.0
window12,7777,1,2019,2008,2019,2020,2019,ai chatbot,0.10245615988969803,0.0,0.10245615988969803,0.0
window12,7777,1,2019,2008,2019,2020,2019,ai in,1.0125540494918823,27.0,-7.987445950508118,18.0
window12,7777,1,2019,2008,2019,2020,2019,ai on,0.10245615988969803,0.0,0.10245615988969803,0.0
window12,7777,1,2019,2008,2019,2020,2019,ai-driven,0.10245615988969803,0.0,0.10245615988969803,0.0
window12,7777,1,2019,2008,2019,2020,2019,ai-enabled,0.10245615988969803,6.0,0.10245615988969803,6.0
window12,7777,1,2019,2008,2019,2020,2019,ai-generated,0.10245615988969803,0.0,0.10245615988969803,0.0
window12,7777,1,2019,2008,2019,2020,2019,ai-generated content,0.10245615988969803,0.0,0.10245615988969803,0.0
window12,7777,1,2019,2008,2019,2020,2019,ai-powered,0.10245615988969803,0.0,0.10245615988969803,0.0
window12,7777,1,2019,2008,2019,2020,2019,ai伦理,3.6158502101898193,18.0,-3.3841497898101807,11.0
window12,7777,1,2019,2008,2019,2020,2019,al jazeera,21.89238929748535,181.0,-149.10761070251465,10.0
window12,7777,1,2019,2008,2019,2020,2019,al jazeera and,11.018559455871582,28.0,-25.981440544128418,-9.0
window12,7777,1,2019,2008,2019,2020,2019,al jazeera english,0.10245615988969803,8.0,0.10245615988969803,8.0
window12,7777,1,2019,2008,2019,2020,2019,al-jazeera,2.3764960765838623,33.0,-32.62350392341614,-2.0
window12,7777,1,2019,2008,2019,2020,2019,aleppo,0.10245615988969803,0.0,0.10245615988969803,0.0
window12,7777,1,2019,2008,2019,2020,2019,algorithmic,6.705218315124512,18.0,-8.294781684875488,3.0
window12,7777,1,2019,2008,2019,2020,2019,algorithms,5.502974033355713,40.0,-9.497025966644287,25.0
window12,7777,1,2019,2008,2019,2020,2019,alignment,4.509789943695068,9.0,-4.490210056304932,0.0
window12,7777,1,2019,2008,2019,2020,2019,along,5.853487014770508,16.0,-10.146512985229492,0.0
window12,7777,1,2019,2008,2019,2020,2019,along the silk,0.10245615988969803,0.0,0.10245615988969803,0.0
window12,7777,1,2019,2008,2019,2020,2019,alternative,3.0961594581604004,55.0,-33.9038405418396,18.0
window12,7777,1,2019,2008,2019,2020,2019,america,15.193621635437012,165.0,-101.80637836456299,48.0
window12,7777,1,2019,2008,2019,2020,2019,american,5.1344733238220215,103.0,-83.86552667617798,14.0
window12,7777,1,2019,2008,2019,2020,2019,an empirical,1.802506923675537,17.0,-16.197493076324463,-1.0
window12,7777,1,2019,2008,2019,2020,2019,an empirical study,0.10245615988969803,0.0,0.10245615988969803,0.0
window12,7777,1,2019,2008,2019,2020,2019,an example,4.071811676025391,8.0,-3.9281883239746094,0.0
window12,7777,1,2019,2008,2019,2020,2019,an exploratory,8.262628555297852,32.0,-22.73737144470215,1.0
window12,7777,1,2019,2008,2019,2020,2019,an exploratory study,8.262628555297852,32.0,-22.73737144470215,1.0
window12,7777,1,2019,2008,2019,2020,2019,an immersive,1.8920420408248901,0.0,-5.10795795917511,-7.0
window12,7777,1,2019,2008,2019,2020,2019,an integrated,0.10245615988969803,8.0,0.10245615988969803,8.0
window12,7777,1,2019,2008,2019,2020,2019,an introduction,4.957761287689209,19.0,-9.042238712310791,5.0
window12,7777,1,2019,2008,2019,2020,2019,an investigation,3.372091054916382,16.0,-12.627908945083618,0.0
window12,7777,1,2019,2008,2019,2020,2019,an overview,1.053726315498352,14.0,-7.946273684501648,5.0
window12,7777,1,2019,2008,2019,2020,2019,an overview of,1.75925874710083,14.0,-16.24074125289917,-4.0
window12,7777,1,2019,2008,2019,2020,2019,analyses,2.0122270584106445,18.0,-11.987772941589355,4.0
window12,7777,1,2019,2008,2019,2020,2019,analytic hierarchy process,0.10245615988969803,0.0,0.10245615988969803,0.0
window12,7777,1,2019,2008,2019,2020,2019,analytical,0.10245615988969803,0.0,0.10245615988969803,0.0
window12,7777,1,2019,2008,2019,2020,2019,analytics,8.501242637634277,58.0,-36.49875736236572,13.0
window12,7777,1,2019,2008,2019,2020,2019,analyzing,0.5952881574630737,5.0,-4.404711842536926,0.0
window12,7777,1,2019,2008,2019,2020,2019,ancient,3.1794896125793457,66.0,-44.820510387420654,18.0
window12,7777,1,2019,2008,2019,2020,2019,ancient city,0.10245615988969803,0.0,0.10245615988969803,0.0
window12,7777,1,2019,2008,2019,2020,2019,and al jazeera,2.615216016769409,36.0,-25.38478398323059,8.0
window12,7777,1,2019,2008,2019,2020,2019,and disaster risk,3.140972375869751,6.0,-2.859027624130249,0.0
window12,7777,1,2019,2008,2019,2020,2019,and future directions,3.372091054916382,25.0,-12.627908945083618,9.0
window12,7777,1,2019,2008,2019,2020,2019,and generative ai,0.10245615988969803,0.0,0.10245615988969803,0.0
window12,7777,1,2019,2008,2019,2020,2019,and nation branding,0.10245615988969803,0.0,0.10245615988969803,0.0
window12,7777,1,2019,2008,2019,2020,2019,and place branding,2.0958213806152344,5.0,-5.904178619384766,-3.0
window12,7777,1,2019,2008,2019,2020,2019,and the future,2.289973258972168,9.0,-6.710026741027832,0.0
window12,7777,1,2019,2008,2019,2020,2019,and the future of,2.289973258972168,9.0,-6.710026741027832,0.0
window12,7777,1,2019,2008,2019,2020,2019,and user-generated content,2.0958213806152344,8.0,-5.904178619384766,0.0
window12,7777,1,2019,2008,2019,2020,2019,annual,3.6158502101898193,7.0,-3.3841497898101807,0.0
window12,7777,1,2019,2008,2019,2020,2019,answering,0.10245615988969803,0.0,0.10245615988969803,0.0
window12,7777,1,2019,2008,2019,2020,2019,antecedents,7.928069114685059,34.0,-17.07193088531494,9.0
window12,7777,1,2019,2008,2019,2020,2019,anxiety,3.6158502101898193,11.0,-3.3841497898101807,4.0
window12,7777,1,2019,2008,2019,2020,2019,applications,16.221572875976562,124.0,-86.77842712402344,21.0
window12,7777,1,2019,2008,2019,2020,2019,applications in,12.618854522705078,62.0,-41.38114547729492,8.0
window12,7777,1,2019,2008,2019,2020,2019,applications of,8.29973316192627,41.0,-17.70026683807373,15.0
window12,7777,1,2019,2008,2019,2020,2019,applied,3.859049081802368,15.0,-15.140950918197632,-4.0
window12,7777,3,2019,2008,2019,2022,2019,21st century,9.756351470947266,52.0,-22.243648529052734,20.0
window12,7777,3,2019,2008,2019,2022,2019,3d laser,8.440382957458496,41.0,-29.559617042541504,3.0
window12,7777,3,2019,2008,2019,2022,2019,3d laser scanning,7.028410911560059,41.0,-22.97158908843994,11.0
window12,7777,3,2019,2008,2019,2022,2019,3d modeling,1.2818231582641602,0.0,-7.71817684173584,-9.0
window12,7777,3,2019,2008,2019,2022,2019,3d modelling,4.075146675109863,9.0,-4.924853324890137,0.0
window12,7777,3,2019,2008,2019,2022,2019,3d models,5.539938449859619,29.0,-26.46006155014038,-3.0
window12,7777,3,2019,2008,2019,2022,2019,3d printing,1.3416768312454224,40.0,-7.658323168754578,31.0
window12,7777,3,2019,2008,2019,2022,2019,3d scanning,7.295685291290283,36.0,-22.704314708709717,6.0
window12,7777,3,2019,2008,2019,2022,2019,abroad,7.848692417144775,17.0,-22.151307582855225,-13.0
window12,7777,3,2019,2008,2019,2022,2019,acceptance,5.8241071701049805,9.0,-31.17589282989502,-28.0
window12,7777,3,2019,2008,2019,2022,2019,access,4.693292140960693,53.0,-59.30670785903931,-11.0
window12,7777,3,2019,2008,2019,2022,2019,accessible,2.0120906829833984,12.0,-3.9879093170166016,6.0
window12,7777,3,2019,2008,2019,2022,2019,accuracy,0.29161518812179565,6.0,0.29161518812179565,6.0
window12,7777,3,2019,2008,2019,2022,2019,accurate,2.7648720741271973,12.0,-7.235127925872803,2.0
window12,7777,3,2019,2008,2019,2022,2019,achieving,1.7938488721847534,34.0,-12.206151127815247,20.0
window12,7777,3,2019,2008,2019,2022,2019,acknowledgements,1.3693121671676636,6.0,-3.6306878328323364,1.0
window12,7777,3,2019,2008,2019,2022,2019,acquisition,0.29161518812179565,9.0,0.29161518812179565,9.0
window12,7777,3,2019,2008,2019,2022,2019,action,8.774184226989746,281.0,-248.22581577301025,24.0
window12,7777,3,2019,2008,2019,2022,2019,activism,1.0338331460952759,15.0,-4.966166853904724,9.0
window12,7777,3,2019,2008,2019,2022,2019,activities,9.807096481323242,40.0,-24.192903518676758,6.0
window12,7777,3,2019,2008,2019,2022,2019,activity,10.834491729736328,29.0,-34.16550827026367,-16.0
window12,7777,3,2019,2008,2019,2022,2019,adaptation,4.211617946624756,20.0,-21.788382053375244,-6.0
window12,7777,3,2019,2008,2019,2022,2019,adaptive,7.689029216766357,18.0,-13.310970783233643,-3.0
window12,7777,3,2019,2008,2019,2022,2019,addressing,2.66593337059021,8.0,-6.33406662940979,-1.0
window12,7777,3,2019,2008,2019,2022,2019,aden,2.459404945373535,0.0,-5.540595054626465,-8.0
window12,7777,3,2019,2008,2019,2022,2019,adoption,9.482906341552734,37.0,-24.517093658447266,3.0
window12,7777,3,2019,2008,2019,2022,2019,adults,0.29161518812179565,0.0,0.29161518812179565,0.0
window12,7777,3,2019,2008,2019,2022,2019,advanced,11.14505672454834,30.0,-22.85494327545166,-4.0
window12,7777,3,2019,2008,2019,2022,2019,advances,9.276710510253906,49.0,-22.723289489746094,17.0
window12,7777,3,2019,2008,2019,2022,2019,advances in,5.397586345672607,20.0,-10.602413654327393,4.0
window12,7777,3,2019,2008,2019,2022,2019,advancing,1.6194617748260498,18.0,-7.38053822517395,9.0
window12,7777,3,2019,2008,2019,2022,2019,advantages,0.29161518812179565,0.0,0.29161518812179565,0.0
window12,7777,3,2019,2008,2019,2022,2019,advertising,2.86252498626709,32.0,-7.13747501373291,22.0
window12,7777,3,2019,2008,2019,2022,2019,africa,20.6171932220459,242.0,-198.3828067779541,23.0
window12,7777,3,2019,2008,2019,2022,2019,african,6.912558555603027,51.0,-42.08744144439697,2.0
window12,7777,3,2019,2008,2019,2022,2019,afterword,2.8570523262023926,1.0,-8.142947673797607,-10.0
window12,7777,3,2019,2008,2019,2022,2019,against,4.025608539581299,11.0,-13.974391460418701,-7.0
window12,7777,3,2019,2008,2019,2022,2019,age of,15.790202140808105,143.0,-103.2097978591919,24.0
window12,7777,3,2019,2008,2019,2022,2019,agencies,2.66593337059021,9.0,-6.33406662940979,0.0
window12,7777,3,2019,2008,2019,2022,2019,agenda,14.276110649108887,149.0,-37.72388935089111,97.0
window12,7777,3,2019,2008,2019,2022,2019,agentic,0.29161518812179565,0.0,0.29161518812179565,0.0
window12,7777,3,2019,2008,2019,2022,2019,agents,2.7577199935913086,23.0,-21.24228000640869,-1.0
window12,7777,3,2019,2008,2019,2022,2019,agricultural,7.071761608123779,30.0,-12.92823839187622,10.0
window12,7777,3,2019,2008,2019,2022,2019,ai chatbot,0.29161518812179565,7.0,0.29161518812179565,7.0
window12,7777,3,2019,2008,2019,2022,2019,ai in,1.2970471382141113,49.0,-7.702952861785889,40.0
window12,7777,3,2019,2008,2019,2022,2019,ai on,0.29161518812179565,0.0,0.29161518812179565,0.0
window12,7777,3,2019,2008,2019,2022,2019,ai-driven,0.29161518812179565,0.0,0.29161518812179565,0.0
window12,7777,3,2019,2008,2019,2022,2019,ai-enabled,0.29161518812179565,6.0,0.29161518812179565,6.0
window12,7777,3,2019,2008,2019,2022,2019,ai-generated,0.29161518812179565,16.0,0.29161518812179565,16.0
window12,7777,3,2019,2008,2019,2022,2019,ai-generated content,0.29161518812179565,0.0,0.29161518812179565,0.0
window12,7777,3,2019,2008,2019,2022,2019,ai-powered,0.29161518812179565,0.0,0.29161518812179565,0.0
window12,7777,3,2019,2008,2019,2022,2019,ai伦理,4.049044609069824,27.0,-2.950955390930176,20.0
window12,7777,3,2019,2008,2019,2022,2019,al jazeera,19.830787658691406,138.0,-151.1692123413086,-33.0
window12,7777,3,2019,2008,2019,2022,2019,al jazeera and,11.108531951904297,26.0,-25.891468048095703,-11.0
window12,7777,3,2019,2008,2019,2022,2019,al jazeera english,0.29161518812179565,16.0,0.29161518812179565,16.0
window12,7777,3,2019,2008,2019,2022,2019,al-jazeera,2.7648563385009766,17.0,-32.23514366149902,-18.0
window12,7777,3,2019,2008,2019,2022,2019,aleppo,0.29161518812179565,0.0,0.29161518812179565,0.0
window12,7777,3,2019,2008,2019,2022,2019,algorithmic,7.1307549476623535,18.0,-7.8692450523376465,3.0
window12,7777,3,2019,2008,2019,2022,2019,algorithms,5.959104537963867,57.0,-9.040895462036133,42.0
window12,7777,3,2019,2008,2019,2022,2019,alignment,4.962238311767578,15.0,-4.037761688232422,6.0
window12,7777,3,2019,2008,2019,2022,2019,along,6.304250717163086,32.0,-9.695749282836914,16.0
window12,7777,3,2019,2008,2019,2022,2019,along the silk,0.29161518812179565,15.0,0.29161518812179565,15.0
window12,7777,3,2019,2008,2019,2022,2019,alternative,3.524071216583252,48.0,-33.47592878341675,11.0
window12,7777,3,2019,2008,2019,2022,2019,america,14.670635223388672,139.0,-102.32936477661133,22.0
window12,7777,3,2019,2008,2019,2022,2019,american,5.616387844085693,55.0,-83.3836121559143,-34.0
window12,7777,3,2019,2008,2019,2022,2019,an empirical,2.150941848754883,24.0,-15.849058151245117,6.0
window12,7777,3,2019,2008,2019,2022,2019,an empirical study,0.29161518812179565,7.0,0.29161518812179565,7.0
window12,7777,3,2019,2008,2019,2022,2019,an example,4.517026424407959,22.0,-3.482973575592041,14.0
window12,7777,3,2019,2008,2019,2022,2019,an exploratory,8.615485191345215,49.0,-22.384514808654785,18.0
window12,7777,3,2019,2008,2019,2022,2019,an exploratory study,8.615485191345215,49.0,-22.384514808654785,18.0
window12,7777,3,2019,2008,2019,2022,2019,an immersive,2.241866111755371,8.0,-4.758133888244629,1.0
window12,7777,3,2019,2008,2019,2022,2019,an integrated,0.29161518812179565,8.0,0.29161518812179565,8.0
window12,7777,3,2019,2008,2019,2022,2019,an introduction,5.416108131408691,27.0,-8.583891868591309,13.0
window12,7777,3,2019,2008,2019,2022,2019,an investigation,3.803335428237915,0.0,-12.196664571762085,-16.0
window12,7777,3,2019,2008,2019,2022,2019,an overview,1.3416768312454224,31.0,-7.658323168754578,22.0
window12,7777,3,2019,2008,2019,2022,2019,an overview of,2.1045076847076416,31.0,-15.895492315292358,13.0
window12,7777,3,2019,2008,2019,2022,2019,analyses,2.3734655380249023,13.0,-11.626534461975098,-1.0
window12,7777,3,2019,2008,2019,2022,2019,analytic hierarchy process,0.29161518812179565,0.0,0.29161518812179565,0.0
window12,7777,3,2019,2008,2019,2022,2019,analytical,0.29161518812179565,0.0,0.29161518812179565,0.0
window12,7777,3,2019,2008,2019,2022,2019,analytics,8.844635963439941,37.0,-36.15536403656006,-8.0
window12,7777,3,2019,2008,2019,2022,2019,analyzing,0.8408651351928711,20.0,-4.159134864807129,15.0
window12,7777,3,2019,2008,2019,2022,2019,ancient,3.6134495735168457,72.0,-44.386550426483154,24.0
window12,7777,3,2019,2008,2019,2022,2019,ancient city,0.29161518812179565,0.0,0.29161518812179565,0.0
window12,7777,3,2019,2008,2019,2022,2019,and al jazeera,3.0163326263427734,27.0,-24.983667373657227,-1.0
window12,7777,3,2019,2008,2019,2022,2019,and disaster risk,3.556821823120117,6.0,-2.443178176879883,0.0
window12,7777,3,2019,2008,2019,2022,2019,and future directions,3.803335428237915,25.0,-12.196664571762085,9.0
window12,7777,3,2019,2008,2019,2022,2019,and generative ai,0.29161518812179565,0.0,0.29161518812179565,0.0
window12,7777,3,2019,2008,2019,2022,2019,and nation branding,0.29161518812179565,8.0,0.29161518812179565,8.0
window12,7777,3,2019,2008,2019,2022,2019,and place branding,2.459404945373535,13.0,-5.540595054626465,5.0
window12,7777,3,2019,2008,2019,2022,2019,and the future,2.66593337059021,17.0,-6.33406662940979,8.0
window12,7777,3,2019,2008,2019,2022,2019,and the future of,2.66593337059021,17.0,-6.33406662940979,8.0
window12,7777,3,2019,2008,2019,2022,2019,and user-generated content,2.459404945373535,8.0,-5.540595054626465,0.0
window12,7777,3,2019,2008,2019,2022,2019,annual,4.049044609069824,7.0,-2.950955390930176,0.0
window12,7777,3,2019,2008,2019,2022,2019,answering,0.29161518812179565,8.0,0.29161518812179565,8.0
window12,7777,3,2019,2008,2019,2022,2019,antecedents,8.299544334411621,50.0,-16.70045566558838,25.0
window12,7777,3,2019,2008,2019,2022,2019,anxiety,4.049044609069824,20.0,-2.950955390930176,13.0
window12,7777,3,2019,2008,2019,2022,2019,applications,15.493586540222168,209.0,-87.50641345977783,106.0
window12,7777,3,2019,2008,2019,2022,2019,applications in,12.503889083862305,69.0,-41.496110916137695,15.0
window12,7777,3,2019,2008,2019,2022,2019,applications of,8.646240234375,49.0,-17.353759765625,23.0
window12,7777,3,2019,2008,2019,2022,2019,applied,4.307166576385498,31.0,-14.692833423614502,12.0
window12,7777,5,2019,2008,2019,2024,2019,21st century,9.574254989624023,36.0,-22.425745010375977,4.0
window12,7777,5,2019,2008,2019,2024,2019,3d laser,8.45494556427002,31.0,-29.54505443572998,-7.0
window12,7777,5,2019,2008,2019,2024,2019,3d laser scanning,7.212616920471191,31.0,-22.78738307952881,1.0
window12,7777,5,2019,2008,2019,2024,2019,3d modeling,1.6021167039871216,22.0,-7.397883296012878,13.0
window12,7777,5,2019,2008,2019,2024,2019,3d modelling,4.455448627471924,4.0,-4.544551372528076,-5.0
window12,7777,5,2019,2008,2019,2024,2019,3d models,5.853347301483154,13.0,-26.146652698516846,-19.0
window12,7777,5,2019,2008,2019,2024,2019,3d printing,1.66641104221344,50.0,-7.33358895778656,41.0
window12,7777,5,2019,2008,2019,2024,2019,3d scanning,7.4511871337890625,31.0,-22.548812866210938,1.0
window12,7777,5,2019,2008,2019,2024,2019,abroad,7.939718246459961,18.0,-22.06028175354004,-12.0
window12,7777,5,2019,2008,2019,2024,2019,acceptance,6.117529392242432,40.0,-30.88247060775757,3.0
window12,7777,5,2019,2008,2019,2024,2019,access,5.0559306144714355,38.0,-58.944069385528564,-26.0
window12,7777,5,2019,2008,2019,2024,2019,accessible,2.3753366470336914,12.0,-3.6246633529663086,6.0
window12,7777,5,2019,2008,2019,2024,2019,accuracy,0.5100180506706238,23.0,0.5100180506706238,23.0
window12,7777,5,2019,2008,2019,2024,2019,accurate,3.151576042175293,12.0,-6.848423957824707,2.0
window12,7777,5,2019,2008,2019,2024,2019,achieving,2.147259473800659,47.0,-11.85274052619934,33.0
window12,7777,5,2019,2008,2019,2024,2019,acknowledgements,1.6952165365219116,5.0,-3.3047834634780884,0.0
window12,7777,5,2019,2008,2019,2024,2019,acquisition,0.5100180506706238,9.0,0.5100180506706238,9.0
window12,7777,5,2019,2008,2019,2024,2019,action,8.749709129333496,350.0,-248.2502908706665,93.0
window12,7777,5,2019,2008,2019,2024,2019,activism,1.3339020013809204,15.0,-4.66609799861908,9.0
window12,7777,5,2019,2008,2019,2024,2019,activities,9.616909980773926,52.0,-24.383090019226074,18.0
window12,7777,5,2019,2008,2019,2024,2019,activity,10.467516899108887,37.0,-34.53248310089111,-8.0
window12,7777,5,2019,2008,2019,2024,2019,adaptation,4.589728355407715,29.0,-21.410271644592285,3.0
window12,7777,5,2019,2008,2019,2024,2019,adaptive,7.798882007598877,18.0,-13.201117992401123,-3.0
window12,7777,5,2019,2008,2019,2024,2019,addressing,3.050718069076538,17.0,-5.949281930923462,8.0
window12,7777,5,2019,2008,2019,2024,2019,aden,2.8390743732452393,1.0,-5.160925626754761,-7.0
window12,7777,5,2019,2008,2019,2024,2019,adoption,9.344736099243164,53.0,-24.655263900756836,19.0
window12,7777,5,2019,2008,2019,2024,2019,adults,0.5100180506706238,0.0,0.5100180506706238,0.0
window12,7777,5,2019,2008,2019,2024,2019,advanced,10.719955444335938,23.0,-23.280044555664062,-11.0
window12,7777,5,2019,2008,2019,2024,2019,advances,9.170228958129883,52.0,-22.829771041870117,20.0
window12,7777,5,2019,2008,2019,2024,2019,advances in,5.718990325927734,31.0,-10.281009674072266,15.0
window12,7777,5,2019,2008,2019,2024,2019,advancing,1.962531328201294,40.0,-7.037468671798706,31.0
window12,7777,5,2019,2008,2019,2024,2019,advantages,0.5100180506706238,26.0,0.5100180506706238,26.0
window12,7777,5,2019,2008,2019,2024,2019,advertising,3.2507808208465576,50.0,-6.749219179153442,40.0
window12,7777,5,2019,2008,2019,2024,2019,africa,17.772464752197266,242.0,-201.22753524780273,23.0
window12,7777,5,2019,2008,2019,2024,2019,african,7.11042594909668,50.0,-41.88957405090332,1.0
window12,7777,5,2019,2008,2019,2024,2019,afterword,3.245239734649658,13.0,-7.754760265350342,2.0
window12,7777,5,2019,2008,2019,2024,2019,against,4.408040523529053,18.0,-13.591959476470947,0.0
window12,7777,5,2019,2008,2019,2024,2019,age of,14.32727336883545,130.0,-104.67272663116455,11.0
window12,7777,5,2019,2008,2019,2024,2019,agencies,3.050718069076538,17.0,-5.949281930923462,8.0
window12,7777,5,2019,2008,2019,2024,2019,agenda,13.185120582580566,160.0,-38.814879417419434,108.0
window12,7777,5,2019,2008,2019,2024,2019,agentic,0.5100180506706238,0.0,0.5100180506706238,0.0
window12,7777,5,2019,2008,2019,2024,2019,agents,3.1456315517425537,45.0,-20.854368448257446,21.0
window12,7777,5,2019,2008,2019,2024,2019,agricultural,7.251094341278076,26.0,-12.748905658721924,6.0
window12,7777,5,2019,2008,2019,2024,2019,ai chatbot,0.5100180506706238,41.0,0.5100180506706238,41.0
window12,7777,5,2019,2008,2019,2024,2019,ai in,1.6185256242752075,157.0,-7.3814743757247925,148.0
window12,7777,5,2019,2008,2019,2024,2019,ai on,0.5100180506706238,15.0,0.5100180506706238,15.0
window12,7777,5,2019,2008,2019,2024,2019,ai-driven,0.5100180506706238,30.0,0.5100180506706238,30.0
window12,7777,5,2019,2008,2019,2024,2019,ai-enabled,0.5100180506706238,6.0,0.5100180506706238,6.0
window12,7777,5,2019,2008,2019,2024,2019,ai-generated,0.5100180506706238,33.0,0.5100180506706238,33.0
window12,7777,5,2019,2008,2019,2024,2019,ai-generated content,0.5100180506706238,24.0,0.5100180506706238,24.0
window12,7777,5,2019,2008,2019,2024,2019,ai-powered,0.5100180506706238,8.0,0.5100180506706238,8.0
window12,7777,5,2019,2008,2019,2024,2019,ai伦理,4.429880619049072,20.0,-2.5701193809509277,13.0
window12,7777,5,2019,2008,2019,2024,2019,al jazeera,17.22844696044922,48.0,-153.77155303955078,-123.0
window12,7777,5,2019,2008,2019,2024,2019,al jazeera and,10.690406799316406,0.0,-26.309593200683594,-37.0
window12,7777,5,2019,2008,2019,2024,2019,al jazeera english,0.5100180506706238,24.0,0.5100180506706238,24.0
window12,7777,5,2019,2008,2019,2024,2019,al-jazeera,3.153057098388672,9.0,-31.846942901611328,-26.0
window12,7777,5,2019,2008,2019,2024,2019,aleppo,0.5100180506706238,9.0,0.5100180506706238,9.0
window12,7777,5,2019,2008,2019,2024,2019,algorithmic,7.303410530090332,3.0,-7.696589469909668,-12.0
window12,7777,5,2019,2008,2019,2024,2019,algorithms,6.24062967300415,71.0,-8.75937032699585,56.0
window12,7777,5,2019,2008,2019,2024,2019,alignment,5.3081955909729,6.0,-3.6918044090270996,-3.0
window12,7777,5,2019,2008,2019,2024,2019,along,6.557245254516602,52.0,-9.442754745483398,36.0
window12,7777,5,2019,2008,2019,2024,2019,along the silk,0.5100180506706238,29.0,0.5100180506706238,29.0
window12,7777,5,2019,2008,2019,2024,2019,alternative,3.916127920150757,36.0,-33.08387207984924,-1.0
window12,7777,5,2019,2008,2019,2024,2019,america,13.487641334533691,138.0,-103.51235866546631,21.0
window12,7777,5,2019,2008,2019,2024,2019,american,5.927097320556641,57.0,-83.07290267944336,-32.0
window12,7777,5,2019,2008,2019,2024,2019,an empirical,2.5212037563323975,15.0,-15.478796243667603,-3.0
window12,7777,5,2019,2008,2019,2024,2019,an empirical study,0.5100180506706238,7.0,0.5100180506706238,7.0
window12,7777,5,2019,2008,2019,2024,2019,an example,4.883037090301514,29.0,-3.1169629096984863,21.0
window12,7777,5,2019,2008,2019,2024,2019,an exploratory,8.605780601501465,26.0,-22.394219398498535,-5.0
window12,7777,5,2019,2008,2019,2024,2019,an exploratory study,8.605780601501465,26.0,-22.394219398498535,-5.0
window12,7777,5,2019,2008,2019,2024,2019,an immersive,2.614478349685669,8.0,-4.385521650314331,1.0
window12,7777,5,2019,2008,2019,2024,2019,an integrated,0.5100180506706238,16.0,0.5100180506706238,16.0
window12,7777,5,2019,2008,2019,2024,2019,an introduction,5.736212730407715,28.0,-8.263787269592285,14.0
window12,7777,5,2019,2008,2019,2024,2019,an investigation,4.19022798538208,7.0,-11.80977201461792,-9.0
window12,7777,5,2019,2008,2019,2024,2019,an overview,1.66641104221344,76.0,-7.33358895778656,67.0
window12,7777,5,2019,2008,2019,2024,2019,an overview of,2.4728598594665527,67.0,-15.527140140533447,49.0
window12,7777,5,2019,2008,2019,2024,2019,analyses,2.7512381076812744,13.0,-11.248761892318726,-1.0
window12,7777,5,2019,2008,2019,2024,2019,analytic hierarchy process,0.5100180506706238,0.0,0.5100180506706238,0.0
window12,7777,5,2019,2008,2019,2024,2019,analytical,0.5100180506706238,32.0,0.5100180506706238,32.0
window12,7777,5,2019,2008,2019,2024,2019,analytics,8.803284645080566,45.0,-36.196715354919434,0.0
window12,7777,5,2019,2008,2019,2024,2019,analyzing,1.1232155561447144,53.0,-3.8767844438552856,48.0
window12,7777,5,2019,2008,2019,2024,2019,ancient,4.0052032470703125,76.0,-43.99479675292969,28.0
window12,7777,5,2019,2008,2019,2024,2019,ancient city,0.5100180506706238,17.0,0.5100180506706238,17.0
window12,7777,5,2019,2008,2019,2024,2019,and al jazeera,3.407611131668091,16.0,-24.59238886833191,-12.0
window12,7777,5,2019,2008,2019,2024,2019,and disaster risk,3.946014165878296,38.0,-2.053985834121704,32.0
window12,7777,5,2019,2008,2019,2024,2019,and future directions,4.19022798538208,43.0,-11.80977201461792,27.0
window12,7777,5,2019,2008,2019,2024,2019,and generative ai,0.5100180506706238,25.0,0.5100180506706238,25.0
window12,7777,5,2019,2008,2019,2024,2019,and nation branding,0.5100180506706238,8.0,0.5100180506706238,8.0
window12,7777,5,2019,2008,2019,2024,2019,and place branding,2.8390743732452393,13.0,-5.160925626754761,5.0
window12,7777,5,2019,2008,2019,2024,2019,and the future,3.050718069076538,31.0,-5.949281930923462,22.0
window12,7777,5,2019,2008,2019,2024,2019,and the future of,3.050718069076538,31.0,-5.949281930923462,22.0
window12,7777,5,2019,2008,2019,2024,2019,and user-generated content,2.8390743732452393,16.0,-5.160925626754761,8.0
window12,7777,5,2019,2008,2019,2024,2019,annual,4.429880619049072,16.0,-2.5701193809509277,9.0
window12,7777,5,2019,2008,2019,2024,2019,answering,0.5100180506706238,8.0,0.5100180506706238,8.0
window12,7777,5,2019,2008,2019,2024,2019,antecedents,8.332517623901367,25.0,-16.667482376098633,0.0
window12,7777,5,2019,2008,2019,2024,2019,anxiety,4.429880619049072,19.0,-2.5701193809509277,12.0
window12,7777,5,2019,2008,2019,2024,2019,applications,14.10593032836914,167.0,-88.89406967163086,64.0
window12,7777,5,2019,2008,2019,2024,2019,applications in,11.809439659118652,49.0,-42.19056034088135,-5.0
window12,7777,5,2019,2008,2019,2024,2019,applications of,8.631860733032227,45.0,-17.368139266967773,19.0
window12,7777,5,2019,2008,2019,2024,2019,applied,4.681769371032715,52.0,-14.318230628967285,33.0
stoch64,42,1,2019,2012,2019,2020,2019,21st century,10.432373046875,44.0,-21.567626953125,12.0
stoch64,42,1,2019,2012,2019,2020,2019,3d laser,8.4605712890625,46.0,-29.5394287109375,8.0
stoch64,42,1,2019,2012,2019,2020,2019,3d laser scanning,6.864593029022217,38.0,-23.135406970977783,8.0
stoch64,42,1,2019,2012,2019,2020,2019,3d modeling,1.1340364217758179,3.0,-7.865963578224182,-6.0
stoch64,42,1,2019,2012,2019,2020,2019,3d modelling,4.035222053527832,9.0,-4.964777946472168,0.0
stoch64,42,1,2019,2012,2019,2020,2019,3d models,5.232430458068848,32.0,-26.767569541931152,0.0
stoch64,42,1,2019,2012,2019,2020,2019,3d printing,1.2090356349945068,17.0,-7.790964365005493,8.0
stoch64,42,1,2019,2012,2019,2020,2019,3d scanning,7.174473285675049,39.0,-22.82552671432495,9.0
stoch64,42,1,2019,2012,2019,2020,2019,abroad,7.876140117645264,8.0,-22.123859882354736,-22.0
stoch64,42,1,2019,2012,2019,2020,2019,acceptance,5.477481365203857,22.0,-31.522518634796143,-15.0
stoch64,42,1,2019,2012,2019,2020,2019,access,4.601591110229492,64.0,-59.39840888977051,0.0
stoch64,42,1,2019,2012,2019,2020,2019,accessible,1.8963513374328613,6.0,-4.103648662567139,0.0
stoch64,42,1,2019,2012,2019,2020,2019,accuracy,0.10641058534383774,0.0,0.10641058534383774,0.0
stoch64,42,1,2019,2012,2019,2020,2019,accurate,2.582814931869507,10.0,-7.417185068130493,0.0
stoch64,42,1,2019,2012,2019,2020,2019,achieving,1.647696852684021,39.0,-12.352303147315979,25.0
stoch64,42,1,2019,2012,2019,2020,2019,acknowledgements,1.1858996152877808,5.0,-3.8141003847122192,0.0
stoch64,42,1,2019,2012,2019,2020,2019,acquisition,0.10641058534383774,0.0,0.10641058534383774,0.0
stoch64,42,1,2019,2012,2019,2020,2019,action,9.165821075439453,263.0,-247.83417892456055,6.0
stoch64,42,1,2019,2012,2019,2020,2019,activism,0.8946229219436646,10.0,-5.1053770780563354,4.0
stoch64,42,1,2019,2012,2019,2020,2019,activities,10.423136711120605,47.0,-23.576863288879395,13.0
stoch64,42,1,2019,2012,2019,2020,2019,activity,11.632586479187012,37.0,-33.36741352081299,-8.0
stoch64,42,1,2019,2012,2019,2020,2019,adaptation,3.943434715270996,24.0,-22.056565284729004,-2.0
stoch64,42,1,2019,2012,2019,2020,2019,adaptive,7.954833984375,12.0,-13.045166015625,-9.0
stoch64,42,1,2019,2012,2019,2020,2019,addressing,2.512659788131714,9.0,-6.487340211868286,0.0
stoch64,42,1,2019,2012,2019,2020,2019,aden,2.3186466693878174,8.0,-5.681353330612183,0.0
stoch64,42,1,2019,2012,2019,2020,2019,adoption,9.973114967346191,46.0,-24.02688503265381,12.0
stoch64,42,1,2019,2012,2019,2020,2019,adults,0.10641058534383774,0.0,0.10641058534383774,0.0
stoch64,42,1,2019,2012,2019,2020,2019,advanced,12.418564796447754,34.0,-21.581435203552246,0.0
stoch64,42,1,2019,2012,2019,2020,2019,advances,9.737215995788574,44.0,-22.262784004211426,12.0
stoch64,42,1,2019,2012,2019,2020,2019,advances in,5.275406837463379,16.0,-10.724593162536621,0.0
stoch64,42,1,2019,2012,2019,2020,2019,advancing,1.476309895515442,18.0,-7.523690104484558,9.0
stoch64,42,1,2019,2012,2019,2020,2019,advantages,0.10641058534383774,0.0,0.10641058534383774,0.0
stoch64,42,1,2019,2012,2019,2020,2019,advertising,2.6972689628601074,8.0,-7.302731037139893,-2.0
stoch64,42,1,2019,2012,2019,2020,2019,africa,26.52997589111328,227.0,-192.47002410888672,8.0
stoch64,42,1,2019,2012,2019,2020,2019,african,6.661415100097656,60.0,-42.338584899902344,11.0
stoch64,42,1,2019,2012,2019,2020,2019,afterword,2.6480600833892822,11.0,-8.351939916610718,0.0
stoch64,42,1,2019,2012,2019,2020,2019,against,3.7648813724517822,18.0,-14.235118627548218,0.0
stoch64,42,1,2019,2012,2019,2020,2019,age of,18.384868621826172,178.0,-100.61513137817383,59.0
stoch64,42,1,2019,2012,2019,2020,2019,agencies,2.512659788131714,18.0,-6.487340211868286,9.0
stoch64,42,1,2019,2012,2019,2020,2019,agenda,17.00535774230957,81.0,-34.99464225769043,29.0
stoch64,42,1,2019,2012,2019,2020,2019,agentic,0.10641058534383774,0.0,0.10641058534383774,0.0
stoch64,42,1,2019,2012,2019,2020,2019,agents,2.6095402240753174,32.0,-21.390459775924683,8.0
stoch64,42,1,2019,2012,2019,2020,2019,agricultural,7.189870834350586,29.0,-12.810129165649414,9.0
stoch64,42,1,2019,2012,2019,2020,2019,ai chatbot,0.10641058534383774,0.0,0.10641058534383774,0.0
stoch64,42,1,2019,2012,2019,2020,2019,ai in,1.1660617589950562,27.0,-7.833938241004944,18.0
stoch64,42,1,2019,2012,2019,2020,2019,ai on,0.10641058534383774,0.0,0.10641058534383774,0.0
stoch64,42,1,2019,2012,2019,2020,2019,ai-driven,0.10641058534383774,0.0,0.10641058534383774,0.0
stoch64,42,1,2019,2012,2019,2020,2019,ai-enabled,0.10641058534383774,6.0,0.10641058534383774,6.0
stoch64,42,1,2019,2012,2019,2020,2019,ai-generated,0.10641058534383774,0.0,0.10641058534383774,0.0
stoch64,42,1,2019,2012,2019,2020,2019,ai-generated content,0.10641058534383774,0.0,0.10641058534383774,0.0
stoch64,42,1,2019,2012,2019,2020,2019,ai-powered,0.10641058534383774,0.0,0.10641058534383774,0.0
stoch64,42,1,2019,2012,2019,2020,2019,ai伦理,4.133449554443359,18.0,-2.8665504455566406,11.0
stoch64,42,1,2019,2012,2019,2020,2019,al jazeera,25.660310745239258,181.0,-145.33968925476074,10.0
stoch64,42,1,2019,2012,2019,2020,2019,al jazeera and,12.304611206054688,28.0,-24.695388793945312,-9.0
stoch64,42,1,2019,2012,2019,2020,2019,al jazeera english,0.10641058534383774,8.0,0.10641058534383774,8.0
stoch64,42,1,2019,2012,2019,2020,2019,al-jazeera,2.4778716564178467,33.0,-32.52212834358215,-2.0
stoch64,42,1,2019,2012,2019,2020,2019,aleppo,0.10641058534383774,0.0,0.10641058534383774,0.0
stoch64,42,1,2019,2012,2019,2020,2019,algorithmic,7.497564315795898,18.0,-7.502435684204102,3.0
stoch64,42,1,2019,2012,2019,2020,2019,algorithms,5.999275207519531,40.0,-9.000724792480469,25.0
stoch64,42,1,2019,2012,2019,2020,2019,alignment,5.099281311035156,9.0,-3.9007186889648438,0.0
stoch64,42,1,2019,2012,2019,2020,2019,along,6.379580020904541,16.0,-9.620419979095459,0.0
stoch64,42,1,2019,2012,2019,2020,2019,along the silk,0.10641058534383774,0.0,0.10641058534383774,0.0
stoch64,42,1,2019,2012,2019,2020,2019,alternative,3.357025384902954,55.0,-33.642974615097046,18.0
stoch64,42,1,2019,2012,2019,2020,2019,america,16.509780883789062,165.0,-100.49021911621094,48.0
stoch64,42,1,2019,2012,2019,2020,2019,american,5.356598377227783,103.0,-83.64340162277222,14.0
stoch64,42,1,2019,2012,2019,2020,2019,an empirical,2.0027284622192383,17.0,-15.997271537780762,-1.0
stoch64,42,1,2019,2012,2019,2020,2019,an empirical study,0.10641058534383774,0.0,0.10641058534383774,0.0
stoch64,42,1,2019,2012,2019,2020,2019,an example,4.625345230102539,8.0,-3.374654769897461,0.0
stoch64,42,1,2019,2012,2019,2020,2019,an exploratory,8.85840892791748,32.0,-22.14159107208252,1.0
stoch64,42,1,2019,2012,2019,2020,2019,an exploratory study,8.85840892791748,32.0,-22.14159107208252,1.0
stoch64,42,1,2019,2012,2019,2020,2019,an immersive,2.113809823989868,0.0,-4.886190176010132,-7.0
stoch64,42,1,2019,2012,2019,2020,2019,an integrated,0.10641058534383774,8.0,0.10641058534383774,8.0
stoch64,42,1,2019,2012,2019,2020,2019,an introduction,5.380212306976318,19.0,-8.619787693023682,5.0
stoch64,42,1,2019,2012,2019,2020,2019,an investigation,3.568589925765991,16.0,-12.431410074234009,0.0
stoch64,42,1,2019,2012,2019,2020,2019,an overview,1.2090356349945068,14.0,-7.790964365005493,5.0
stoch64,42,1,2019,2012,2019,2020,2019,an overview of,1.945062279701233,14.0,-16.054937720298767,-4.0
stoch64,42,1,2019,2012,2019,2020,2019,analyses,2.2023518085479736,18.0,-11.797648191452026,4.0
stoch64,42,1,2019,2012,2019,2020,2019,analytic hierarchy process,0.10641058534383774,0.0,0.10641058534383774,0.0
stoch64,42,1,2019,2012,2019,2020,2019,analytical,0.10641058534383774,0.0,0.10641058534383774,0.0
stoch64,42,1,2019,2012,2019,2020,2019,analytics,8.899153709411621,58.0,-36.10084629058838,13.0
stoch64,42,1,2019,2012,2019,2020,2019,analyzing,0.6949443817138672,5.0,-4.305055618286133,0.0
stoch64,42,1,2019,2012,2019,2020,2019,ancient,3.4841232299804688,66.0,-44.51587677001953,18.0
stoch64,42,1,2019,2012,2019,2020,2019,ancient city,0.10641058534383774,0.0,0.10641058534383774,0.0
stoch64,42,1,2019,2012,2019,2020,2019,and al jazeera,2.7710063457489014,36.0,-25.2289936542511,8.0
stoch64,42,1,2019,2012,2019,2020,2019,and disaster risk,3.6216490268707275,6.0,-2.3783509731292725,0.0
stoch64,42,1,2019,2012,2019,2020,2019,and future directions,3.568589925765991,25.0,-12.431410074234009,9.0
stoch64,42,1,2019,2012,2019,2020,2019,and generative ai,0.10641058534383774,0.0,0.10641058534383774,0.0
stoch64,42,1,2019,2012,2019,2020,2019,and nation branding,0.10641058534383774,0.0,0.10641058534383774,0.0
stoch64,42,1,2019,2012,2019,2020,2019,and place branding,2.3186466693878174,5.0,-5.681353330612183,-3.0
stoch64,42,1,2019,2012,2019,2020,2019,and the future,2.512659788131714,9.0,-6.487340211868286,0.0
stoch64,42,1,2019,2012,2019,2020,2019,and the future of,2.512659788131714,9.0,-6.487340211868286,0.0
stoch64,42,1,2019,2012,2019,2020,2019,and user-generated content,2.3186466693878174,8.0,-5.681353330612183,0.0
stoch64,42,1,2019,2012,2019,2020,2019,annual,4.133449554443359,7.0,-2.8665504455566406,0.0
stoch64,42,1,2019,2012,2019,2020,2019,answering,0.10641058534383774,0.0,0.10641058534383774,0.0
stoch64,42,1,2019,2012,2019,2020,2019,antecedents,8.620323181152344,34.0,-16.379676818847656,9.0
stoch64,42,1,2019,2012,2019,2020,2019,anxiety,4.133449554443359,11.0,-2.8665504455566406,4.0
stoch64,42,1,2019,2012,2019,2020,2019,applications,18.08876609802246,124.0,-84.91123390197754,21.0
stoch64,42,1,2019,2012,2019,2020,2019,applications in,13.978883743286133,62.0,-40.02111625671387,8.0
stoch64,42,1,2019,2012,2019,2020,2019,applications of,9.057401657104492,41.0,-16.942598342895508,15.0
stoch64,42,1,2019,2012,2019,2020,2019,applied,4.072778701782227,15.0,-14.927221298217773,-4.0
stoch64,42,3,2019,2012,2019,2022,2019,21st century,11.159090995788574,52.0,-20.840909004211426,20.0
stoch64,42,3,2019,2012,2019,2022,2019,3d laser,9.25550651550293,41.0,-28.74449348449707,3.0
stoch64,42,3,2019,2012,2019,2022,2019,3d laser scanning,7.662831783294678,41.0,-22.337168216705322,11.0
stoch64,42,3,2019,2012,2019,2022,2019,3d modeling,1.5047744512557983,0.0,-7.495225548744202,-9.0
stoch64,42,3,2019,2012,2019,2022,2019,3d modelling,4.709803104400635,9.0,-4.290196895599365,0.0
stoch64,42,3,2019,2012,2019,2022,2019,3d models,5.978238105773926,29.0,-26.021761894226074,-3.0
stoch64,42,3,2019,2012,2019,2022,2019,3d printing,1.5894620418548584,40.0,-7.410537958145142,31.0
stoch64,42,3,2019,2012,2019,2022,2019,3d scanning,7.975796699523926,36.0,-22.024203300476074,6.0
stoch64,42,3,2019,2012,2019,2022,2019,abroad,8.677335739135742,17.0,-21.322664260864258,-13.0
stoch64,42,3,2019,2012,2019,2022,2019,acceptance,6.234280586242676,9.0,-30.765719413757324,-28.0
stoch64,42,3,2019,2012,2019,2022,2019,access,5.309844970703125,53.0,-58.690155029296875,-11.0
stoch64,42,3,2019,2012,2019,2022,2019,accessible,2.3628482818603516,12.0,-3.6371517181396484,6.0
stoch64,42,3,2019,2012,2019,2022,2019,accuracy,0.3374628722667694,6.0,0.3374628722667694,6.0
stoch64,42,3,2019,2012,2019,2022,2019,accurate,3.1260995864868164,12.0,-6.873900413513184,2.0
stoch64,42,3,2019,2012,2019,2022,2019,achieving,2.083130359649658,34.0,-11.916869640350342,20.0
stoch64,42,3,2019,2012,2019,2022,2019,acknowledgements,1.5641915798187256,6.0,-3.4358084201812744,1.0
stoch64,42,3,2019,2012,2019,2022,2019,acquisition,0.3374628722667694,9.0,0.3374628722667694,9.0
stoch64,42,3,2019,2012,2019,2022,2019,action,9.93505859375,281.0,-247.06494140625,24.0
stoch64,42,3,2019,2012,2019,2022,2019,activism,1.2339584827423096,15.0,-4.76604151725769,9.0
stoch64,42,3,2019,2012,2019,2022,2019,activities,11.149476051330566,40.0,-22.850523948669434,6.0
stoch64,42,3,2019,2012,2019,2022,2019,activity,12.282320976257324,29.0,-32.717679023742676,-16.0
stoch64,42,3,2019,2012,2019,2022,2019,adaptation,4.60917329788208,20.0,-21.39082670211792,-6.0
stoch64,42,3,2019,2012,2019,2022,2019,adaptive,8.75632381439209,18.0,-12.24367618560791,-3.0
stoch64,42,3,2019,2012,2019,2022,2019,addressing,3.0485105514526367,8.0,-5.951489448547363,-1.0
stoch64,42,3,2019,2012,2019,2022,2019,aden,2.8334672451019287,0.0,-5.166532754898071,-8.0
stoch64,42,3,2019,2012,2019,2022,2019,adoption,10.720575332641602,37.0,-23.2794246673584,3.0
stoch64,42,3,2019,2012,2019,2022,2019,adults,0.3374628722667694,0.0,0.3374628722667694,0.0
stoch64,42,3,2019,2012,2019,2022,2019,advanced,13.008889198303223,30.0,-20.991110801696777,-4.0
stoch64,42,3,2019,2012,2019,2022,2019,advances,10.495586395263672,49.0,-21.504413604736328,17.0
stoch64,42,3,2019,2012,2019,2022,2019,advances in,6.024874687194824,20.0,-9.975125312805176,4.0
stoch64,42,3,2019,2012,2019,2022,2019,advancing,1.8909845352172852,18.0,-7.109015464782715,9.0
stoch64,42,3,2019,2012,2019,2022,2019,advantages,0.3374628722667694,0.0,0.3374628722667694,0.0
stoch64,42,3,2019,2012,2019,2022,2019,advertising,3.252418279647827,32.0,-6.747581720352173,22.0
stoch64,42,3,2019,2012,2019,2022,2019,africa,24.65213966369629,242.0,-194.3478603363037,23.0
stoch64,42,3,2019,2012,2019,2022,2019,african,7.453468322753906,51.0,-41.546531677246094,2.0
stoch64,42,3,2019,2012,2019,2022,2019,afterword,3.1981656551361084,1.0,-7.801834344863892,-10.0
stoch64,42,3,2019,2012,2019,2022,2019,against,4.41744327545166,11.0,-13.58255672454834,-7.0
stoch64,42,3,2019,2012,2019,2022,2019,age of,18.21335220336914,143.0,-100.78664779663086,24.0
stoch64,42,3,2019,2012,2019,2022,2019,agencies,3.0485105514526367,9.0,-5.951489448547363,0.0
stoch64,42,3,2019,2012,2019,2022,2019,agenda,17.056337356567383,149.0,-34.94366264343262,97.0
stoch64,42,3,2019,2012,2019,2022,2019,agentic,0.3374628722667694,0.0,0.3374628722667694,0.0
stoch64,42,3,2019,2012,2019,2022,2019,agents,3.1538503170013428,23.0,-20.846149682998657,-1.0
stoch64,42,3,2019,2012,2019,2022,2019,agricultural,7.991267204284668,30.0,-12.008732795715332,10.0
stoch64,42,3,2019,2012,2019,2022,2019,ai chatbot,0.3374628722667694,7.0,0.3374628722667694,7.0
stoch64,42,3,2019,2012,2019,2022,2019,ai in,1.5408844947814941,49.0,-7.459115505218506,40.0
stoch64,42,3,2019,2012,2019,2022,2019,ai on,0.3374628722667694,0.0,0.3374628722667694,0.0
stoch64,42,3,2019,2012,2019,2022,2019,ai-driven,0.3374628722667694,0.0,0.3374628722667694,0.0
stoch64,42,3,2019,2012,2019,2022,2019,ai-enabled,0.3374628722667694,6.0,0.3374628722667694,6.0
stoch64,42,3,2019,2012,2019,2022,2019,ai-generated,0.3374628722667694,16.0,0.3374628722667694,16.0
stoch64,42,3,2019,2012,2019,2022,2019,ai-generated content,0.3374628722667694,0.0,0.3374628722667694,0.0
stoch64,42,3,2019,2012,2019,2022,2019,ai-powered,0.3374628722667694,0.0,0.3374628722667694,0.0
stoch64,42,3,2019,2012,2019,2022,2019,ai伦理,4.815408706665039,27.0,-2.184591293334961,20.0
stoch64,42,3,2019,2012,2019,2022,2019,al jazeera,24.00213623046875,138.0,-146.99786376953125,-33.0
stoch64,42,3,2019,2012,2019,2022,2019,al jazeera and,12.904972076416016,26.0,-24.095027923583984,-11.0
stoch64,42,3,2019,2012,2019,2022,2019,al jazeera english,0.3374628722667694,16.0,0.3374628722667694,16.0
stoch64,42,3,2019,2012,2019,2022,2019,al-jazeera,3.0081048011779785,17.0,-31.99189519882202,-18.0
stoch64,42,3,2019,2012,2019,2022,2019,aleppo,0.3374628722667694,0.0,0.3374628722667694,0.0
stoch64,42,3,2019,2012,2019,2022,2019,algorithmic,8.301433563232422,18.0,-6.698566436767578,3.0
stoch64,42,3,2019,2012,2019,2022,2019,algorithms,6.777511119842529,57.0,-8.22248888015747,42.0
stoch64,42,3,2019,2012,2019,2022,2019,alignment,5.840816497802734,15.0,-3.1591835021972656,6.0
stoch64,42,3,2019,2012,2019,2022,2019,along,7.168659687042236,32.0,-8.831340312957764,16.0
stoch64,42,3,2019,2012,2019,2022,2019,along the silk,0.3374628722667694,15.0,0.3374628722667694,15.0
stoch64,42,3,2019,2012,2019,2022,2019,alternative,3.972970724105835,48.0,-33.027029275894165,11.0
stoch64,42,3,2019,2012,2019,2022,2019,america,16.626663208007812,139.0,-100.37333679199219,22.0
stoch64,42,3,2019,2012,2019,2022,2019,american,6.105173587799072,55.0,-82.89482641220093,-34.0
stoch64,42,3,2019,2012,2019,2022,2019,an empirical,2.4803240299224854,24.0,-15.519675970077515,6.0
stoch64,42,3,2019,2012,2019,2022,2019,an empirical study,0.3374628722667694,7.0,0.3374628722667694,7.0
stoch64,42,3,2019,2012,2019,2022,2019,an example,5.340189456939697,22.0,-2.6598105430603027,14.0
stoch64,42,3,2019,2012,2019,2022,2019,an exploratory,9.6446533203125,49.0,-21.3553466796875,18.0
stoch64,42,3,2019,2012,2019,2022,2019,an exploratory study,9.6446533203125,49.0,-21.3553466796875,18.0
stoch64,42,3,2019,2012,2019,2022,2019,an immersive,2.605616569519043,8.0,-4.394383430480957,1.0
stoch64,42,3,2019,2012,2019,2022,2019,an integrated,0.3374628722667694,8.0,0.3374628722667694,8.0
stoch64,42,3,2019,2012,2019,2022,2019,an introduction,6.134655952453613,27.0,-7.865344047546387,13.0
stoch64,42,3,2019,2012,2019,2022,2019,an investigation,4.2050909996032715,0.0,-11.794909000396729,-16.0
stoch64,42,3,2019,2012,2019,2022,2019,an overview,1.5894620418548584,31.0,-7.410537958145142,22.0
stoch64,42,3,2019,2012,2019,2022,2019,an overview of,2.4159605503082275,31.0,-15.584039449691772,13.0
stoch64,42,3,2019,2012,2019,2022,2019,analyses,2.703413724899292,13.0,-11.296586275100708,-1.0
stoch64,42,3,2019,2012,2019,2022,2019,analytic hierarchy process,0.3374628722667694,0.0,0.3374628722667694,0.0
stoch64,42,3,2019,2012,2019,2022,2019,analytical,0.3374628722667694,0.0,0.3374628722667694,0.0
stoch64,42,3,2019,2012,2019,2022,2019,analytics,9.683113098144531,37.0,-35.31688690185547,-8.0
stoch64,42,3,2019,2012,2019,2022,2019,analyzing,1.0074546337127686,20.0,-3.9925453662872314,15.0
stoch64,42,3,2019,2012,2019,2022,2019,ancient,4.110361099243164,72.0,-43.889638900756836,24.0
stoch64,42,3,2019,2012,2019,2022,2019,ancient city,0.3374628722667694,0.0,0.3374628722667694,0.0
stoch64,42,3,2019,2012,2019,2022,2019,and al jazeera,3.3321197032928467,27.0,-24.667880296707153,-1.0
stoch64,42,3,2019,2012,2019,2022,2019,and disaster risk,4.263772964477539,6.0,-1.736227035522461,0.0
stoch64,42,3,2019,2012,2019,2022,2019,and future directions,4.2050909996032715,25.0,-11.794909000396729,9.0
stoch64,42,3,2019,2012,2019,2022,2019,and generative ai,0.3374628722667694,0.0,0.3374628722667694,0.0
stoch64,42,3,2019,2012,2019,2022,2019,and nation branding,0.3374628722667694,8.0,0.3374628722667694,8.0
stoch64,42,3,2019,2012,2019,2022,2019,and place branding,2.8334672451019287,13.0,-5.166532754898071,5.0
stoch64,42,3,2019,2012,2019,2022,2019,and the future,3.0485105514526367,17.0,-5.951489448547363,8.0
stoch64,42,3,2019,2012,2019,2022,2019,and the future of,3.0485105514526367,17.0,-5.951489448547363,8.0
stoch64,42,3,2019,2012,2019,2022,2019,and user-generated content,2.8334672451019287,8.0,-5.166532754898071,0.0
stoch64,42,3,2019,2012,2019,2022,2019,annual,4.815408706665039,7.0,-2.184591293334961,0.0
stoch64,42,3,2019,2012,2019,2022,2019,answering,0.3374628722667694,8.0,0.3374628722667694,8.0
stoch64,42,3,2019,2012,2019,2022,2019,antecedents,9.412394523620605,50.0,-15.587605476379395,25.0
stoch64,42,3,2019,2012,2019,2022,2019,anxiety,4.815408706665039,20.0,-2.184591293334961,13.0
stoch64,42,3,2019,2012,2019,2022,2019,applications,17.967086791992188,209.0,-85.03291320800781,106.0
stoch64,42,3,2019,2012,2019,2022,2019,applications in,14.41729736328125,69.0,-39.58270263671875,15.0
stoch64,42,3,2019,2012,2019,2022,2019,applications of,9.839305877685547,49.0,-16.160694122314453,23.0
stoch64,42,3,2019,2012,2019,2022,2019,applied,4.748811721801758,31.0,-14.251188278198242,12.0
stoch64,42,5,2019,2012,2019,2024,2019,21st century,10.257083892822266,36.0,-21.742916107177734,4.0
stoch64,42,5,2019,2012,2019,2024,2019,3d laser,8.757257461547852,31.0,-29.24274253845215,-7.0
stoch64,42,5,2019,2012,2019,2024,2019,3d laser scanning,7.450588703155518,31.0,-22.549411296844482,1.0
stoch64,42,5,2019,2012,2019,2024,2019,3d modeling,1.807220458984375,22.0,-7.192779541015625,13.0
stoch64,42,5,2019,2012,2019,2024,2019,3d modelling,4.881681442260742,4.0,-4.118318557739258,-5.0
stoch64,42,5,2019,2012,2019,2024,2019,3d models,6.0145769119262695,13.0,-25.98542308807373,-19.0
stoch64,42,5,2019,2012,2019,2024,2019,3d printing,1.8936052322387695,50.0,-7.1063947677612305,41.0
stoch64,42,5,2019,2012,2019,2024,2019,3d scanning,7.711564540863037,31.0,-22.288435459136963,1.0
stoch64,42,5,2019,2012,2019,2024,2019,abroad,8.289636611938477,18.0,-21.710363388061523,-12.0
stoch64,42,5,2019,2012,2019,2024,2019,acceptance,6.237808704376221,40.0,-30.76219129562378,3.0
stoch64,42,5,2019,2012,2019,2024,2019,access,5.427746295928955,38.0,-58.572253704071045,-26.0
stoch64,42,5,2019,2012,2019,2024,2019,accessible,2.666842460632324,12.0,-3.333157539367676,6.0
stoch64,42,5,2019,2012,2019,2024,2019,accuracy,0.5783463716506958,23.0,0.5783463716506958,23.0
stoch64,42,5,2019,2012,2019,2024,2019,accurate,3.4081077575683594,12.0,-6.591892242431641,2.0
stoch64,42,5,2019,2012,2019,2024,2019,achieving,2.3910470008850098,47.0,-11.60895299911499,33.0
stoch64,42,5,2019,2012,2019,2024,2019,acknowledgements,1.8666694164276123,5.0,-3.1333305835723877,0.0
stoch64,42,5,2019,2012,2019,2024,2019,acquisition,0.5783463716506958,9.0,0.5783463716506958,9.0
stoch64,42,5,2019,2012,2019,2024,2019,action,9.312773704528809,350.0,-247.6872262954712,93.0
stoch64,42,5,2019,2012,2019,2024,2019,activism,1.5286005735397339,15.0,-4.471399426460266,9.0
stoch64,42,5,2019,2012,2019,2024,2019,activities,10.250548362731934,52.0,-23.749451637268066,18.0
stoch64,42,5,2019,2012,2019,2024,2019,activity,11.117297172546387,37.0,-33.88270282745361,-8.0
stoch64,42,5,2019,2012,2019,2024,2019,adaptation,4.793616771697998,29.0,-21.206383228302002,3.0
stoch64,42,5,2019,2012,2019,2024,2019,adaptive,8.352985382080078,18.0,-12.647014617919922,-3.0
stoch64,42,5,2019,2012,2019,2024,2019,addressing,3.333698034286499,17.0,-5.666301965713501,8.0
stoch64,42,5,2019,2012,2019,2024,2019,aden,3.1264026165008545,1.0,-4.8735973834991455,-7.0
stoch64,42,5,2019,2012,2019,2024,2019,adoption,9.918492317199707,53.0,-24.081507682800293,19.0
stoch64,42,5,2019,2012,2019,2024,2019,adults,0.5783463716506958,0.0,0.5783463716506958,0.0
stoch64,42,5,2019,2012,2019,2024,2019,advanced,11.660316467285156,23.0,-22.339683532714844,-11.0
stoch64,42,5,2019,2012,2019,2024,2019,advances,9.741525650024414,52.0,-22.258474349975586,20.0
stoch64,42,5,2019,2012,2019,2024,2019,advances in,6.05244255065918,31.0,-9.94755744934082,15.0
stoch64,42,5,2019,2012,2019,2024,2019,advancing,2.198340892791748,40.0,-6.801659107208252,31.0
stoch64,42,5,2019,2012,2019,2024,2019,advantages,0.5783463716506958,26.0,0.5783463716506958,26.0
stoch64,42,5,2019,2012,2019,2024,2019,advertising,3.5287678241729736,50.0,-6.471232175827026,40.0
stoch64,42,5,2019,2012,2019,2024,2019,africa,19.57339096069336,242.0,-199.42660903930664,23.0
stoch64,42,5,2019,2012,2019,2024,2019,african,7.279911041259766,50.0,-41.720088958740234,1.0
stoch64,42,5,2019,2012,2019,2024,2019,afterword,3.4770355224609375,13.0,-7.5229644775390625,2.0
stoch64,42,5,2019,2012,2019,2024,2019,against,4.617400646209717,18.0,-13.382599353790283,0.0
stoch64,42,5,2019,2012,2019,2024,2019,age of,15.37093734741211,130.0,-103.62906265258789,11.0
stoch64,42,5,2019,2012,2019,2024,2019,agencies,3.333698034286499,17.0,-5.666301965713501,8.0
stoch64,42,5,2019,2012,2019,2024,2019,agenda,14.570639610290527,160.0,-37.42936038970947,108.0
stoch64,42,5,2019,2012,2019,2024,2019,agentic,0.5783463716506958,0.0,0.5783463716506958,0.0
stoch64,42,5,2019,2012,2019,2024,2019,agents,3.436641216278076,45.0,-20.563358783721924,21.0
stoch64,42,5,2019,2012,2019,2024,2019,agricultural,7.724555492401123,26.0,-12.275444507598877,6.0
stoch64,42,5,2019,2012,2019,2024,2019,ai chatbot,0.5783463716506958,41.0,0.5783463716506958,41.0
stoch64,42,5,2019,2012,2019,2024,2019,ai in,1.844127893447876,157.0,-7.155872106552124,148.0
stoch64,42,5,2019,2012,2019,2024,2019,ai on,0.5783463716506958,15.0,0.5783463716506958,15.0
stoch64,42,5,2019,2012,2019,2024,2019,ai-driven,0.5783463716506958,30.0,0.5783463716506958,30.0
stoch64,42,5,2019,2012,2019,2024,2019,ai-enabled,0.5783463716506958,6.0,0.5783463716506958,6.0
stoch64,42,5,2019,2012,2019,2024,2019,ai-generated,0.5783463716506958,33.0,0.5783463716506958,33.0
stoch64,42,5,2019,2012,2019,2024,2019,ai-generated content,0.5783463716506958,24.0,0.5783463716506958,24.0
stoch64,42,5,2019,2012,2019,2024,2019,ai-powered,0.5783463716506958,8.0,0.5783463716506958,8.0
stoch64,42,5,2019,2012,2019,2024,2019,ai伦理,4.977053642272949,20.0,-2.022946357727051,13.0
stoch64,42,5,2019,2012,2019,2024,2019,al jazeera,19.162029266357422,48.0,-151.83797073364258,-123.0
stoch64,42,5,2019,2012,2019,2024,2019,al jazeera and,11.582271575927734,0.0,-25.417728424072266,-37.0
stoch64,42,5,2019,2012,2019,2024,2019,al jazeera english,0.5783463716506958,24.0,0.5783463716506958,24.0
stoch64,42,5,2019,2012,2019,2024,2019,al-jazeera,3.2969799041748047,9.0,-31.703020095825195,-26.0
stoch64,42,5,2019,2012,2019,2024,2019,aleppo,0.5783463716506958,9.0,0.5783463716506958,9.0
stoch64,42,5,2019,2012,2019,2024,2019,algorithmic,7.979582786560059,3.0,-7.020417213439941,-12.0
stoch64,42,5,2019,2012,2019,2024,2019,algorithms,6.702426433563232,71.0,-8.297573566436768,56.0
stoch64,42,5,2019,2012,2019,2024,2019,alignment,5.890310764312744,6.0,-3.109689235687256,-3.0
stoch64,42,5,2019,2012,2019,2024,2019,along,7.034896373748779,52.0,-8.96510362625122,36.0
stoch64,42,5,2019,2012,2019,2024,2019,along the silk,0.5783463716506958,29.0,0.5783463716506958,29.0
stoch64,42,5,2019,2012,2019,2024,2019,alternative,4.209599018096924,36.0,-32.790400981903076,-1.0
stoch64,42,5,2019,2012,2019,2024,2019,america,14.275039672851562,138.0,-102.72496032714844,21.0
stoch64,42,5,2019,2012,2019,2024,2019,american,6.128875732421875,57.0,-82.87112426757812,-32.0
stoch64,42,5,2019,2012,2019,2024,2019,an empirical,2.7839879989624023,15.0,-15.216012001037598,-3.0
stoch64,42,5,2019,2012,2019,2024,2019,an empirical study,0.5783463716506958,7.0,0.5783463716506958,7.0
stoch64,42,5,2019,2012,2019,2024,2019,an example,5.447892189025879,29.0,-2.552107810974121,21.0
stoch64,42,5,2019,2012,2019,2024,2019,an exploratory,9.06973934173584,26.0,-21.93026065826416,-5.0
stoch64,42,5,2019,2012,2019,2024,2019,an exploratory study,9.06973934173584,26.0,-21.93026065826416,-5.0
stoch64,42,5,2019,2012,2019,2024,2019,an immersive,2.904940128326416,8.0,-4.095059871673584,1.0
stoch64,42,5,2019,2012,2019,2024,2019,an integrated,0.5783463716506958,16.0,0.5783463716506958,16.0
stoch64,42,5,2019,2012,2019,2024,2019,an introduction,6.147883415222168,28.0,-7.852116584777832,14.0
stoch64,42,5,2019,2012,2019,2024,2019,an investigation,4.422092914581299,7.0,-11.577907085418701,-9.0
stoch64,42,5,2019,2012,2019,2024,2019,an overview,1.8936052322387695,76.0,-7.1063947677612305,67.0
stoch64,42,5,2019,2012,2019,2024,2019,an overview of,2.720743417739868,67.0,-15.279256582260132,49.0
stoch64,42,5,2019,2012,2019,2024,2019,analyses,3.0013859272003174,13.0,-10.998614072799683,-1.0
stoch64,42,5,2019,2012,2019,2024,2019,analytic hierarchy process,0.5783463716506958,0.0,0.5783463716506958,0.0
stoch64,42,5,2019,2012,2019,2024,2019,analytical,0.5783463716506958,32.0,0.5783463716506958,32.0
stoch64,42,5,2019,2012,2019,2024,2019,analytics,9.102188110351562,45.0,-35.89781188964844,0.0
stoch64,42,5,2019,2012,2019,2024,2019,analyzing,1.2929320335388184,53.0,-3.7070679664611816,48.0
stoch64,42,5,2019,2012,2019,2024,2019,ancient,4.3376288414001465,76.0,-43.66237115859985,28.0
stoch64,42,5,2019,2012,2019,2024,2019,ancient city,0.5783463716506958,17.0,0.5783463716506958,17.0
stoch64,42,5,2019,2012,2019,2024,2019,and al jazeera,3.606515884399414,16.0,-24.393484115600586,-12.0
stoch64,42,5,2019,2012,2019,2024,2019,and disaster risk,4.4738359451293945,38.0,-1.5261640548706055,32.0
stoch64,42,5,2019,2012,2019,2024,2019,and future directions,4.422092914581299,43.0,-11.577907085418701,27.0
stoch64,42,5,2019,2012,2019,2024,2019,and generative ai,0.5783463716506958,25.0,0.5783463716506958,25.0
stoch64,42,5,2019,2012,2019,2024,2019,and nation branding,0.5783463716506958,8.0,0.5783463716506958,8.0
stoch64,42,5,2019,2012,2019,2024,2019,and place branding,3.1264026165008545,13.0,-4.8735973834991455,5.0
stoch64,42,5,2019,2012,2019,2024,2019,and the future,3.333698034286499,31.0,-5.666301965713501,22.0
stoch64,42,5,2019,2012,2019,2024,2019,and the future of,3.333698034286499,31.0,-5.666301965713501,22.0
stoch64,42,5,2019,2012,2019,2024,2019,and user-generated content,3.1264026165008545,16.0,-4.8735973834991455,8.0
stoch64,42,5,2019,2012,2019,2024,2019,annual,4.977053642272949,16.0,-2.022946357727051,9.0
stoch64,42,5,2019,2012,2019,2024,2019,answering,0.5783463716506958,8.0,0.5783463716506958,8.0
stoch64,42,5,2019,2012,2019,2024,2019,antecedents,8.883355140686035,25.0,-16.116644859313965,0.0
stoch64,42,5,2019,2012,2019,2024,2019,anxiety,4.977053642272949,19.0,-2.022946357727051,12.0
stoch64,42,5,2019,2012,2019,2024,2019,applications,15.201560974121094,167.0,-87.7984390258789,64.0
stoch64,42,5,2019,2012,2019,2024,2019,applications in,12.697309494018555,49.0,-41.302690505981445,-5.0
stoch64,42,5,2019,2012,2019,2024,2019,applications of,9.223649978637695,45.0,-16.776350021362305,19.0
stoch64,42,5,2019,2012,2019,2024,2019,applied,4.919538974761963,52.0,-14.080461025238037,33.0
stoch64,123,1,2019,2012,2019,2020,2019,21st century,7.825804710388184,44.0,-24.174195289611816,12.0
stoch64,123,1,2019,2012,2019,2020,2019,3d laser,6.518421173095703,46.0,-31.481578826904297,8.0
stoch64,123,1,2019,2012,2019,2020,2019,3d laser scanning,5.459476947784424,38.0,-24.540523052215576,8.0
stoch64,123,1,2019,2012,2019,2020,2019,3d modeling,1.228605031967163,3.0,-7.771394968032837,-6.0
stoch64,123,1,2019,2012,2019,2020,2019,3d modelling,3.401149034500122,9.0,-5.598850965499878,0.0
stoch64,123,1,2019,2012,2019,2020,2019,3d models,4.373931884765625,32.0,-27.626068115234375,0.0
stoch64,123,1,2019,2012,2019,2020,2019,3d printing,1.278795599937439,17.0,-7.721204400062561,8.0
stoch64,123,1,2019,2012,2019,2020,2019,3d scanning,5.671870231628418,39.0,-24.328129768371582,9.0
stoch64,123,1,2019,2012,2019,2020,2019,abroad,6.142030239105225,8.0,-23.857969760894775,-22.0
stoch64,123,1,2019,2012,2019,2020,2019,acceptance,4.5633440017700195,22.0,-32.43665599822998,-15.0
stoch64,123,1,2019,2012,2019,2020,2019,access,3.965378761291504,64.0,-60.034621238708496,0.0
stoch64,123,1,2019,2012,2019,2020,2019,accessible,1.7646608352661133,6.0,-4.235339164733887,0.0
stoch64,123,1,2019,2012,2019,2020,2019,accuracy,0.1399068534374237,0.0,0.1399068534374237,0.0
stoch64,123,1,2019,2012,2019,2020,2019,accurate,2.357351064682007,10.0,-7.642648935317993,0.0
stoch64,123,1,2019,2012,2019,2020,2019,achieving,1.6832606792449951,39.0,-12.316739320755005,25.0
stoch64,123,1,2019,2012,2019,2020,2019,acknowledgements,1.241013526916504,5.0,-3.758986473083496,0.0
stoch64,123,1,2019,2012,2019,2020,2019,acquisition,0.1399068534374237,0.0,0.1399068534374237,0.0
stoch64,123,1,2019,2012,2019,2020,2019,action,7.0124359130859375,263.0,-249.98756408691406,6.0
stoch64,123,1,2019,2012,2019,2020,2019,activism,0.9800049066543579,10.0,-5.019995093345642,4.0
stoch64,123,1,2019,2012,2019,2020,2019,activities,7.8213300704956055,47.0,-26.178669929504395,13.0
stoch64,123,1,2019,2012,2019,2020,2019,activity,8.566994667053223,37.0,-36.43300533294678,-8.0
stoch64,123,1,2019,2012,2019,2020,2019,adaptation,3.4555389881134033,24.0,-22.544461011886597,-2.0
stoch64,123,1,2019,2012,2019,2020,2019,adaptive,6.201505661010742,12.0,-14.798494338989258,-9.0
stoch64,123,1,2019,2012,2019,2020,2019,addressing,2.283820390701294,9.0,-6.716179609298706,0.0
stoch64,123,1,2019,2012,2019,2020,2019,aden,2.122750997543335,8.0,-5.877249002456665,0.0
stoch64,123,1,2019,2012,2019,2020,2019,adoption,7.523930549621582,46.0,-26.476069450378418,12.0
stoch64,123,1,2019,2012,2019,2020,2019,adults,0.1399068534374237,0.0,0.1399068534374237,0.0
stoch64,123,1,2019,2012,2019,2020,2019,advanced,9.150471687316895,34.0,-24.849528312683105,0.0
stoch64,123,1,2019,2012,2019,2020,2019,advances,7.369753837585449,44.0,-24.63024616241455,12.0
stoch64,123,1,2019,2012,2019,2020,2019,advances in,4.3422136306762695,16.0,-11.65778636932373,0.0
stoch64,123,1,2019,2012,2019,2020,2019,advancing,1.494419813156128,18.0,-7.505580186843872,9.0
stoch64,123,1,2019,2012,2019,2020,2019,advantages,0.1399068534374237,0.0,0.1399068534374237,0.0
stoch64,123,1,2019,2012,2019,2020,2019,advertising,2.435115337371826,8.0,-7.564884662628174,-2.0
stoch64,123,1,2019,2012,2019,2020,2019,africa,16.870256423950195,227.0,-202.1297435760498,8.0
stoch64,123,1,2019,2012,2019,2020,2019,african,5.344844341278076,60.0,-43.655155658721924,11.0
stoch64,123,1,2019,2012,2019,2020,2019,afterword,2.425583600997925,11.0,-8.574416399002075,0.0
stoch64,123,1,2019,2012,2019,2020,2019,against,3.294205665588379,18.0,-14.705794334411621,0.0
stoch64,123,1,2019,2012,2019,2020,2019,age of,12.459612846374512,178.0,-106.54038715362549,59.0
stoch64,123,1,2019,2012,2019,2020,2019,agencies,2.283820390701294,18.0,-6.716179609298706,9.0
stoch64,123,1,2019,2012,2019,2020,2019,agenda,12.002280235290527,81.0,-39.99771976470947,29.0
stoch64,123,1,2019,2012,2019,2020,2019,agentic,0.1399068534374237,0.0,0.1399068534374237,0.0
stoch64,123,1,2019,2012,2019,2020,2019,agents,2.4626529216766357,32.0,-21.537347078323364,8.0
stoch64,123,1,2019,2012,2019,2020,2019,agricultural,5.675987720489502,29.0,-14.324012279510498,9.0
stoch64,123,1,2019,2012,2019,2020,2019,ai chatbot,0.1399068534374237,0.0,0.1399068534374237,0.0
stoch64,123,1,2019,2012,2019,2020,2019,ai in,1.243415355682373,27.0,-7.756584644317627,18.0
stoch64,123,1,2019,2012,2019,2020,2019,ai on,0.1399068534374237,0.0,0.1399068534374237,0.0
stoch64,123,1,2019,2012,2019,2020,2019,ai-driven,0.1399068534374237,0.0,0.1399068534374237,0.0
stoch64,123,1,2019,2012,2019,2020,2019,ai-enabled,0.1399068534374237,6.0,0.1399068534374237,6.0
stoch64,123,1,2019,2012,2019,2020,2019,ai-generated,0.1399068534374237,0.0,0.1399068534374237,0.0
stoch64,123,1,2019,2012,2019,2020,2019,ai-generated content,0.1399068534374237,0.0,0.1399068534374237,0.0
stoch64,123,1,2019,2012,2019,2020,2019,ai-powered,0.1399068534374237,0.0,0.1399068534374237,0.0
stoch64,123,1,2019,2012,2019,2020,2019,ai伦理,3.4483392238616943,18.0,-3.5516607761383057,11.0
stoch64,123,1,2019,2012,2019,2020,2019,al jazeera,16.51776885986328,181.0,-154.48223114013672,10.0
stoch64,123,1,2019,2012,2019,2020,2019,al jazeera and,9.030844688415527,28.0,-27.969155311584473,-9.0
stoch64,123,1,2019,2012,2019,2020,2019,al jazeera english,0.1399068534374237,8.0,0.1399068534374237,8.0
stoch64,123,1,2019,2012,2019,2020,2019,al-jazeera,2.5027382373809814,33.0,-32.49726176261902,-2.0
stoch64,123,1,2019,2012,2019,2020,2019,aleppo,0.1399068534374237,0.0,0.1399068534374237,0.0
stoch64,123,1,2019,2012,2019,2020,2019,algorithmic,5.896019458770752,18.0,-9.103980541229248,3.0
stoch64,123,1,2019,2012,2019,2020,2019,algorithms,4.840756893157959,40.0,-10.159243106842041,25.0
stoch64,123,1,2019,2012,2019,2020,2019,alignment,4.172774791717529,9.0,-4.827225208282471,0.0
stoch64,123,1,2019,2012,2019,2020,2019,along,5.1093058586120605,16.0,-10.89069414138794,0.0
stoch64,123,1,2019,2012,2019,2020,2019,along the silk,0.1399068534374237,0.0,0.1399068534374237,0.0
stoch64,123,1,2019,2012,2019,2020,2019,alternative,3.06063175201416,55.0,-33.93936824798584,18.0
stoch64,123,1,2019,2012,2019,2020,2019,america,11.343769073486328,165.0,-105.65623092651367,48.0
stoch64,123,1,2019,2012,2019,2020,2019,american,4.585148334503174,103.0,-84.41485166549683,14.0
stoch64,123,1,2019,2012,2019,2020,2019,an empirical,1.9832886457443237,17.0,-16.016711354255676,-1.0
stoch64,123,1,2019,2012,2019,2020,2019,an empirical study,0.1399068534374237,0.0,0.1399068534374237,0.0
stoch64,123,1,2019,2012,2019,2020,2019,an example,3.8196425437927246,8.0,-4.180357456207275,0.0
stoch64,123,1,2019,2012,2019,2020,2019,an exploratory,6.792933940887451,32.0,-24.20706605911255,1.0
stoch64,123,1,2019,2012,2019,2020,2019,an exploratory study,6.792933940887451,32.0,-24.20706605911255,1.0
stoch64,123,1,2019,2012,2019,2020,2019,an immersive,1.9503518342971802,0.0,-5.04964816570282,-7.0
stoch64,123,1,2019,2012,2019,2020,2019,an integrated,0.1399068534374237,8.0,0.1399068534374237,8.0
stoch64,123,1,2019,2012,2019,2020,2019,an introduction,4.401875019073486,19.0,-9.598124980926514,5.0
stoch64,123,1,2019,2012,2019,2020,2019,an investigation,3.1351873874664307,16.0,-12.86481261253357,0.0
stoch64,123,1,2019,2012,2019,2020,2019,an overview,1.278795599937439,14.0,-7.721204400062561,5.0
stoch64,123,1,2019,2012,2019,2020,2019,an overview of,1.9472001791000366,14.0,-16.052799820899963,-4.0
stoch64,123,1,2019,2012,2019,2020,2019,analyses,2.108022689819336,18.0,-11.891977310180664,4.0
stoch64,123,1,2019,2012,2019,2020,2019,analytic hierarchy process,0.1399068534374237,0.0,0.1399068534374237,0.0
stoch64,123,1,2019,2012,2019,2020,2019,analytical,0.1399068534374237,0.0,0.1399068534374237,0.0
stoch64,123,1,2019,2012,2019,2020,2019,analytics,6.800086498260498,58.0,-38.1999135017395,13.0
stoch64,123,1,2019,2012,2019,2020,2019,analyzing,0.7957965731620789,5.0,-4.204203426837921,0.0
stoch64,123,1,2019,2012,2019,2020,2019,ancient,3.175234317779541,66.0,-44.82476568222046,18.0
stoch64,123,1,2019,2012,2019,2020,2019,ancient city,0.1399068534374237,0.0,0.1399068534374237,0.0
stoch64,123,1,2019,2012,2019,2020,2019,and al jazeera,2.6474990844726562,36.0,-25.352500915527344,8.0
stoch64,123,1,2019,2012,2019,2020,2019,and disaster risk,3.056490421295166,6.0,-2.943509578704834,0.0
stoch64,123,1,2019,2012,2019,2020,2019,and future directions,3.1351873874664307,25.0,-12.86481261253357,9.0
stoch64,123,1,2019,2012,2019,2020,2019,and generative ai,0.1399068534374237,0.0,0.1399068534374237,0.0
stoch64,123,1,2019,2012,2019,2020,2019,and nation branding,0.1399068534374237,0.0,0.1399068534374237,0.0
stoch64,123,1,2019,2012,2019,2020,2019,and place branding,2.122750997543335,5.0,-5.877249002456665,-3.0
stoch64,123,1,2019,2012,2019,2020,2019,and the future,2.283820390701294,9.0,-6.716179609298706,0.0
stoch64,123,1,2019,2012,2019,2020,2019,and the future of,2.283820390701294,9.0,-6.716179609298706,0.0
stoch64,123,1,2019,2012,2019,2020,2019,and user-generated content,2.122750997543335,8.0,-5.877249002456665,0.0
stoch64,123,1,2019,2012,2019,2020,2019,annual,3.4483392238616943,7.0,-3.5516607761383057,0.0
stoch64,123,1,2019,2012,2019,2020,2019,answering,0.1399068534374237,0.0,0.1399068534374237,0.0
stoch64,123,1,2019,2012,2019,2020,2019,antecedents,6.646580696105957,34.0,-18.353419303894043,9.0
stoch64,123,1,2019,2012,2019,2020,2019,anxiety,3.4483392238616943,11.0,-3.5516607761383057,4.0
stoch64,123,1,2019,2012,2019,2020,2019,applications,12.344247817993164,124.0,-90.65575218200684,21.0
stoch64,123,1,2019,2012,2019,2020,2019,applications in,10.030354499816895,62.0,-43.969645500183105,8.0
stoch64,123,1,2019,2012,2019,2020,2019,applications of,6.936593055725098,41.0,-19.063406944274902,15.0
stoch64,123,1,2019,2012,2019,2020,2019,applied,3.506812334060669,15.0,-15.493187665939331,-4.0
stoch64,123,3,2019,2012,2019,2022,2019,21st century,8.764892578125,52.0,-23.235107421875,20.0
stoch64,123,3,2019,2012,2019,2022,2019,3d laser,7.518016815185547,41.0,-30.481983184814453,3.0
stoch64,123,3,2019,2012,2019,2022,2019,3d laser scanning,6.465620040893555,41.0,-23.534379959106445,11.0
stoch64,123,3,2019,2012,2019,2022,2019,3d modeling,1.7877256870269775,0.0,-7.2122743129730225,-9.0
stoch64,123,3,2019,2012,2019,2022,2019,3d modelling,4.293833255767822,9.0,-4.706166744232178,0.0
stoch64,123,3,2019,2012,2019,2022,2019,3d models,5.338413238525391,29.0,-26.66158676147461,-3.0
stoch64,123,3,2019,2012,2019,2022,2019,3d printing,1.8481040000915527,40.0,-7.151895999908447,31.0
stoch64,123,3,2019,2012,2019,2022,2019,3d scanning,6.6794962882995605,36.0,-23.32050371170044,6.0
stoch64,123,3,2019,2012,2019,2022,2019,abroad,7.14666223526001,17.0,-22.85333776473999,-13.0
stoch64,123,3,2019,2012,2019,2022,2019,acceptance,5.537862777709961,9.0,-31.46213722229004,-28.0
stoch64,123,3,2019,2012,2019,2022,2019,access,4.897797107696533,53.0,-59.10220289230347,-11.0
stoch64,123,3,2019,2012,2019,2022,2019,accessible,2.4299936294555664,12.0,-3.5700063705444336,6.0
stoch64,123,3,2019,2012,2019,2022,2019,accuracy,0.44401824474334717,6.0,0.44401824474334717,6.0
stoch64,123,3,2019,2012,2019,2022,2019,accurate,3.119692087173462,12.0,-6.880307912826538,2.0
stoch64,123,3,2019,2012,2019,2022,2019,achieving,2.330498695373535,34.0,-11.669501304626465,20.0
stoch64,123,3,2019,2012,2019,2022,2019,acknowledgements,1.8062024116516113,6.0,-3.1937975883483887,1.0
stoch64,123,3,2019,2012,2019,2022,2019,acquisition,0.44401824474334717,9.0,0.44401824474334717,9.0
stoch64,123,3,2019,2012,2019,2022,2019,action,7.986063480377197,281.0,-249.0139365196228,24.0
stoch64,123,3,2019,2012,2019,2022,2019,activism,1.4863442182540894,15.0,-4.513655781745911,9.0
stoch64,123,3,2019,2012,2019,2022,2019,activities,8.760276794433594,40.0,-25.239723205566406,6.0
stoch64,123,3,2019,2012,2019,2022,2019,activity,9.448811531066895,29.0,-35.551188468933105,-16.0
stoch64,123,3,2019,2012,2019,2022,2019,adaptation,4.349430561065674,20.0,-21.650569438934326,-6.0
stoch64,123,3,2019,2012,2019,2022,2019,adaptive,7.204896450042725,18.0,-13.795103549957275,-3.0
stoch64,123,3,2019,2012,2019,2022,2019,addressing,3.035005807876587,8.0,-5.964994192123413,-1.0
stoch64,123,3,2019,2012,2019,2022,2019,aden,2.8488004207611084,0.0,-5.151199579238892,-8.0
stoch64,123,3,2019,2012,2019,2022,2019,adoption,8.480380058288574,37.0,-25.519619941711426,3.0
stoch64,123,3,2019,2012,2019,2022,2019,adults,0.44401824474334717,0.0,0.44401824474334717,0.0
stoch64,123,3,2019,2012,2019,2022,2019,advanced,9.976642608642578,30.0,-24.023357391357422,-4.0
stoch64,123,3,2019,2012,2019,2022,2019,advances,8.335558891296387,49.0,-23.664441108703613,17.0
stoch64,123,3,2019,2012,2019,2022,2019,advances in,5.307654857635498,20.0,-10.692345142364502,4.0
stoch64,123,3,2019,2012,2019,2022,2019,advancing,2.107254981994629,18.0,-6.892745018005371,9.0
stoch64,123,3,2019,2012,2019,2022,2019,advantages,0.44401824474334717,0.0,0.44401824474334717,0.0
stoch64,123,3,2019,2012,2019,2022,2019,advertising,3.208699941635132,32.0,-6.791300058364868,22.0
stoch64,123,3,2019,2012,2019,2022,2019,africa,16.2590389251709,242.0,-202.7409610748291,23.0
stoch64,123,3,2019,2012,2019,2022,2019,african,6.344183444976807,51.0,-42.65581655502319,2.0
stoch64,123,3,2019,2012,2019,2022,2019,afterword,3.1980350017547607,1.0,-7.801964998245239,-10.0
stoch64,123,3,2019,2012,2019,2022,2019,against,4.173769474029541,11.0,-13.826230525970459,-7.0
stoch64,123,3,2019,2012,2019,2022,2019,age of,12.817649841308594,143.0,-106.1823501586914,24.0
stoch64,123,3,2019,2012,2019,2022,2019,agencies,3.035005807876587,9.0,-5.964994192123413,0.0
stoch64,123,3,2019,2012,2019,2022,2019,agenda,12.436450958251953,149.0,-39.56354904174805,97.0
stoch64,123,3,2019,2012,2019,2022,2019,agentic,0.44401824474334717,0.0,0.44401824474334717,0.0
stoch64,123,3,2019,2012,2019,2022,2019,agents,3.23595929145813,23.0,-20.76404070854187,-1.0
stoch64,123,3,2019,2012,2019,2022,2019,agricultural,6.681805610656738,30.0,-13.318194389343262,10.0
stoch64,123,3,2019,2012,2019,2022,2019,ai chatbot,0.44401824474334717,7.0,0.44401824474334717,7.0
stoch64,123,3,2019,2012,2019,2022,2019,ai in,1.8053487539291382,49.0,-7.194651246070862,40.0
stoch64,123,3,2019,2012,2019,2022,2019,ai on,0.44401824474334717,0.0,0.44401824474334717,0.0
stoch64,123,3,2019,2012,2019,2022,2019,ai-driven,0.44401824474334717,0.0,0.44401824474334717,0.0
stoch64,123,3,2019,2012,2019,2022,2019,ai-enabled,0.44401824474334717,6.0,0.44401824474334717,6.0
stoch64,123,3,2019,2012,2019,2022,2019,ai-generated,0.44401824474334717,16.0,0.44401824474334717,16.0
stoch64,123,3,2019,2012,2019,2022,2019,ai-generated content,0.44401824474334717,0.0,0.44401824474334717,0.0
stoch64,123,3,2019,2012,2019,2022,2019,ai-powered,0.44401824474334717,0.0,0.44401824474334717,0.0
stoch64,123,3,2019,2012,2019,2022,2019,ai伦理,4.345295429229736,27.0,-2.6547045707702637,20.0
stoch64,123,3,2019,2012,2019,2022,2019,al jazeera,15.996461868286133,138.0,-155.00353813171387,-33.0
stoch64,123,3,2019,2012,2019,2022,2019,al jazeera and,9.870125770568848,26.0,-27.129874229431152,-11.0
stoch64,123,3,2019,2012,2019,2022,2019,al jazeera english,0.44401824474334717,16.0,0.44401824474334717,16.0
stoch64,123,3,2019,2012,2019,2022,2019,al-jazeera,3.2824795246124268,17.0,-31.717520475387573,-18.0
stoch64,123,3,2019,2012,2019,2022,2019,aleppo,0.44401824474334717,0.0,0.44401824474334717,0.0
stoch64,123,3,2019,2012,2019,2022,2019,algorithmic,6.901852130889893,18.0,-8.098147869110107,3.0
stoch64,123,3,2019,2012,2019,2022,2019,algorithms,5.8292155265808105,57.0,-9.17078447341919,42.0
stoch64,123,3,2019,2012,2019,2022,2019,alignment,5.127597808837891,15.0,-3.8724021911621094,6.0
stoch64,123,3,2019,2012,2019,2022,2019,along,6.106595039367676,32.0,-9.893404960632324,16.0
stoch64,123,3,2019,2012,2019,2022,2019,along the silk,0.44401824474334717,15.0,0.44401824474334717,15.0
stoch64,123,3,2019,2012,2019,2022,2019,alternative,3.9101064205169678,48.0,-33.08989357948303,11.0
stoch64,123,3,2019,2012,2019,2022,2019,america,11.888693809509277,139.0,-105.11130619049072,22.0
stoch64,123,3,2019,2012,2019,2022,2019,american,5.556514739990234,55.0,-83.44348526000977,-34.0
stoch64,123,3,2019,2012,2019,2022,2019,an empirical,2.682694911956787,24.0,-15.317305088043213,6.0
stoch64,123,3,2019,2012,2019,2022,2019,an empirical study,0.44401824474334717,7.0,0.44401824474334717,7.0
stoch64,123,3,2019,2012,2019,2022,2019,an example,4.749156951904297,22.0,-3.250843048095703,14.0
stoch64,123,3,2019,2012,2019,2022,2019,an exploratory,7.782771110534668,49.0,-23.217228889465332,18.0
stoch64,123,3,2019,2012,2019,2022,2019,an exploratory study,7.782771110534668,49.0,-23.217228889465332,18.0
stoch64,123,3,2019,2012,2019,2022,2019,an immersive,2.6480088233947754,8.0,-4.351991176605225,1.0
stoch64,123,3,2019,2012,2019,2022,2019,an integrated,0.44401824474334717,8.0,0.44401824474334717,8.0
stoch64,123,3,2019,2012,2019,2022,2019,an introduction,5.370479106903076,27.0,-8.629520893096924,13.0
stoch64,123,3,2019,2012,2019,2022,2019,an investigation,3.9977433681488037,0.0,-12.002256631851196,-16.0
stoch64,123,3,2019,2012,2019,2022,2019,an overview,1.8481040000915527,31.0,-7.151895999908447,22.0
stoch64,123,3,2019,2012,2019,2022,2019,an overview of,2.6406545639038086,31.0,-15.359345436096191,13.0
stoch64,123,3,2019,2012,2019,2022,2019,analyses,2.8292829990386963,13.0,-11.170717000961304,-1.0
stoch64,123,3,2019,2012,2019,2022,2019,analytic hierarchy process,0.44401824474334717,0.0,0.44401824474334717,0.0
stoch64,123,3,2019,2012,2019,2022,2019,analytical,0.44401824474334717,0.0,0.44401824474334717,0.0
stoch64,123,3,2019,2012,2019,2022,2019,analytics,7.789352893829346,37.0,-37.210647106170654,-8.0
stoch64,123,3,2019,2012,2019,2022,2019,analyzing,1.2606065273284912,20.0,-3.739393472671509,15.0
stoch64,123,3,2019,2012,2019,2022,2019,ancient,4.036460876464844,72.0,-43.963539123535156,24.0
stoch64,123,3,2019,2012,2019,2022,2019,ancient city,0.44401824474334717,0.0,0.44401824474334717,0.0
stoch64,123,3,2019,2012,2019,2022,2019,and al jazeera,3.4473206996917725,27.0,-24.552679300308228,-1.0
stoch64,123,3,2019,2012,2019,2022,2019,and disaster risk,3.912216901779175,6.0,-2.087783098220825,0.0
stoch64,123,3,2019,2012,2019,2022,2019,and future directions,3.9977433681488037,25.0,-12.002256631851196,9.0
stoch64,123,3,2019,2012,2019,2022,2019,and generative ai,0.44401824474334717,0.0,0.44401824474334717,0.0
stoch64,123,3,2019,2012,2019,2022,2019,and nation branding,0.44401824474334717,8.0,0.44401824474334717,8.0
stoch64,123,3,2019,2012,2019,2022,2019,and place branding,2.8488004207611084,13.0,-5.151199579238892,5.0
stoch64,123,3,2019,2012,2019,2022,2019,and the future,3.035005807876587,17.0,-5.964994192123413,8.0
stoch64,123,3,2019,2012,2019,2022,2019,and the future of,3.035005807876587,17.0,-5.964994192123413,8.0
stoch64,123,3,2019,2012,2019,2022,2019,and user-generated content,2.8488004207611084,8.0,-5.151199579238892,0.0
stoch64,123,3,2019,2012,2019,2022,2019,annual,4.345295429229736,7.0,-2.6547045707702637,0.0
stoch64,123,3,2019,2012,2019,2022,2019,answering,0.44401824474334717,8.0,0.44401824474334717,8.0
stoch64,123,3,2019,2012,2019,2022,2019,antecedents,7.640669345855713,50.0,-17.359330654144287,25.0
stoch64,123,3,2019,2012,2019,2022,2019,anxiety,4.345295429229736,20.0,-2.6547045707702637,13.0
stoch64,123,3,2019,2012,2019,2022,2019,applications,12.72252082824707,209.0,-90.27747917175293,106.0
stoch64,123,3,2019,2012,2019,2022,2019,applications in,10.757682800292969,69.0,-43.24231719970703,15.0
stoch64,123,3,2019,2012,2019,2022,2019,applications of,7.921402931213379,49.0,-18.07859706878662,23.0
stoch64,123,3,2019,2012,2019,2022,2019,applied,4.40692138671875,31.0,-14.59307861328125,12.0
stoch64,123,5,2019,2012,2019,2024,2019,21st century,9.021526336669922,36.0,-22.978473663330078,4.0
stoch64,123,5,2019,2012,2019,2024,2019,3d laser,7.979105472564697,31.0,-30.020894527435303,-7.0
stoch64,123,5,2019,2012,2019,2024,2019,3d laser scanning,7.061149597167969,31.0,-22.93885040283203,1.0
stoch64,123,5,2019,2012,2019,2024,2019,3d modeling,2.399519205093384,22.0,-6.600480794906616,13.0
stoch64,123,5,2019,2012,2019,2024,2019,3d modelling,5.032473564147949,4.0,-3.967526435852051,-5.0
stoch64,123,5,2019,2012,2019,2024,2019,3d models,6.031001091003418,13.0,-25.968998908996582,-19.0
stoch64,123,5,2019,2012,2019,2024,2019,3d printing,2.4673850536346436,50.0,-6.5326149463653564,41.0
stoch64,123,5,2019,2012,2019,2024,2019,3d scanning,7.250746250152588,31.0,-22.749253749847412,1.0
stoch64,123,5,2019,2012,2019,2024,2019,abroad,7.659228324890137,18.0,-22.340771675109863,-12.0
stoch64,123,5,2019,2012,2019,2024,2019,acceptance,6.216576099395752,40.0,-30.783423900604248,3.0
stoch64,123,5,2019,2012,2019,2024,2019,access,5.613260746002197,38.0,-58.3867392539978,-26.0
stoch64,123,5,2019,2012,2019,2024,2019,accessible,3.11034893989563,12.0,-2.88965106010437,6.0
stoch64,123,5,2019,2012,2019,2024,2019,accuracy,0.8198018074035645,23.0,0.8198018074035645,23.0
stoch64,123,5,2019,2012,2019,2024,2019,accurate,3.8436331748962402,12.0,-6.15636682510376,2.0
stoch64,123,5,2019,2012,2019,2024,2019,achieving,3.000898838043213,47.0,-10.999101161956787,33.0
stoch64,123,5,2019,2012,2019,2024,2019,acknowledgements,2.4215970039367676,5.0,-2.5784029960632324,0.0
stoch64,123,5,2019,2012,2019,2024,2019,acquisition,0.8198018074035645,9.0,0.8198018074035645,9.0
stoch64,123,5,2019,2012,2019,2024,2019,action,8.3721284866333,350.0,-248.6278715133667,93.0
stoch64,123,5,2019,2012,2019,2024,2019,activism,2.0569069385528564,15.0,-3.9430930614471436,9.0
stoch64,123,5,2019,2012,2019,2024,2019,activities,9.017379760742188,52.0,-24.982620239257812,18.0
stoch64,123,5,2019,2012,2019,2024,2019,activity,9.572883605957031,37.0,-35.42711639404297,-8.0
stoch64,123,5,2019,2012,2019,2024,2019,adaptation,5.084805965423584,29.0,-20.915194034576416,3.0
stoch64,123,5,2019,2012,2019,2024,2019,adaptive,7.710318565368652,18.0,-13.289681434631348,-3.0
stoch64,123,5,2019,2012,2019,2024,2019,addressing,3.7551050186157227,17.0,-5.244894981384277,8.0
stoch64,123,5,2019,2012,2019,2024,2019,aden,3.559011459350586,1.0,-4.440988540649414,-7.0
stoch64,123,5,2019,2012,2019,2024,2019,adoption,8.787205696105957,53.0,-25.212794303894043,19.0
stoch64,123,5,2019,2012,2019,2024,2019,adults,0.8198018074035645,0.0,0.8198018074035645,0.0
stoch64,123,5,2019,2012,2019,2024,2019,advanced,9.99162769317627,23.0,-24.00837230682373,-11.0
stoch64,123,5,2019,2012,2019,2024,2019,advances,8.667811393737793,52.0,-23.332188606262207,20.0
stoch64,123,5,2019,2012,2019,2024,2019,advances in,6.003802299499512,31.0,-9.996197700500488,15.0
stoch64,123,5,2019,2012,2019,2024,2019,advancing,2.756229877471924,40.0,-6.243770122528076,31.0
stoch64,123,5,2019,2012,2019,2024,2019,advantages,0.8198018074035645,26.0,0.8198018074035645,26.0
stoch64,123,5,2019,2012,2019,2024,2019,advertising,3.9362196922302246,50.0,-6.063780307769775,40.0
stoch64,123,5,2019,2012,2019,2024,2019,africa,14.496212005615234,242.0,-204.50378799438477,23.0
stoch64,123,5,2019,2012,2019,2024,2019,african,6.9506306648254395,50.0,-42.04936933517456,1.0
stoch64,123,5,2019,2012,2019,2024,2019,afterword,3.925163507461548,13.0,-7.074836492538452,2.0
stoch64,123,5,2019,2012,2019,2024,2019,against,4.912766933441162,18.0,-13.087233066558838,0.0
stoch64,123,5,2019,2012,2019,2024,2019,age of,12.124494552612305,130.0,-106.8755054473877,11.0
stoch64,123,5,2019,2012,2019,2024,2019,agencies,3.7551050186157227,17.0,-5.244894981384277,8.0
stoch64,123,5,2019,2012,2019,2024,2019,agenda,11.850079536437988,160.0,-40.14992046356201,108.0
stoch64,123,5,2019,2012,2019,2024,2019,agentic,0.8198018074035645,0.0,0.8198018074035645,0.0
stoch64,123,5,2019,2012,2019,2024,2019,agents,3.9629507064819336,45.0,-20.037049293518066,21.0
stoch64,123,5,2019,2012,2019,2024,2019,agricultural,7.252981185913086,26.0,-12.747018814086914,6.0
stoch64,123,5,2019,2012,2019,2024,2019,ai chatbot,0.8198018074035645,41.0,0.8198018074035645,41.0
stoch64,123,5,2019,2012,2019,2024,2019,ai in,2.419295310974121,157.0,-6.580704689025879,148.0
stoch64,123,5,2019,2012,2019,2024,2019,ai on,0.8198018074035645,15.0,0.8198018074035645,15.0
stoch64,123,5,2019,2012,2019,2024,2019,ai-driven,0.8198018074035645,30.0,0.8198018074035645,30.0
stoch64,123,5,2019,2012,2019,2024,2019,ai-enabled,0.8198018074035645,6.0,0.8198018074035645,6.0
stoch64,123,5,2019,2012,2019,2024,2019,ai-generated,0.8198018074035645,33.0,0.8198018074035645,33.0
stoch64,123,5,2019,2012,2019,2024,2019,ai-generated content,0.8198018074035645,24.0,0.8198018074035645,24.0
stoch64,123,5,2019,2012,2019,2024,2019,ai-powered,0.8198018074035645,8.0,0.8198018074035645,8.0
stoch64,123,5,2019,2012,2019,2024,2019,ai伦理,5.083181858062744,20.0,-1.9168181419372559,13.0
stoch64,123,5,2019,2012,2019,2024,2019,al jazeera,14.323209762573242,48.0,-156.67679023742676,-123.0
stoch64,123,5,2019,2012,2019,2024,2019,al jazeera and,9.907990455627441,0.0,-27.09200954437256,-37.0
stoch64,123,5,2019,2012,2019,2024,2019,al jazeera english,0.8198018074035645,24.0,0.8198018074035645,24.0
stoch64,123,5,2019,2012,2019,2024,2019,al-jazeera,4.011174201965332,9.0,-30.988825798034668,-26.0
stoch64,123,5,2019,2012,2019,2024,2019,aleppo,0.8198018074035645,9.0,0.8198018074035645,9.0
stoch64,123,5,2019,2012,2019,2024,2019,algorithmic,7.447264671325684,3.0,-7.552735328674316,-12.0
stoch64,123,5,2019,2012,2019,2024,2019,algorithms,6.486747741699219,71.0,-8.513252258300781,56.0
stoch64,123,5,2019,2012,2019,2024,2019,alignment,5.8353047370910645,6.0,-3.1646952629089355,-3.0
stoch64,123,5,2019,2012,2019,2024,2019,along,6.7392401695251465,52.0,-9.260759830474854,36.0
stoch64,123,5,2019,2012,2019,2024,2019,along the silk,0.8198018074035645,29.0,0.8198018074035645,29.0
stoch64,123,5,2019,2012,2019,2024,2019,alternative,4.649096488952637,36.0,-32.35090351104736,-1.0
stoch64,123,5,2019,2012,2019,2024,2019,america,11.445883750915527,138.0,-105.55411624908447,21.0
stoch64,123,5,2019,2012,2019,2024,2019,american,6.232438087463379,57.0,-82.76756191253662,-32.0
stoch64,123,5,2019,2012,2019,2024,2019,an empirical,3.3809359073638916,15.0,-14.619064092636108,-3.0
stoch64,123,5,2019,2012,2019,2024,2019,an empirical study,0.8198018074035645,7.0,0.8198018074035645,7.0
stoch64,123,5,2019,2012,2019,2024,2019,an example,5.474922180175781,29.0,-2.5250778198242188,21.0
stoch64,123,5,2019,2012,2019,2024,2019,an exploratory,8.20427131652832,26.0,-22.79572868347168,-5.0
stoch64,123,5,2019,2012,2019,2024,2019,an exploratory study,8.20427131652832,26.0,-22.79572868347168,-5.0
stoch64,123,5,2019,2012,2019,2024,2019,an immersive,3.345247507095337,8.0,-3.654752492904663,1.0
stoch64,123,5,2019,2012,2019,2024,2019,an integrated,0.8198018074035645,16.0,0.8198018074035645,16.0
stoch64,123,5,2019,2012,2019,2024,2019,an introduction,6.062719345092773,28.0,-7.937280654907227,14.0
stoch64,123,5,2019,2012,2019,2024,2019,an investigation,4.7382307052612305,7.0,-11.26176929473877,-9.0
stoch64,123,5,2019,2012,2019,2024,2019,an overview,2.4673850536346436,76.0,-6.5326149463653564,67.0
stoch64,123,5,2019,2012,2019,2024,2019,an overview of,3.3359882831573486,67.0,-14.664011716842651,49.0
stoch64,123,5,2019,2012,2019,2024,2019,analyses,3.537396192550659,13.0,-10.46260380744934,-1.0
stoch64,123,5,2019,2012,2019,2024,2019,analytic hierarchy process,0.8198018074035645,0.0,0.8198018074035645,0.0
stoch64,123,5,2019,2012,2019,2024,2019,analytical,0.8198018074035645,32.0,0.8198018074035645,32.0
stoch64,123,5,2019,2012,2019,2024,2019,analytics,8.20901107788086,45.0,-36.79098892211914,0.0
stoch64,123,5,2019,2012,2019,2024,2019,analyzing,1.7958885431289673,53.0,-3.2041114568710327,48.0
stoch64,123,5,2019,2012,2019,2024,2019,ancient,4.7748188972473145,76.0,-43.225181102752686,28.0
stoch64,123,5,2019,2012,2019,2024,2019,ancient city,0.8198018074035645,17.0,0.8198018074035645,17.0
stoch64,123,5,2019,2012,2019,2024,2019,and al jazeera,4.180959224700928,16.0,-23.819040775299072,-12.0
stoch64,123,5,2019,2012,2019,2024,2019,and disaster risk,4.654426574707031,38.0,-1.3455734252929688,32.0
stoch64,123,5,2019,2012,2019,2024,2019,and future directions,4.7382307052612305,43.0,-11.26176929473877,27.0
stoch64,123,5,2019,2012,2019,2024,2019,and generative ai,0.8198018074035645,25.0,0.8198018074035645,25.0
stoch64,123,5,2019,2012,2019,2024,2019,and nation branding,0.8198018074035645,8.0,0.8198018074035645,8.0
stoch64,123,5,2019,2012,2019,2024,2019,and place branding,3.559011459350586,13.0,-4.440988540649414,5.0
stoch64,123,5,2019,2012,2019,2024,2019,and the future,3.7551050186157227,31.0,-5.244894981384277,22.0
stoch64,123,5,2019,2012,2019,2024,2019,and the future of,3.7551050186157227,31.0,-5.244894981384277,22.0
stoch64,123,5,2019,2012,2019,2024,2019,and user-generated content,3.559011459350586,16.0,-4.440988540649414,8.0
stoch64,123,5,2019,2012,2019,2024,2019,annual,5.083181858062744,16.0,-1.9168181419372559,9.0
stoch64,123,5,2019,2012,2019,2024,2019,answering,0.8198018074035645,8.0,0.8198018074035645,8.0
stoch64,123,5,2019,2012,2019,2024,2019,antecedents,8.084040641784668,25.0,-16.915959358215332,0.0
stoch64,123,5,2019,2012,2019,2024,2019,anxiety,5.083181858062744,19.0,-1.9168181419372559,12.0
stoch64,123,5,2019,2012,2019,2024,2019,applications,12.056170463562012,167.0,-90.94382953643799,64.0
stoch64,123,5,2019,2012,2019,2024,2019,applications in,10.596102714538574,49.0,-43.403897285461426,-5.0
stoch64,123,5,2019,2012,2019,2024,2019,applications of,8.321874618530273,45.0,-17.678125381469727,19.0
stoch64,123,5,2019,2012,2019,2024,2019,applied,5.141600131988525,52.0,-13.858399868011475,33.0
stoch64,2026,1,2019,2012,2019,2020,2019,21st century,10.150136947631836,44.0,-21.849863052368164,12.0
stoch64,2026,1,2019,2012,2019,2020,2019,3d laser,8.530919075012207,46.0,-29.469080924987793,8.0
stoch64,2026,1,2019,2012,2019,2020,2019,3d laser scanning,7.111415863037109,38.0,-22.88858413696289,8.0
stoch64,2026,1,2019,2012,2019,2020,2019,3d modeling,1.1216458082199097,3.0,-7.87835419178009,-6.0
stoch64,2026,1,2019,2012,2019,2020,2019,3d modelling,4.112477779388428,9.0,-4.887522220611572,0.0
stoch64,2026,1,2019,2012,2019,2020,2019,3d models,5.23896598815918,32.0,-26.76103401184082,0.0
stoch64,2026,1,2019,2012,2019,2020,2019,3d printing,1.171822428703308,17.0,-7.828177571296692,8.0
stoch64,2026,1,2019,2012,2019,2020,2019,3d scanning,7.337550640106201,39.0,-22.6624493598938,9.0
stoch64,2026,1,2019,2012,2019,2020,2019,abroad,7.808235168457031,8.0,-22.19176483154297,-22.0
stoch64,2026,1,2019,2012,2019,2020,2019,acceptance,5.5220441818237305,22.0,-31.47795581817627,-15.0
stoch64,2026,1,2019,2012,2019,2020,2019,access,4.402795791625977,64.0,-59.59720420837402,0.0
stoch64,2026,1,2019,2012,2019,2020,2019,accessible,1.8939875364303589,6.0,-4.106012463569641,0.0
stoch64,2026,1,2019,2012,2019,2020,2019,accuracy,0.1281532496213913,0.0,0.1281532496213913,0.0
stoch64,2026,1,2019,2012,2019,2020,2019,accurate,2.613933563232422,10.0,-7.386066436767578,0.0
stoch64,2026,1,2019,2012,2019,2020,2019,achieving,1.621393084526062,39.0,-12.378606915473938,25.0
stoch64,2026,1,2019,2012,2019,2020,2019,acknowledgements,1.3684338331222534,5.0,-3.6315661668777466,0.0
stoch64,2026,1,2019,2012,2019,2020,2019,acquisition,0.1281532496213913,0.0,0.1281532496213913,0.0
stoch64,2026,1,2019,2012,2019,2020,2019,action,8.536561012268066,263.0,-248.46343898773193,6.0
stoch64,2026,1,2019,2012,2019,2020,2019,activism,0.864437460899353,10.0,-5.135562539100647,4.0
stoch64,2026,1,2019,2012,2019,2020,2019,activities,10.089875221252441,47.0,-23.91012477874756,13.0
stoch64,2026,1,2019,2012,2019,2020,2019,activity,11.102461814880371,37.0,-33.89753818511963,-8.0
stoch64,2026,1,2019,2012,2019,2020,2019,adaptation,3.927691698074341,24.0,-22.07230830192566,-2.0
stoch64,2026,1,2019,2012,2019,2020,2019,adaptive,7.800545692443848,12.0,-13.199454307556152,-9.0
stoch64,2026,1,2019,2012,2019,2020,2019,addressing,2.514954090118408,9.0,-6.485045909881592,0.0
stoch64,2026,1,2019,2012,2019,2020,2019,aden,2.319946527481079,8.0,-5.680053472518921,0.0
stoch64,2026,1,2019,2012,2019,2020,2019,adoption,9.623363494873047,46.0,-24.376636505126953,12.0
stoch64,2026,1,2019,2012,2019,2020,2019,adults,0.1281532496213913,0.0,0.1281532496213913,0.0
stoch64,2026,1,2019,2012,2019,2020,2019,advanced,11.810611724853516,34.0,-22.189388275146484,0.0
stoch64,2026,1,2019,2012,2019,2020,2019,advances,9.520877838134766,44.0,-22.479122161865234,12.0
stoch64,2026,1,2019,2012,2019,2020,2019,advances in,5.347711563110352,16.0,-10.652288436889648,0.0
stoch64,2026,1,2019,2012,2019,2020,2019,advancing,1.444671630859375,18.0,-7.555328369140625,9.0
stoch64,2026,1,2019,2012,2019,2020,2019,advantages,0.1281532496213913,0.0,0.1281532496213913,0.0
stoch64,2026,1,2019,2012,2019,2020,2019,advertising,2.6999518871307373,8.0,-7.300048112869263,-2.0
stoch64,2026,1,2019,2012,2019,2020,2019,africa,23.176334381103516,227.0,-195.82366561889648,8.0
stoch64,2026,1,2019,2012,2019,2020,2019,african,6.571091651916504,60.0,-42.428908348083496,11.0
stoch64,2026,1,2019,2012,2019,2020,2019,afterword,2.706533670425415,11.0,-8.293466329574585,0.0
stoch64,2026,1,2019,2012,2019,2020,2019,against,3.798790454864502,18.0,-14.201209545135498,0.0
stoch64,2026,1,2019,2012,2019,2020,2019,age of,16.896358489990234,178.0,-102.10364151000977,59.0
stoch64,2026,1,2019,2012,2019,2020,2019,agencies,2.514954090118408,18.0,-6.485045909881592,9.0
stoch64,2026,1,2019,2012,2019,2020,2019,agenda,15.706912994384766,81.0,-36.293087005615234,29.0
stoch64,2026,1,2019,2012,2019,2020,2019,agentic,0.1281532496213913,0.0,0.1281532496213913,0.0
stoch64,2026,1,2019,2012,2019,2020,2019,agents,2.5355629920959473,32.0,-21.464437007904053,8.0
stoch64,2026,1,2019,2012,2019,2020,2019,agricultural,7.109157562255859,29.0,-12.89084243774414,9.0
stoch64,2026,1,2019,2012,2019,2020,2019,ai chatbot,0.1281532496213913,0.0,0.1281532496213913,0.0
stoch64,2026,1,2019,2012,2019,2020,2019,ai in,1.1284650564193726,27.0,-7.871534943580627,18.0
stoch64,2026,1,2019,2012,2019,2020,2019,ai on,0.1281532496213913,0.0,0.1281532496213913,0.0
stoch64,2026,1,2019,2012,2019,2020,2019,ai-driven,0.1281532496213913,0.0,0.1281532496213913,0.0
stoch64,2026,1,2019,2012,2019,2020,2019,ai-enabled,0.1281532496213913,6.0,0.1281532496213913,6.0
stoch64,2026,1,2019,2012,2019,2020,2019,ai-generated,0.1281532496213913,0.0,0.1281532496213913,0.0
stoch64,2026,1,2019,2012,2019,2020,2019,ai-generated content,0.1281532496213913,0.0,0.1281532496213913,0.0
stoch64,2026,1,2019,2012,2019,2020,2019,ai-powered,0.1281532496213913,0.0,0.1281532496213913,0.0
stoch64,2026,1,2019,2012,2019,2020,2019,ai伦理,4.148258686065674,18.0,-2.851741313934326,11.0
stoch64,2026,1,2019,2012,2019,2020,2019,al jazeera,22.712848663330078,181.0,-148.28715133666992,10.0
stoch64,2026,1,2019,2012,2019,2020,2019,al jazeera and,11.796917915344238,28.0,-25.20308208465576,-9.0
stoch64,2026,1,2019,2012,2019,2020,2019,al jazeera english,0.1281532496213913,8.0,0.1281532496213913,8.0
stoch64,2026,1,2019,2012,2019,2020,2019,al-jazeera,2.6355416774749756,33.0,-32.364458322525024,-2.0
stoch64,2026,1,2019,2012,2019,2020,2019,aleppo,0.1281532496213913,0.0,0.1281532496213913,0.0
stoch64,2026,1,2019,2012,2019,2020,2019,algorithmic,7.379365921020508,18.0,-7.620634078979492,3.0
stoch64,2026,1,2019,2012,2019,2020,2019,algorithms,5.97265100479126,40.0,-9.02734899520874,25.0
stoch64,2026,1,2019,2012,2019,2020,2019,alignment,5.088351726531982,9.0,-3.9116482734680176,0.0
stoch64,2026,1,2019,2012,2019,2020,2019,along,6.375195026397705,16.0,-9.624804973602295,0.0
stoch64,2026,1,2019,2012,2019,2020,2019,along the silk,0.1281532496213913,0.0,0.1281532496213913,0.0
stoch64,2026,1,2019,2012,2019,2020,2019,alternative,3.2774293422698975,55.0,-33.7225706577301,18.0
stoch64,2026,1,2019,2012,2019,2020,2019,america,15.372674942016602,165.0,-101.6273250579834,48.0
stoch64,2026,1,2019,2012,2019,2020,2019,american,5.354371070861816,103.0,-83.64562892913818,14.0
stoch64,2026,1,2019,2012,2019,2020,2019,an empirical,1.9647786617279053,17.0,-16.035221338272095,-1.0
stoch64,2026,1,2019,2012,2019,2020,2019,an empirical study,0.1281532496213913,0.0,0.1281532496213913,0.0
stoch64,2026,1,2019,2012,2019,2020,2019,an example,4.628937721252441,8.0,-3.3710622787475586,0.0
stoch64,2026,1,2019,2012,2019,2020,2019,an exploratory,8.674832344055176,32.0,-22.325167655944824,1.0
stoch64,2026,1,2019,2012,2019,2020,2019,an exploratory study,8.674832344055176,32.0,-22.325167655944824,1.0
stoch64,2026,1,2019,2012,2019,2020,2019,an immersive,2.1135308742523193,0.0,-4.886469125747681,-7.0
stoch64,2026,1,2019,2012,2019,2020,2019,an integrated,0.1281532496213913,8.0,0.1281532496213913,8.0
stoch64,2026,1,2019,2012,2019,2020,2019,an introduction,5.40531063079834,19.0,-8.59468936920166,5.0
stoch64,2026,1,2019,2012,2019,2020,2019,an investigation,3.5862975120544434,16.0,-12.413702487945557,0.0
stoch64,2026,1,2019,2012,2019,2020,2019,an overview,1.171822428703308,14.0,-7.828177571296692,5.0
stoch64,2026,1,2019,2012,2019,2020,2019,an overview of,1.9270099401474,14.0,-16.0729900598526,-4.0
stoch64,2026,1,2019,2012,2019,2020,2019,analyses,2.16921329498291,18.0,-11.83078670501709,4.0
stoch64,2026,1,2019,2012,2019,2020,2019,analytic hierarchy process,0.1281532496213913,0.0,0.1281532496213913,0.0
stoch64,2026,1,2019,2012,2019,2020,2019,analytical,0.1281532496213913,0.0,0.1281532496213913,0.0
stoch64,2026,1,2019,2012,2019,2020,2019,analytics,8.71788215637207,58.0,-36.28211784362793,13.0
stoch64,2026,1,2019,2012,2019,2020,2019,analyzing,0.6688167452812195,5.0,-4.3311832547187805,0.0
stoch64,2026,1,2019,2012,2019,2020,2019,ancient,3.3881263732910156,66.0,-44.611873626708984,18.0
stoch64,2026,1,2019,2012,2019,2020,2019,ancient city,0.1281532496213913,0.0,0.1281532496213913,0.0
stoch64,2026,1,2019,2012,2019,2020,2019,and al jazeera,2.8156180381774902,36.0,-25.18438196182251,8.0
stoch64,2026,1,2019,2012,2019,2020,2019,and disaster risk,3.6439199447631836,6.0,-2.3560800552368164,0.0
stoch64,2026,1,2019,2012,2019,2020,2019,and future directions,3.5862975120544434,25.0,-12.413702487945557,9.0
stoch64,2026,1,2019,2012,2019,2020,2019,and generative ai,0.1281532496213913,0.0,0.1281532496213913,0.0
stoch64,2026,1,2019,2012,2019,2020,2019,and nation branding,0.1281532496213913,0.0,0.1281532496213913,0.0
stoch64,2026,1,2019,2012,2019,2020,2019,and place branding,2.319946527481079,5.0,-5.680053472518921,-3.0
stoch64,2026,1,2019,2012,2019,2020,2019,and the future,2.514954090118408,9.0,-6.485045909881592,0.0
stoch64,2026,1,2019,2012,2019,2020,2019,and the future of,2.514954090118408,9.0,-6.485045909881592,0.0
stoch64,2026,1,2019,2012,2019,2020,2019,and user-generated content,2.319946527481079,8.0,-5.680053472518921,0.0
stoch64,2026,1,2019,2012,2019,2020,2019,annual,4.148258686065674,7.0,-2.851741313934326,0.0
stoch64,2026,1,2019,2012,2019,2020,2019,answering,0.1281532496213913,0.0,0.1281532496213913,0.0
stoch64,2026,1,2019,2012,2019,2020,2019,antecedents,8.423941612243652,34.0,-16.576058387756348,9.0
stoch64,2026,1,2019,2012,2019,2020,2019,anxiety,4.148258686065674,11.0,-2.851741313934326,4.0
stoch64,2026,1,2019,2012,2019,2020,2019,applications,16.676769256591797,124.0,-86.3232307434082,21.0
stoch64,2026,1,2019,2012,2019,2020,2019,applications in,13.212961196899414,62.0,-40.787038803100586,8.0
stoch64,2026,1,2019,2012,2019,2020,2019,applications of,8.864816665649414,41.0,-17.135183334350586,15.0
stoch64,2026,1,2019,2012,2019,2020,2019,applied,4.0553975105285645,15.0,-14.944602489471436,-4.0
stoch64,2026,3,2019,2012,2019,2022,2019,21st century,12.368051528930664,52.0,-19.631948471069336,20.0
stoch64,2026,3,2019,2012,2019,2022,2019,3d laser,10.565829277038574,41.0,-27.434170722961426,3.0
stoch64,2026,3,2019,2012,2019,2022,2019,3d laser scanning,8.937688827514648,41.0,-21.06231117248535,11.0
stoch64,2026,3,2019,2012,2019,2022,2019,3d modeling,1.6016286611557007,0.0,-7.398371338844299,-9.0
stoch64,2026,3,2019,2012,2019,2022,2019,3d modelling,5.345911502838135,9.0,-3.6540884971618652,0.0
stoch64,2026,3,2019,2012,2019,2022,2019,3d models,6.714883327484131,29.0,-25.28511667251587,-3.0
stoch64,2026,3,2019,2012,2019,2022,2019,3d printing,1.664433479309082,40.0,-7.335566520690918,31.0
stoch64,2026,3,2019,2012,2019,2022,2019,3d scanning,9.200155258178711,36.0,-20.79984474182129,6.0
stoch64,2026,3,2019,2012,2019,2022,2019,abroad,9.74238395690918,17.0,-20.25761604309082,-13.0
stoch64,2026,3,2019,2012,2019,2022,2019,acceptance,7.0552802085876465,9.0,-29.944719791412354,-28.0
stoch64,2026,3,2019,2012,2019,2022,2019,access,5.690845012664795,53.0,-58.309154987335205,-11.0
stoch64,2026,3,2019,2012,2019,2022,2019,accessible,2.5737781524658203,12.0,-3.4262218475341797,6.0
stoch64,2026,3,2019,2012,2019,2022,2019,accuracy,0.372989684343338,6.0,0.372989684343338,6.0
stoch64,2026,3,2019,2012,2019,2022,2019,accurate,3.479287624359131,12.0,-6.520712375640869,2.0
stoch64,2026,3,2019,2012,2019,2022,2019,achieving,2.2285587787628174,34.0,-11.771441221237183,20.0
stoch64,2026,3,2019,2012,2019,2022,2019,acknowledgements,1.9123680591583252,6.0,-3.087631940841675,1.0
stoch64,2026,3,2019,2012,2019,2022,2019,acquisition,0.372989684343338,9.0,0.372989684343338,9.0
stoch64,2026,3,2019,2012,2019,2022,2019,action,10.550907135009766,281.0,-246.44909286499023,24.0
stoch64,2026,3,2019,2012,2019,2022,2019,activism,1.2805588245391846,15.0,-4.719441175460815,9.0
stoch64,2026,3,2019,2012,2019,2022,2019,activities,12.302276611328125,40.0,-21.697723388671875,6.0
stoch64,2026,3,2019,2012,2019,2022,2019,activity,13.402417182922363,29.0,-31.597582817077637,-16.0
stoch64,2026,3,2019,2012,2019,2022,2019,adaptation,5.113251209259033,20.0,-20.886748790740967,-6.0
stoch64,2026,3,2019,2012,2019,2022,2019,adaptive,9.734047889709473,18.0,-11.265952110290527,-3.0
stoch64,2026,3,2019,2012,2019,2022,2019,addressing,3.355027914047241,8.0,-5.644972085952759,-1.0
stoch64,2026,3,2019,2012,2019,2022,2019,aden,3.1099467277526855,0.0,-4.8900532722473145,-8.0
stoch64,2026,3,2019,2012,2019,2022,2019,adoption,11.78813362121582,37.0,-22.21186637878418,3.0
stoch64,2026,3,2019,2012,2019,2022,2019,adults,0.372989684343338,0.0,0.372989684343338,0.0
stoch64,2026,3,2019,2012,2019,2022,2019,advanced,14.158658981323242,30.0,-19.841341018676758,-4.0
stoch64,2026,3,2019,2012,2019,2022,2019,advances,11.67463493347168,49.0,-20.32536506652832,17.0
stoch64,2026,3,2019,2012,2019,2022,2019,advances in,6.849833011627197,20.0,-9.150166988372803,4.0
stoch64,2026,3,2019,2012,2019,2022,2019,advancing,2.0070619583129883,18.0,-6.992938041687012,9.0
stoch64,2026,3,2019,2012,2019,2022,2019,advantages,0.372989684343338,0.0,0.372989684343338,0.0
stoch64,2026,3,2019,2012,2019,2022,2019,advertising,3.587183952331543,32.0,-6.412816047668457,22.0
stoch64,2026,3,2019,2012,2019,2022,2019,africa,25.14728355407715,242.0,-193.85271644592285,23.0
stoch64,2026,3,2019,2012,2019,2022,2019,african,8.300456047058105,51.0,-40.699543952941895,2.0
stoch64,2026,3,2019,2012,2019,2022,2019,afterword,3.595442056655884,1.0,-7.404557943344116,-10.0
stoch64,2026,3,2019,2012,2019,2022,2019,against,4.9560227394104,11.0,-13.0439772605896,-7.0
stoch64,2026,3,2019,2012,2019,2022,2019,age of,19.32465362548828,143.0,-99.67534637451172,24.0
stoch64,2026,3,2019,2012,2019,2022,2019,agencies,3.355027914047241,9.0,-5.644972085952759,0.0
stoch64,2026,3,2019,2012,2019,2022,2019,agenda,18.15341567993164,149.0,-33.84658432006836,97.0
stoch64,2026,3,2019,2012,2019,2022,2019,agentic,0.372989684343338,0.0,0.372989684343338,0.0
stoch64,2026,3,2019,2012,2019,2022,2019,agents,3.37713360786438,23.0,-20.62286639213562,-1.0
stoch64,2026,3,2019,2012,2019,2022,2019,agricultural,8.935182571411133,30.0,-11.064817428588867,10.0
stoch64,2026,3,2019,2012,2019,2022,2019,ai chatbot,0.372989684343338,7.0,0.372989684343338,7.0
stoch64,2026,3,2019,2012,2019,2022,2019,ai in,1.6101090908050537,49.0,-7.389890909194946,40.0
stoch64,2026,3,2019,2012,2019,2022,2019,ai on,0.372989684343338,0.0,0.372989684343338,0.0
stoch64,2026,3,2019,2012,2019,2022,2019,ai-driven,0.372989684343338,0.0,0.372989684343338,0.0
stoch64,2026,3,2019,2012,2019,2022,2019,ai-enabled,0.372989684343338,6.0,0.372989684343338,6.0
stoch64,2026,3,2019,2012,2019,2022,2019,ai-generated,0.372989684343338,16.0,0.372989684343338,16.0
stoch64,2026,3,2019,2012,2019,2022,2019,ai-generated content,0.372989684343338,0.0,0.372989684343338,0.0
stoch64,2026,3,2019,2012,2019,2022,2019,ai-powered,0.372989684343338,0.0,0.372989684343338,0.0
stoch64,2026,3,2019,2012,2019,2022,2019,ai伦理,5.390169143676758,27.0,-1.6098308563232422,20.0
stoch64,2026,3,2019,2012,2019,2022,2019,al jazeera,24.73094940185547,138.0,-146.26905059814453,-33.0
stoch64,2026,3,2019,2012,2019,2022,2019,al jazeera and,14.143682479858398,26.0,-22.8563175201416,-11.0
stoch64,2026,3,2019,2012,2019,2022,2019,al jazeera english,0.372989684343338,16.0,0.372989684343338,16.0
stoch64,2026,3,2019,2012,2019,2022,2019,al-jazeera,3.502253770828247,17.0,-31.497746229171753,-18.0
stoch64,2026,3,2019,2012,2019,2022,2019,aleppo,0.372989684343338,0.0,0.372989684343338,0.0
stoch64,2026,3,2019,2012,2019,2022,2019,algorithmic,9.248794555664062,18.0,-5.7512054443359375,3.0
stoch64,2026,3,2019,2012,2019,2022,2019,algorithms,7.598116397857666,57.0,-7.401883602142334,42.0
stoch64,2026,3,2019,2012,2019,2022,2019,alignment,6.537404537200928,15.0,-2.4625954627990723,6.0
stoch64,2026,3,2019,2012,2019,2022,2019,along,8.07526683807373,32.0,-7.9247331619262695,16.0
stoch64,2026,3,2019,2012,2019,2022,2019,along the silk,0.372989684343338,15.0,0.372989684343338,15.0
stoch64,2026,3,2019,2012,2019,2022,2019,alternative,4.303639888763428,48.0,-32.69636011123657,11.0
stoch64,2026,3,2019,2012,2019,2022,2019,america,17.82429313659668,139.0,-99.17570686340332,22.0
stoch64,2026,3,2019,2012,2019,2022,2019,american,6.8460235595703125,55.0,-82.15397644042969,-34.0
stoch64,2026,3,2019,2012,2019,2022,2019,an empirical,2.6602187156677246,24.0,-15.339781284332275,6.0
stoch64,2026,3,2019,2012,2019,2022,2019,an empirical study,0.372989684343338,7.0,0.372989684343338,7.0
stoch64,2026,3,2019,2012,2019,2022,2019,an example,5.979168891906738,22.0,-2.0208311080932617,14.0
stoch64,2026,3,2019,2012,2019,2022,2019,an exploratory,10.72833251953125,49.0,-20.27166748046875,18.0
stoch64,2026,3,2019,2012,2019,2022,2019,an exploratory study,10.72833251953125,49.0,-20.27166748046875,18.0
stoch64,2026,3,2019,2012,2019,2022,2019,an immersive,2.8502230644226074,8.0,-4.149776935577393,1.0
stoch64,2026,3,2019,2012,2019,2022,2019,an integrated,0.372989684343338,8.0,0.372989684343338,8.0
stoch64,2026,3,2019,2012,2019,2022,2019,an introduction,6.9193620681762695,27.0,-7.0806379318237305,13.0
stoch64,2026,3,2019,2012,2019,2022,2019,an investigation,4.692901134490967,0.0,-11.307098865509033,-16.0
stoch64,2026,3,2019,2012,2019,2022,2019,an overview,1.664433479309082,31.0,-7.335566520690918,22.0
stoch64,2026,3,2019,2012,2019,2022,2019,an overview of,2.6127426624298096,31.0,-15.38725733757019,13.0
stoch64,2026,3,2019,2012,2019,2022,2019,analyses,2.918452501296997,13.0,-11.081547498703003,-1.0
stoch64,2026,3,2019,2012,2019,2022,2019,analytic hierarchy process,0.372989684343338,0.0,0.372989684343338,0.0
stoch64,2026,3,2019,2012,2019,2022,2019,analytical,0.372989684343338,0.0,0.372989684343338,0.0
stoch64,2026,3,2019,2012,2019,2022,2019,analytics,10.775656700134277,37.0,-34.22434329986572,-8.0
stoch64,2026,3,2019,2012,2019,2022,2019,analyzing,1.0374670028686523,20.0,-3.9625329971313477,15.0
stoch64,2026,3,2019,2012,2019,2022,2019,ancient,4.43993616104126,72.0,-43.56006383895874,24.0
stoch64,2026,3,2019,2012,2019,2022,2019,ancient city,0.372989684343338,0.0,0.372989684343338,0.0
stoch64,2026,3,2019,2012,2019,2022,2019,and al jazeera,3.7284984588623047,27.0,-24.271501541137695,-1.0
stoch64,2026,3,2019,2012,2019,2022,2019,and disaster risk,4.767088413238525,6.0,-1.2329115867614746,0.0
stoch64,2026,3,2019,2012,2019,2022,2019,and future directions,4.692901134490967,25.0,-11.307098865509033,9.0
stoch64,2026,3,2019,2012,2019,2022,2019,and generative ai,0.372989684343338,0.0,0.372989684343338,0.0
stoch64,2026,3,2019,2012,2019,2022,2019,and nation branding,0.372989684343338,8.0,0.372989684343338,8.0
stoch64,2026,3,2019,2012,2019,2022,2019,and place branding,3.1099467277526855,13.0,-4.8900532722473145,5.0
stoch64,2026,3,2019,2012,2019,2022,2019,and the future,3.355027914047241,17.0,-5.644972085952759,8.0
stoch64,2026,3,2019,2012,2019,2022,2019,and the future of,3.355027914047241,17.0,-5.644972085952759,8.0
stoch64,2026,3,2019,2012,2019,2022,2019,and user-generated content,3.1099467277526855,8.0,-4.8900532722473145,0.0
stoch64,2026,3,2019,2012,2019,2022,2019,annual,5.390169143676758,7.0,-1.6098308563232422,0.0
stoch64,2026,3,2019,2012,2019,2022,2019,answering,0.372989684343338,8.0,0.372989684343338,8.0
stoch64,2026,3,2019,2012,2019,2022,2019,antecedents,10.444866180419922,50.0,-14.555133819580078,25.0
stoch64,2026,3,2019,2012,2019,2022,2019,anxiety,5.390169143676758,20.0,-1.6098308563232422,13.0
stoch64,2026,3,2019,2012,2019,2022,2019,applications,19.110218048095703,209.0,-83.8897819519043,106.0
stoch64,2026,3,2019,2012,2019,2022,2019,applications in,15.629361152648926,69.0,-38.370638847351074,15.0
stoch64,2026,3,2019,2012,2019,2022,2019,applications of,10.942329406738281,49.0,-15.057670593261719,23.0
stoch64,2026,3,2019,2012,2019,2022,2019,applied,5.272571563720703,31.0,-13.727428436279297,12.0
stoch64,2026,5,2019,2012,2019,2024,2019,21st century,12.27055835723877,36.0,-19.72944164276123,4.0
stoch64,2026,5,2019,2012,2019,2024,2019,3d laser,10.753789901733398,31.0,-27.2462100982666,-7.0
stoch64,2026,5,2019,2012,2019,2024,2019,3d laser scanning,9.329450607299805,31.0,-20.670549392700195,1.0
stoch64,2026,5,2019,2012,2019,2024,2019,3d modeling,2.0443010330200195,22.0,-6.9556989669799805,13.0
stoch64,2026,5,2019,2012,2019,2024,2019,3d modelling,5.965185165405273,4.0,-3.0348148345947266,-5.0
stoch64,2026,5,2019,2012,2019,2024,2019,3d models,7.282991409301758,13.0,-24.717008590698242,-19.0
stoch64,2026,5,2019,2012,2019,2024,2019,3d printing,2.113994598388672,50.0,-6.886005401611328,41.0
stoch64,2026,5,2019,2012,2019,2024,2019,3d scanning,9.562651634216309,31.0,-20.43734836578369,1.0
stoch64,2026,5,2019,2012,2019,2024,2019,abroad,10.03939151763916,18.0,-19.96060848236084,-12.0
stoch64,2026,5,2019,2012,2019,2024,2019,acceptance,7.603501319885254,40.0,-29.396498680114746,3.0
stoch64,2026,5,2019,2012,2019,2024,2019,access,6.294464111328125,38.0,-57.705535888671875,-26.0
stoch64,2026,5,2019,2012,2019,2024,2019,accessible,3.1096317768096924,12.0,-2.8903682231903076,6.0
stoch64,2026,5,2019,2012,2019,2024,2019,accuracy,0.6519121527671814,23.0,0.6519121527671814,23.0
stoch64,2026,5,2019,2012,2019,2024,2019,accurate,4.069849491119385,12.0,-5.930150508880615,2.0
stoch64,2026,5,2019,2012,2019,2024,2019,achieving,2.7336604595184326,47.0,-11.266339540481567,33.0
stoch64,2026,5,2019,2012,2019,2024,2019,acknowledgements,2.3898866176605225,5.0,-2.6101133823394775,0.0
stoch64,2026,5,2019,2012,2019,2024,2019,acquisition,0.6519121527671814,9.0,0.6519121527671814,9.0
stoch64,2026,5,2019,2012,2019,2024,2019,action,10.726696968078613,350.0,-246.2733030319214,93.0
stoch64,2026,5,2019,2012,2019,2024,2019,activism,1.6857271194458008,15.0,-4.314272880554199,9.0
stoch64,2026,5,2019,2012,2019,2024,2019,activities,12.21561050415039,52.0,-21.78438949584961,18.0
stoch64,2026,5,2019,2012,2019,2024,2019,activity,13.112798690795898,37.0,-31.8872013092041,-8.0
stoch64,2026,5,2019,2012,2019,2024,2019,adaptation,5.730797290802002,29.0,-20.269202709197998,3.0
stoch64,2026,5,2019,2012,2019,2024,2019,adaptive,10.033123970031738,18.0,-10.966876029968262,-3.0
stoch64,2026,5,2019,2012,2019,2024,2019,addressing,3.9397828578948975,17.0,-5.0602171421051025,8.0
stoch64,2026,5,2019,2012,2019,2024,2019,aden,3.681692600250244,1.0,-4.318307399749756,-7.0
stoch64,2026,5,2019,2012,2019,2024,2019,adoption,11.787878036499023,53.0,-22.212121963500977,19.0
stoch64,2026,5,2019,2012,2019,2024,2019,adults,0.6519121527671814,0.0,0.6519121527671814,0.0
stoch64,2026,5,2019,2012,2019,2024,2019,advanced,13.720381736755371,23.0,-20.27961826324463,-11.0
stoch64,2026,5,2019,2012,2019,2024,2019,advances,11.69393539428711,52.0,-20.30606460571289,20.0
stoch64,2026,5,2019,2012,2019,2024,2019,advances in,7.413992881774902,31.0,-8.586007118225098,15.0
stoch64,2026,5,2019,2012,2019,2024,2019,advancing,2.492314577102661,40.0,-6.507685422897339,31.0
stoch64,2026,5,2019,2012,2019,2024,2019,advantages,0.6519121527671814,26.0,0.6519121527671814,26.0
stoch64,2026,5,2019,2012,2019,2024,2019,advertising,4.182332992553711,50.0,-5.817667007446289,40.0
stoch64,2026,5,2019,2012,2019,2024,2019,africa,21.678081512451172,242.0,-197.32191848754883,23.0
stoch64,2026,5,2019,2012,2019,2024,2019,african,8.750752449035645,50.0,-40.249247550964355,1.0
stoch64,2026,5,2019,2012,2019,2024,2019,afterword,4.190953731536865,13.0,-6.809046268463135,2.0
stoch64,2026,5,2019,2012,2019,2024,2019,against,5.576024532318115,18.0,-12.423975467681885,0.0
stoch64,2026,5,2019,2012,2019,2024,2019,age of,17.636625289916992,130.0,-101.36337471008301,11.0
stoch64,2026,5,2019,2012,2019,2024,2019,agencies,3.9397828578948975,17.0,-5.0602171421051025,8.0
stoch64,2026,5,2019,2012,2019,2024,2019,agenda,16.781343460083008,160.0,-35.21865653991699,108.0
stoch64,2026,5,2019,2012,2019,2024,2019,agentic,0.6519121527671814,0.0,0.6519121527671814,0.0
stoch64,2026,5,2019,2012,2019,2024,2019,agents,3.959757089614868,45.0,-20.040242910385132,21.0
stoch64,2026,5,2019,2012,2019,2024,2019,agricultural,9.326849937438965,26.0,-10.673150062561035,6.0
stoch64,2026,5,2019,2012,2019,2024,2019,ai chatbot,0.6519121527671814,41.0,0.6519121527671814,41.0
stoch64,2026,5,2019,2012,2019,2024,2019,ai in,2.0536224842071533,157.0,-6.946377515792847,148.0
stoch64,2026,5,2019,2012,2019,2024,2019,ai on,0.6519121527671814,15.0,0.6519121527671814,15.0
stoch64,2026,5,2019,2012,2019,2024,2019,ai-driven,0.6519121527671814,30.0,0.6519121527671814,30.0
stoch64,2026,5,2019,2012,2019,2024,2019,ai-enabled,0.6519121527671814,6.0,0.6519121527671814,6.0
stoch64,2026,5,2019,2012,2019,2024,2019,ai-generated,0.6519121527671814,33.0,0.6519121527671814,33.0
stoch64,2026,5,2019,2012,2019,2024,2019,ai-generated content,0.6519121527671814,24.0,0.6519121527671814,24.0
stoch64,2026,5,2019,2012,2019,2024,2019,ai-powered,0.6519121527671814,8.0,0.6519121527671814,8.0
stoch64,2026,5,2019,2012,2019,2024,2019,ai伦理,6.009094715118408,20.0,-0.9909052848815918,13.0
stoch64,2026,5,2019,2012,2019,2024,2019,al jazeera,21.40214729309082,48.0,-149.59785270690918,-123.0
stoch64,2026,5,2019,2012,2019,2024,2019,al jazeera and,13.708748817443848,0.0,-23.291251182556152,-37.0
stoch64,2026,5,2019,2012,2019,2024,2019,al jazeera english,0.6519121527671814,24.0,0.6519121527671814,24.0
stoch64,2026,5,2019,2012,2019,2024,2019,al-jazeera,4.090514659881592,9.0,-30.909485340118408,-26.0
stoch64,2026,5,2019,2012,2019,2024,2019,aleppo,0.6519121527671814,9.0,0.6519121527671814,9.0
stoch64,2026,5,2019,2012,2019,2024,2019,algorithmic,9.606791496276855,3.0,-5.3932085037231445,-12.0
stoch64,2026,5,2019,2012,2019,2024,2019,algorithms,8.112854957580566,71.0,-6.887145042419434,56.0
stoch64,2026,5,2019,2012,2019,2024,2019,alignment,7.119122505187988,6.0,-1.8808774948120117,-3.0
stoch64,2026,5,2019,2012,2019,2024,2019,along,8.551301002502441,52.0,-7.448698997497559,36.0
stoch64,2026,5,2019,2012,2019,2024,2019,along the silk,0.6519121527671814,29.0,0.6519121527671814,29.0
stoch64,2026,5,2019,2012,2019,2024,2019,alternative,4.915346145629883,36.0,-32.08465385437012,-1.0
stoch64,2026,5,2019,2012,2019,2024,2019,america,16.534252166748047,138.0,-100.46574783325195,21.0
stoch64,2026,5,2019,2012,2019,2024,2019,american,7.40191125869751,57.0,-81.59808874130249,-32.0
stoch64,2026,5,2019,2012,2019,2024,2019,an empirical,3.199936628341675,15.0,-14.800063371658325,-3.0
stoch64,2026,5,2019,2012,2019,2024,2019,an empirical study,0.6519121527671814,7.0,0.6519121527671814,7.0
stoch64,2026,5,2019,2012,2019,2024,2019,an example,6.583645820617676,29.0,-1.4163541793823242,21.0
stoch64,2026,5,2019,2012,2019,2024,2019,an exploratory,10.892512321472168,26.0,-20.107487678527832,-5.0
stoch64,2026,5,2019,2012,2019,2024,2019,an exploratory study,10.892512321472168,26.0,-20.107487678527832,-5.0
stoch64,2026,5,2019,2012,2019,2024,2019,an immersive,3.4058687686920166,8.0,-3.5941312313079834,1.0
stoch64,2026,5,2019,2012,2019,2024,2019,an integrated,0.6519121527671814,16.0,0.6519121527671814,16.0
stoch64,2026,5,2019,2012,2019,2024,2019,an introduction,7.479780673980713,28.0,-6.520219326019287,14.0
stoch64,2026,5,2019,2012,2019,2024,2019,an investigation,5.31279182434082,7.0,-10.68720817565918,-9.0
stoch64,2026,5,2019,2012,2019,2024,2019,an overview,2.113994598388672,76.0,-6.886005401611328,67.0
stoch64,2026,5,2019,2012,2019,2024,2019,an overview of,3.149000883102417,67.0,-14.850999116897583,49.0
stoch64,2026,5,2019,2012,2019,2024,2019,analyses,3.476808547973633,13.0,-10.523191452026367,-1.0
stoch64,2026,5,2019,2012,2019,2024,2019,analytic hierarchy process,0.6519121527671814,0.0,0.6519121527671814,0.0
stoch64,2026,5,2019,2012,2019,2024,2019,analytical,0.6519121527671814,32.0,0.6519121527671814,32.0
stoch64,2026,5,2019,2012,2019,2024,2019,analytics,10.93117904663086,45.0,-34.06882095336914,0.0
stoch64,2026,5,2019,2012,2019,2024,2019,analyzing,1.4115879535675049,53.0,-3.588412046432495,48.0
stoch64,2026,5,2019,2012,2019,2024,2019,ancient,5.052676677703857,76.0,-42.94732332229614,28.0
stoch64,2026,5,2019,2012,2019,2024,2019,ancient city,0.6519121527671814,17.0,0.6519121527671814,17.0
stoch64,2026,5,2019,2012,2019,2024,2019,and al jazeera,4.326162815093994,16.0,-23.673837184906006,-12.0
stoch64,2026,5,2019,2012,2019,2024,2019,and disaster risk,5.390081882476807,38.0,-0.6099181175231934,32.0
stoch64,2026,5,2019,2012,2019,2024,2019,and future directions,5.31279182434082,43.0,-10.68720817565918,27.0
stoch64,2026,5,2019,2012,2019,2024,2019,and generative ai,0.6519121527671814,25.0,0.6519121527671814,25.0
stoch64,2026,5,2019,2012,2019,2024,2019,and nation branding,0.6519121527671814,8.0,0.6519121527671814,8.0
stoch64,2026,5,2019,2012,2019,2024,2019,and place branding,3.681692600250244,13.0,-4.318307399749756,5.0
stoch64,2026,5,2019,2012,2019,2024,2019,and the future,3.9397828578948975,31.0,-5.0602171421051025,22.0
stoch64,2026,5,2019,2012,2019,2024,2019,and the future of,3.9397828578948975,31.0,-5.0602171421051025,22.0
stoch64,2026,5,2019,2012,2019,2024,2019,and user-generated content,3.681692600250244,16.0,-4.318307399749756,8.0
stoch64,2026,5,2019,2012,2019,2024,2019,annual,6.009094715118408,16.0,-0.9909052848815918,9.0
stoch64,2026,5,2019,2012,2019,2024,2019,answering,0.6519121527671814,8.0,0.6519121527671814,8.0
stoch64,2026,5,2019,2012,2019,2024,2019,antecedents,10.649876594543457,25.0,-14.350123405456543,0.0
stoch64,2026,5,2019,2012,2019,2024,2019,anxiety,6.009094715118408,19.0,-0.9909052848815918,12.0
stoch64,2026,5,2019,2012,2019,2024,2019,applications,17.48151206970215,167.0,-85.51848793029785,64.0
stoch64,2026,5,2019,2012,2019,2024,2019,applications in,14.872584342956543,49.0,-39.12741565704346,-5.0
stoch64,2026,5,2019,2012,2019,2024,2019,applications of,11.07602310180664,45.0,-14.92397689819336,19.0
stoch64,2026,5,2019,2012,2019,2024,2019,applied,5.889829158782959,52.0,-13.110170841217041,33.0
stoch64,3407,1,2019,2012,2019,2020,2019,21st century,9.094799041748047,44.0,-22.905200958251953,12.0
stoch64,3407,1,2019,2012,2019,2020,2019,3d laser,7.632157325744629,46.0,-30.36784267425537,8.0
stoch64,3407,1,2019,2012,2019,2020,2019,3d laser scanning,6.300317287445068,38.0,-23.69968271255493,8.0
stoch64,3407,1,2019,2012,2019,2020,2019,3d modeling,1.3010282516479492,3.0,-7.698971748352051,-6.0
stoch64,3407,1,2019,2012,2019,2020,2019,3d modelling,3.8223915100097656,9.0,-5.177608489990234,0.0
stoch64,3407,1,2019,2012,2019,2020,2019,3d models,5.087913990020752,32.0,-26.912086009979248,0.0
stoch64,3407,1,2019,2012,2019,2020,2019,3d printing,1.3628969192504883,17.0,-7.637103080749512,8.0
stoch64,3407,1,2019,2012,2019,2020,2019,3d scanning,6.579381942749023,39.0,-23.420618057250977,9.0
stoch64,3407,1,2019,2012,2019,2020,2019,abroad,7.194757461547852,8.0,-22.80524253845215,-22.0
stoch64,3407,1,2019,2012,2019,2020,2019,acceptance,5.321774959564209,22.0,-31.67822504043579,-15.0
stoch64,3407,1,2019,2012,2019,2020,2019,access,4.510401725769043,64.0,-59.48959827423096,0.0
stoch64,3407,1,2019,2012,2019,2020,2019,accessible,1.9700210094451904,6.0,-4.02997899055481,0.0
stoch64,3407,1,2019,2012,2019,2020,2019,accuracy,0.1767396479845047,0.0,0.1767396479845047,0.0
stoch64,3407,1,2019,2012,2019,2020,2019,accurate,2.6444597244262695,10.0,-7.3555402755737305,0.0
stoch64,3407,1,2019,2012,2019,2020,2019,achieving,1.8085798025131226,39.0,-12.191420197486877,25.0
stoch64,3407,1,2019,2012,2019,2020,2019,acknowledgements,1.3053823709487915,5.0,-3.6946176290512085,0.0
stoch64,3407,1,2019,2012,2019,2020,2019,acquisition,0.1767396479845047,0.0,0.1767396479845047,0.0
stoch64,3407,1,2019,2012,2019,2020,2019,action,8.360191345214844,263.0,-248.63980865478516,6.0
stoch64,3407,1,2019,2012,2019,2020,2019,activism,1.0411932468414307,10.0,-4.958806753158569,4.0
stoch64,3407,1,2019,2012,2019,2020,2019,activities,9.148682594299316,47.0,-24.851317405700684,13.0
stoch64,3407,1,2019,2012,2019,2020,2019,activity,10.136064529418945,37.0,-34.863935470581055,-8.0
stoch64,3407,1,2019,2012,2019,2020,2019,adaptation,3.943552017211914,24.0,-22.056447982788086,-2.0
stoch64,3407,1,2019,2012,2019,2020,2019,adaptive,7.173222064971924,12.0,-13.826777935028076,-9.0
stoch64,3407,1,2019,2012,2019,2020,2019,addressing,2.5654051303863525,9.0,-6.4345948696136475,0.0
stoch64,3407,1,2019,2012,2019,2020,2019,aden,2.37917423248291,8.0,-5.62082576751709,0.0
stoch64,3407,1,2019,2012,2019,2020,2019,adoption,8.84406852722168,46.0,-25.15593147277832,12.0
stoch64,3407,1,2019,2012,2019,2020,2019,adults,0.1767396479845047,0.0,0.1767396479845047,0.0
stoch64,3407,1,2019,2012,2019,2020,2019,advanced,10.616311073303223,34.0,-23.383688926696777,0.0
stoch64,3407,1,2019,2012,2019,2020,2019,advances,8.5979585647583,44.0,-23.4020414352417,12.0
stoch64,3407,1,2019,2012,2019,2020,2019,advances in,4.973907947540283,16.0,-11.026092052459717,0.0
stoch64,3407,1,2019,2012,2019,2020,2019,advancing,1.6200206279754639,18.0,-7.379979372024536,9.0
stoch64,3407,1,2019,2012,2019,2020,2019,advantages,0.1767396479845047,0.0,0.1767396479845047,0.0
stoch64,3407,1,2019,2012,2019,2020,2019,advertising,2.7415730953216553,8.0,-7.258426904678345,-2.0
stoch64,3407,1,2019,2012,2019,2020,2019,africa,20.167816162109375,227.0,-198.83218383789062,8.0
stoch64,3407,1,2019,2012,2019,2020,2019,african,6.3222432136535645,60.0,-42.677756786346436,11.0
stoch64,3407,1,2019,2012,2019,2020,2019,afterword,2.717963457107544,11.0,-8.282036542892456,0.0
stoch64,3407,1,2019,2012,2019,2020,2019,against,3.7571840286254883,18.0,-14.242815971374512,0.0
stoch64,3407,1,2019,2012,2019,2020,2019,age of,14.958420753479004,178.0,-104.041579246521,59.0
stoch64,3407,1,2019,2012,2019,2020,2019,agencies,2.5654051303863525,18.0,-6.4345948696136475,9.0
stoch64,3407,1,2019,2012,2019,2020,2019,agenda,13.922386169433594,81.0,-38.077613830566406,29.0
stoch64,3407,1,2019,2012,2019,2020,2019,agentic,0.1767396479845047,0.0,0.1767396479845047,0.0
stoch64,3407,1,2019,2012,2019,2020,2019,agents,2.713670253753662,32.0,-21.286329746246338,8.0
stoch64,3407,1,2019,2012,2019,2020,2019,agricultural,6.561981678009033,29.0,-13.438018321990967,9.0
stoch64,3407,1,2019,2012,2019,2020,2019,ai chatbot,0.1767396479845047,0.0,0.1767396479845047,0.0
stoch64,3407,1,2019,2012,2019,2020,2019,ai in,1.3210729360580444,27.0,-7.678927063941956,18.0
stoch64,3407,1,2019,2012,2019,2020,2019,ai on,0.1767396479845047,0.0,0.1767396479845047,0.0
stoch64,3407,1,2019,2012,2019,2020,2019,ai-driven,0.1767396479845047,0.0,0.1767396479845047,0.0
stoch64,3407,1,2019,2012,2019,2020,2019,ai-enabled,0.1767396479845047,6.0,0.1767396479845047,6.0
stoch64,3407,1,2019,2012,2019,2020,2019,ai-generated,0.1767396479845047,0.0,0.1767396479845047,0.0
stoch64,3407,1,2019,2012,2019,2020,2019,ai-generated content,0.1767396479845047,0.0,0.1767396479845047,0.0
stoch64,3407,1,2019,2012,2019,2020,2019,ai-powered,0.1767396479845047,0.0,0.1767396479845047,0.0
stoch64,3407,1,2019,2012,2019,2020,2019,ai伦理,3.8593409061431885,18.0,-3.1406590938568115,11.0
stoch64,3407,1,2019,2012,2019,2020,2019,al jazeera,19.449670791625977,181.0,-151.55032920837402,10.0
stoch64,3407,1,2019,2012,2019,2020,2019,al jazeera and,10.48188591003418,28.0,-26.51811408996582,-9.0
stoch64,3407,1,2019,2012,2019,2020,2019,al jazeera english,0.1767396479845047,8.0,0.1767396479845047,8.0
stoch64,3407,1,2019,2012,2019,2020,2019,al-jazeera,2.7046406269073486,33.0,-32.29535937309265,-2.0
stoch64,3407,1,2019,2012,2019,2020,2019,aleppo,0.1767396479845047,0.0,0.1767396479845047,0.0
stoch64,3407,1,2019,2012,2019,2020,2019,algorithmic,6.71061372756958,18.0,-8.28938627243042,3.0
stoch64,3407,1,2019,2012,2019,2020,2019,algorithms,5.549948692321777,40.0,-9.450051307678223,25.0
stoch64,3407,1,2019,2012,2019,2020,2019,alignment,4.69649600982666,9.0,-4.30350399017334,0.0
stoch64,3407,1,2019,2012,2019,2020,2019,along,5.848578929901123,16.0,-10.151421070098877,0.0
stoch64,3407,1,2019,2012,2019,2020,2019,along the silk,0.1767396479845047,0.0,0.1767396479845047,0.0
stoch64,3407,1,2019,2012,2019,2020,2019,alternative,3.4157791137695312,55.0,-33.58422088623047,18.0
stoch64,3407,1,2019,2012,2019,2020,2019,america,13.716363906860352,165.0,-103.28363609313965,48.0
stoch64,3407,1,2019,2012,2019,2020,2019,american,5.269961833953857,103.0,-83.73003816604614,14.0
stoch64,3407,1,2019,2012,2019,2020,2019,an empirical,2.150627374649048,17.0,-15.849372625350952,-1.0
stoch64,3407,1,2019,2012,2019,2020,2019,an empirical study,0.1767396479845047,0.0,0.1767396479845047,0.0
stoch64,3407,1,2019,2012,2019,2020,2019,an example,4.287407398223877,8.0,-3.712592601776123,0.0
stoch64,3407,1,2019,2012,2019,2020,2019,an exploratory,7.961327075958252,32.0,-23.038672924041748,1.0
stoch64,3407,1,2019,2012,2019,2020,2019,an exploratory study,7.961327075958252,32.0,-23.038672924041748,1.0
stoch64,3407,1,2019,2012,2019,2020,2019,an immersive,2.1813559532165527,0.0,-4.818644046783447,-7.0
stoch64,3407,1,2019,2012,2019,2020,2019,an integrated,0.1767396479845047,8.0,0.1767396479845047,8.0
stoch64,3407,1,2019,2012,2019,2020,2019,an introduction,5.030902862548828,19.0,-8.969097137451172,5.0
stoch64,3407,1,2019,2012,2019,2020,2019,an investigation,3.5682222843170166,16.0,-12.431777715682983,0.0
stoch64,3407,1,2019,2012,2019,2020,2019,an overview,1.3628969192504883,14.0,-7.637103080749512,5.0
stoch64,3407,1,2019,2012,2019,2020,2019,an overview of,2.104902744293213,14.0,-15.895097255706787,-4.0
stoch64,3407,1,2019,2012,2019,2020,2019,analyses,2.3235292434692383,18.0,-11.676470756530762,4.0
stoch64,3407,1,2019,2012,2019,2020,2019,analytic hierarchy process,0.1767396479845047,0.0,0.1767396479845047,0.0
stoch64,3407,1,2019,2012,2019,2020,2019,analytical,0.1767396479845047,0.0,0.1767396479845047,0.0
stoch64,3407,1,2019,2012,2019,2020,2019,analytics,8.089740753173828,58.0,-36.91025924682617,13.0
stoch64,3407,1,2019,2012,2019,2020,2019,analyzing,0.8377014398574829,5.0,-4.162298560142517,0.0
stoch64,3407,1,2019,2012,2019,2020,2019,ancient,3.5361721515655518,66.0,-44.46382784843445,18.0
stoch64,3407,1,2019,2012,2019,2020,2019,ancient city,0.1767396479845047,0.0,0.1767396479845047,0.0
stoch64,3407,1,2019,2012,2019,2020,2019,and al jazeera,2.9169485569000244,36.0,-25.083051443099976,8.0
stoch64,3407,1,2019,2012,2019,2020,2019,and disaster risk,3.410259246826172,6.0,-2.589740753173828,0.0
stoch64,3407,1,2019,2012,2019,2020,2019,and future directions,3.5682222843170166,25.0,-12.431777715682983,9.0
stoch64,3407,1,2019,2012,2019,2020,2019,and generative ai,0.1767396479845047,0.0,0.1767396479845047,0.0
stoch64,3407,1,2019,2012,2019,2020,2019,and nation branding,0.1767396479845047,0.0,0.1767396479845047,0.0
stoch64,3407,1,2019,2012,2019,2020,2019,and place branding,2.37917423248291,5.0,-5.62082576751709,-3.0
stoch64,3407,1,2019,2012,2019,2020,2019,and the future,2.5654051303863525,9.0,-6.4345948696136475,0.0
stoch64,3407,1,2019,2012,2019,2020,2019,and the future of,2.5654051303863525,9.0,-6.4345948696136475,0.0
stoch64,3407,1,2019,2012,2019,2020,2019,and user-generated content,2.37917423248291,8.0,-5.62082576751709,0.0
stoch64,3407,1,2019,2012,2019,2020,2019,annual,3.8593409061431885,7.0,-3.1406590938568115,0.0
stoch64,3407,1,2019,2012,2019,2020,2019,answering,0.1767396479845047,0.0,0.1767396479845047,0.0
stoch64,3407,1,2019,2012,2019,2020,2019,antecedents,7.728610515594482,34.0,-17.271389484405518,9.0
stoch64,3407,1,2019,2012,2019,2020,2019,anxiety,3.8593409061431885,11.0,-3.1406590938568115,4.0
stoch64,3407,1,2019,2012,2019,2020,2019,applications,14.720413208007812,124.0,-88.27958679199219,21.0
stoch64,3407,1,2019,2012,2019,2020,2019,applications in,11.810547828674316,62.0,-42.189452171325684,8.0
stoch64,3407,1,2019,2012,2019,2020,2019,applications of,8.046552658081055,41.0,-17.953447341918945,15.0
stoch64,3407,1,2019,2012,2019,2020,2019,applied,4.022154808044434,15.0,-14.977845191955566,-4.0
stoch64,3407,3,2019,2012,2019,2022,2019,21st century,12.033217430114746,52.0,-19.966782569885254,20.0
stoch64,3407,3,2019,2012,2019,2022,2019,3d laser,10.304435729980469,41.0,-27.69556427001953,3.0
stoch64,3407,3,2019,2012,2019,2022,2019,3d laser scanning,8.676216125488281,41.0,-21.32378387451172,11.0
stoch64,3407,3,2019,2012,2019,2022,2019,3d modeling,2.0476009845733643,0.0,-6.952399015426636,-9.0
stoch64,3407,3,2019,2012,2019,2022,2019,3d modelling,5.490014553070068,9.0,-3.5099854469299316,0.0
stoch64,3407,3,2019,2012,2019,2022,2019,3d models,7.140600681304932,29.0,-24.85939931869507,-3.0
stoch64,3407,3,2019,2012,2019,2022,2019,3d printing,2.133633852005005,40.0,-6.866366147994995,31.0
stoch64,3407,3,2019,2012,2019,2022,2019,3d scanning,9.022066116333008,36.0,-20.977933883666992,6.0
stoch64,3407,3,2019,2012,2019,2022,2019,abroad,9.77591323852539,17.0,-20.22408676147461,-13.0
stoch64,3407,3,2019,2012,2019,2022,2019,acceptance,7.4396653175354,9.0,-29.5603346824646,-28.0
stoch64,3407,3,2019,2012,2019,2022,2019,access,6.394249439239502,53.0,-57.6057505607605,-11.0
stoch64,3407,3,2019,2012,2019,2022,2019,accessible,2.974832534790039,12.0,-3.025167465209961,6.0
stoch64,3407,3,2019,2012,2019,2022,2019,accuracy,0.4989895224571228,6.0,0.4989895224571228,6.0
stoch64,3407,3,2019,2012,2019,2022,2019,accurate,3.9010729789733887,12.0,-6.098927021026611,2.0
stoch64,3407,3,2019,2012,2019,2022,2019,achieving,2.751532554626465,34.0,-11.248467445373535,20.0
stoch64,3407,3,2019,2012,2019,2022,2019,acknowledgements,2.0532617568969727,6.0,-2.9467382431030273,1.0
stoch64,3407,3,2019,2012,2019,2022,2019,acquisition,0.4989895224571228,9.0,0.4989895224571228,9.0
stoch64,3407,3,2019,2012,2019,2022,2019,action,11.165836334228516,281.0,-245.83416366577148,24.0
stoch64,3407,3,2019,2012,2019,2022,2019,activism,1.6870509386062622,15.0,-4.312949061393738,9.0
stoch64,3407,3,2019,2012,2019,2022,2019,activities,12.094354629516602,40.0,-21.9056453704834,6.0
stoch64,3407,3,2019,2012,2019,2022,2019,activity,13.220882415771484,29.0,-31.779117584228516,-16.0
stoch64,3407,3,2019,2012,2019,2022,2019,adaptation,5.6481404304504395,20.0,-20.35185956954956,-6.0
stoch64,3407,3,2019,2012,2019,2022,2019,adaptive,9.752204895019531,18.0,-11.247795104980469,-3.0
stoch64,3407,3,2019,2012,2019,2022,2019,addressing,3.793248176574707,8.0,-5.206751823425293,-1.0
stoch64,3407,3,2019,2012,2019,2022,2019,aden,3.5381717681884766,0.0,-4.461828231811523,-8.0
stoch64,3407,3,2019,2012,2019,2022,2019,adoption,11.739668846130371,37.0,-22.26033115386963,3.0
stoch64,3407,3,2019,2012,2019,2022,2019,adults,0.4989895224571228,0.0,0.4989895224571228,0.0
stoch64,3407,3,2019,2012,2019,2022,2019,advanced,13.764592170715332,30.0,-20.235407829284668,-4.0
stoch64,3407,3,2019,2012,2019,2022,2019,advances,11.45303726196289,49.0,-20.54696273803711,17.0
stoch64,3407,3,2019,2012,2019,2022,2019,advances in,6.996554374694824,20.0,-9.003445625305176,4.0
stoch64,3407,3,2019,2012,2019,2022,2019,advancing,2.490283966064453,18.0,-6.509716033935547,9.0
stoch64,3407,3,2019,2012,2019,2022,2019,advantages,0.4989895224571228,0.0,0.4989895224571228,0.0
stoch64,3407,3,2019,2012,2019,2022,2019,advertising,4.033677577972412,32.0,-5.966322422027588,22.0
stoch64,3407,3,2019,2012,2019,2022,2019,africa,23.399599075317383,242.0,-195.60040092468262,23.0
stoch64,3407,3,2019,2012,2019,2022,2019,african,8.700021743774414,51.0,-40.299978256225586,2.0
stoch64,3407,3,2019,2012,2019,2022,2019,afterword,4.001165390014648,1.0,-6.998834609985352,-10.0
stoch64,3407,3,2019,2012,2019,2022,2019,against,5.401037693023682,11.0,-12.598962306976318,-7.0
stoch64,3407,3,2019,2012,2019,2022,2019,age of,18.374113082885742,143.0,-100.62588691711426,24.0
stoch64,3407,3,2019,2012,2019,2022,2019,agencies,3.793248176574707,9.0,-5.206751823425293,0.0
stoch64,3407,3,2019,2012,2019,2022,2019,agenda,17.32182502746582,149.0,-34.67817497253418,97.0
stoch64,3407,3,2019,2012,2019,2022,2019,agentic,0.4989895224571228,0.0,0.4989895224571228,0.0
stoch64,3407,3,2019,2012,2019,2022,2019,agents,3.9958133697509766,23.0,-20.004186630249023,-1.0
stoch64,3407,3,2019,2012,2019,2022,2019,agricultural,9.002215385437012,30.0,-10.997784614562988,10.0
stoch64,3407,3,2019,2012,2019,2022,2019,ai chatbot,0.4989895224571228,7.0,0.4989895224571228,7.0
stoch64,3407,3,2019,2012,2019,2022,2019,ai in,2.0755910873413086,49.0,-6.924408912658691,40.0
stoch64,3407,3,2019,2012,2019,2022,2019,ai on,0.4989895224571228,0.0,0.4989895224571228,0.0
stoch64,3407,3,2019,2012,2019,2022,2019,ai-driven,0.4989895224571228,0.0,0.4989895224571228,0.0
stoch64,3407,3,2019,2012,2019,2022,2019,ai-enabled,0.4989895224571228,6.0,0.4989895224571228,6.0
stoch64,3407,3,2019,2012,2019,2022,2019,ai-generated,0.4989895224571228,16.0,0.4989895224571228,16.0
stoch64,3407,3,2019,2012,2019,2022,2019,ai-generated content,0.4989895224571228,0.0,0.4989895224571228,0.0
stoch64,3407,3,2019,2012,2019,2022,2019,ai-powered,0.4989895224571228,0.0,0.4989895224571228,0.0
stoch64,3407,3,2019,2012,2019,2022,2019,ai伦理,5.539915084838867,27.0,-1.4600849151611328,20.0
stoch64,3407,3,2019,2012,2019,2022,2019,al jazeera,22.74253273010254,138.0,-148.25746726989746,-33.0
stoch64,3407,3,2019,2012,2019,2022,2019,al jazeera and,13.614232063293457,26.0,-23.385767936706543,-11.0
stoch64,3407,3,2019,2012,2019,2022,2019,al jazeera english,0.4989895224571228,16.0,0.4989895224571228,16.0
stoch64,3407,3,2019,2012,2019,2022,2019,al-jazeera,3.981994390487671,17.0,-31.01800560951233,-18.0
stoch64,3407,3,2019,2012,2019,2022,2019,aleppo,0.4989895224571228,0.0,0.4989895224571228,0.0
stoch64,3407,3,2019,2012,2019,2022,2019,algorithmic,9.187950134277344,18.0,-5.812049865722656,3.0
stoch64,3407,3,2019,2012,2019,2022,2019,algorithms,7.734624862670898,57.0,-7.265375137329102,42.0
stoch64,3407,3,2019,2012,2019,2022,2019,alignment,6.639749050140381,15.0,-2.360250949859619,6.0
stoch64,3407,3,2019,2012,2019,2022,2019,along,8.112603187561035,32.0,-7.887396812438965,16.0
stoch64,3407,3,2019,2012,2019,2022,2019,along the silk,0.4989895224571228,15.0,0.4989895224571228,15.0
stoch64,3407,3,2019,2012,2019,2022,2019,alternative,4.945377349853516,48.0,-32.054622650146484,11.0
stoch64,3407,3,2019,2012,2019,2022,2019,america,17.095603942871094,139.0,-99.9043960571289,22.0
stoch64,3407,3,2019,2012,2019,2022,2019,american,7.372949600219727,55.0,-81.62705039978027,-34.0
stoch64,3407,3,2019,2012,2019,2022,2019,an empirical,3.2239294052124023,24.0,-14.776070594787598,6.0
stoch64,3407,3,2019,2012,2019,2022,2019,an empirical study,0.4989895224571228,7.0,0.4989895224571228,7.0
stoch64,3407,3,2019,2012,2019,2022,2019,an example,6.105288505554199,22.0,-1.8947114944458008,14.0
stoch64,3407,3,2019,2012,2019,2022,2019,an exploratory,10.699214935302734,49.0,-20.300785064697266,18.0
stoch64,3407,3,2019,2012,2019,2022,2019,an exploratory study,10.699214935302734,49.0,-20.300785064697266,18.0
stoch64,3407,3,2019,2012,2019,2022,2019,an immersive,3.266273260116577,8.0,-3.733726739883423,1.0
stoch64,3407,3,2019,2012,2019,2022,2019,an integrated,0.4989895224571228,8.0,0.4989895224571228,8.0
stoch64,3407,3,2019,2012,2019,2022,2019,an introduction,7.070668697357178,27.0,-6.929331302642822,13.0
stoch64,3407,3,2019,2012,2019,2022,2019,an investigation,5.149230003356934,0.0,-10.850769996643066,-16.0
stoch64,3407,3,2019,2012,2019,2022,2019,an overview,2.133633852005005,31.0,-6.866366147994995,22.0
stoch64,3407,3,2019,2012,2019,2022,2019,an overview of,3.160796880722046,31.0,-14.839203119277954,13.0
stoch64,3407,3,2019,2012,2019,2022,2019,analyses,3.4615938663482666,13.0,-10.538406133651733,-1.0
stoch64,3407,3,2019,2012,2019,2022,2019,analytic hierarchy process,0.4989895224571228,0.0,0.4989895224571228,0.0
stoch64,3407,3,2019,2012,2019,2022,2019,analytical,0.4989895224571228,0.0,0.4989895224571228,0.0
stoch64,3407,3,2019,2012,2019,2022,2019,analytics,10.849023818969727,37.0,-34.15097618103027,-8.0
stoch64,3407,3,2019,2012,2019,2022,2019,analyzing,1.4051175117492676,20.0,-3.5948824882507324,15.0
stoch64,3407,3,2019,2012,2019,2022,2019,ancient,5.106939315795898,72.0,-42.8930606842041,24.0
stoch64,3407,3,2019,2012,2019,2022,2019,ancient city,0.4989895224571228,0.0,0.4989895224571228,0.0
stoch64,3407,3,2019,2012,2019,2022,2019,and al jazeera,4.271398067474365,27.0,-23.728601932525635,-1.0
stoch64,3407,3,2019,2012,2019,2022,2019,and disaster risk,4.940176486968994,6.0,-1.0598235130310059,0.0
stoch64,3407,3,2019,2012,2019,2022,2019,and future directions,5.149230003356934,25.0,-10.850769996643066,9.0
stoch64,3407,3,2019,2012,2019,2022,2019,and generative ai,0.4989895224571228,0.0,0.4989895224571228,0.0
stoch64,3407,3,2019,2012,2019,2022,2019,and nation branding,0.4989895224571228,8.0,0.4989895224571228,8.0
stoch64,3407,3,2019,2012,2019,2022,2019,and place branding,3.5381717681884766,13.0,-4.461828231811523,5.0
stoch64,3407,3,2019,2012,2019,2022,2019,and the future,3.793248176574707,17.0,-5.206751823425293,8.0
stoch64,3407,3,2019,2012,2019,2022,2019,and the future of,3.793248176574707,17.0,-5.206751823425293,8.0
stoch64,3407,3,2019,2012,2019,2022,2019,and user-generated content,3.5381717681884766,8.0,-4.461828231811523,0.0
stoch64,3407,3,2019,2012,2019,2022,2019,annual,5.539915084838867,7.0,-1.4600849151611328,0.0
stoch64,3407,3,2019,2012,2019,2022,2019,answering,0.4989895224571228,8.0,0.4989895224571228,8.0
stoch64,3407,3,2019,2012,2019,2022,2019,antecedents,10.422411918640137,50.0,-14.577588081359863,25.0
stoch64,3407,3,2019,2012,2019,2022,2019,anxiety,5.539915084838867,20.0,-1.4600849151611328,13.0
stoch64,3407,3,2019,2012,2019,2022,2019,applications,18.13418960571289,209.0,-84.86581039428711,106.0
stoch64,3407,3,2019,2012,2019,2022,2019,applications in,15.076533317565918,69.0,-38.92346668243408,15.0
stoch64,3407,3,2019,2012,2019,2022,2019,applications of,10.802606582641602,49.0,-15.197393417358398,23.0
stoch64,3407,3,2019,2012,2019,2022,2019,applied,5.752595901489258,31.0,-13.247404098510742,12.0
stoch64,3407,5,2019,2012,2019,2024,2019,21st century,14.440049171447754,36.0,-17.559950828552246,4.0
stoch64,3407,5,2019,2012,2019,2024,2019,3d laser,12.69597339630127,31.0,-25.30402660369873,-7.0
stoch64,3407,5,2019,2012,2019,2024,2019,3d laser scanning,10.979498863220215,31.0,-19.020501136779785,1.0
stoch64,3407,5,2019,2012,2019,2024,2019,3d modeling,3.0305402278900146,22.0,-5.969459772109985,13.0
stoch64,3407,5,2019,2012,2019,2024,2019,3d modelling,7.371576309204102,4.0,-1.6284236907958984,-5.0
stoch64,3407,5,2019,2012,2019,2024,2019,3d models,9.282357215881348,13.0,-22.717642784118652,-19.0
stoch64,3407,5,2019,2012,2019,2024,2019,3d printing,3.1449391841888428,50.0,-5.855060815811157,41.0
stoch64,3407,5,2019,2012,2019,2024,2019,3d scanning,11.350540161132812,31.0,-18.649459838867188,1.0
stoch64,3407,5,2019,2012,2019,2024,2019,abroad,12.146720886230469,18.0,-17.85327911376953,-12.0
stoch64,3407,5,2019,2012,2019,2024,2019,acceptance,9.618268966674805,40.0,-27.381731033325195,3.0
stoch64,3407,5,2019,2012,2019,2024,2019,access,8.428088188171387,38.0,-55.57191181182861,-26.0
stoch64,3407,5,2019,2012,2019,2024,2019,accessible,4.248201370239258,12.0,-1.7517986297607422,6.0
stoch64,3407,5,2019,2012,2019,2024,2019,accuracy,0.9372827410697937,23.0,0.9372827410697937,23.0
stoch64,3407,5,2019,2012,2019,2024,2019,accurate,5.428668022155762,12.0,-4.571331977844238,2.0
stoch64,3407,5,2019,2012,2019,2024,2019,achieving,3.9578771591186523,47.0,-10.042122840881348,33.0
stoch64,3407,5,2019,2012,2019,2024,2019,acknowledgements,3.0381739139556885,5.0,-1.9618260860443115,0.0
stoch64,3407,5,2019,2012,2019,2024,2019,acquisition,0.9372827410697937,9.0,0.9372827410697937,9.0
stoch64,3407,5,2019,2012,2019,2024,2019,action,13.563386917114258,350.0,-243.43661308288574,93.0
stoch64,3407,5,2019,2012,2019,2024,2019,activism,2.5483410358428955,15.0,-3.4516589641571045,9.0
stoch64,3407,5,2019,2012,2019,2024,2019,activities,14.49951457977295,52.0,-19.50048542022705,18.0
stoch64,3407,5,2019,2012,2019,2024,2019,activity,15.592129707336426,37.0,-29.407870292663574,-8.0
stoch64,3407,5,2019,2012,2019,2024,2019,adaptation,7.557116985321045,29.0,-18.442883014678955,3.0
stoch64,3407,5,2019,2012,2019,2024,2019,adaptive,12.123114585876465,18.0,-8.876885414123535,-3.0
stoch64,3407,5,2019,2012,2019,2024,2019,addressing,5.2931437492370605,17.0,-3.7068562507629395,8.0
stoch64,3407,5,2019,2012,2019,2024,2019,aden,4.970522880554199,1.0,-3.029477119445801,-7.0
stoch64,3407,5,2019,2012,2019,2024,2019,adoption,14.148055076599121,53.0,-19.85194492340088,19.0
stoch64,3407,5,2019,2012,2019,2024,2019,adults,0.9372827410697937,0.0,0.9372827410697937,0.0
stoch64,3407,5,2019,2012,2019,2024,2019,advanced,16.11212921142578,23.0,-17.88787078857422,-11.0
stoch64,3407,5,2019,2012,2019,2024,2019,advances,13.863199234008789,52.0,-18.13680076599121,20.0
stoch64,3407,5,2019,2012,2019,2024,2019,advances in,9.121524810791016,31.0,-6.878475189208984,15.0
stoch64,3407,5,2019,2012,2019,2024,2019,advancing,3.616076946258545,40.0,-5.383923053741455,31.0
stoch64,3407,5,2019,2012,2019,2024,2019,advantages,0.9372827410697937,26.0,0.9372827410697937,26.0
stoch64,3407,5,2019,2012,2019,2024,2019,advertising,5.594709873199463,50.0,-4.405290126800537,40.0
stoch64,3407,5,2019,2012,2019,2024,2019,africa,24.359106063842773,242.0,-194.64089393615723,23.0
stoch64,3407,5,2019,2012,2019,2024,2019,african,11.001441955566406,50.0,-37.998558044433594,1.0
stoch64,3407,5,2019,2012,2019,2024,2019,afterword,5.554029941558838,13.0,-5.445970058441162,2.0
stoch64,3407,5,2019,2012,2019,2024,2019,against,7.264052867889404,18.0,-10.735947132110596,0.0
stoch64,3407,5,2019,2012,2019,2024,2019,age of,20.25218391418457,130.0,-98.74781608581543,11.0
stoch64,3407,5,2019,2012,2019,2024,2019,agencies,5.2931437492370605,17.0,-3.7068562507629395,8.0
stoch64,3407,5,2019,2012,2019,2024,2019,agenda,19.346805572509766,160.0,-32.653194427490234,108.0
stoch64,3407,5,2019,2012,2019,2024,2019,agentic,0.9372827410697937,0.0,0.9372827410697937,0.0
stoch64,3407,5,2019,2012,2019,2024,2019,agents,5.546606063842773,45.0,-18.453393936157227,21.0
stoch64,3407,5,2019,2012,2019,2024,2019,agricultural,11.329639434814453,26.0,-8.670360565185547,6.0
stoch64,3407,5,2019,2012,2019,2024,2019,ai chatbot,0.9372827410697937,41.0,0.9372827410697937,41.0
stoch64,3407,5,2019,2012,2019,2024,2019,ai in,3.0678048133850098,157.0,-5.93219518661499,148.0
stoch64,3407,5,2019,2012,2019,2024,2019,ai on,0.9372827410697937,15.0,0.9372827410697937,15.0
stoch64,3407,5,2019,2012,2019,2024,2019,ai-driven,0.9372827410697937,30.0,0.9372827410697937,30.0
stoch64,3407,5,2019,2012,2019,2024,2019,ai-enabled,0.9372827410697937,6.0,0.9372827410697937,6.0
stoch64,3407,5,2019,2012,2019,2024,2019,ai-generated,0.9372827410697937,33.0,0.9372827410697937,33.0
stoch64,3407,5,2019,2012,2019,2024,2019,ai-generated content,0.9372827410697937,24.0,0.9372827410697937,24.0
stoch64,3407,5,2019,2012,2019,2024,2019,ai-powered,0.9372827410697937,8.0,0.9372827410697937,8.0
stoch64,3407,5,2019,2012,2019,2024,2019,ai伦理,7.431174278259277,20.0,0.43117427825927734,13.0
stoch64,3407,5,2019,2012,2019,2024,2019,al jazeera,23.84702491760254,48.0,-147.15297508239746,-123.0
stoch64,3407,5,2019,2012,2019,2024,2019,al jazeera and,15.969806671142578,0.0,-21.030193328857422,-37.0
stoch64,3407,5,2019,2012,2019,2024,2019,al jazeera english,0.9372827410697937,24.0,0.9372827410697937,24.0
stoch64,3407,5,2019,2012,2019,2024,2019,al-jazeera,5.529033660888672,9.0,-29.470966339111328,-26.0
stoch64,3407,5,2019,2012,2019,2024,2019,aleppo,0.9372827410697937,9.0,0.9372827410697937,9.0
stoch64,3407,5,2019,2012,2019,2024,2019,algorithmic,11.528822898864746,3.0,-3.471177101135254,-12.0
stoch64,3407,5,2019,2012,2019,2024,2019,algorithms,9.949746131896973,71.0,-5.050253868103027,56.0
stoch64,3407,5,2019,2012,2019,2024,2019,alignment,8.715410232543945,6.0,-0.2845897674560547,-3.0
stoch64,3407,5,2019,2012,2019,2024,2019,along,10.366867065429688,52.0,-5.6331329345703125,36.0
stoch64,3407,5,2019,2012,2019,2024,2019,along the silk,0.9372827410697937,29.0,0.9372827410697937,29.0
stoch64,3407,5,2019,2012,2019,2024,2019,alternative,6.714986324310303,36.0,-30.285013675689697,-1.0
stoch64,3407,5,2019,2012,2019,2024,2019,america,19.141830444335938,138.0,-97.85816955566406,21.0
stoch64,3407,5,2019,2012,2019,2024,2019,american,9.54117488861084,57.0,-79.45882511138916,-32.0
stoch64,3407,5,2019,2012,2019,2024,2019,an empirical,4.568779945373535,15.0,-13.431220054626465,-3.0
stoch64,3407,5,2019,2012,2019,2024,2019,an empirical study,0.9372827410697937,7.0,0.9372827410697937,7.0
stoch64,3407,5,2019,2012,2019,2024,2019,an example,8.096999168395996,29.0,0.0969991683959961,21.0
stoch64,3407,5,2019,2012,2019,2024,2019,an exploratory,13.100788116455078,26.0,-17.899211883544922,-5.0
stoch64,3407,5,2019,2012,2019,2024,2019,an exploratory study,13.100788116455078,26.0,-17.899211883544922,-5.0
stoch64,3407,5,2019,2012,2019,2024,2019,an immersive,4.623574256896973,8.0,-2.3764257431030273,1.0
stoch64,3407,5,2019,2012,2019,2024,2019,an integrated,0.9372827410697937,16.0,0.9372827410697937,16.0
stoch64,3407,5,2019,2012,2019,2024,2019,an introduction,9.205755233764648,28.0,-4.794244766235352,14.0
stoch64,3407,5,2019,2012,2019,2024,2019,an investigation,6.962355613708496,7.0,-9.037644386291504,-9.0
stoch64,3407,5,2019,2012,2019,2024,2019,an overview,3.1449391841888428,76.0,-5.855060815811157,67.0
stoch64,3407,5,2019,2012,2019,2024,2019,an overview of,4.487665176391602,67.0,-13.512334823608398,49.0
stoch64,3407,5,2019,2012,2019,2024,2019,analyses,4.8727335929870605,13.0,-9.12726640701294,-1.0
stoch64,3407,5,2019,2012,2019,2024,2019,analytic hierarchy process,0.9372827410697937,0.0,0.9372827410697937,0.0
stoch64,3407,5,2019,2012,2019,2024,2019,analytical,0.9372827410697937,32.0,0.9372827410697937,32.0
stoch64,3407,5,2019,2012,2019,2024,2019,analytics,13.251474380493164,45.0,-31.748525619506836,0.0
stoch64,3407,5,2019,2012,2019,2024,2019,analyzing,2.168377637863159,53.0,-2.831622362136841,48.0
stoch64,3407,5,2019,2012,2019,2024,2019,ancient,6.909872531890869,76.0,-41.09012746810913,28.0
stoch64,3407,5,2019,2012,2019,2024,2019,ancient city,0.9372827410697937,17.0,0.9372827410697937,17.0
stoch64,3407,5,2019,2012,2019,2024,2019,and al jazeera,5.889554977416992,16.0,-22.110445022583008,-12.0
stoch64,3407,5,2019,2012,2019,2024,2019,and disaster risk,6.711278915405273,38.0,0.7112789154052734,32.0
stoch64,3407,5,2019,2012,2019,2024,2019,and future directions,6.962355613708496,43.0,-9.037644386291504,27.0
stoch64,3407,5,2019,2012,2019,2024,2019,and generative ai,0.9372827410697937,25.0,0.9372827410697937,25.0
stoch64,3407,5,2019,2012,2019,2024,2019,and nation branding,0.9372827410697937,8.0,0.9372827410697937,8.0
stoch64,3407,5,2019,2012,2019,2024,2019,and place branding,4.970522880554199,13.0,-3.029477119445801,5.0
stoch64,3407,5,2019,2012,2019,2024,2019,and the future,5.2931437492370605,31.0,-3.7068562507629395,22.0
stoch64,3407,5,2019,2012,2019,2024,2019,and the future of,5.2931437492370605,31.0,-3.7068562507629395,22.0
stoch64,3407,5,2019,2012,2019,2024,2019,and user-generated content,4.970522880554199,16.0,-3.029477119445801,8.0
stoch64,3407,5,2019,2012,2019,2024,2019,annual,7.431174278259277,16.0,0.43117427825927734,9.0
stoch64,3407,5,2019,2012,2019,2024,2019,answering,0.9372827410697937,8.0,0.9372827410697937,8.0
stoch64,3407,5,2019,2012,2019,2024,2019,antecedents,12.818012237548828,25.0,-12.181987762451172,0.0
stoch64,3407,5,2019,2012,2019,2024,2019,anxiety,7.431174278259277,19.0,0.43117427825927734,12.0
stoch64,3407,5,2019,2012,2019,2024,2019,applications,20.04746437072754,167.0,-82.95253562927246,64.0
stoch64,3407,5,2019,2012,2019,2024,2019,applications in,17.332792282104492,49.0,-36.66720771789551,-5.0
stoch64,3407,5,2019,2012,2019,2024,2019,applications of,13.207218170166016,45.0,-12.792781829833984,19.0
stoch64,3407,5,2019,2012,2019,2024,2019,applied,7.681169033050537,52.0,-11.318830966949463,33.0
stoch64,7777,1,2019,2012,2019,2020,2019,21st century,10.7314453125,44.0,-21.2685546875,12.0
stoch64,7777,1,2019,2012,2019,2020,2019,3d laser,8.630363464355469,46.0,-29.36963653564453,8.0
stoch64,7777,1,2019,2012,2019,2020,2019,3d laser scanning,6.982252597808838,38.0,-23.017747402191162,8.0
stoch64,7777,1,2019,2012,2019,2020,2019,3d modeling,1.0311723947525024,3.0,-7.968827605247498,-6.0
stoch64,7777,1,2019,2012,2019,2020,2019,3d modelling,4.012226104736328,9.0,-4.987773895263672,0.0
stoch64,7777,1,2019,2012,2019,2020,2019,3d models,4.987055778503418,32.0,-27.012944221496582,0.0
stoch64,7777,1,2019,2012,2019,2020,2019,3d printing,1.080923080444336,17.0,-7.919076919555664,8.0
stoch64,7777,1,2019,2012,2019,2020,2019,3d scanning,7.290884494781494,39.0,-22.709115505218506,9.0
stoch64,7777,1,2019,2012,2019,2020,2019,abroad,7.937957763671875,8.0,-22.062042236328125,-22.0
stoch64,7777,1,2019,2012,2019,2020,2019,acceptance,5.230061054229736,22.0,-31.769938945770264,-15.0
stoch64,7777,1,2019,2012,2019,2020,2019,access,3.794785976409912,64.0,-60.20521402359009,0.0
stoch64,7777,1,2019,2012,2019,2020,2019,accessible,1.8472414016723633,6.0,-4.152758598327637,0.0
stoch64,7777,1,2019,2012,2019,2020,2019,accuracy,0.11318032443523407,0.0,0.11318032443523407,0.0
stoch64,7777,1,2019,2012,2019,2020,2019,accurate,2.513148069381714,10.0,-7.486851930618286,0.0
stoch64,7777,1,2019,2012,2019,2020,2019,achieving,1.4697365760803223,39.0,-12.530263423919678,25.0
stoch64,7777,1,2019,2012,2019,2020,2019,acknowledgements,1.2519530057907104,5.0,-3.7480469942092896,0.0
stoch64,7777,1,2019,2012,2019,2020,2019,acquisition,0.11318032443523407,0.0,0.11318032443523407,0.0
stoch64,7777,1,2019,2012,2019,2020,2019,action,7.220529556274414,263.0,-249.7794704437256,6.0
stoch64,7777,1,2019,2012,2019,2020,2019,activism,0.8092580437660217,10.0,-5.190741956233978,4.0
stoch64,7777,1,2019,2012,2019,2020,2019,activities,10.675727844238281,47.0,-23.32427215576172,13.0
stoch64,7777,1,2019,2012,2019,2020,2019,activity,11.860177993774414,37.0,-33.139822006225586,-8.0
stoch64,7777,1,2019,2012,2019,2020,2019,adaptation,3.6625547409057617,24.0,-22.33744525909424,-2.0
stoch64,7777,1,2019,2012,2019,2020,2019,adaptive,8.052084922790527,12.0,-12.947915077209473,-9.0
stoch64,7777,1,2019,2012,2019,2020,2019,addressing,2.4328925609588623,9.0,-6.567107439041138,0.0
stoch64,7777,1,2019,2012,2019,2020,2019,aden,2.2490811347961426,8.0,-5.750918865203857,0.0
stoch64,7777,1,2019,2012,2019,2020,2019,adoption,10.1280517578125,46.0,-23.8719482421875,12.0
stoch64,7777,1,2019,2012,2019,2020,2019,adults,0.11318032443523407,0.0,0.11318032443523407,0.0
stoch64,7777,1,2019,2012,2019,2020,2019,advanced,12.846941947937012,34.0,-21.15305805206299,0.0
stoch64,7777,1,2019,2012,2019,2020,2019,advances,9.96800422668457,44.0,-22.03199577331543,12.0
stoch64,7777,1,2019,2012,2019,2020,2019,advances in,5.275650978088379,16.0,-10.724349021911621,0.0
stoch64,7777,1,2019,2012,2019,2020,2019,advancing,1.3609309196472168,18.0,-7.639069080352783,9.0
stoch64,7777,1,2019,2012,2019,2020,2019,advantages,0.11318032443523407,0.0,0.11318032443523407,0.0
stoch64,7777,1,2019,2012,2019,2020,2019,advertising,2.60732102394104,8.0,-7.39267897605896,-2.0
stoch64,7777,1,2019,2012,2019,2020,2019,africa,27.115629196166992,227.0,-191.884370803833,8.0
stoch64,7777,1,2019,2012,2019,2020,2019,african,6.277012825012207,60.0,-42.72298717498779,11.0
stoch64,7777,1,2019,2012,2019,2020,2019,afterword,2.587656021118164,11.0,-8.412343978881836,0.0
stoch64,7777,1,2019,2012,2019,2020,2019,against,3.6260123252868652,18.0,-14.373987674713135,0.0
stoch64,7777,1,2019,2012,2019,2020,2019,age of,18.868162155151367,178.0,-100.13183784484863,59.0
stoch64,7777,1,2019,2012,2019,2020,2019,agencies,2.4328925609588623,18.0,-6.567107439041138,9.0
stoch64,7777,1,2019,2012,2019,2020,2019,agenda,17.793638229370117,81.0,-34.20636177062988,29.0
stoch64,7777,1,2019,2012,2019,2020,2019,agentic,0.11318032443523407,0.0,0.11318032443523407,0.0
stoch64,7777,1,2019,2012,2019,2020,2019,agents,2.2656912803649902,32.0,-21.73430871963501,8.0
stoch64,7777,1,2019,2012,2019,2020,2019,agricultural,7.24713134765625,29.0,-12.75286865234375,9.0
stoch64,7777,1,2019,2012,2019,2020,2019,ai chatbot,0.11318032443523407,0.0,0.11318032443523407,0.0
stoch64,7777,1,2019,2012,2019,2020,2019,ai in,1.035737156867981,27.0,-7.964262843132019,18.0
stoch64,7777,1,2019,2012,2019,2020,2019,ai on,0.11318032443523407,0.0,0.11318032443523407,0.0
stoch64,7777,1,2019,2012,2019,2020,2019,ai-driven,0.11318032443523407,0.0,0.11318032443523407,0.0
stoch64,7777,1,2019,2012,2019,2020,2019,ai-enabled,0.11318032443523407,6.0,0.11318032443523407,6.0
stoch64,7777,1,2019,2012,2019,2020,2019,ai-generated,0.11318032443523407,0.0,0.11318032443523407,0.0
stoch64,7777,1,2019,2012,2019,2020,2019,ai-generated content,0.11318032443523407,0.0,0.11318032443523407,0.0
stoch64,7777,1,2019,2012,2019,2020,2019,ai-powered,0.11318032443523407,0.0,0.11318032443523407,0.0
stoch64,7777,1,2019,2012,2019,2020,2019,ai伦理,4.087154388427734,18.0,-2.9128456115722656,11.0
stoch64,7777,1,2019,2012,2019,2020,2019,al jazeera,26.7622127532959,181.0,-144.2377872467041,10.0
stoch64,7777,1,2019,2012,2019,2020,2019,al jazeera and,12.75358772277832,28.0,-24.24641227722168,-9.0
stoch64,7777,1,2019,2012,2019,2020,2019,al jazeera english,0.11318032443523407,8.0,0.11318032443523407,8.0
stoch64,7777,1,2019,2012,2019,2020,2019,al-jazeera,2.264408826828003,33.0,-32.735591173172,-2.0
stoch64,7777,1,2019,2012,2019,2020,2019,aleppo,0.11318032443523407,0.0,0.11318032443523407,0.0
stoch64,7777,1,2019,2012,2019,2020,2019,algorithmic,7.5849432945251465,18.0,-7.4150567054748535,3.0
stoch64,7777,1,2019,2012,2019,2020,2019,algorithms,6.00675106048584,40.0,-8.99324893951416,25.0
stoch64,7777,1,2019,2012,2019,2020,2019,alignment,5.073368072509766,9.0,-3.9266319274902344,0.0
stoch64,7777,1,2019,2012,2019,2020,2019,along,6.421193599700928,16.0,-9.578806400299072,0.0
stoch64,7777,1,2019,2012,2019,2020,2019,along the silk,0.11318032443523407,0.0,0.11318032443523407,0.0
stoch64,7777,1,2019,2012,2019,2020,2019,alternative,2.87788987159729,55.0,-34.12211012840271,18.0
stoch64,7777,1,2019,2012,2019,2020,2019,america,16.781347274780273,165.0,-100.21865272521973,48.0
stoch64,7777,1,2019,2012,2019,2020,2019,american,4.600207805633545,103.0,-84.39979219436646,14.0
stoch64,7777,1,2019,2012,2019,2020,2019,an empirical,1.764282464981079,17.0,-16.23571753501892,-1.0
stoch64,7777,1,2019,2012,2019,2020,2019,an empirical study,0.11318032443523407,0.0,0.11318032443523407,0.0
stoch64,7777,1,2019,2012,2019,2020,2019,an example,4.5874810218811035,8.0,-3.4125189781188965,0.0
stoch64,7777,1,2019,2012,2019,2020,2019,an exploratory,8.977523803710938,32.0,-22.022476196289062,1.0
stoch64,7777,1,2019,2012,2019,2020,2019,an exploratory study,8.977523803710938,32.0,-22.022476196289062,1.0
stoch64,7777,1,2019,2012,2019,2020,2019,an immersive,2.0544657707214355,0.0,-4.9455342292785645,-7.0
stoch64,7777,1,2019,2012,2019,2020,2019,an integrated,0.11318032443523407,8.0,0.11318032443523407,8.0
stoch64,7777,1,2019,2012,2019,2020,2019,an introduction,5.375216007232666,19.0,-8.624783992767334,5.0
stoch64,7777,1,2019,2012,2019,2020,2019,an investigation,3.4345297813415527,16.0,-12.565470218658447,0.0
stoch64,7777,1,2019,2012,2019,2020,2019,an overview,1.080923080444336,14.0,-7.919076919555664,5.0
stoch64,7777,1,2019,2012,2019,2020,2019,an overview of,1.7273211479187012,14.0,-16.2726788520813,-4.0
stoch64,7777,1,2019,2012,2019,2020,2019,analyses,2.0210952758789062,18.0,-11.978904724121094,4.0
stoch64,7777,1,2019,2012,2019,2020,2019,analytic hierarchy process,0.11318032443523407,0.0,0.11318032443523407,0.0
stoch64,7777,1,2019,2012,2019,2020,2019,analytical,0.11318032443523407,0.0,0.11318032443523407,0.0
stoch64,7777,1,2019,2012,2019,2020,2019,analytics,8.863544464111328,58.0,-36.13645553588867,13.0
stoch64,7777,1,2019,2012,2019,2020,2019,analyzing,0.6171779632568359,5.0,-4.382822036743164,0.0
stoch64,7777,1,2019,2012,2019,2020,2019,ancient,2.895937919616699,66.0,-45.1040620803833,18.0
stoch64,7777,1,2019,2012,2019,2020,2019,ancient city,0.11318032443523407,0.0,0.11318032443523407,0.0
stoch64,7777,1,2019,2012,2019,2020,2019,and al jazeera,2.5029044151306152,36.0,-25.497095584869385,8.0
stoch64,7777,1,2019,2012,2019,2020,2019,and disaster risk,3.5711662769317627,6.0,-2.4288337230682373,0.0
stoch64,7777,1,2019,2012,2019,2020,2019,and future directions,3.4345297813415527,25.0,-12.565470218658447,9.0
stoch64,7777,1,2019,2012,2019,2020,2019,and generative ai,0.11318032443523407,0.0,0.11318032443523407,0.0
stoch64,7777,1,2019,2012,2019,2020,2019,and nation branding,0.11318032443523407,0.0,0.11318032443523407,0.0
stoch64,7777,1,2019,2012,2019,2020,2019,and place branding,2.2490811347961426,5.0,-5.750918865203857,-3.0
stoch64,7777,1,2019,2012,2019,2020,2019,and the future,2.4328925609588623,9.0,-6.567107439041138,0.0
stoch64,7777,1,2019,2012,2019,2020,2019,and the future of,2.4328925609588623,9.0,-6.567107439041138,0.0
stoch64,7777,1,2019,2012,2019,2020,2019,and user-generated content,2.2490811347961426,8.0,-5.750918865203857,0.0
stoch64,7777,1,2019,2012,2019,2020,2019,annual,4.087154388427734,7.0,-2.9128456115722656,0.0
stoch64,7777,1,2019,2012,2019,2020,2019,answering,0.11318032443523407,0.0,0.11318032443523407,0.0
stoch64,7777,1,2019,2012,2019,2020,2019,antecedents,8.749778747558594,34.0,-16.250221252441406,9.0
stoch64,7777,1,2019,2012,2019,2020,2019,anxiety,4.087154388427734,11.0,-2.9128456115722656,4.0
stoch64,7777,1,2019,2012,2019,2020,2019,applications,18.69609832763672,124.0,-84.30390167236328,21.0
stoch64,7777,1,2019,2012,2019,2020,2019,applications in,14.469593048095703,62.0,-39.5304069519043,8.0
stoch64,7777,1,2019,2012,2019,2020,2019,applications of,9.243173599243164,41.0,-16.756826400756836,15.0
stoch64,7777,1,2019,2012,2019,2020,2019,applied,3.892279863357544,15.0,-15.107720136642456,-4.0
stoch64,7777,3,2019,2012,2019,2022,2019,21st century,12.139739036560059,52.0,-19.86026096343994,20.0
stoch64,7777,3,2019,2012,2019,2022,2019,3d laser,9.950889587402344,41.0,-28.049110412597656,3.0
stoch64,7777,3,2019,2012,2019,2022,2019,3d laser scanning,8.181917190551758,41.0,-21.818082809448242,11.0
stoch64,7777,3,2019,2012,2019,2022,2019,3d modeling,1.3518989086151123,0.0,-7.648101091384888,-9.0
stoch64,7777,3,2019,2012,2019,2022,2019,3d modelling,4.845186710357666,9.0,-4.154813289642334,0.0
stoch64,7777,3,2019,2012,2019,2022,2019,3d models,5.929671287536621,29.0,-26.07032871246338,-3.0
stoch64,7777,3,2019,2012,2019,2022,2019,3d printing,1.4092551469802856,40.0,-7.590744853019714,31.0
stoch64,7777,3,2019,2012,2019,2022,2019,3d scanning,8.515679359436035,36.0,-21.484320640563965,6.0
stoch64,7777,3,2019,2012,2019,2022,2019,abroad,9.207646369934082,17.0,-20.792353630065918,-13.0
stoch64,7777,3,2019,2012,2019,2022,2019,acceptance,6.20274019241333,9.0,-30.79725980758667,-28.0
stoch64,7777,3,2019,2012,2019,2022,2019,access,4.540416240692139,53.0,-59.45958375930786,-11.0
stoch64,7777,3,2019,2012,2019,2022,2019,accessible,2.3123745918273926,12.0,-3.6876254081726074,6.0
stoch64,7777,3,2019,2012,2019,2022,2019,accuracy,0.3062015175819397,6.0,0.3062015175819397,6.0
stoch64,7777,3,2019,2012,2019,2022,2019,accurate,3.0888121128082275,12.0,-6.9111878871917725,2.0
stoch64,7777,3,2019,2012,2019,2022,2019,achieving,1.8580799102783203,34.0,-12.14192008972168,20.0
stoch64,7777,3,2019,2012,2019,2022,2019,acknowledgements,1.6212471723556519,6.0,-3.378752827644348,1.0
stoch64,7777,3,2019,2012,2019,2022,2019,acquisition,0.3062015175819397,9.0,0.3062015175819397,9.0
stoch64,7777,3,2019,2012,2019,2022,2019,action,8.34697151184082,281.0,-248.65302848815918,24.0
stoch64,7777,3,2019,2012,2019,2022,2019,activism,1.097422480583191,15.0,-4.902577519416809,9.0
stoch64,7777,3,2019,2012,2019,2022,2019,activities,12.076029777526855,40.0,-21.923970222473145,6.0
stoch64,7777,3,2019,2012,2019,2022,2019,activity,13.25648307800293,29.0,-31.74351692199707,-16.0
stoch64,7777,3,2019,2012,2019,2022,2019,adaptation,4.41087532043457,20.0,-21.58912467956543,-6.0
stoch64,7777,3,2019,2012,2019,2022,2019,adaptive,9.340210914611816,18.0,-11.659789085388184,-3.0
stoch64,7777,3,2019,2012,2019,2022,2019,addressing,2.9954349994659424,8.0,-6.004565000534058,-1.0
stoch64,7777,3,2019,2012,2019,2022,2019,aden,2.7811777591705322,0.0,-5.218822240829468,-8.0
stoch64,7777,3,2019,2012,2019,2022,2019,adoption,11.509657859802246,37.0,-22.490342140197754,3.0
stoch64,7777,3,2019,2012,2019,2022,2019,adults,0.3062015175819397,0.0,0.3062015175819397,0.0
stoch64,7777,3,2019,2012,2019,2022,2019,advanced,14.246315002441406,30.0,-19.753684997558594,-4.0
stoch64,7777,3,2019,2012,2019,2022,2019,advances,11.353313446044922,49.0,-20.646686553955078,17.0
stoch64,7777,3,2019,2012,2019,2022,2019,advances in,6.281220436096191,20.0,-9.718779563903809,4.0
stoch64,7777,3,2019,2012,2019,2022,2019,advancing,1.736077070236206,18.0,-7.263922929763794,9.0
stoch64,7777,3,2019,2012,2019,2022,2019,advantages,0.3062015175819397,0.0,0.3062015175819397,0.0
stoch64,7777,3,2019,2012,2019,2022,2019,advertising,3.198557138442993,32.0,-6.801442861557007,22.0
stoch64,7777,3,2019,2012,2019,2022,2019,africa,26.52263832092285,242.0,-192.47736167907715,23.0
stoch64,7777,3,2019,2012,2019,2022,2019,african,7.367268085479736,51.0,-41.632731914520264,2.0
stoch64,7777,3,2019,2012,2019,2022,2019,afterword,3.1754512786865234,1.0,-7.824548721313477,-10.0
stoch64,7777,3,2019,2012,2019,2022,2019,against,4.378289222717285,11.0,-13.621710777282715,-7.0
stoch64,7777,3,2019,2012,2019,2022,2019,age of,19.772235870361328,143.0,-99.22776412963867,24.0
stoch64,7777,3,2019,2012,2019,2022,2019,agencies,2.9954349994659424,9.0,-6.004565000534058,0.0
stoch64,7777,3,2019,2012,2019,2022,2019,agenda,18.857303619384766,149.0,-33.142696380615234,97.0
stoch64,7777,3,2019,2012,2019,2022,2019,agentic,0.3062015175819397,0.0,0.3062015175819397,0.0
stoch64,7777,3,2019,2012,2019,2022,2019,agents,2.7810263633728027,23.0,-21.218973636627197,-1.0
stoch64,7777,3,2019,2012,2019,2022,2019,agricultural,8.469297409057617,30.0,-11.530702590942383,10.0
stoch64,7777,3,2019,2012,2019,2022,2019,ai chatbot,0.3062015175819397,7.0,0.3062015175819397,7.0
stoch64,7777,3,2019,2012,2019,2022,2019,ai in,1.3566781282424927,49.0,-7.643321871757507,40.0
stoch64,7777,3,2019,2012,2019,2022,2019,ai on,0.3062015175819397,0.0,0.3062015175819397,0.0
stoch64,7777,3,2019,2012,2019,2022,2019,ai-driven,0.3062015175819397,0.0,0.3062015175819397,0.0
stoch64,7777,3,2019,2012,2019,2022,2019,ai-enabled,0.3062015175819397,6.0,0.3062015175819397,6.0
stoch64,7777,3,2019,2012,2019,2022,2019,ai-generated,0.3062015175819397,16.0,0.3062015175819397,16.0
stoch64,7777,3,2019,2012,2019,2022,2019,ai-generated content,0.3062015175819397,0.0,0.3062015175819397,0.0
stoch64,7777,3,2019,2012,2019,2022,2019,ai-powered,0.3062015175819397,0.0,0.3062015175819397,0.0
stoch64,7777,3,2019,2012,2019,2022,2019,ai伦理,4.934576511383057,27.0,-2.0654234886169434,20.0
stoch64,7777,3,2019,2012,2019,2022,2019,al jazeera,26.276622772216797,138.0,-144.7233772277832,-33.0
stoch64,7777,3,2019,2012,2019,2022,2019,al jazeera and,14.158145904541016,26.0,-22.841854095458984,-11.0
stoch64,7777,3,2019,2012,2019,2022,2019,al jazeera english,0.3062015175819397,16.0,0.3062015175819397,16.0
stoch64,7777,3,2019,2012,2019,2022,2019,al-jazeera,2.7774388790130615,17.0,-32.22256112098694,-18.0
stoch64,7777,3,2019,2012,2019,2022,2019,aleppo,0.3062015175819397,0.0,0.3062015175819397,0.0
stoch64,7777,3,2019,2012,2019,2022,2019,algorithmic,8.847101211547852,18.0,-6.152898788452148,3.0
stoch64,7777,3,2019,2012,2019,2022,2019,algorithms,7.104644298553467,57.0,-7.895355701446533,42.0
stoch64,7777,3,2019,2012,2019,2022,2019,alignment,6.062689781188965,15.0,-2.937310218811035,6.0
stoch64,7777,3,2019,2012,2019,2022,2019,along,7.567546367645264,32.0,-8.432453632354736,16.0
stoch64,7777,3,2019,2012,2019,2022,2019,along the silk,0.3062015175819397,15.0,0.3062015175819397,15.0
stoch64,7777,3,2019,2012,2019,2022,2019,alternative,3.4889073371887207,48.0,-33.51109266281128,11.0
stoch64,7777,3,2019,2012,2019,2022,2019,america,17.907339096069336,139.0,-99.09266090393066,22.0
stoch64,7777,3,2019,2012,2019,2022,2019,american,5.460773944854736,55.0,-83.53922605514526,-34.0
stoch64,7777,3,2019,2012,2019,2022,2019,an empirical,2.1990087032318115,24.0,-15.800991296768188,6.0
stoch64,7777,3,2019,2012,2019,2022,2019,an empirical study,0.3062015175819397,7.0,0.3062015175819397,7.0
stoch64,7777,3,2019,2012,2019,2022,2019,an example,5.509148597717285,22.0,-2.490851402282715,14.0
stoch64,7777,3,2019,2012,2019,2022,2019,an exploratory,10.31464958190918,49.0,-20.68535041809082,18.0
stoch64,7777,3,2019,2012,2019,2022,2019,an exploratory study,10.31464958190918,49.0,-20.68535041809082,18.0
stoch64,7777,3,2019,2012,2019,2022,2019,an immersive,2.554168462753296,8.0,-4.445831537246704,1.0
stoch64,7777,3,2019,2012,2019,2022,2019,an integrated,0.3062015175819397,8.0,0.3062015175819397,8.0
stoch64,7777,3,2019,2012,2019,2022,2019,an introduction,6.396141529083252,27.0,-7.603858470916748,13.0
stoch64,7777,3,2019,2012,2019,2022,2019,an investigation,4.157614707946777,0.0,-11.842385292053223,-16.0
stoch64,7777,3,2019,2012,2019,2022,2019,an overview,1.4092551469802856,31.0,-7.590744853019714,22.0
stoch64,7777,3,2019,2012,2019,2022,2019,an overview of,2.1561405658721924,31.0,-15.843859434127808,13.0
stoch64,7777,3,2019,2012,2019,2022,2019,analyses,2.5037426948547363,13.0,-11.496257305145264,-1.0
stoch64,7777,3,2019,2012,2019,2022,2019,analytic hierarchy process,0.3062015175819397,0.0,0.3062015175819397,0.0
stoch64,7777,3,2019,2012,2019,2022,2019,analytical,0.3062015175819397,0.0,0.3062015175819397,0.0
stoch64,7777,3,2019,2012,2019,2022,2019,analytics,10.179258346557617,37.0,-34.82074165344238,-8.0
stoch64,7777,3,2019,2012,2019,2022,2019,analyzing,0.876636266708374,20.0,-4.123363733291626,15.0
stoch64,7777,3,2019,2012,2019,2022,2019,ancient,3.5047481060028076,72.0,-44.49525189399719,24.0
stoch64,7777,3,2019,2012,2019,2022,2019,ancient city,0.3062015175819397,0.0,0.3062015175819397,0.0
stoch64,7777,3,2019,2012,2019,2022,2019,and al jazeera,3.058262586593628,27.0,-24.941737413406372,-1.0
stoch64,7777,3,2019,2012,2019,2022,2019,and disaster risk,4.337574481964111,6.0,-1.6624255180358887,0.0
stoch64,7777,3,2019,2012,2019,2022,2019,and future directions,4.157614707946777,25.0,-11.842385292053223,9.0
stoch64,7777,3,2019,2012,2019,2022,2019,and generative ai,0.3062015175819397,0.0,0.3062015175819397,0.0
stoch64,7777,3,2019,2012,2019,2022,2019,and nation branding,0.3062015175819397,8.0,0.3062015175819397,8.0
stoch64,7777,3,2019,2012,2019,2022,2019,and place branding,2.7811777591705322,13.0,-5.218822240829468,5.0
stoch64,7777,3,2019,2012,2019,2022,2019,and the future,2.9954349994659424,17.0,-6.004565000534058,8.0
stoch64,7777,3,2019,2012,2019,2022,2019,and the future of,2.9954349994659424,17.0,-6.004565000534058,8.0
stoch64,7777,3,2019,2012,2019,2022,2019,and user-generated content,2.7811777591705322,8.0,-5.218822240829468,0.0
stoch64,7777,3,2019,2012,2019,2022,2019,annual,4.934576511383057,7.0,-2.0654234886169434,0.0
stoch64,7777,3,2019,2012,2019,2022,2019,answering,0.3062015175819397,8.0,0.3062015175819397,8.0
stoch64,7777,3,2019,2012,2019,2022,2019,antecedents,10.080239295959473,50.0,-14.919760704040527,25.0
stoch64,7777,3,2019,2012,2019,2022,2019,anxiety,4.934576511383057,20.0,-2.0654234886169434,13.0
stoch64,7777,3,2019,2012,2019,2022,2019,applications,19.629606246948242,209.0,-83.37039375305176,106.0
stoch64,7777,3,2019,2012,2019,2022,2019,applications in,15.79380989074707,69.0,-38.20619010925293,15.0
stoch64,7777,3,2019,2012,2019,2022,2019,applications of,10.60275650024414,49.0,-15.39724349975586,23.0
stoch64,7777,3,2019,2012,2019,2022,2019,applied,4.684568405151367,31.0,-14.315431594848633,12.0
stoch64,7777,5,2019,2012,2019,2024,2019,21st century,11.22092342376709,36.0,-20.77907657623291,4.0
stoch64,7777,5,2019,2012,2019,2024,2019,3d laser,9.503503799438477,31.0,-28.496496200561523,-7.0
stoch64,7777,5,2019,2012,2019,2024,2019,3d laser scanning,8.047202110290527,31.0,-21.952797889709473,1.0
stoch64,7777,5,2019,2012,2019,2024,2019,3d modeling,1.6387971639633179,22.0,-7.361202836036682,13.0
stoch64,7777,5,2019,2012,2019,2024,2019,3d modelling,5.093754291534424,4.0,-3.906245708465576,-5.0
stoch64,7777,5,2019,2012,2019,2024,2019,3d models,6.079624652862549,13.0,-25.92037534713745,-19.0
stoch64,7777,5,2019,2012,2019,2024,2019,3d printing,1.6988438367843628,50.0,-7.301156163215637,41.0
stoch64,7777,5,2019,2012,2019,2024,2019,3d scanning,8.326836585998535,31.0,-21.673163414001465,1.0
stoch64,7777,5,2019,2012,2019,2024,2019,abroad,8.898421287536621,18.0,-21.10157871246338,-12.0
stoch64,7777,5,2019,2012,2019,2024,2019,acceptance,6.323970794677734,40.0,-30.676029205322266,3.0
stoch64,7777,5,2019,2012,2019,2024,2019,access,4.7971601486206055,38.0,-59.202839851379395,-26.0
stoch64,7777,5,2019,2012,2019,2024,2019,accessible,2.631572723388672,12.0,-3.368427276611328,6.0
stoch64,7777,5,2019,2012,2019,2024,2019,accuracy,0.5206826329231262,23.0,0.5206826329231262,23.0
stoch64,7777,5,2019,2012,2019,2024,2019,accurate,3.4073967933654785,12.0,-6.5926032066345215,2.0
stoch64,7777,5,2019,2012,2019,2024,2019,achieving,2.164160966873169,47.0,-11.835839033126831,33.0
stoch64,7777,5,2019,2012,2019,2024,2019,acknowledgements,1.9234018325805664,5.0,-3.0765981674194336,0.0
stoch64,7777,5,2019,2012,2019,2024,2019,acquisition,0.5206826329231262,9.0,0.5206826329231262,9.0
stoch64,7777,5,2019,2012,2019,2024,2019,action,8.167823791503906,350.0,-248.8321762084961,93.0
stoch64,7777,5,2019,2012,2019,2024,2019,activism,1.3710638284683228,15.0,-4.628936171531677,9.0
stoch64,7777,5,2019,2012,2019,2024,2019,activities,11.170841217041016,52.0,-22.829158782958984,18.0
stoch64,7777,5,2019,2012,2019,2024,2019,activity,12.059314727783203,37.0,-32.9406852722168,-8.0
stoch64,7777,5,2019,2012,2019,2024,2019,adaptation,4.6797685623168945,29.0,-21.320231437683105,3.0
stoch64,7777,5,2019,2012,2019,2024,2019,adaptive,9.009142875671387,18.0,-11.990857124328613,-3.0
stoch64,7777,5,2019,2012,2019,2024,2019,addressing,3.3152313232421875,17.0,-5.6847686767578125,8.0
stoch64,7777,5,2019,2012,2019,2024,2019,aden,3.1025497913360596,1.0,-4.89745020866394,-7.0
stoch64,7777,5,2019,2012,2019,2024,2019,adoption,10.733675003051758,53.0,-23.266324996948242,19.0
stoch64,7777,5,2019,2012,2019,2024,2019,adults,0.5206826329231262,0.0,0.5206826329231262,0.0
stoch64,7777,5,2019,2012,2019,2024,2019,advanced,12.791523933410645,23.0,-21.208476066589355,-11.0
stoch64,7777,5,2019,2012,2019,2024,2019,advances,10.613995552062988,52.0,-21.38600444793701,20.0
stoch64,7777,5,2019,2012,2019,2024,2019,advances in,6.399667263031006,31.0,-9.600332736968994,15.0
stoch64,7777,5,2019,2012,2019,2024,2019,advancing,2.0393283367156982,40.0,-6.960671663284302,31.0
stoch64,7777,5,2019,2012,2019,2024,2019,advantages,0.5206826329231262,26.0,0.5206826329231262,26.0
stoch64,7777,5,2019,2012,2019,2024,2019,advertising,3.5154013633728027,50.0,-6.484598636627197,40.0
stoch64,7777,5,2019,2012,2019,2024,2019,africa,20.763925552368164,242.0,-198.23607444763184,23.0
stoch64,7777,5,2019,2012,2019,2024,2019,african,7.344511032104492,50.0,-41.65548896789551,1.0
stoch64,7777,5,2019,2012,2019,2024,2019,afterword,3.4926419258117676,13.0,-7.507358074188232,2.0
stoch64,7777,5,2019,2012,2019,2024,2019,against,4.651026248931885,18.0,-13.348973751068115,0.0
stoch64,7777,5,2019,2012,2019,2024,2019,age of,16.594436645507812,130.0,-102.40556335449219,11.0
stoch64,7777,5,2019,2012,2019,2024,2019,agencies,3.3152313232421875,17.0,-5.6847686767578125,8.0
stoch64,7777,5,2019,2012,2019,2024,2019,agenda,15.996891021728516,160.0,-36.003108978271484,108.0
stoch64,7777,5,2019,2012,2019,2024,2019,agentic,0.5206826329231262,0.0,0.5206826329231262,0.0
stoch64,7777,5,2019,2012,2019,2024,2019,agents,3.098033905029297,45.0,-20.901966094970703,21.0
stoch64,7777,5,2019,2012,2019,2024,2019,agricultural,8.28833293914795,26.0,-11.71166706085205,6.0
stoch64,7777,5,2019,2012,2019,2024,2019,ai chatbot,0.5206826329231262,41.0,0.5206826329231262,41.0
stoch64,7777,5,2019,2012,2019,2024,2019,ai in,1.643692970275879,157.0,-7.356307029724121,148.0
stoch64,7777,5,2019,2012,2019,2024,2019,ai on,0.5206826329231262,15.0,0.5206826329231262,15.0
stoch64,7777,5,2019,2012,2019,2024,2019,ai-driven,0.5206826329231262,30.0,0.5206826329231262,30.0
stoch64,7777,5,2019,2012,2019,2024,2019,ai-enabled,0.5206826329231262,6.0,0.5206826329231262,6.0
stoch64,7777,5,2019,2012,2019,2024,2019,ai-generated,0.5206826329231262,33.0,0.5206826329231262,33.0
stoch64,7777,5,2019,2012,2019,2024,2019,ai-generated content,0.5206826329231262,24.0,0.5206826329231262,24.0
stoch64,7777,5,2019,2012,2019,2024,2019,ai-powered,0.5206826329231262,8.0,0.5206826329231262,8.0
stoch64,7777,5,2019,2012,2019,2024,2019,ai伦理,5.177638530731201,20.0,-1.8223614692687988,13.0
stoch64,7777,5,2019,2012,2019,2024,2019,al jazeera,20.62346649169922,48.0,-150.37653350830078,-123.0
stoch64,7777,5,2019,2012,2019,2024,2019,al jazeera and,12.727845191955566,0.0,-24.272154808044434,-37.0
stoch64,7777,5,2019,2012,2019,2024,2019,al jazeera english,0.5206826329231262,24.0,0.5206826329231262,24.0
stoch64,7777,5,2019,2012,2019,2024,2019,al-jazeera,3.093956232070923,9.0,-31.906043767929077,-26.0
stoch64,7777,5,2019,2012,2019,2024,2019,aleppo,0.5206826329231262,9.0,0.5206826329231262,9.0
stoch64,7777,5,2019,2012,2019,2024,2019,algorithmic,8.60540771484375,3.0,-6.39459228515625,-12.0
stoch64,7777,5,2019,2012,2019,2024,2019,algorithms,7.1248698234558105,71.0,-7.8751301765441895,56.0
stoch64,7777,5,2019,2012,2019,2024,2019,alignment,6.206872463226318,6.0,-2.7931275367736816,-3.0
stoch64,7777,5,2019,2012,2019,2024,2019,along,7.525263786315918,52.0,-8.474736213684082,36.0
stoch64,7777,5,2019,2012,2019,2024,2019,along the silk,0.5206826329231262,29.0,0.5206826329231262,29.0
stoch64,7777,5,2019,2012,2019,2024,2019,alternative,3.793938398361206,36.0,-33.206061601638794,-1.0
stoch64,7777,5,2019,2012,2019,2024,2019,america,15.353363037109375,138.0,-101.64663696289062,21.0
stoch64,7777,5,2019,2012,2019,2024,2019,american,5.64890193939209,57.0,-83.35109806060791,-32.0
stoch64,7777,5,2019,2012,2019,2024,2019,an empirical,2.512603759765625,15.0,-15.487396240234375,-3.0
stoch64,7777,5,2019,2012,2019,2024,2019,an empirical study,0.5206826329231262,7.0,0.5206826329231262,7.0
stoch64,7777,5,2019,2012,2019,2024,2019,an example,5.70635461807251,29.0,-2.2936453819274902,21.0
stoch64,7777,5,2019,2012,2019,2024,2019,an exploratory,9.794499397277832,26.0,-21.205500602722168,-5.0
stoch64,7777,5,2019,2012,2019,2024,2019,an exploratory study,9.794499397277832,26.0,-21.205500602722168,-5.0
stoch64,7777,5,2019,2012,2019,2024,2019,an immersive,2.875462532043457,8.0,-4.124537467956543,1.0
stoch64,7777,5,2019,2012,2019,2024,2019,an integrated,0.5206826329231262,16.0,0.5206826329231262,16.0
stoch64,7777,5,2019,2012,2019,2024,2019,an introduction,6.502434253692627,28.0,-7.497565746307373,14.0
stoch64,7777,5,2019,2012,2019,2024,2019,an investigation,4.442006587982178,7.0,-11.557993412017822,-9.0
stoch64,7777,5,2019,2012,2019,2024,2019,an overview,1.6988438367843628,76.0,-7.301156163215637,67.0
stoch64,7777,5,2019,2012,2019,2024,2019,an overview of,2.4690051078796387,67.0,-15.530994892120361,49.0
stoch64,7777,5,2019,2012,2019,2024,2019,analyses,2.822086811065674,13.0,-11.177913188934326,-1.0
stoch64,7777,5,2019,2012,2019,2024,2019,analytic hierarchy process,0.5206826329231262,0.0,0.5206826329231262,0.0
stoch64,7777,5,2019,2012,2019,2024,2019,analytical,0.5206826329231262,32.0,0.5206826329231262,32.0
stoch64,7777,5,2019,2012,2019,2024,2019,analytics,9.683268547058105,45.0,-35.316731452941895,0.0
stoch64,7777,5,2019,2012,2019,2024,2019,analyzing,1.1362667083740234,53.0,-3.8637332916259766,48.0
stoch64,7777,5,2019,2012,2019,2024,2019,ancient,3.8082950115203857,76.0,-44.191704988479614,28.0
stoch64,7777,5,2019,2012,2019,2024,2019,ancient city,0.5206826329231262,17.0,0.5206826329231262,17.0
stoch64,7777,5,2019,2012,2019,2024,2019,and al jazeera,3.3731372356414795,16.0,-24.62686276435852,-12.0
stoch64,7777,5,2019,2012,2019,2024,2019,and disaster risk,4.617927074432373,38.0,-1.382072925567627,32.0
stoch64,7777,5,2019,2012,2019,2024,2019,and future directions,4.442006587982178,43.0,-11.557993412017822,27.0
stoch64,7777,5,2019,2012,2019,2024,2019,and generative ai,0.5206826329231262,25.0,0.5206826329231262,25.0
stoch64,7777,5,2019,2012,2019,2024,2019,and nation branding,0.5206826329231262,8.0,0.5206826329231262,8.0
stoch64,7777,5,2019,2012,2019,2024,2019,and place branding,3.1025497913360596,13.0,-4.89745020866394,5.0
stoch64,7777,5,2019,2012,2019,2024,2019,and the future,3.3152313232421875,31.0,-5.6847686767578125,22.0
stoch64,7777,5,2019,2012,2019,2024,2019,and the future of,3.3152313232421875,31.0,-5.6847686767578125,22.0
stoch64,7777,5,2019,2012,2019,2024,2019,and user-generated content,3.1025497913360596,16.0,-4.89745020866394,8.0
stoch64,7777,5,2019,2012,2019,2024,2019,annual,5.177638530731201,16.0,-1.8223614692687988,9.0
stoch64,7777,5,2019,2012,2019,2024,2019,answering,0.5206826329231262,8.0,0.5206826329231262,8.0
stoch64,7777,5,2019,2012,2019,2024,2019,antecedents,9.608112335205078,25.0,-15.391887664794922,0.0
stoch64,7777,5,2019,2012,2019,2024,2019,anxiety,5.177638530731201,19.0,-1.8223614692687988,12.0
stoch64,7777,5,2019,2012,2019,2024,2019,applications,16.502408981323242,167.0,-86.49759101867676,64.0
stoch64,7777,5,2019,2012,2019,2024,2019,applications in,13.898457527160645,49.0,-40.101542472839355,-5.0
stoch64,7777,5,2019,2012,2019,2024,2019,applications of,10.02543830871582,45.0,-15.97456169128418,19.0
stoch64,7777,5,2019,2012,2019,2024,2019,applied,4.938734531402588,52.0,-14.061265468597412,33.0
no_dyn_kl,42,1,2019,2012,2019,2020,2019,21st century,16.939502716064453,44.0,-15.060497283935547,12.0
no_dyn_kl,42,1,2019,2012,2019,2020,2019,3d laser,13.639543533325195,46.0,-24.360456466674805,8.0
no_dyn_kl,42,1,2019,2012,2019,2020,2019,3d laser scanning,10.929381370544434,38.0,-19.070618629455566,8.0
no_dyn_kl,42,1,2019,2012,2019,2020,2019,3d modeling,1.1917637586593628,3.0,-7.808236241340637,-6.0
no_dyn_kl,42,1,2019,2012,2019,2020,2019,3d modelling,5.628979682922363,9.0,-3.3710203170776367,0.0
no_dyn_kl,42,1,2019,2012,2019,2020,2019,3d models,7.325751304626465,32.0,-24.674248695373535,0.0
no_dyn_kl,42,1,2019,2012,2019,2020,2019,3d printing,1.2516030073165894,17.0,-7.748396992683411,8.0
no_dyn_kl,42,1,2019,2012,2019,2020,2019,3d scanning,11.359736442565918,39.0,-18.640263557434082,9.0
no_dyn_kl,42,1,2019,2012,2019,2020,2019,abroad,12.229458808898926,8.0,-17.770541191101074,-22.0
no_dyn_kl,42,1,2019,2012,2019,2020,2019,acceptance,7.81267786026001,22.0,-29.18732213973999,-15.0
no_dyn_kl,42,1,2019,2012,2019,2020,2019,access,6.0134382247924805,64.0,-57.98656177520752,0.0
no_dyn_kl,42,1,2019,2012,2019,2020,2019,accessible,2.153735637664795,6.0,-3.846264362335205,0.0
no_dyn_kl,42,1,2019,2012,2019,2020,2019,accuracy,0.1094258651137352,0.0,0.1094258651137352,0.0
no_dyn_kl,42,1,2019,2012,2019,2020,2019,accurate,3.1517398357391357,10.0,-6.848260164260864,0.0
no_dyn_kl,42,1,2019,2012,2019,2020,2019,achieving,1.8012306690216064,39.0,-12.198769330978394,25.0
no_dyn_kl,42,1,2019,2012,2019,2020,2019,acknowledgements,1.4222064018249512,5.0,-3.577793598175049,0.0
no_dyn_kl,42,1,2019,2012,2019,2020,2019,acquisition,0.1094258651137352,0.0,0.1094258651137352,0.0
no_dyn_kl,42,1,2019,2012,2019,2020,2019,action,13.810810089111328,263.0,-243.18918991088867,6.0
no_dyn_kl,42,1,2019,2012,2019,2020,2019,activism,0.8991242051124573,10.0,-5.100875794887543,4.0
no_dyn_kl,42,1,2019,2012,2019,2020,2019,activities,16.775569915771484,47.0,-17.224430084228516,13.0
no_dyn_kl,42,1,2019,2012,2019,2020,2019,activity,18.708425521850586,37.0,-26.291574478149414,-8.0
no_dyn_kl,42,1,2019,2012,2019,2020,2019,adaptation,5.119243144989014,24.0,-20.880756855010986,-2.0
no_dyn_kl,42,1,2019,2012,2019,2020,2019,adaptive,12.336767196655273,12.0,-8.663232803344727,-9.0
no_dyn_kl,42,1,2019,2012,2019,2020,2019,addressing,3.0135488510131836,9.0,-5.986451148986816,0.0
no_dyn_kl,42,1,2019,2012,2019,2020,2019,aden,2.737377643585205,8.0,-5.262622356414795,0.0
no_dyn_kl,42,1,2019,2012,2019,2020,2019,adoption,15.795195579528809,46.0,-18.20480442047119,12.0
no_dyn_kl,42,1,2019,2012,2019,2020,2019,adults,0.1094258651137352,0.0,0.1094258651137352,0.0
no_dyn_kl,42,1,2019,2012,2019,2020,2019,advanced,20.314313888549805,34.0,-13.685686111450195,0.0
no_dyn_kl,42,1,2019,2012,2019,2020,2019,advances,15.654901504516602,44.0,-16.3450984954834,12.0
no_dyn_kl,42,1,2019,2012,2019,2020,2019,advances in,7.721907615661621,16.0,-8.278092384338379,0.0
no_dyn_kl,42,1,2019,2012,2019,2020,2019,advancing,1.5660570859909058,18.0,-7.433942914009094,9.0
no_dyn_kl,42,1,2019,2012,2019,2020,2019,advantages,0.1094258651137352,0.0,0.1094258651137352,0.0
no_dyn_kl,42,1,2019,2012,2019,2020,2019,advertising,3.280407667160034,8.0,-6.719592332839966,-2.0
no_dyn_kl,42,1,2019,2012,2019,2020,2019,africa,43.92275619506836,227.0,-175.07724380493164,8.0
no_dyn_kl,42,1,2019,2012,2019,2020,2019,african,9.672855377197266,60.0,-39.327144622802734,11.0
no_dyn_kl,42,1,2019,2012,2019,2020,2019,afterword,3.2823891639709473,11.0,-7.717610836029053,0.0
no_dyn_kl,42,1,2019,2012,2019,2020,2019,against,4.948315143585205,18.0,-13.051684856414795,0.0
no_dyn_kl,42,1,2019,2012,2019,2020,2019,age of,30.559879302978516,178.0,-88.44012069702148,59.0
no_dyn_kl,42,1,2019,2012,2019,2020,2019,agencies,3.0135488510131836,18.0,-5.986451148986816,9.0
no_dyn_kl,42,1,2019,2012,2019,2020,2019,agenda,28.31159210205078,81.0,-23.68840789794922,29.0
no_dyn_kl,42,1,2019,2012,2019,2020,2019,agentic,0.1094258651137352,0.0,0.1094258651137352,0.0
no_dyn_kl,42,1,2019,2012,2019,2020,2019,agents,3.0413200855255127,32.0,-20.958679914474487,8.0
no_dyn_kl,42,1,2019,2012,2019,2020,2019,agricultural,10.996670722961426,29.0,-9.003329277038574,9.0
no_dyn_kl,42,1,2019,2012,2019,2020,2019,ai chatbot,0.1094258651137352,0.0,0.1094258651137352,0.0
no_dyn_kl,42,1,2019,2012,2019,2020,2019,ai in,1.2039602994918823,27.0,-7.796039700508118,18.0
no_dyn_kl,42,1,2019,2012,2019,2020,2019,ai on,0.1094258651137352,0.0,0.1094258651137352,0.0
no_dyn_kl,42,1,2019,2012,2019,2020,2019,ai-driven,0.1094258651137352,0.0,0.1094258651137352,0.0
no_dyn_kl,42,1,2019,2012,2019,2020,2019,ai-enabled,0.1094258651137352,6.0,0.1094258651137352,6.0
no_dyn_kl,42,1,2019,2012,2019,2020,2019,ai-generated,0.1094258651137352,0.0,0.1094258651137352,0.0
no_dyn_kl,42,1,2019,2012,2019,2020,2019,ai-generated content,0.1094258651137352,0.0,0.1094258651137352,0.0
no_dyn_kl,42,1,2019,2012,2019,2020,2019,ai-powered,0.1094258651137352,0.0,0.1094258651137352,0.0
no_dyn_kl,42,1,2019,2012,2019,2020,2019,ai伦理,5.737470626831055,18.0,-1.2625293731689453,11.0
no_dyn_kl,42,1,2019,2012,2019,2020,2019,al jazeera,42.95685577392578,181.0,-128.04314422607422,10.0
no_dyn_kl,42,1,2019,2012,2019,2020,2019,al jazeera and,20.268693923950195,28.0,-16.731306076049805,-9.0
no_dyn_kl,42,1,2019,2012,2019,2020,2019,al jazeera english,0.1094258651137352,8.0,0.1094258651137352,8.0
no_dyn_kl,42,1,2019,2012,2019,2020,2019,al-jazeera,3.1822621822357178,33.0,-31.817737817764282,-2.0
no_dyn_kl,42,1,2019,2012,2019,2020,2019,aleppo,0.1094258651137352,0.0,0.1094258651137352,0.0
no_dyn_kl,42,1,2019,2012,2019,2020,2019,algorithmic,11.621122360229492,18.0,-3.378877639770508,3.0
no_dyn_kl,42,1,2019,2012,2019,2020,2019,algorithms,8.901350975036621,40.0,-6.098649024963379,25.0
no_dyn_kl,42,1,2019,2012,2019,2020,2019,alignment,7.382177352905273,9.0,-1.6178226470947266,0.0
no_dyn_kl,42,1,2019,2012,2019,2020,2019,along,9.657037734985352,16.0,-6.342962265014648,0.0
no_dyn_kl,42,1,2019,2012,2019,2020,2019,along the silk,0.1094258651137352,0.0,0.1094258651137352,0.0
no_dyn_kl,42,1,2019,2012,2019,2020,2019,alternative,4.154153823852539,55.0,-32.84584617614746,18.0
no_dyn_kl,42,1,2019,2012,2019,2020,2019,america,27.32694435119629,165.0,-89.67305564880371,48.0
no_dyn_kl,42,1,2019,2012,2019,2020,2019,american,7.600867748260498,103.0,-81.3991322517395,14.0
no_dyn_kl,42,1,2019,2012,2019,2020,2019,an empirical,2.2508840560913086,17.0,-15.749115943908691,-1.0
no_dyn_kl,42,1,2019,2012,2019,2020,2019,an empirical study,0.1094258651137352,0.0,0.1094258651137352,0.0
no_dyn_kl,42,1,2019,2012,2019,2020,2019,an example,6.569463729858398,8.0,-1.4305362701416016,0.0
no_dyn_kl,42,1,2019,2012,2019,2020,2019,an exploratory,13.935769081115723,32.0,-17.064230918884277,1.0
no_dyn_kl,42,1,2019,2012,2019,2020,2019,an exploratory study,13.935769081115723,32.0,-17.064230918884277,1.0
no_dyn_kl,42,1,2019,2012,2019,2020,2019,an immersive,2.4510741233825684,0.0,-4.548925876617432,-7.0
no_dyn_kl,42,1,2019,2012,2019,2020,2019,an integrated,0.1094258651137352,8.0,0.1094258651137352,8.0
no_dyn_kl,42,1,2019,2012,2019,2020,2019,an introduction,7.860377311706543,19.0,-6.139622688293457,5.0
no_dyn_kl,42,1,2019,2012,2019,2020,2019,an investigation,4.616057395935059,16.0,-11.383942604064941,0.0
no_dyn_kl,42,1,2019,2012,2019,2020,2019,an overview,1.2516030073165894,14.0,-7.748396992683411,5.0
no_dyn_kl,42,1,2019,2012,2019,2020,2019,an overview of,2.1992621421813965,14.0,-15.800737857818604,-4.0
no_dyn_kl,42,1,2019,2012,2019,2020,2019,analyses,2.5027048587799072,18.0,-11.497295141220093,4.0
no_dyn_kl,42,1,2019,2012,2019,2020,2019,analytic hierarchy process,0.1094258651137352,0.0,0.1094258651137352,0.0
no_dyn_kl,42,1,2019,2012,2019,2020,2019,analytical,0.1094258651137352,0.0,0.1094258651137352,0.0
no_dyn_kl,42,1,2019,2012,2019,2020,2019,analytics,13.860499382019043,58.0,-31.139500617980957,13.0
no_dyn_kl,42,1,2019,2012,2019,2020,2019,analyzing,0.6938711404800415,5.0,-4.3061288595199585,0.0
no_dyn_kl,42,1,2019,2012,2019,2020,2019,ancient,4.375450611114502,66.0,-43.6245493888855,18.0
no_dyn_kl,42,1,2019,2012,2019,2020,2019,ancient city,0.1094258651137352,0.0,0.1094258651137352,0.0
no_dyn_kl,42,1,2019,2012,2019,2020,2019,and al jazeera,3.426722526550293,36.0,-24.573277473449707,8.0
no_dyn_kl,42,1,2019,2012,2019,2020,2019,and disaster risk,4.8877692222595215,6.0,-1.1122307777404785,0.0
no_dyn_kl,42,1,2019,2012,2019,2020,2019,and future directions,4.616057395935059,25.0,-11.383942604064941,9.0
no_dyn_kl,42,1,2019,2012,2019,2020,2019,and generative ai,0.1094258651137352,0.0,0.1094258651137352,0.0
no_dyn_kl,42,1,2019,2012,2019,2020,2019,and nation branding,0.1094258651137352,0.0,0.1094258651137352,0.0
no_dyn_kl,42,1,2019,2012,2019,2020,2019,and place branding,2.737377643585205,5.0,-5.262622356414795,-3.0
no_dyn_kl,42,1,2019,2012,2019,2020,2019,and the future,3.0135488510131836,9.0,-5.986451148986816,0.0
no_dyn_kl,42,1,2019,2012,2019,2020,2019,and the future of,3.0135488510131836,9.0,-5.986451148986816,0.0
no_dyn_kl,42,1,2019,2012,2019,2020,2019,and user-generated content,2.737377643585205,8.0,-5.262622356414795,0.0
no_dyn_kl,42,1,2019,2012,2019,2020,2019,annual,5.737470626831055,7.0,-1.2625293731689453,0.0
no_dyn_kl,42,1,2019,2012,2019,2020,2019,answering,0.1094258651137352,0.0,0.1094258651137352,0.0
no_dyn_kl,42,1,2019,2012,2019,2020,2019,antecedents,13.513809204101562,34.0,-11.486190795898438,9.0
no_dyn_kl,42,1,2019,2012,2019,2020,2019,anxiety,5.737470626831055,11.0,-1.2625293731689453,4.0
no_dyn_kl,42,1,2019,2012,2019,2020,2019,applications,30.148067474365234,124.0,-72.85193252563477,21.0
no_dyn_kl,42,1,2019,2012,2019,2020,2019,applications in,23.0635986328125,62.0,-30.9364013671875,8.0
no_dyn_kl,42,1,2019,2012,2019,2020,2019,applications of,14.398096084594727,41.0,-11.601903915405273,15.0
no_dyn_kl,42,1,2019,2012,2019,2020,2019,applied,5.361974716186523,15.0,-13.638025283813477,-4.0
no_dyn_kl,42,3,2019,2012,2019,2022,2019,21st century,19.510168075561523,52.0,-12.489831924438477,20.0
no_dyn_kl,42,3,2019,2012,2019,2022,2019,3d laser,15.715475082397461,41.0,-22.28452491760254,3.0
no_dyn_kl,42,3,2019,2012,2019,2022,2019,3d laser scanning,12.560714721679688,41.0,-17.439285278320312,11.0
no_dyn_kl,42,3,2019,2012,2019,2022,2019,3d modeling,1.2193351984024048,0.0,-7.780664801597595,-9.0
no_dyn_kl,42,3,2019,2012,2019,2022,2019,3d modelling,6.2432379722595215,9.0,-2.7567620277404785,0.0
no_dyn_kl,42,3,2019,2012,2019,2022,2019,3d models,8.171411514282227,29.0,-23.828588485717773,-3.0
no_dyn_kl,42,3,2019,2012,2019,2022,2019,3d printing,1.2789205312728882,40.0,-7.721079468727112,31.0
no_dyn_kl,42,3,2019,2012,2019,2022,2019,3d scanning,13.058887481689453,36.0,-16.941112518310547,6.0
no_dyn_kl,42,3,2019,2012,2019,2022,2019,abroad,14.053568840026855,17.0,-15.946431159973145,-13.0
no_dyn_kl,42,3,2019,2012,2019,2022,2019,acceptance,8.744331359863281,9.0,-28.25566864013672,-28.0
no_dyn_kl,42,3,2019,2012,2019,2022,2019,access,6.523095607757568,53.0,-57.47690439224243,-11.0
no_dyn_kl,42,3,2019,2012,2019,2022,2019,accessible,2.237809658050537,12.0,-3.762190341949463,6.0
no_dyn_kl,42,3,2019,2012,2019,2022,2019,accuracy,0.19110867381095886,6.0,0.19110867381095886,6.0
no_dyn_kl,42,3,2019,2012,2019,2022,2019,accurate,3.332303047180176,12.0,-6.667696952819824,2.0
no_dyn_kl,42,3,2019,2012,2019,2022,2019,achieving,1.8377870321273804,34.0,-12.16221296787262,20.0
no_dyn_kl,42,3,2019,2012,2019,2022,2019,acknowledgements,1.4743901491165161,6.0,-3.525609850883484,1.0
no_dyn_kl,42,3,2019,2012,2019,2022,2019,acquisition,0.19110867381095886,9.0,0.19110867381095886,9.0
no_dyn_kl,42,3,2019,2012,2019,2022,2019,action,15.449069023132324,281.0,-241.55093097686768,24.0
no_dyn_kl,42,3,2019,2012,2019,2022,2019,activism,0.9326924681663513,15.0,-5.067307531833649,9.0
no_dyn_kl,42,3,2019,2012,2019,2022,2019,activities,19.2988224029541,40.0,-14.701177597045898,6.0
no_dyn_kl,42,3,2019,2012,2019,2022,2019,activity,21.40250587463379,29.0,-23.59749412536621,-16.0
no_dyn_kl,42,3,2019,2012,2019,2022,2019,adaptation,5.556868076324463,20.0,-20.443131923675537,-6.0
no_dyn_kl,42,3,2019,2012,2019,2022,2019,adaptive,14.215470314025879,18.0,-6.784529685974121,-3.0
no_dyn_kl,42,3,2019,2012,2019,2022,2019,addressing,3.1782162189483643,8.0,-5.821783781051636,-1.0
no_dyn_kl,42,3,2019,2012,2019,2022,2019,aden,2.8724889755249023,0.0,-5.127511024475098,-8.0
no_dyn_kl,42,3,2019,2012,2019,2022,2019,adoption,18.16691017150879,37.0,-15.833089828491211,3.0
no_dyn_kl,42,3,2019,2012,2019,2022,2019,adults,0.19110867381095886,0.0,0.19110867381095886,0.0
no_dyn_kl,42,3,2019,2012,2019,2022,2019,advanced,23.230745315551758,30.0,-10.769254684448242,-4.0
no_dyn_kl,42,3,2019,2012,2019,2022,2019,advances,18.04165267944336,49.0,-13.95834732055664,17.0
no_dyn_kl,42,3,2019,2012,2019,2022,2019,advances in,8.725570678710938,20.0,-7.2744293212890625,4.0
no_dyn_kl,42,3,2019,2012,2019,2022,2019,advancing,1.6023249626159668,18.0,-7.397675037384033,9.0
no_dyn_kl,42,3,2019,2012,2019,2022,2019,advantages,0.19110867381095886,0.0,0.19110867381095886,0.0
no_dyn_kl,42,3,2019,2012,2019,2022,2019,advertising,3.4764349460601807,32.0,-6.523565053939819,22.0
no_dyn_kl,42,3,2019,2012,2019,2022,2019,africa,45.48555374145508,242.0,-173.51444625854492,23.0
no_dyn_kl,42,3,2019,2012,2019,2022,2019,african,10.926864624023438,51.0,-38.07313537597656,2.0
no_dyn_kl,42,3,2019,2012,2019,2022,2019,afterword,3.47861647605896,1.0,-7.52138352394104,-10.0
no_dyn_kl,42,3,2019,2012,2019,2022,2019,against,5.38534688949585,11.0,-12.61465311050415,-7.0
no_dyn_kl,42,3,2019,2012,2019,2022,2019,age of,33.53769302368164,143.0,-85.46230697631836,24.0
no_dyn_kl,42,3,2019,2012,2019,2022,2019,agencies,3.1782162189483643,9.0,-5.821783781051636,0.0
no_dyn_kl,42,3,2019,2012,2019,2022,2019,agenda,31.50691032409668,149.0,-20.49308967590332,97.0
no_dyn_kl,42,3,2019,2012,2019,2022,2019,agentic,0.19110867381095886,0.0,0.19110867381095886,0.0
no_dyn_kl,42,3,2019,2012,2019,2022,2019,agents,3.164134979248047,23.0,-20.835865020751953,-1.0
no_dyn_kl,42,3,2019,2012,2019,2022,2019,agricultural,12.632534980773926,30.0,-7.367465019226074,10.0
no_dyn_kl,42,3,2019,2012,2019,2022,2019,ai chatbot,0.19110867381095886,7.0,0.19110867381095886,7.0
no_dyn_kl,42,3,2019,2012,2019,2022,2019,ai in,1.230642318725586,49.0,-7.769357681274414,40.0
no_dyn_kl,42,3,2019,2012,2019,2022,2019,ai on,0.19110867381095886,0.0,0.19110867381095886,0.0
no_dyn_kl,42,3,2019,2012,2019,2022,2019,ai-driven,0.19110867381095886,0.0,0.19110867381095886,0.0
no_dyn_kl,42,3,2019,2012,2019,2022,2019,ai-enabled,0.19110867381095886,6.0,0.19110867381095886,6.0
no_dyn_kl,42,3,2019,2012,2019,2022,2019,ai-generated,0.19110867381095886,16.0,0.19110867381095886,16.0
no_dyn_kl,42,3,2019,2012,2019,2022,2019,ai-generated content,0.19110867381095886,0.0,0.19110867381095886,0.0
no_dyn_kl,42,3,2019,2012,2019,2022,2019,ai-powered,0.19110867381095886,0.0,0.19110867381095886,0.0
no_dyn_kl,42,3,2019,2012,2019,2022,2019,ai伦理,6.379826068878174,27.0,-0.6201739311218262,20.0
no_dyn_kl,42,3,2019,2012,2019,2022,2019,al jazeera,44.82363510131836,138.0,-126.17636489868164,-33.0
no_dyn_kl,42,3,2019,2012,2019,2022,2019,al jazeera and,23.19292449951172,26.0,-13.807075500488281,-11.0
no_dyn_kl,42,3,2019,2012,2019,2022,2019,al jazeera english,0.19110867381095886,16.0,0.19110867381095886,16.0
no_dyn_kl,42,3,2019,2012,2019,2022,2019,al-jazeera,3.3159782886505127,17.0,-31.684021711349487,-18.0
no_dyn_kl,42,3,2019,2012,2019,2022,2019,aleppo,0.19110867381095886,0.0,0.19110867381095886,0.0
no_dyn_kl,42,3,2019,2012,2019,2022,2019,algorithmic,13.40705680847168,18.0,-1.5929431915283203,3.0
no_dyn_kl,42,3,2019,2012,2019,2022,2019,algorithms,10.14561939239502,57.0,-4.8543806076049805,42.0
no_dyn_kl,42,3,2019,2012,2019,2022,2019,alignment,8.348030090332031,15.0,-0.6519699096679688,6.0
no_dyn_kl,42,3,2019,2012,2019,2022,2019,along,11.056282043457031,32.0,-4.943717956542969,16.0
no_dyn_kl,42,3,2019,2012,2019,2022,2019,along the silk,0.19110867381095886,15.0,0.19110867381095886,15.0
no_dyn_kl,42,3,2019,2012,2019,2022,2019,alternative,4.403158664703369,48.0,-32.59684133529663,11.0
no_dyn_kl,42,3,2019,2012,2019,2022,2019,america,30.336915969848633,139.0,-86.66308403015137,22.0
no_dyn_kl,42,3,2019,2012,2019,2022,2019,american,8.382299423217773,55.0,-80.61770057678223,-34.0
no_dyn_kl,42,3,2019,2012,2019,2022,2019,an empirical,2.308992385864258,24.0,-15.691007614135742,6.0
no_dyn_kl,42,3,2019,2012,2019,2022,2019,an empirical study,0.19110867381095886,7.0,0.19110867381095886,7.0
no_dyn_kl,42,3,2019,2012,2019,2022,2019,an example,7.373680114746094,22.0,-0.6263198852539062,14.0
no_dyn_kl,42,3,2019,2012,2019,2022,2019,an exploratory,16.045747756958008,49.0,-14.954252243041992,18.0
no_dyn_kl,42,3,2019,2012,2019,2022,2019,an exploratory study,16.045747756958008,49.0,-14.954252243041992,18.0
no_dyn_kl,42,3,2019,2012,2019,2022,2019,an immersive,2.559054374694824,8.0,-4.440945625305176,1.0
no_dyn_kl,42,3,2019,2012,2019,2022,2019,an integrated,0.19110867381095886,8.0,0.19110867381095886,8.0
no_dyn_kl,42,3,2019,2012,2019,2022,2019,an introduction,8.898709297180176,27.0,-5.101290702819824,13.0
no_dyn_kl,42,3,2019,2012,2019,2022,2019,an investigation,5.0003557205200195,0.0,-10.99964427947998,-16.0
no_dyn_kl,42,3,2019,2012,2019,2022,2019,an overview,1.2789205312728882,31.0,-7.721079468727112,22.0
no_dyn_kl,42,3,2019,2012,2019,2022,2019,an overview of,2.254312038421631,31.0,-15.74568796157837,13.0
no_dyn_kl,42,3,2019,2012,2019,2022,2019,analyses,2.591970443725586,13.0,-11.408029556274414,-1.0
no_dyn_kl,42,3,2019,2012,2019,2022,2019,analytic hierarchy process,0.19110867381095886,0.0,0.19110867381095886,0.0
no_dyn_kl,42,3,2019,2012,2019,2022,2019,analytical,0.19110867381095886,0.0,0.19110867381095886,0.0
no_dyn_kl,42,3,2019,2012,2019,2022,2019,analytics,15.896443367004395,37.0,-29.103556632995605,-8.0
no_dyn_kl,42,3,2019,2012,2019,2022,2019,analyzing,0.7340105772018433,20.0,-4.265989422798157,15.0
no_dyn_kl,42,3,2019,2012,2019,2022,2019,ancient,4.639883518218994,72.0,-43.360116481781006,24.0
no_dyn_kl,42,3,2019,2012,2019,2022,2019,ancient city,0.19110867381095886,0.0,0.19110867381095886,0.0
no_dyn_kl,42,3,2019,2012,2019,2022,2019,and al jazeera,3.59628963470459,27.0,-24.40371036529541,-1.0
no_dyn_kl,42,3,2019,2012,2019,2022,2019,and disaster risk,5.372297286987305,6.0,-0.6277027130126953,0.0
no_dyn_kl,42,3,2019,2012,2019,2022,2019,and future directions,5.0003557205200195,25.0,-10.99964427947998,9.0
no_dyn_kl,42,3,2019,2012,2019,2022,2019,and generative ai,0.19110867381095886,0.0,0.19110867381095886,0.0
no_dyn_kl,42,3,2019,2012,2019,2022,2019,and nation branding,0.19110867381095886,8.0,0.19110867381095886,8.0
no_dyn_kl,42,3,2019,2012,2019,2022,2019,and place branding,2.8724889755249023,13.0,-5.127511024475098,5.0
no_dyn_kl,42,3,2019,2012,2019,2022,2019,and the future,3.1782162189483643,17.0,-5.821783781051636,8.0
no_dyn_kl,42,3,2019,2012,2019,2022,2019,and the future of,3.1782162189483643,17.0,-5.821783781051636,8.0
no_dyn_kl,42,3,2019,2012,2019,2022,2019,and user-generated content,2.8724889755249023,8.0,-5.127511024475098,0.0
no_dyn_kl,42,3,2019,2012,2019,2022,2019,annual,6.379826068878174,7.0,-0.6201739311218262,0.0
no_dyn_kl,42,3,2019,2012,2019,2022,2019,answering,0.19110867381095886,8.0,0.19110867381095886,8.0
no_dyn_kl,42,3,2019,2012,2019,2022,2019,antecedents,15.578827857971191,50.0,-9.421172142028809,25.0
no_dyn_kl,42,3,2019,2012,2019,2022,2019,anxiety,6.379826068878174,20.0,-0.6201739311218262,13.0
no_dyn_kl,42,3,2019,2012,2019,2022,2019,applications,33.18292236328125,209.0,-69.81707763671875,106.0
no_dyn_kl,42,3,2019,2012,2019,2022,2019,applications in,26.11196517944336,69.0,-27.88803482055664,15.0
no_dyn_kl,42,3,2019,2012,2019,2022,2019,applications of,16.613719940185547,49.0,-9.386280059814453,23.0
no_dyn_kl,42,3,2019,2012,2019,2022,2019,applied,5.866941452026367,31.0,-13.133058547973633,12.0
no_dyn_kl,42,5,2019,2012,2019,2024,2019,21st century,14.975337982177734,36.0,-17.024662017822266,4.0
no_dyn_kl,42,5,2019,2012,2019,2024,2019,3d laser,12.324975967407227,31.0,-25.675024032592773,-7.0
no_dyn_kl,42,5,2019,2012,2019,2024,2019,3d laser scanning,10.044109344482422,31.0,-19.955890655517578,1.0
no_dyn_kl,42,5,2019,2012,2019,2024,2019,3d modeling,1.1097007989883423,22.0,-7.890299201011658,13.0
no_dyn_kl,42,5,2019,2012,2019,2024,2019,3d modelling,5.197513580322266,4.0,-3.8024864196777344,-5.0
no_dyn_kl,42,5,2019,2012,2019,2024,2019,3d models,6.683655261993408,13.0,-25.316344738006592,-19.0
no_dyn_kl,42,5,2019,2012,2019,2024,2019,3d printing,1.1584089994430542,50.0,-7.841591000556946,41.0
no_dyn_kl,42,5,2019,2012,2019,2024,2019,3d scanning,10.40780258178711,31.0,-19.59219741821289,1.0
no_dyn_kl,42,5,2019,2012,2019,2024,2019,abroad,11.125073432922363,18.0,-18.874926567077637,-12.0
no_dyn_kl,42,5,2019,2012,2019,2024,2019,acceptance,7.125214576721191,40.0,-29.87478542327881,3.0
no_dyn_kl,42,5,2019,2012,2019,2024,2019,access,5.36170768737793,38.0,-58.63829231262207,-26.0
no_dyn_kl,42,5,2019,2012,2019,2024,2019,accessible,1.9498271942138672,12.0,-4.050172805786133,6.0
no_dyn_kl,42,5,2019,2012,2019,2024,2019,accuracy,0.2567773759365082,23.0,0.2567773759365082,23.0
no_dyn_kl,42,5,2019,2012,2019,2024,2019,accurate,2.8411879539489746,12.0,-7.158812046051025,2.0
no_dyn_kl,42,5,2019,2012,2019,2024,2019,achieving,1.6138827800750732,47.0,-12.386117219924927,33.0
no_dyn_kl,42,5,2019,2012,2019,2024,2019,acknowledgements,1.3265743255615234,5.0,-3.6734256744384766,0.0
no_dyn_kl,42,5,2019,2012,2019,2024,2019,acquisition,0.2567773759365082,9.0,0.2567773759365082,9.0
no_dyn_kl,42,5,2019,2012,2019,2024,2019,action,11.994485855102539,350.0,-245.00551414489746,93.0
no_dyn_kl,42,5,2019,2012,2019,2024,2019,activism,0.8750640153884888,15.0,-5.124935984611511,9.0
no_dyn_kl,42,5,2019,2012,2019,2024,2019,activities,14.823003768920898,52.0,-19.1769962310791,18.0
no_dyn_kl,42,5,2019,2012,2019,2024,2019,activity,16.22795867919922,37.0,-28.77204132080078,-8.0
no_dyn_kl,42,5,2019,2012,2019,2024,2019,adaptation,4.6217732429504395,29.0,-21.37822675704956,3.0
no_dyn_kl,42,5,2019,2012,2019,2024,2019,adaptive,11.253965377807617,18.0,-9.746034622192383,-3.0
no_dyn_kl,42,5,2019,2012,2019,2024,2019,addressing,2.7160558700561523,17.0,-6.283944129943848,8.0
no_dyn_kl,42,5,2019,2012,2019,2024,2019,aden,2.4674081802368164,1.0,-5.532591819763184,-7.0
no_dyn_kl,42,5,2019,2012,2019,2024,2019,adoption,14.037928581237793,53.0,-19.962071418762207,19.0
no_dyn_kl,42,5,2019,2012,2019,2024,2019,adults,0.2567773759365082,0.0,0.2567773759365082,0.0
no_dyn_kl,42,5,2019,2012,2019,2024,2019,advanced,17.457250595092773,23.0,-16.542749404907227,-11.0
no_dyn_kl,42,5,2019,2012,2019,2024,2019,advances,13.96169376373291,52.0,-18.03830623626709,20.0
no_dyn_kl,42,5,2019,2012,2019,2024,2019,advances in,7.140181541442871,31.0,-8.859818458557129,15.0
no_dyn_kl,42,5,2019,2012,2019,2024,2019,advancing,1.4243775606155396,40.0,-7.5756224393844604,31.0
no_dyn_kl,42,5,2019,2012,2019,2024,2019,advantages,0.2567773759365082,26.0,0.2567773759365082,26.0
no_dyn_kl,42,5,2019,2012,2019,2024,2019,advertising,2.9581284523010254,50.0,-7.041871547698975,40.0
no_dyn_kl,42,5,2019,2012,2019,2024,2019,africa,30.473346710205078,242.0,-188.52665328979492,23.0
no_dyn_kl,42,5,2019,2012,2019,2024,2019,african,8.779375076293945,50.0,-40.220624923706055,1.0
no_dyn_kl,42,5,2019,2012,2019,2024,2019,afterword,2.9598886966705322,13.0,-8.040111303329468,2.0
no_dyn_kl,42,5,2019,2012,2019,2024,2019,against,4.494193077087402,18.0,-13.505806922912598,0.0
no_dyn_kl,42,5,2019,2012,2019,2024,2019,age of,23.802663803100586,130.0,-95.19733619689941,11.0
no_dyn_kl,42,5,2019,2012,2019,2024,2019,agencies,2.7160558700561523,17.0,-6.283944129943848,8.0
no_dyn_kl,42,5,2019,2012,2019,2024,2019,agenda,22.64057159423828,160.0,-29.35942840576172,108.0
no_dyn_kl,42,5,2019,2012,2019,2024,2019,agentic,0.2567773759365082,0.0,0.2567773759365082,0.0
no_dyn_kl,42,5,2019,2012,2019,2024,2019,agents,2.689366340637207,45.0,-21.310633659362793,21.0
no_dyn_kl,42,5,2019,2012,2019,2024,2019,agricultural,10.094773292541504,26.0,-9.905226707458496,6.0
no_dyn_kl,42,5,2019,2012,2019,2024,2019,ai chatbot,0.2567773759365082,41.0,0.2567773759365082,41.0
no_dyn_kl,42,5,2019,2012,2019,2024,2019,ai in,1.1186579465866089,157.0,-7.881342053413391,148.0
no_dyn_kl,42,5,2019,2012,2019,2024,2019,ai on,0.2567773759365082,15.0,0.2567773759365082,15.0
no_dyn_kl,42,5,2019,2012,2019,2024,2019,ai-driven,0.2567773759365082,30.0,0.2567773759365082,30.0
no_dyn_kl,42,5,2019,2012,2019,2024,2019,ai-enabled,0.2567773759365082,6.0,0.2567773759365082,6.0
no_dyn_kl,42,5,2019,2012,2019,2024,2019,ai-generated,0.2567773759365082,33.0,0.2567773759365082,33.0
no_dyn_kl,42,5,2019,2012,2019,2024,2019,ai-generated content,0.2567773759365082,24.0,0.2567773759365082,24.0
no_dyn_kl,42,5,2019,2012,2019,2024,2019,ai-powered,0.2567773759365082,8.0,0.2567773759365082,8.0
no_dyn_kl,42,5,2019,2012,2019,2024,2019,ai伦理,5.308712482452393,20.0,-1.6912875175476074,13.0
no_dyn_kl,42,5,2019,2012,2019,2024,2019,al jazeera,30.160419464111328,48.0,-140.83958053588867,-123.0
no_dyn_kl,42,5,2019,2012,2019,2024,2019,al jazeera and,17.43583106994629,0.0,-19.56416893005371,-37.0
no_dyn_kl,42,5,2019,2012,2019,2024,2019,al jazeera english,0.2567773759365082,24.0,0.2567773759365082,24.0
no_dyn_kl,42,5,2019,2012,2019,2024,2019,al-jazeera,2.8108839988708496,9.0,-32.18911600112915,-26.0
no_dyn_kl,42,5,2019,2012,2019,2024,2019,aleppo,0.2567773759365082,9.0,0.2567773759365082,9.0
no_dyn_kl,42,5,2019,2012,2019,2024,2019,algorithmic,10.675849914550781,3.0,-4.324150085449219,-12.0
no_dyn_kl,42,5,2019,2012,2019,2024,2019,algorithms,8.23272705078125,71.0,-6.76727294921875,56.0
no_dyn_kl,42,5,2019,2012,2019,2024,2019,alignment,6.8570942878723145,6.0,-2.1429057121276855,-3.0
no_dyn_kl,42,5,2019,2012,2019,2024,2019,along,8.92462158203125,52.0,-7.07537841796875,36.0
no_dyn_kl,42,5,2019,2012,2019,2024,2019,along the silk,0.2567773759365082,29.0,0.2567773759365082,29.0
no_dyn_kl,42,5,2019,2012,2019,2024,2019,alternative,3.685121536254883,36.0,-33.31487846374512,-1.0
no_dyn_kl,42,5,2019,2012,2019,2024,2019,america,21.879026412963867,138.0,-95.12097358703613,21.0
no_dyn_kl,42,5,2019,2012,2019,2024,2019,american,6.80992317199707,57.0,-82.19007682800293,-32.0
no_dyn_kl,42,5,2019,2012,2019,2024,2019,an empirical,1.9965870380401611,15.0,-16.00341296195984,-3.0
no_dyn_kl,42,5,2019,2012,2019,2024,2019,an empirical study,0.2567773759365082,7.0,0.2567773759365082,7.0
no_dyn_kl,42,5,2019,2012,2019,2024,2019,an example,6.09483003616333,29.0,-1.90516996383667,21.0
no_dyn_kl,42,5,2019,2012,2019,2024,2019,an exploratory,12.555710792541504,26.0,-18.444289207458496,-5.0
no_dyn_kl,42,5,2019,2012,2019,2024,2019,an exploratory study,12.555710792541504,26.0,-18.444289207458496,-5.0
no_dyn_kl,42,5,2019,2012,2019,2024,2019,an immersive,2.2120261192321777,8.0,-4.787973880767822,1.0
no_dyn_kl,42,5,2019,2012,2019,2024,2019,an integrated,0.2567773759365082,16.0,0.2567773759365082,16.0
no_dyn_kl,42,5,2019,2012,2019,2024,2019,an introduction,7.276461124420166,28.0,-6.723538875579834,14.0
no_dyn_kl,42,5,2019,2012,2019,2024,2019,an investigation,4.186496734619141,7.0,-11.81350326538086,-9.0
no_dyn_kl,42,5,2019,2012,2019,2024,2019,an overview,1.1584089994430542,76.0,-7.841591000556946,67.0
no_dyn_kl,42,5,2019,2012,2019,2024,2019,an overview of,1.9522238969802856,67.0,-16.047776103019714,49.0
no_dyn_kl,42,5,2019,2012,2019,2024,2019,analyses,2.230870246887207,13.0,-11.769129753112793,-1.0
no_dyn_kl,42,5,2019,2012,2019,2024,2019,analytic hierarchy process,0.2567773759365082,0.0,0.2567773759365082,0.0
no_dyn_kl,42,5,2019,2012,2019,2024,2019,analytical,0.2567773759365082,32.0,0.2567773759365082,32.0
no_dyn_kl,42,5,2019,2012,2019,2024,2019,analytics,12.430346488952637,45.0,-32.56965351104736,0.0
no_dyn_kl,42,5,2019,2012,2019,2024,2019,analyzing,0.7110031247138977,53.0,-4.288996875286102,48.0
no_dyn_kl,42,5,2019,2012,2019,2024,2019,ancient,3.869760036468506,76.0,-44.130239963531494,28.0
no_dyn_kl,42,5,2019,2012,2019,2024,2019,ancient city,0.2567773759365082,17.0,0.2567773759365082,17.0
no_dyn_kl,42,5,2019,2012,2019,2024,2019,and al jazeera,3.0401620864868164,16.0,-24.959837913513184,-12.0
no_dyn_kl,42,5,2019,2012,2019,2024,2019,and disaster risk,4.5034050941467285,38.0,-1.4965949058532715,32.0
no_dyn_kl,42,5,2019,2012,2019,2024,2019,and future directions,4.186496734619141,43.0,-11.81350326538086,27.0
no_dyn_kl,42,5,2019,2012,2019,2024,2019,and generative ai,0.2567773759365082,25.0,0.2567773759365082,25.0
no_dyn_kl,42,5,2019,2012,2019,2024,2019,and nation branding,0.2567773759365082,8.0,0.2567773759365082,8.0
no_dyn_kl,42,5,2019,2012,2019,2024,2019,and place branding,2.4674081802368164,13.0,-5.532591819763184,5.0
no_dyn_kl,42,5,2019,2012,2019,2024,2019,and the future,2.7160558700561523,31.0,-6.283944129943848,22.0
no_dyn_kl,42,5,2019,2012,2019,2024,2019,and the future of,2.7160558700561523,31.0,-6.283944129943848,22.0
no_dyn_kl,42,5,2019,2012,2019,2024,2019,and user-generated content,2.4674081802368164,16.0,-5.532591819763184,8.0
no_dyn_kl,42,5,2019,2012,2019,2024,2019,annual,5.308712482452393,16.0,-1.6912875175476074,9.0
no_dyn_kl,42,5,2019,2012,2019,2024,2019,answering,0.2567773759365082,8.0,0.2567773759365082,8.0
no_dyn_kl,42,5,2019,2012,2019,2024,2019,antecedents,12.230673789978027,25.0,-12.769326210021973,0.0
no_dyn_kl,42,5,2019,2012,2019,2024,2019,anxiety,5.308712482452393,19.0,-1.6912875175476074,12.0
no_dyn_kl,42,5,2019,2012,2019,2024,2019,applications,23.605300903320312,167.0,-79.39469909667969,64.0
no_dyn_kl,42,5,2019,2012,2019,2024,2019,applications in,19.297443389892578,49.0,-34.70255661010742,-5.0
no_dyn_kl,42,5,2019,2012,2019,2024,2019,applications of,12.967777252197266,45.0,-13.032222747802734,19.0
no_dyn_kl,42,5,2019,2012,2019,2024,2019,applied,4.877458572387695,52.0,-14.122541427612305,33.0
no_dyn_kl,123,1,2019,2012,2019,2020,2019,21st century,15.354353904724121,44.0,-16.64564609527588,12.0
no_dyn_kl,123,1,2019,2012,2019,2020,2019,3d laser,11.96711254119873,46.0,-26.03288745880127,8.0
no_dyn_kl,123,1,2019,2012,2019,2020,2019,3d laser scanning,9.4614896774292,38.0,-20.5385103225708,8.0
no_dyn_kl,123,1,2019,2012,2019,2020,2019,3d modeling,1.073557734489441,3.0,-7.926442265510559,-6.0
no_dyn_kl,123,1,2019,2012,2019,2020,2019,3d modelling,5.132138729095459,9.0,-3.867861270904541,0.0
no_dyn_kl,123,1,2019,2012,2019,2020,2019,3d models,6.6470112800598145,32.0,-25.352988719940186,0.0
no_dyn_kl,123,1,2019,2012,2019,2020,2019,3d printing,1.1381157636642456,17.0,-7.861884236335754,8.0
no_dyn_kl,123,1,2019,2012,2019,2020,2019,3d scanning,9.936195373535156,39.0,-20.063804626464844,9.0
no_dyn_kl,123,1,2019,2012,2019,2020,2019,abroad,11.00434684753418,8.0,-18.99565315246582,-22.0
no_dyn_kl,123,1,2019,2012,2019,2020,2019,acceptance,7.02973747253418,22.0,-29.97026252746582,-15.0
no_dyn_kl,123,1,2019,2012,2019,2020,2019,access,5.411832332611084,64.0,-58.588167667388916,0.0
no_dyn_kl,123,1,2019,2012,2019,2020,2019,accessible,2.0250017642974854,6.0,-3.9749982357025146,0.0
no_dyn_kl,123,1,2019,2012,2019,2020,2019,accuracy,0.08593865483999252,0.0,0.08593865483999252,0.0
no_dyn_kl,123,1,2019,2012,2019,2020,2019,accurate,2.909844160079956,10.0,-7.090155839920044,0.0
no_dyn_kl,123,1,2019,2012,2019,2020,2019,achieving,1.6372789144515991,39.0,-12.3627210855484,25.0
no_dyn_kl,123,1,2019,2012,2019,2020,2019,acknowledgements,1.3147279024124146,5.0,-3.6852720975875854,0.0
no_dyn_kl,123,1,2019,2012,2019,2020,2019,acquisition,0.08593865483999252,0.0,0.08593865483999252,0.0
no_dyn_kl,123,1,2019,2012,2019,2020,2019,action,12.209013938903809,263.0,-244.7909860610962,6.0
no_dyn_kl,123,1,2019,2012,2019,2020,2019,activism,0.8110784292221069,10.0,-5.188921570777893,4.0
no_dyn_kl,123,1,2019,2012,2019,2020,2019,activities,15.266558647155762,47.0,-18.73344135284424,13.0
no_dyn_kl,123,1,2019,2012,2019,2020,2019,activity,17.178831100463867,37.0,-27.821168899536133,-8.0
no_dyn_kl,123,1,2019,2012,2019,2020,2019,adaptation,4.686717987060547,24.0,-21.313282012939453,-2.0
no_dyn_kl,123,1,2019,2012,2019,2020,2019,adaptive,11.244940757751465,12.0,-9.755059242248535,-9.0
no_dyn_kl,123,1,2019,2012,2019,2020,2019,addressing,2.8037338256835938,9.0,-6.196266174316406,0.0
no_dyn_kl,123,1,2019,2012,2019,2020,2019,aden,2.5540404319763184,8.0,-5.445959568023682,0.0
no_dyn_kl,123,1,2019,2012,2019,2020,2019,adoption,14.458439826965332,46.0,-19.541560173034668,12.0
no_dyn_kl,123,1,2019,2012,2019,2020,2019,adults,0.08593865483999252,0.0,0.08593865483999252,0.0
no_dyn_kl,123,1,2019,2012,2019,2020,2019,advanced,18.726778030395508,34.0,-15.273221969604492,0.0
no_dyn_kl,123,1,2019,2012,2019,2020,2019,advances,14.145292282104492,44.0,-17.854707717895508,12.0
no_dyn_kl,123,1,2019,2012,2019,2020,2019,advances in,6.9469523429870605,16.0,-9.05304765701294,0.0
no_dyn_kl,123,1,2019,2012,2019,2020,2019,advancing,1.4514635801315308,18.0,-7.548536419868469,9.0
no_dyn_kl,123,1,2019,2012,2019,2020,2019,advantages,0.08593865483999252,0.0,0.08593865483999252,0.0
no_dyn_kl,123,1,2019,2012,2019,2020,2019,advertising,3.0448689460754395,8.0,-6.9551310539245605,-2.0
no_dyn_kl,123,1,2019,2012,2019,2020,2019,africa,41.54054260253906,227.0,-177.45945739746094,8.0
no_dyn_kl,123,1,2019,2012,2019,2020,2019,african,8.804818153381348,60.0,-40.19518184661865,11.0
no_dyn_kl,123,1,2019,2012,2019,2020,2019,afterword,3.008707046508789,11.0,-7.991292953491211,0.0
no_dyn_kl,123,1,2019,2012,2019,2020,2019,against,4.516960144042969,18.0,-13.483039855957031,0.0
no_dyn_kl,123,1,2019,2012,2019,2020,2019,age of,28.218549728393555,178.0,-90.78145027160645,59.0
no_dyn_kl,123,1,2019,2012,2019,2020,2019,agencies,2.8037338256835938,18.0,-6.196266174316406,9.0
no_dyn_kl,123,1,2019,2012,2019,2020,2019,agenda,26.43874168395996,81.0,-25.56125831604004,29.0
no_dyn_kl,123,1,2019,2012,2019,2020,2019,agentic,0.08593865483999252,0.0,0.08593865483999252,0.0
no_dyn_kl,123,1,2019,2012,2019,2020,2019,agents,2.7793283462524414,32.0,-21.22067165374756,8.0
no_dyn_kl,123,1,2019,2012,2019,2020,2019,agricultural,9.982867240905762,29.0,-10.017132759094238,9.0
no_dyn_kl,123,1,2019,2012,2019,2020,2019,ai chatbot,0.08593865483999252,0.0,0.08593865483999252,0.0
no_dyn_kl,123,1,2019,2012,2019,2020,2019,ai in,1.0893601179122925,27.0,-7.9106398820877075,18.0
no_dyn_kl,123,1,2019,2012,2019,2020,2019,ai on,0.08593865483999252,0.0,0.08593865483999252,0.0
no_dyn_kl,123,1,2019,2012,2019,2020,2019,ai-driven,0.08593865483999252,0.0,0.08593865483999252,0.0
no_dyn_kl,123,1,2019,2012,2019,2020,2019,ai-enabled,0.08593865483999252,6.0,0.08593865483999252,6.0
no_dyn_kl,123,1,2019,2012,2019,2020,2019,ai-generated,0.08593865483999252,0.0,0.08593865483999252,0.0
no_dyn_kl,123,1,2019,2012,2019,2020,2019,ai-generated content,0.08593865483999252,0.0,0.08593865483999252,0.0
no_dyn_kl,123,1,2019,2012,2019,2020,2019,ai-powered,0.08593865483999252,0.0,0.08593865483999252,0.0
no_dyn_kl,123,1,2019,2012,2019,2020,2019,ai伦理,5.298677444458008,18.0,-1.7013225555419922,11.0
no_dyn_kl,123,1,2019,2012,2019,2020,2019,al jazeera,39.98119354248047,181.0,-131.01880645751953,10.0
no_dyn_kl,123,1,2019,2012,2019,2020,2019,al jazeera and,18.519906997680664,28.0,-18.480093002319336,-9.0
no_dyn_kl,123,1,2019,2012,2019,2020,2019,al jazeera english,0.08593865483999252,8.0,0.08593865483999252,8.0
no_dyn_kl,123,1,2019,2012,2019,2020,2019,al-jazeera,2.7565970420837402,33.0,-32.24340295791626,-2.0
no_dyn_kl,123,1,2019,2012,2019,2020,2019,aleppo,0.08593865483999252,0.0,0.08593865483999252,0.0
no_dyn_kl,123,1,2019,2012,2019,2020,2019,algorithmic,10.648737907409668,18.0,-4.351262092590332,3.0
no_dyn_kl,123,1,2019,2012,2019,2020,2019,algorithms,8.099081993103027,40.0,-6.900918006896973,25.0
no_dyn_kl,123,1,2019,2012,2019,2020,2019,alignment,6.789081573486328,9.0,-2.210918426513672,0.0
no_dyn_kl,123,1,2019,2012,2019,2020,2019,along,8.74593448638916,16.0,-7.25406551361084,0.0
no_dyn_kl,123,1,2019,2012,2019,2020,2019,along the silk,0.08593865483999252,0.0,0.08593865483999252,0.0
no_dyn_kl,123,1,2019,2012,2019,2020,2019,alternative,3.756479263305664,55.0,-33.243520736694336,18.0
no_dyn_kl,123,1,2019,2012,2019,2020,2019,america,25.068201065063477,165.0,-91.93179893493652,48.0
no_dyn_kl,123,1,2019,2012,2019,2020,2019,american,6.659769535064697,103.0,-82.3402304649353,14.0
no_dyn_kl,123,1,2019,2012,2019,2020,2019,an empirical,2.047869920730591,17.0,-15.95213007926941,-1.0
no_dyn_kl,123,1,2019,2012,2019,2020,2019,an empirical study,0.08593865483999252,0.0,0.08593865483999252,0.0
no_dyn_kl,123,1,2019,2012,2019,2020,2019,an example,6.051817893981934,8.0,-1.9481821060180664,0.0
no_dyn_kl,123,1,2019,2012,2019,2020,2019,an exploratory,12.629199981689453,32.0,-18.370800018310547,1.0
no_dyn_kl,123,1,2019,2012,2019,2020,2019,an exploratory study,12.629199981689453,32.0,-18.370800018310547,1.0
no_dyn_kl,123,1,2019,2012,2019,2020,2019,an immersive,2.2948405742645264,0.0,-4.705159425735474,-7.0
no_dyn_kl,123,1,2019,2012,2019,2020,2019,an integrated,0.08593865483999252,8.0,0.08593865483999252,8.0
no_dyn_kl,123,1,2019,2012,2019,2020,2019,an introduction,7.128250598907471,19.0,-6.871749401092529,5.0
no_dyn_kl,123,1,2019,2012,2019,2020,2019,an investigation,4.234321117401123,16.0,-11.765678882598877,0.0
no_dyn_kl,123,1,2019,2012,2019,2020,2019,an overview,1.1381157636642456,14.0,-7.861884236335754,5.0
no_dyn_kl,123,1,2019,2012,2019,2020,2019,an overview of,1.9918696880340576,14.0,-16.008130311965942,-4.0
no_dyn_kl,123,1,2019,2012,2019,2020,2019,analyses,2.318362236022949,18.0,-11.68163776397705,4.0
no_dyn_kl,123,1,2019,2012,2019,2020,2019,analytic hierarchy process,0.08593865483999252,0.0,0.08593865483999252,0.0
no_dyn_kl,123,1,2019,2012,2019,2020,2019,analytical,0.08593865483999252,0.0,0.08593865483999252,0.0
no_dyn_kl,123,1,2019,2012,2019,2020,2019,analytics,12.558225631713867,58.0,-32.44177436828613,13.0
no_dyn_kl,123,1,2019,2012,2019,2020,2019,analyzing,0.6070339679718018,5.0,-4.392966032028198,0.0
no_dyn_kl,123,1,2019,2012,2019,2020,2019,ancient,3.9025309085845947,66.0,-44.097469091415405,18.0
no_dyn_kl,123,1,2019,2012,2019,2020,2019,ancient city,0.08593865483999252,0.0,0.08593865483999252,0.0
no_dyn_kl,123,1,2019,2012,2019,2020,2019,and al jazeera,3.0700907707214355,36.0,-24.929909229278564,8.0
no_dyn_kl,123,1,2019,2012,2019,2020,2019,and disaster risk,4.5306010246276855,6.0,-1.4693989753723145,0.0
no_dyn_kl,123,1,2019,2012,2019,2020,2019,and future directions,4.234321117401123,25.0,-11.765678882598877,9.0
no_dyn_kl,123,1,2019,2012,2019,2020,2019,and generative ai,0.08593865483999252,0.0,0.08593865483999252,0.0
no_dyn_kl,123,1,2019,2012,2019,2020,2019,and nation branding,0.08593865483999252,0.0,0.08593865483999252,0.0
no_dyn_kl,123,1,2019,2012,2019,2020,2019,and place branding,2.5540404319763184,5.0,-5.445959568023682,-3.0
no_dyn_kl,123,1,2019,2012,2019,2020,2019,and the future,2.8037338256835938,9.0,-6.196266174316406,0.0
no_dyn_kl,123,1,2019,2012,2019,2020,2019,and the future of,2.8037338256835938,9.0,-6.196266174316406,0.0
no_dyn_kl,123,1,2019,2012,2019,2020,2019,and user-generated content,2.5540404319763184,8.0,-5.445959568023682,0.0
no_dyn_kl,123,1,2019,2012,2019,2020,2019,annual,5.298677444458008,7.0,-1.7013225555419922,0.0
no_dyn_kl,123,1,2019,2012,2019,2020,2019,answering,0.08593865483999252,0.0,0.08593865483999252,0.0
no_dyn_kl,123,1,2019,2012,2019,2020,2019,antecedents,12.305296897888184,34.0,-12.694703102111816,9.0
no_dyn_kl,123,1,2019,2012,2019,2020,2019,anxiety,5.298677444458008,11.0,-1.7013225555419922,4.0
no_dyn_kl,123,1,2019,2012,2019,2020,2019,applications,27.77616310119629,124.0,-75.22383689880371,21.0
no_dyn_kl,123,1,2019,2012,2019,2020,2019,applications in,21.14006805419922,62.0,-32.85993194580078,8.0
no_dyn_kl,123,1,2019,2012,2019,2020,2019,applications of,13.067830085754395,41.0,-12.932169914245605,15.0
no_dyn_kl,123,1,2019,2012,2019,2020,2019,applied,4.932016372680664,15.0,-14.067983627319336,-4.0
no_dyn_kl,123,3,2019,2012,2019,2022,2019,21st century,14.842164993286133,52.0,-17.157835006713867,20.0
no_dyn_kl,123,3,2019,2012,2019,2022,2019,3d laser,11.694023132324219,41.0,-26.30597686767578,3.0
no_dyn_kl,123,3,2019,2012,2019,2022,2019,3d laser scanning,9.324211120605469,41.0,-20.67578887939453,11.0
no_dyn_kl,123,3,2019,2012,2019,2022,2019,3d modeling,1.0391398668289185,0.0,-7.9608601331710815,-9.0
no_dyn_kl,123,3,2019,2012,2019,2022,2019,3d modelling,5.053720474243164,9.0,-3.946279525756836,0.0
no_dyn_kl,123,3,2019,2012,2019,2022,2019,3d models,6.427417278289795,29.0,-25.572582721710205,-3.0
no_dyn_kl,123,3,2019,2012,2019,2022,2019,3d printing,1.0964597463607788,40.0,-7.903540253639221,31.0
no_dyn_kl,123,3,2019,2012,2019,2022,2019,3d scanning,9.76999282836914,36.0,-20.23000717163086,6.0
no_dyn_kl,123,3,2019,2012,2019,2022,2019,abroad,10.754560470581055,17.0,-19.245439529418945,-13.0
no_dyn_kl,123,3,2019,2012,2019,2022,2019,acceptance,6.796665668487549,9.0,-30.20333433151245,-28.0
no_dyn_kl,123,3,2019,2012,2019,2022,2019,access,5.066926002502441,53.0,-58.93307399749756,-11.0
no_dyn_kl,123,3,2019,2012,2019,2022,2019,accessible,1.9552819728851318,12.0,-4.044718027114868,6.0
no_dyn_kl,123,3,2019,2012,2019,2022,2019,accuracy,0.17764912545681,6.0,0.17764912545681,6.0
no_dyn_kl,123,3,2019,2012,2019,2022,2019,accurate,2.8014676570892334,12.0,-7.198532342910767,2.0
no_dyn_kl,123,3,2019,2012,2019,2022,2019,achieving,1.5451138019561768,34.0,-12.454886198043823,20.0
no_dyn_kl,123,3,2019,2012,2019,2022,2019,acknowledgements,1.2983278036117554,6.0,-3.7016721963882446,1.0
no_dyn_kl,123,3,2019,2012,2019,2022,2019,acquisition,0.17764912545681,9.0,0.17764912545681,9.0
no_dyn_kl,123,3,2019,2012,2019,2022,2019,action,11.319747924804688,281.0,-245.6802520751953,24.0
no_dyn_kl,123,3,2019,2012,2019,2022,2019,activism,0.8081111907958984,15.0,-5.191888809204102,9.0
no_dyn_kl,123,3,2019,2012,2019,2022,2019,activities,14.731695175170898,40.0,-19.2683048248291,6.0
no_dyn_kl,123,3,2019,2012,2019,2022,2019,activity,16.380760192871094,29.0,-28.619239807128906,-16.0
no_dyn_kl,123,3,2019,2012,2019,2022,2019,adaptation,4.482637405395508,20.0,-21.517362594604492,-6.0
no_dyn_kl,123,3,2019,2012,2019,2022,2019,adaptive,11.024449348449707,18.0,-9.975550651550293,-3.0
no_dyn_kl,123,3,2019,2012,2019,2022,2019,addressing,2.699089288711548,8.0,-6.300910711288452,-1.0
no_dyn_kl,123,3,2019,2012,2019,2022,2019,aden,2.459383964538574,0.0,-5.540616035461426,-8.0
no_dyn_kl,123,3,2019,2012,2019,2022,2019,adoption,13.96825885772705,37.0,-20.03174114227295,3.0
no_dyn_kl,123,3,2019,2012,2019,2022,2019,adults,0.17764912545681,0.0,0.17764912545681,0.0
no_dyn_kl,123,3,2019,2012,2019,2022,2019,advanced,17.811147689819336,30.0,-16.188852310180664,-4.0
no_dyn_kl,123,3,2019,2012,2019,2022,2019,advances,13.725131034851074,49.0,-18.274868965148926,17.0
no_dyn_kl,123,3,2019,2012,2019,2022,2019,advances in,6.8392791748046875,20.0,-9.160720825195312,4.0
no_dyn_kl,123,3,2019,2012,2019,2022,2019,advancing,1.388656735420227,18.0,-7.611343264579773,9.0
no_dyn_kl,123,3,2019,2012,2019,2022,2019,advantages,0.17764912545681,0.0,0.17764912545681,0.0
no_dyn_kl,123,3,2019,2012,2019,2022,2019,advertising,2.931422710418701,32.0,-7.068577289581299,22.0
no_dyn_kl,123,3,2019,2012,2019,2022,2019,africa,34.741817474365234,242.0,-184.25818252563477,23.0
no_dyn_kl,123,3,2019,2012,2019,2022,2019,african,8.48880386352539,51.0,-40.51119613647461,2.0
no_dyn_kl,123,3,2019,2012,2019,2022,2019,afterword,2.8969945907592773,1.0,-8.103005409240723,-10.0
no_dyn_kl,123,3,2019,2012,2019,2022,2019,against,4.360384464263916,11.0,-13.639615535736084,-7.0
no_dyn_kl,123,3,2019,2012,2019,2022,2019,age of,25.349079132080078,143.0,-93.65092086791992,24.0
no_dyn_kl,123,3,2019,2012,2019,2022,2019,agencies,2.699089288711548,9.0,-6.300910711288452,0.0
no_dyn_kl,123,3,2019,2012,2019,2022,2019,agenda,24.133411407470703,149.0,-27.866588592529297,97.0
no_dyn_kl,123,3,2019,2012,2019,2022,2019,agentic,0.17764912545681,0.0,0.17764912545681,0.0
no_dyn_kl,123,3,2019,2012,2019,2022,2019,agents,2.5989716053009033,23.0,-21.401028394699097,-1.0
no_dyn_kl,123,3,2019,2012,2019,2022,2019,agricultural,9.81189250946045,30.0,-10.18810749053955,10.0
no_dyn_kl,123,3,2019,2012,2019,2022,2019,ai chatbot,0.17764912545681,7.0,0.17764912545681,7.0
no_dyn_kl,123,3,2019,2012,2019,2022,2019,ai in,1.0515053272247314,49.0,-7.9484946727752686,40.0
no_dyn_kl,123,3,2019,2012,2019,2022,2019,ai on,0.17764912545681,0.0,0.17764912545681,0.0
no_dyn_kl,123,3,2019,2012,2019,2022,2019,ai-driven,0.17764912545681,0.0,0.17764912545681,0.0
no_dyn_kl,123,3,2019,2012,2019,2022,2019,ai-enabled,0.17764912545681,6.0,0.17764912545681,6.0
no_dyn_kl,123,3,2019,2012,2019,2022,2019,ai-generated,0.17764912545681,16.0,0.17764912545681,16.0
no_dyn_kl,123,3,2019,2012,2019,2022,2019,ai-generated content,0.17764912545681,0.0,0.17764912545681,0.0
no_dyn_kl,123,3,2019,2012,2019,2022,2019,ai-powered,0.17764912545681,0.0,0.17764912545681,0.0
no_dyn_kl,123,3,2019,2012,2019,2022,2019,ai伦理,5.229982376098633,27.0,-1.7700176239013672,20.0
no_dyn_kl,123,3,2019,2012,2019,2022,2019,al jazeera,33.85659408569336,138.0,-137.14340591430664,-33.0
no_dyn_kl,123,3,2019,2012,2019,2022,2019,al jazeera and,17.647228240966797,26.0,-19.352771759033203,-11.0
no_dyn_kl,123,3,2019,2012,2019,2022,2019,al jazeera english,0.17764912545681,16.0,0.17764912545681,16.0
no_dyn_kl,123,3,2019,2012,2019,2022,2019,al-jazeera,2.574899196624756,17.0,-32.425100803375244,-18.0
no_dyn_kl,123,3,2019,2012,2019,2022,2019,aleppo,0.17764912545681,0.0,0.17764912545681,0.0
no_dyn_kl,123,3,2019,2012,2019,2022,2019,algorithmic,10.494970321655273,18.0,-4.505029678344727,3.0
no_dyn_kl,123,3,2019,2012,2019,2022,2019,algorithms,7.986243724822998,57.0,-7.013756275177002,42.0
no_dyn_kl,123,3,2019,2012,2019,2022,2019,alignment,6.719466686248779,15.0,-2.2805333137512207,6.0
no_dyn_kl,123,3,2019,2012,2019,2022,2019,along,8.631205558776855,32.0,-7.3687944412231445,16.0
no_dyn_kl,123,3,2019,2012,2019,2022,2019,along the silk,0.17764912545681,15.0,0.17764912545681,15.0
no_dyn_kl,123,3,2019,2012,2019,2022,2019,alternative,3.5145225524902344,48.0,-33.485477447509766,11.0
no_dyn_kl,123,3,2019,2012,2019,2022,2019,america,22.8648738861084,139.0,-94.1351261138916,22.0
no_dyn_kl,123,3,2019,2012,2019,2022,2019,american,6.278256893157959,55.0,-82.72174310684204,-34.0
no_dyn_kl,123,3,2019,2012,2019,2022,2019,an empirical,1.9192050695419312,24.0,-16.08079493045807,6.0
no_dyn_kl,123,3,2019,2012,2019,2022,2019,an empirical study,0.17764912545681,7.0,0.17764912545681,7.0
no_dyn_kl,123,3,2019,2012,2019,2022,2019,an example,5.983930587768555,22.0,-2.0160694122314453,14.0
no_dyn_kl,123,3,2019,2012,2019,2022,2019,an exploratory,12.29285717010498,49.0,-18.70714282989502,18.0
no_dyn_kl,123,3,2019,2012,2019,2022,2019,an exploratory study,12.29285717010498,49.0,-18.70714282989502,18.0
no_dyn_kl,123,3,2019,2012,2019,2022,2019,an immersive,2.2116854190826416,8.0,-4.788314580917358,1.0
no_dyn_kl,123,3,2019,2012,2019,2022,2019,an integrated,0.17764912545681,8.0,0.17764912545681,8.0
no_dyn_kl,123,3,2019,2012,2019,2022,2019,an introduction,7.0276336669921875,27.0,-6.9723663330078125,13.0
no_dyn_kl,123,3,2019,2012,2019,2022,2019,an investigation,4.085184097290039,0.0,-11.914815902709961,-16.0
no_dyn_kl,123,3,2019,2012,2019,2022,2019,an overview,1.0964597463607788,31.0,-7.903540253639221,22.0
no_dyn_kl,123,3,2019,2012,2019,2022,2019,an overview of,1.8680583238601685,31.0,-16.13194167613983,13.0
no_dyn_kl,123,3,2019,2012,2019,2022,2019,analyses,2.1936044692993164,13.0,-11.806395530700684,-1.0
no_dyn_kl,123,3,2019,2012,2019,2022,2019,analytic hierarchy process,0.17764912545681,0.0,0.17764912545681,0.0
no_dyn_kl,123,3,2019,2012,2019,2022,2019,analytical,0.17764912545681,0.0,0.17764912545681,0.0
no_dyn_kl,123,3,2019,2012,2019,2022,2019,analytics,12.150808334350586,37.0,-32.849191665649414,-8.0
no_dyn_kl,123,3,2019,2012,2019,2022,2019,analyzing,0.6269055604934692,20.0,-4.373094439506531,15.0
no_dyn_kl,123,3,2019,2012,2019,2022,2019,ancient,3.630049228668213,72.0,-44.36995077133179,24.0
no_dyn_kl,123,3,2019,2012,2019,2022,2019,ancient city,0.17764912545681,0.0,0.17764912545681,0.0
no_dyn_kl,123,3,2019,2012,2019,2022,2019,and al jazeera,2.8835058212280273,27.0,-25.116494178771973,-1.0
no_dyn_kl,123,3,2019,2012,2019,2022,2019,and disaster risk,4.460172176361084,6.0,-1.539827823638916,0.0
no_dyn_kl,123,3,2019,2012,2019,2022,2019,and future directions,4.085184097290039,25.0,-11.914815902709961,9.0
no_dyn_kl,123,3,2019,2012,2019,2022,2019,and generative ai,0.17764912545681,0.0,0.17764912545681,0.0
no_dyn_kl,123,3,2019,2012,2019,2022,2019,and nation branding,0.17764912545681,8.0,0.17764912545681,8.0
no_dyn_kl,123,3,2019,2012,2019,2022,2019,and place branding,2.459383964538574,13.0,-5.540616035461426,5.0
no_dyn_kl,123,3,2019,2012,2019,2022,2019,and the future,2.699089288711548,17.0,-6.300910711288452,8.0
no_dyn_kl,123,3,2019,2012,2019,2022,2019,and the future of,2.699089288711548,17.0,-6.300910711288452,8.0
no_dyn_kl,123,3,2019,2012,2019,2022,2019,and user-generated content,2.459383964538574,8.0,-5.540616035461426,0.0
no_dyn_kl,123,3,2019,2012,2019,2022,2019,annual,5.229982376098633,7.0,-1.7700176239013672,0.0
no_dyn_kl,123,3,2019,2012,2019,2022,2019,answering,0.17764912545681,8.0,0.17764912545681,8.0
no_dyn_kl,123,3,2019,2012,2019,2022,2019,antecedents,12.014264106750488,50.0,-12.985735893249512,25.0
no_dyn_kl,123,3,2019,2012,2019,2022,2019,anxiety,5.229982376098633,20.0,-1.7700176239013672,13.0
no_dyn_kl,123,3,2019,2012,2019,2022,2019,applications,25.054927825927734,209.0,-77.94507217407227,106.0
no_dyn_kl,123,3,2019,2012,2019,2022,2019,applications in,19.810400009155273,69.0,-34.18959999084473,15.0
no_dyn_kl,123,3,2019,2012,2019,2022,2019,applications of,12.741719245910645,49.0,-13.258280754089355,23.0
no_dyn_kl,123,3,2019,2012,2019,2022,2019,applied,4.763821125030518,31.0,-14.236178874969482,12.0
no_dyn_kl,123,5,2019,2012,2019,2024,2019,21st century,10.094082832336426,36.0,-21.905917167663574,4.0
no_dyn_kl,123,5,2019,2012,2019,2024,2019,3d laser,8.15415096282959,31.0,-29.84584903717041,-7.0
no_dyn_kl,123,5,2019,2012,2019,2024,2019,3d laser scanning,6.648303985595703,31.0,-23.351696014404297,1.0
no_dyn_kl,123,5,2019,2012,2019,2024,2019,3d modeling,0.9084904789924622,22.0,-8.091509521007538,13.0
no_dyn_kl,123,5,2019,2012,2019,2024,2019,3d modelling,3.7941465377807617,4.0,-5.205853462219238,-5.0
no_dyn_kl,123,5,2019,2012,2019,2024,2019,3d models,4.7069196701049805,13.0,-27.29308032989502,-19.0
no_dyn_kl,123,5,2019,2012,2019,2024,2019,3d printing,0.9510591626167297,50.0,-8.04894083738327,41.0
no_dyn_kl,123,5,2019,2012,2019,2024,2019,3d scanning,6.933590412139893,31.0,-23.066409587860107,1.0
no_dyn_kl,123,5,2019,2012,2019,2024,2019,abroad,7.555546283721924,18.0,-22.444453716278076,-12.0
no_dyn_kl,123,5,2019,2012,2019,2024,2019,acceptance,4.954014778137207,40.0,-32.04598522186279,3.0
no_dyn_kl,123,5,2019,2012,2019,2024,2019,access,3.7547495365142822,38.0,-60.24525046348572,-26.0
no_dyn_kl,123,5,2019,2012,2019,2024,2019,accessible,1.5914943218231201,12.0,-4.40850567817688,6.0
no_dyn_kl,123,5,2019,2012,2019,2024,2019,accuracy,0.2486996203660965,23.0,0.2486996203660965,23.0
no_dyn_kl,123,5,2019,2012,2019,2024,2019,accurate,2.201052188873291,12.0,-7.798947811126709,2.0
no_dyn_kl,123,5,2019,2012,2019,2024,2019,achieving,1.2812150716781616,47.0,-12.718784928321838,33.0
no_dyn_kl,123,5,2019,2012,2019,2024,2019,acknowledgements,1.111225962638855,5.0,-3.888774037361145,0.0
no_dyn_kl,123,5,2019,2012,2019,2024,2019,acquisition,0.2486996203660965,9.0,0.2486996203660965,9.0
no_dyn_kl,123,5,2019,2012,2019,2024,2019,action,7.8188066482543945,350.0,-249.1811933517456,93.0
no_dyn_kl,123,5,2019,2012,2019,2024,2019,activism,0.7358054518699646,15.0,-5.264194548130035,9.0
no_dyn_kl,123,5,2019,2012,2019,2024,2019,activities,10.021455764770508,52.0,-23.978544235229492,18.0
no_dyn_kl,123,5,2019,2012,2019,2024,2019,activity,10.996576309204102,37.0,-34.0034236907959,-8.0
no_dyn_kl,123,5,2019,2012,2019,2024,2019,adaptation,3.3739256858825684,29.0,-22.62607431411743,3.0
no_dyn_kl,123,5,2019,2012,2019,2024,2019,adaptive,7.734078884124756,18.0,-13.265921115875244,-3.0
no_dyn_kl,123,5,2019,2012,2019,2024,2019,addressing,2.1278398036956787,17.0,-6.872160196304321,8.0
no_dyn_kl,123,5,2019,2012,2019,2024,2019,aden,1.9559743404388428,1.0,-6.044025659561157,-7.0
no_dyn_kl,123,5,2019,2012,2019,2024,2019,adoption,9.552824974060059,53.0,-24.44717502593994,19.0
no_dyn_kl,123,5,2019,2012,2019,2024,2019,adults,0.2486996203660965,0.0,0.2486996203660965,0.0
no_dyn_kl,123,5,2019,2012,2019,2024,2019,advanced,11.850851058959961,23.0,-22.14914894104004,-11.0
no_dyn_kl,123,5,2019,2012,2019,2024,2019,advances,9.41271686553955,52.0,-22.58728313446045,20.0
no_dyn_kl,123,5,2019,2012,2019,2024,2019,advances in,5.005554676055908,31.0,-10.994445323944092,15.0
no_dyn_kl,123,5,2019,2012,2019,2024,2019,advancing,1.1693919897079468,40.0,-7.830608010292053,31.0
no_dyn_kl,123,5,2019,2012,2019,2024,2019,advantages,0.2486996203660965,26.0,0.2486996203660965,26.0
no_dyn_kl,123,5,2019,2012,2019,2024,2019,advertising,2.2936038970947266,50.0,-7.706396102905273,40.0
no_dyn_kl,123,5,2019,2012,2019,2024,2019,africa,20.857725143432617,242.0,-198.14227485656738,23.0
no_dyn_kl,123,5,2019,2012,2019,2024,2019,african,6.067709922790527,50.0,-42.93229007720947,1.0
no_dyn_kl,123,5,2019,2012,2019,2024,2019,afterword,2.2692291736602783,13.0,-8.730770826339722,2.0
no_dyn_kl,123,5,2019,2012,2019,2024,2019,against,3.297441005706787,18.0,-14.702558994293213,0.0
no_dyn_kl,123,5,2019,2012,2019,2024,2019,age of,16.03291130065918,130.0,-102.96708869934082,11.0
no_dyn_kl,123,5,2019,2012,2019,2024,2019,agencies,2.1278398036956787,17.0,-6.872160196304321,8.0
no_dyn_kl,123,5,2019,2012,2019,2024,2019,agenda,15.40404224395752,160.0,-36.59595775604248,108.0
no_dyn_kl,123,5,2019,2012,2019,2024,2019,agentic,0.2486996203660965,0.0,0.2486996203660965,0.0
no_dyn_kl,123,5,2019,2012,2019,2024,2019,agents,2.040592908859253,45.0,-21.959407091140747,21.0
no_dyn_kl,123,5,2019,2012,2019,2024,2019,agricultural,6.959444046020508,26.0,-13.040555953979492,6.0
no_dyn_kl,123,5,2019,2012,2019,2024,2019,ai chatbot,0.2486996203660965,41.0,0.2486996203660965,41.0
no_dyn_kl,123,5,2019,2012,2019,2024,2019,ai in,0.9172582626342773,157.0,-8.082741737365723,148.0
no_dyn_kl,123,5,2019,2012,2019,2024,2019,ai on,0.2486996203660965,15.0,0.2486996203660965,15.0
no_dyn_kl,123,5,2019,2012,2019,2024,2019,ai-driven,0.2486996203660965,30.0,0.2486996203660965,30.0
no_dyn_kl,123,5,2019,2012,2019,2024,2019,ai-enabled,0.2486996203660965,6.0,0.2486996203660965,6.0
no_dyn_kl,123,5,2019,2012,2019,2024,2019,ai-generated,0.2486996203660965,33.0,0.2486996203660965,33.0
no_dyn_kl,123,5,2019,2012,2019,2024,2019,ai-generated content,0.2486996203660965,24.0,0.2486996203660965,24.0
no_dyn_kl,123,5,2019,2012,2019,2024,2019,ai-powered,0.2486996203660965,8.0,0.2486996203660965,8.0
no_dyn_kl,123,5,2019,2012,2019,2024,2019,ai伦理,3.9175403118133545,20.0,-3.0824596881866455,13.0
no_dyn_kl,123,5,2019,2012,2019,2024,2019,al jazeera,20.445816040039062,48.0,-150.55418395996094,-123.0
no_dyn_kl,123,5,2019,2012,2019,2024,2019,al jazeera and,11.758493423461914,0.0,-25.241506576538086,-37.0
no_dyn_kl,123,5,2019,2012,2019,2024,2019,al jazeera english,0.2486996203660965,24.0,0.2486996203660965,24.0
no_dyn_kl,123,5,2019,2012,2019,2024,2019,al-jazeera,2.023030996322632,9.0,-32.97696900367737,-26.0
no_dyn_kl,123,5,2019,2012,2019,2024,2019,aleppo,0.2486996203660965,9.0,0.2486996203660965,9.0
no_dyn_kl,123,5,2019,2012,2019,2024,2019,algorithmic,7.405160903930664,3.0,-7.594839096069336,-12.0
no_dyn_kl,123,5,2019,2012,2019,2024,2019,algorithms,5.77103328704834,71.0,-9.22896671295166,56.0
no_dyn_kl,123,5,2019,2012,2019,2024,2019,alignment,4.931979656219482,6.0,-4.068020343780518,-3.0
no_dyn_kl,123,5,2019,2012,2019,2024,2019,along,6.197174072265625,52.0,-9.802825927734375,36.0
no_dyn_kl,123,5,2019,2012,2019,2024,2019,along the silk,0.2486996203660965,29.0,0.2486996203660965,29.0
no_dyn_kl,123,5,2019,2012,2019,2024,2019,alternative,2.6859545707702637,36.0,-34.314045429229736,-1.0
no_dyn_kl,123,5,2019,2012,2019,2024,2019,america,14.676618576049805,138.0,-102.3233814239502,21.0
no_dyn_kl,123,5,2019,2012,2019,2024,2019,american,4.578211784362793,57.0,-84.4217882156372,-32.0
no_dyn_kl,123,5,2019,2012,2019,2024,2019,an empirical,1.5527801513671875,15.0,-16.447219848632812,-3.0
no_dyn_kl,123,5,2019,2012,2019,2024,2019,an empirical study,0.2486996203660965,7.0,0.2486996203660965,7.0
no_dyn_kl,123,5,2019,2012,2019,2024,2019,an example,4.433959007263184,29.0,-3.5660409927368164,21.0
no_dyn_kl,123,5,2019,2012,2019,2024,2019,an exploratory,8.523709297180176,26.0,-22.476290702819824,-5.0
no_dyn_kl,123,5,2019,2012,2019,2024,2019,an exploratory study,8.523709297180176,26.0,-22.476290702819824,-5.0
no_dyn_kl,123,5,2019,2012,2019,2024,2019,an immersive,1.7774245738983154,8.0,-5.222575426101685,1.0
no_dyn_kl,123,5,2019,2012,2019,2024,2019,an integrated,0.2486996203660965,16.0,0.2486996203660965,16.0
no_dyn_kl,123,5,2019,2012,2019,2024,2019,an introduction,5.133464813232422,28.0,-8.866535186767578,14.0
no_dyn_kl,123,5,2019,2012,2019,2024,2019,an investigation,3.1060667037963867,7.0,-12.893933296203613,-9.0
no_dyn_kl,123,5,2019,2012,2019,2024,2019,an overview,0.9510591626167297,76.0,-8.04894083738327,67.0
no_dyn_kl,123,5,2019,2012,2019,2024,2019,an overview of,1.5158530473709106,67.0,-16.48414695262909,49.0
no_dyn_kl,123,5,2019,2012,2019,2024,2019,analyses,1.7557379007339478,13.0,-12.244262099266052,-1.0
no_dyn_kl,123,5,2019,2012,2019,2024,2019,analytic hierarchy process,0.2486996203660965,0.0,0.2486996203660965,0.0
no_dyn_kl,123,5,2019,2012,2019,2024,2019,analytical,0.2486996203660965,32.0,0.2486996203660965,32.0
no_dyn_kl,123,5,2019,2012,2019,2024,2019,analytics,8.421636581420898,45.0,-36.5783634185791,0.0
no_dyn_kl,123,5,2019,2012,2019,2024,2019,analyzing,0.5977823734283447,53.0,-4.402217626571655,48.0
no_dyn_kl,123,5,2019,2012,2019,2024,2019,ancient,2.762491464614868,76.0,-45.23750853538513,28.0
no_dyn_kl,123,5,2019,2012,2019,2024,2019,ancient city,0.2486996203660965,17.0,0.2486996203660965,17.0
no_dyn_kl,123,5,2019,2012,2019,2024,2019,and al jazeera,2.2450807094573975,16.0,-25.754919290542603,-12.0
no_dyn_kl,123,5,2019,2012,2019,2024,2019,and disaster risk,3.383826971054077,38.0,-2.616173028945923,32.0
no_dyn_kl,123,5,2019,2012,2019,2024,2019,and future directions,3.1060667037963867,43.0,-12.893933296203613,27.0
no_dyn_kl,123,5,2019,2012,2019,2024,2019,and generative ai,0.2486996203660965,25.0,0.2486996203660965,25.0
no_dyn_kl,123,5,2019,2012,2019,2024,2019,and nation branding,0.2486996203660965,8.0,0.2486996203660965,8.0
no_dyn_kl,123,5,2019,2012,2019,2024,2019,and place branding,1.9559743404388428,13.0,-6.044025659561157,5.0
no_dyn_kl,123,5,2019,2012,2019,2024,2019,and the future,2.1278398036956787,31.0,-6.872160196304321,22.0
no_dyn_kl,123,5,2019,2012,2019,2024,2019,and the future of,2.1278398036956787,31.0,-6.872160196304321,22.0
no_dyn_kl,123,5,2019,2012,2019,2024,2019,and user-generated content,1.9559743404388428,16.0,-6.044025659561157,8.0
no_dyn_kl,123,5,2019,2012,2019,2024,2019,annual,3.9175403118133545,16.0,-3.0824596881866455,9.0
no_dyn_kl,123,5,2019,2012,2019,2024,2019,answering,0.2486996203660965,8.0,0.2486996203660965,8.0
no_dyn_kl,123,5,2019,2012,2019,2024,2019,antecedents,8.354433059692383,25.0,-16.645566940307617,0.0
no_dyn_kl,123,5,2019,2012,2019,2024,2019,anxiety,3.9175403118133545,19.0,-3.0824596881866455,12.0
no_dyn_kl,123,5,2019,2012,2019,2024,2019,applications,15.882514953613281,167.0,-87.11748504638672,64.0
no_dyn_kl,123,5,2019,2012,2019,2024,2019,applications in,12.99231243133545,49.0,-41.00768756866455,-5.0
no_dyn_kl,123,5,2019,2012,2019,2024,2019,applications of,8.809786796569824,45.0,-17.190213203430176,19.0
no_dyn_kl,123,5,2019,2012,2019,2024,2019,applied,3.5761451721191406,52.0,-15.42385482788086,33.0
no_dyn_kl,2026,1,2019,2012,2019,2020,2019,21st century,17.088912963867188,44.0,-14.911087036132812,12.0
no_dyn_kl,2026,1,2019,2012,2019,2020,2019,3d laser,13.57831859588623,46.0,-24.42168140411377,8.0
no_dyn_kl,2026,1,2019,2012,2019,2020,2019,3d laser scanning,10.969857215881348,38.0,-19.030142784118652,8.0
no_dyn_kl,2026,1,2019,2012,2019,2020,2019,3d modeling,1.2364743947982788,3.0,-7.763525605201721,-6.0
no_dyn_kl,2026,1,2019,2012,2019,2020,2019,3d modelling,5.687922954559326,9.0,-3.312077045440674,0.0
no_dyn_kl,2026,1,2019,2012,2019,2020,2019,3d models,7.435127258300781,32.0,-24.56487274169922,0.0
no_dyn_kl,2026,1,2019,2012,2019,2020,2019,3d printing,1.3064595460891724,17.0,-7.693540453910828,8.0
no_dyn_kl,2026,1,2019,2012,2019,2020,2019,3d scanning,11.346879959106445,39.0,-18.653120040893555,9.0
no_dyn_kl,2026,1,2019,2012,2019,2020,2019,abroad,12.117362022399902,8.0,-17.882637977600098,-22.0
no_dyn_kl,2026,1,2019,2012,2019,2020,2019,acceptance,7.908035755157471,22.0,-29.09196424484253,-15.0
no_dyn_kl,2026,1,2019,2012,2019,2020,2019,access,6.513448715209961,64.0,-57.48655128479004,0.0
no_dyn_kl,2026,1,2019,2012,2019,2020,2019,accessible,2.1925158500671387,6.0,-3.8074841499328613,0.0
no_dyn_kl,2026,1,2019,2012,2019,2020,2019,accuracy,0.10986189544200897,0.0,0.10986189544200897,0.0
no_dyn_kl,2026,1,2019,2012,2019,2020,2019,accurate,3.211077928543091,10.0,-6.788922071456909,0.0
no_dyn_kl,2026,1,2019,2012,2019,2020,2019,achieving,1.9042387008666992,39.0,-12.0957612991333,25.0
no_dyn_kl,2026,1,2019,2012,2019,2020,2019,acknowledgements,1.423946738243103,5.0,-3.576053261756897,0.0
no_dyn_kl,2026,1,2019,2012,2019,2020,2019,acquisition,0.10986189544200897,0.0,0.10986189544200897,0.0
no_dyn_kl,2026,1,2019,2012,2019,2020,2019,action,14.610635757446289,263.0,-242.3893642425537,6.0
no_dyn_kl,2026,1,2019,2012,2019,2020,2019,activism,0.9225356578826904,10.0,-5.07746434211731,4.0
no_dyn_kl,2026,1,2019,2012,2019,2020,2019,activities,16.71992301940918,47.0,-17.28007698059082,13.0
no_dyn_kl,2026,1,2019,2012,2019,2020,2019,activity,18.396181106567383,37.0,-26.603818893432617,-8.0
no_dyn_kl,2026,1,2019,2012,2019,2020,2019,adaptation,5.323156356811523,24.0,-20.676843643188477,-2.0
no_dyn_kl,2026,1,2019,2012,2019,2020,2019,adaptive,12.368226051330566,12.0,-8.631773948669434,-9.0
no_dyn_kl,2026,1,2019,2012,2019,2020,2019,addressing,3.074880599975586,9.0,-5.925119400024414,0.0
no_dyn_kl,2026,1,2019,2012,2019,2020,2019,aden,2.7915210723876953,8.0,-5.208478927612305,0.0
no_dyn_kl,2026,1,2019,2012,2019,2020,2019,adoption,15.622590065002441,46.0,-18.37740993499756,12.0
no_dyn_kl,2026,1,2019,2012,2019,2020,2019,adults,0.10986189544200897,0.0,0.10986189544200897,0.0
no_dyn_kl,2026,1,2019,2012,2019,2020,2019,advanced,20.500303268432617,34.0,-13.499696731567383,0.0
no_dyn_kl,2026,1,2019,2012,2019,2020,2019,advances,15.660874366760254,44.0,-16.339125633239746,12.0
no_dyn_kl,2026,1,2019,2012,2019,2020,2019,advances in,7.729357719421387,16.0,-8.270642280578613,0.0
no_dyn_kl,2026,1,2019,2012,2019,2020,2019,advancing,1.6401162147521973,18.0,-7.359883785247803,9.0
no_dyn_kl,2026,1,2019,2012,2019,2020,2019,advantages,0.10986189544200897,0.0,0.10986189544200897,0.0
no_dyn_kl,2026,1,2019,2012,2019,2020,2019,advertising,3.3485260009765625,8.0,-6.6514739990234375,-2.0
no_dyn_kl,2026,1,2019,2012,2019,2020,2019,africa,41.889015197753906,227.0,-177.1109848022461,8.0
no_dyn_kl,2026,1,2019,2012,2019,2020,2019,african,9.773038864135742,60.0,-39.22696113586426,11.0
no_dyn_kl,2026,1,2019,2012,2019,2020,2019,afterword,3.3395962715148926,11.0,-7.660403728485107,0.0
no_dyn_kl,2026,1,2019,2012,2019,2020,2019,against,5.04226541519165,18.0,-12.95773458480835,0.0
no_dyn_kl,2026,1,2019,2012,2019,2020,2019,age of,29.52827262878418,178.0,-89.47172737121582,59.0
no_dyn_kl,2026,1,2019,2012,2019,2020,2019,agencies,3.074880599975586,18.0,-5.925119400024414,9.0
no_dyn_kl,2026,1,2019,2012,2019,2020,2019,agenda,28.60606575012207,81.0,-23.39393424987793,29.0
no_dyn_kl,2026,1,2019,2012,2019,2020,2019,agentic,0.10986189544200897,0.0,0.10986189544200897,0.0
no_dyn_kl,2026,1,2019,2012,2019,2020,2019,agents,3.269595146179199,32.0,-20.7304048538208,8.0
no_dyn_kl,2026,1,2019,2012,2019,2020,2019,agricultural,11.005990028381348,29.0,-8.994009971618652,9.0
no_dyn_kl,2026,1,2019,2012,2019,2020,2019,ai chatbot,0.10986189544200897,0.0,0.10986189544200897,0.0
no_dyn_kl,2026,1,2019,2012,2019,2020,2019,ai in,1.2543392181396484,27.0,-7.745660781860352,18.0
no_dyn_kl,2026,1,2019,2012,2019,2020,2019,ai on,0.10986189544200897,0.0,0.10986189544200897,0.0
no_dyn_kl,2026,1,2019,2012,2019,2020,2019,ai-driven,0.10986189544200897,0.0,0.10986189544200897,0.0
no_dyn_kl,2026,1,2019,2012,2019,2020,2019,ai-enabled,0.10986189544200897,6.0,0.10986189544200897,6.0
no_dyn_kl,2026,1,2019,2012,2019,2020,2019,ai-generated,0.10986189544200897,0.0,0.10986189544200897,0.0
no_dyn_kl,2026,1,2019,2012,2019,2020,2019,ai-generated content,0.10986189544200897,0.0,0.10986189544200897,0.0
no_dyn_kl,2026,1,2019,2012,2019,2020,2019,ai-powered,0.10986189544200897,0.0,0.10986189544200897,0.0
no_dyn_kl,2026,1,2019,2012,2019,2020,2019,ai伦理,5.843667984008789,18.0,-1.156332015991211,11.0
no_dyn_kl,2026,1,2019,2012,2019,2020,2019,al jazeera,42.385658264160156,181.0,-128.61434173583984,10.0
no_dyn_kl,2026,1,2019,2012,2019,2020,2019,al jazeera and,20.59903335571289,28.0,-16.40096664428711,-9.0
no_dyn_kl,2026,1,2019,2012,2019,2020,2019,al jazeera english,0.10986189544200897,8.0,0.10986189544200897,8.0
no_dyn_kl,2026,1,2019,2012,2019,2020,2019,al-jazeera,3.346112012863159,33.0,-31.65388798713684,-2.0
no_dyn_kl,2026,1,2019,2012,2019,2020,2019,aleppo,0.10986189544200897,0.0,0.10986189544200897,0.0
no_dyn_kl,2026,1,2019,2012,2019,2020,2019,algorithmic,11.86623477935791,18.0,-3.13376522064209,3.0
no_dyn_kl,2026,1,2019,2012,2019,2020,2019,algorithms,8.94198989868164,40.0,-6.058010101318359,25.0
no_dyn_kl,2026,1,2019,2012,2019,2020,2019,alignment,7.524570941925049,9.0,-1.4754290580749512,0.0
no_dyn_kl,2026,1,2019,2012,2019,2020,2019,along,9.734272956848145,16.0,-6.2657270431518555,0.0
no_dyn_kl,2026,1,2019,2012,2019,2020,2019,along the silk,0.10986189544200897,0.0,0.10986189544200897,0.0
no_dyn_kl,2026,1,2019,2012,2019,2020,2019,alternative,4.475940704345703,55.0,-32.5240592956543,18.0
no_dyn_kl,2026,1,2019,2012,2019,2020,2019,america,26.319316864013672,165.0,-90.68068313598633,48.0
no_dyn_kl,2026,1,2019,2012,2019,2020,2019,american,8.041828155517578,103.0,-80.95817184448242,14.0
no_dyn_kl,2026,1,2019,2012,2019,2020,2019,an empirical,2.3989973068237305,17.0,-15.60100269317627,-1.0
no_dyn_kl,2026,1,2019,2012,2019,2020,2019,an empirical study,0.10986189544200897,0.0,0.10986189544200897,0.0
no_dyn_kl,2026,1,2019,2012,2019,2020,2019,an example,6.693830966949463,8.0,-1.306169033050537,0.0
no_dyn_kl,2026,1,2019,2012,2019,2020,2019,an exploratory,13.81932258605957,32.0,-17.18067741394043,1.0
no_dyn_kl,2026,1,2019,2012,2019,2020,2019,an exploratory study,13.81932258605957,32.0,-17.18067741394043,1.0
no_dyn_kl,2026,1,2019,2012,2019,2020,2019,an immersive,2.4976744651794434,0.0,-4.502325534820557,-7.0
no_dyn_kl,2026,1,2019,2012,2019,2020,2019,an integrated,0.10986189544200897,8.0,0.10986189544200897,8.0
no_dyn_kl,2026,1,2019,2012,2019,2020,2019,an introduction,7.894073963165283,19.0,-6.105926036834717,5.0
no_dyn_kl,2026,1,2019,2012,2019,2020,2019,an investigation,4.708887577056885,16.0,-11.291112422943115,0.0
no_dyn_kl,2026,1,2019,2012,2019,2020,2019,an overview,1.3064595460891724,14.0,-7.693540453910828,5.0
no_dyn_kl,2026,1,2019,2012,2019,2020,2019,an overview of,2.3370206356048584,14.0,-15.662979364395142,-4.0
no_dyn_kl,2026,1,2019,2012,2019,2020,2019,analyses,2.6421196460723877,18.0,-11.357880353927612,4.0
no_dyn_kl,2026,1,2019,2012,2019,2020,2019,analytic hierarchy process,0.10986189544200897,0.0,0.10986189544200897,0.0
no_dyn_kl,2026,1,2019,2012,2019,2020,2019,analytical,0.10986189544200897,0.0,0.10986189544200897,0.0
no_dyn_kl,2026,1,2019,2012,2019,2020,2019,analytics,13.62044620513916,58.0,-31.37955379486084,13.0
no_dyn_kl,2026,1,2019,2012,2019,2020,2019,analyzing,0.6991109251976013,5.0,-4.300889074802399,0.0
no_dyn_kl,2026,1,2019,2012,2019,2020,2019,ancient,4.7346882820129395,66.0,-43.26531171798706,18.0
no_dyn_kl,2026,1,2019,2012,2019,2020,2019,ancient city,0.10986189544200897,0.0,0.10986189544200897,0.0
no_dyn_kl,2026,1,2019,2012,2019,2020,2019,and al jazeera,3.6361501216888428,36.0,-24.363849878311157,8.0
no_dyn_kl,2026,1,2019,2012,2019,2020,2019,and disaster risk,4.975986957550049,6.0,-1.0240130424499512,0.0
no_dyn_kl,2026,1,2019,2012,2019,2020,2019,and future directions,4.708887577056885,25.0,-11.291112422943115,9.0
no_dyn_kl,2026,1,2019,2012,2019,2020,2019,and generative ai,0.10986189544200897,0.0,0.10986189544200897,0.0
no_dyn_kl,2026,1,2019,2012,2019,2020,2019,and nation branding,0.10986189544200897,0.0,0.10986189544200897,0.0
no_dyn_kl,2026,1,2019,2012,2019,2020,2019,and place branding,2.7915210723876953,5.0,-5.208478927612305,-3.0
no_dyn_kl,2026,1,2019,2012,2019,2020,2019,and the future,3.074880599975586,9.0,-5.925119400024414,0.0
no_dyn_kl,2026,1,2019,2012,2019,2020,2019,and the future of,3.074880599975586,9.0,-5.925119400024414,0.0
no_dyn_kl,2026,1,2019,2012,2019,2020,2019,and user-generated content,2.7915210723876953,8.0,-5.208478927612305,0.0
no_dyn_kl,2026,1,2019,2012,2019,2020,2019,annual,5.843667984008789,7.0,-1.156332015991211,0.0
no_dyn_kl,2026,1,2019,2012,2019,2020,2019,answering,0.10986189544200897,0.0,0.10986189544200897,0.0
no_dyn_kl,2026,1,2019,2012,2019,2020,2019,antecedents,13.496722221374512,34.0,-11.503277778625488,9.0
no_dyn_kl,2026,1,2019,2012,2019,2020,2019,anxiety,5.843667984008789,11.0,-1.156332015991211,4.0
no_dyn_kl,2026,1,2019,2012,2019,2020,2019,applications,29.385345458984375,124.0,-73.61465454101562,21.0
no_dyn_kl,2026,1,2019,2012,2019,2020,2019,applications in,22.881282806396484,62.0,-31.118717193603516,8.0
no_dyn_kl,2026,1,2019,2012,2019,2020,2019,applications of,14.458727836608887,41.0,-11.541272163391113,15.0
no_dyn_kl,2026,1,2019,2012,2019,2020,2019,applied,5.473137855529785,15.0,-13.526862144470215,-4.0
no_dyn_kl,2026,3,2019,2012,2019,2022,2019,21st century,22.460407257080078,52.0,-9.539592742919922,20.0
no_dyn_kl,2026,3,2019,2012,2019,2022,2019,3d laser,17.768808364868164,41.0,-20.231191635131836,3.0
no_dyn_kl,2026,3,2019,2012,2019,2022,2019,3d laser scanning,14.252422332763672,41.0,-15.747577667236328,11.0
no_dyn_kl,2026,3,2019,2012,2019,2022,2019,3d modeling,1.326075553894043,0.0,-7.673924446105957,-9.0
no_dyn_kl,2026,3,2019,2012,2019,2022,2019,3d modelling,6.997692584991455,9.0,-2.002307415008545,0.0
no_dyn_kl,2026,3,2019,2012,2019,2022,2019,3d models,9.254785537719727,29.0,-22.745214462280273,-3.0
no_dyn_kl,2026,3,2019,2012,2019,2022,2019,3d printing,1.401242971420288,40.0,-7.598757028579712,31.0
no_dyn_kl,2026,3,2019,2012,2019,2022,2019,3d scanning,14.753535270690918,36.0,-15.246464729309082,6.0
no_dyn_kl,2026,3,2019,2012,2019,2022,2019,abroad,15.76356315612793,17.0,-14.23643684387207,-13.0
no_dyn_kl,2026,3,2019,2012,2019,2022,2019,acceptance,9.89377212524414,9.0,-27.10622787475586,-28.0
no_dyn_kl,2026,3,2019,2012,2019,2022,2019,access,7.855270862579346,53.0,-56.144729137420654,-11.0
no_dyn_kl,2026,3,2019,2012,2019,2022,2019,accessible,2.439789295196533,12.0,-3.560210704803467,6.0
no_dyn_kl,2026,3,2019,2012,2019,2022,2019,accuracy,0.1995743066072464,6.0,0.1995743066072464,6.0
no_dyn_kl,2026,3,2019,2012,2019,2022,2019,accurate,3.6842782497406006,12.0,-6.315721750259399,2.0
no_dyn_kl,2026,3,2019,2012,2019,2022,2019,achieving,2.0637171268463135,34.0,-11.936282873153687,20.0
no_dyn_kl,2026,3,2019,2012,2019,2022,2019,acknowledgements,1.5621381998062134,6.0,-3.4378618001937866,1.0
no_dyn_kl,2026,3,2019,2012,2019,2022,2019,acquisition,0.1995743066072464,9.0,0.1995743066072464,9.0
no_dyn_kl,2026,3,2019,2012,2019,2022,2019,action,18.491552352905273,281.0,-238.50844764709473,24.0
no_dyn_kl,2026,3,2019,2012,2019,2022,2019,activism,0.9969421029090881,15.0,-5.003057897090912,9.0
no_dyn_kl,2026,3,2019,2012,2019,2022,2019,activities,21.94075584411621,40.0,-12.059244155883789,6.0
no_dyn_kl,2026,3,2019,2012,2019,2022,2019,activity,24.05493927001953,29.0,-20.94506072998047,-16.0
no_dyn_kl,2026,3,2019,2012,2019,2022,2019,adaptation,6.383296012878418,20.0,-19.616703987121582,-6.0
no_dyn_kl,2026,3,2019,2012,2019,2022,2019,adaptive,16.151226043701172,18.0,-4.848773956298828,-3.0
no_dyn_kl,2026,3,2019,2012,2019,2022,2019,addressing,3.514004707336426,8.0,-5.485995292663574,-1.0
no_dyn_kl,2026,3,2019,2012,2019,2022,2019,aden,3.1633353233337402,0.0,-4.83666467666626,-8.0
no_dyn_kl,2026,3,2019,2012,2019,2022,2019,adoption,20.46331024169922,37.0,-13.536689758300781,3.0
no_dyn_kl,2026,3,2019,2012,2019,2022,2019,adults,0.1995743066072464,0.0,0.1995743066072464,0.0
no_dyn_kl,2026,3,2019,2012,2019,2022,2019,advanced,26.832199096679688,30.0,-7.1678009033203125,-4.0
no_dyn_kl,2026,3,2019,2012,2019,2022,2019,advances,20.561492919921875,49.0,-11.438507080078125,17.0
no_dyn_kl,2026,3,2019,2012,2019,2022,2019,advances in,9.772283554077148,20.0,-6.227716445922852,4.0
no_dyn_kl,2026,3,2019,2012,2019,2022,2019,advancing,1.775769829750061,18.0,-7.224230170249939,9.0
no_dyn_kl,2026,3,2019,2012,2019,2022,2019,advantages,0.1995743066072464,0.0,0.1995743066072464,0.0
no_dyn_kl,2026,3,2019,2012,2019,2022,2019,advertising,3.857008218765259,32.0,-6.142991781234741,22.0
no_dyn_kl,2026,3,2019,2012,2019,2022,2019,africa,50.64221954345703,242.0,-168.35778045654297,23.0
no_dyn_kl,2026,3,2019,2012,2019,2022,2019,african,12.410293579101562,51.0,-36.58970642089844,2.0
no_dyn_kl,2026,3,2019,2012,2019,2022,2019,afterword,3.8458704948425293,1.0,-7.154129505157471,-10.0
no_dyn_kl,2026,3,2019,2012,2019,2022,2019,against,6.050017356872559,11.0,-11.949982643127441,-7.0
no_dyn_kl,2026,3,2019,2012,2019,2022,2019,age of,37.464202880859375,143.0,-81.53579711914062,24.0
no_dyn_kl,2026,3,2019,2012,2019,2022,2019,agencies,3.514004707336426,9.0,-5.485995292663574,0.0
no_dyn_kl,2026,3,2019,2012,2019,2022,2019,agenda,36.609588623046875,149.0,-15.390411376953125,97.0
no_dyn_kl,2026,3,2019,2012,2019,2022,2019,agentic,0.1995743066072464,0.0,0.1995743066072464,0.0
no_dyn_kl,2026,3,2019,2012,2019,2022,2019,agents,3.689800977706909,23.0,-20.31019902229309,-1.0
no_dyn_kl,2026,3,2019,2012,2019,2022,2019,agricultural,14.286476135253906,30.0,-5.713523864746094,10.0
no_dyn_kl,2026,3,2019,2012,2019,2022,2019,ai chatbot,0.1995743066072464,7.0,0.1995743066072464,7.0
no_dyn_kl,2026,3,2019,2012,2019,2022,2019,ai in,1.343998670578003,49.0,-7.656001329421997,40.0
no_dyn_kl,2026,3,2019,2012,2019,2022,2019,ai on,0.1995743066072464,0.0,0.1995743066072464,0.0
no_dyn_kl,2026,3,2019,2012,2019,2022,2019,ai-driven,0.1995743066072464,0.0,0.1995743066072464,0.0
no_dyn_kl,2026,3,2019,2012,2019,2022,2019,ai-enabled,0.1995743066072464,6.0,0.1995743066072464,6.0
no_dyn_kl,2026,3,2019,2012,2019,2022,2019,ai-generated,0.1995743066072464,16.0,0.1995743066072464,16.0
no_dyn_kl,2026,3,2019,2012,2019,2022,2019,ai-generated content,0.1995743066072464,0.0,0.1995743066072464,0.0
no_dyn_kl,2026,3,2019,2012,2019,2022,2019,ai-powered,0.1995743066072464,0.0,0.1995743066072464,0.0
no_dyn_kl,2026,3,2019,2012,2019,2022,2019,ai伦理,7.219600677490234,27.0,0.21960067749023438,20.0
no_dyn_kl,2026,3,2019,2012,2019,2022,2019,al jazeera,51.33596420288086,138.0,-119.66403579711914,-33.0
no_dyn_kl,2026,3,2019,2012,2019,2022,2019,al jazeera and,26.974824905395508,26.0,-10.025175094604492,-11.0
no_dyn_kl,2026,3,2019,2012,2019,2022,2019,al jazeera english,0.1995743066072464,16.0,0.1995743066072464,16.0
no_dyn_kl,2026,3,2019,2012,2019,2022,2019,al-jazeera,3.7800657749176025,17.0,-31.219934225082397,-18.0
no_dyn_kl,2026,3,2019,2012,2019,2022,2019,aleppo,0.1995743066072464,0.0,0.1995743066072464,0.0
no_dyn_kl,2026,3,2019,2012,2019,2022,2019,algorithmic,15.512657165527344,18.0,0.5126571655273438,3.0
no_dyn_kl,2026,3,2019,2012,2019,2022,2019,algorithms,11.455828666687012,57.0,-3.5441713333129883,42.0
no_dyn_kl,2026,3,2019,2012,2019,2022,2019,alignment,9.529607772827148,15.0,0.5296077728271484,6.0
no_dyn_kl,2026,3,2019,2012,2019,2022,2019,along,12.560449600219727,32.0,-3.4395503997802734,16.0
no_dyn_kl,2026,3,2019,2012,2019,2022,2019,along the silk,0.1995743066072464,15.0,0.1995743066072464,15.0
no_dyn_kl,2026,3,2019,2012,2019,2022,2019,alternative,5.208019256591797,48.0,-31.791980743408203,11.0
no_dyn_kl,2026,3,2019,2012,2019,2022,2019,america,33.70136260986328,139.0,-83.29863739013672,22.0
no_dyn_kl,2026,3,2019,2012,2019,2022,2019,american,9.914176940917969,55.0,-79.08582305908203,-34.0
no_dyn_kl,2026,3,2019,2012,2019,2022,2019,an empirical,2.636397361755371,24.0,-15.363602638244629,6.0
no_dyn_kl,2026,3,2019,2012,2019,2022,2019,an empirical study,0.1995743066072464,7.0,0.1995743066072464,7.0
no_dyn_kl,2026,3,2019,2012,2019,2022,2019,an example,8.384450912475586,22.0,0.38445091247558594,14.0
no_dyn_kl,2026,3,2019,2012,2019,2022,2019,an exploratory,18.072120666503906,49.0,-12.927879333496094,18.0
no_dyn_kl,2026,3,2019,2012,2019,2022,2019,an exploratory study,18.072120666503906,49.0,-12.927879333496094,18.0
no_dyn_kl,2026,3,2019,2012,2019,2022,2019,an immersive,2.805140972137451,8.0,-4.194859027862549,1.0
no_dyn_kl,2026,3,2019,2012,2019,2022,2019,an integrated,0.1995743066072464,8.0,0.1995743066072464,8.0
no_dyn_kl,2026,3,2019,2012,2019,2022,2019,an introduction,10.008923530578613,27.0,-3.9910764694213867,13.0
no_dyn_kl,2026,3,2019,2012,2019,2022,2019,an investigation,5.610923767089844,0.0,-10.389076232910156,-16.0
no_dyn_kl,2026,3,2019,2012,2019,2022,2019,an overview,1.401242971420288,31.0,-7.598757028579712,22.0
no_dyn_kl,2026,3,2019,2012,2019,2022,2019,an overview of,2.5635898113250732,31.0,-15.436410188674927,13.0
no_dyn_kl,2026,3,2019,2012,2019,2022,2019,analyses,2.946141004562378,13.0,-11.053858995437622,-1.0
no_dyn_kl,2026,3,2019,2012,2019,2022,2019,analytic hierarchy process,0.1995743066072464,0.0,0.1995743066072464,0.0
no_dyn_kl,2026,3,2019,2012,2019,2022,2019,analytical,0.1995743066072464,0.0,0.1995743066072464,0.0
no_dyn_kl,2026,3,2019,2012,2019,2022,2019,analytics,17.723609924316406,37.0,-27.276390075683594,-8.0
no_dyn_kl,2026,3,2019,2012,2019,2022,2019,analyzing,0.767569899559021,20.0,-4.232430100440979,15.0
no_dyn_kl,2026,3,2019,2012,2019,2022,2019,ancient,5.519623756408691,72.0,-42.48037624359131,24.0
no_dyn_kl,2026,3,2019,2012,2019,2022,2019,ancient city,0.1995743066072464,0.0,0.1995743066072464,0.0
no_dyn_kl,2026,3,2019,2012,2019,2022,2019,and al jazeera,4.155793190002441,27.0,-23.84420680999756,-1.0
no_dyn_kl,2026,3,2019,2012,2019,2022,2019,and disaster risk,6.043475151062012,6.0,0.04347515106201172,0.0
no_dyn_kl,2026,3,2019,2012,2019,2022,2019,and future directions,5.610923767089844,25.0,-10.389076232910156,9.0
no_dyn_kl,2026,3,2019,2012,2019,2022,2019,and generative ai,0.1995743066072464,0.0,0.1995743066072464,0.0
no_dyn_kl,2026,3,2019,2012,2019,2022,2019,and nation branding,0.1995743066072464,8.0,0.1995743066072464,8.0
no_dyn_kl,2026,3,2019,2012,2019,2022,2019,and place branding,3.1633353233337402,13.0,-4.83666467666626,5.0
no_dyn_kl,2026,3,2019,2012,2019,2022,2019,and the future,3.514004707336426,17.0,-5.485995292663574,8.0
no_dyn_kl,2026,3,2019,2012,2019,2022,2019,and the future of,3.514004707336426,17.0,-5.485995292663574,8.0
no_dyn_kl,2026,3,2019,2012,2019,2022,2019,and user-generated content,3.1633353233337402,8.0,-4.83666467666626,0.0
no_dyn_kl,2026,3,2019,2012,2019,2022,2019,annual,7.219600677490234,7.0,0.21960067749023438,0.0
no_dyn_kl,2026,3,2019,2012,2019,2022,2019,answering,0.1995743066072464,8.0,0.1995743066072464,8.0
no_dyn_kl,2026,3,2019,2012,2019,2022,2019,antecedents,17.666027069091797,50.0,-7.333972930908203,25.0
no_dyn_kl,2026,3,2019,2012,2019,2022,2019,anxiety,7.219600677490234,20.0,0.21960067749023438,13.0
no_dyn_kl,2026,3,2019,2012,2019,2022,2019,applications,37.35463333129883,209.0,-65.64536666870117,106.0
no_dyn_kl,2026,3,2019,2012,2019,2022,2019,applications in,29.73267936706543,69.0,-24.26732063293457,15.0
no_dyn_kl,2026,3,2019,2012,2019,2022,2019,applications of,18.975387573242188,49.0,-7.0246124267578125,23.0
no_dyn_kl,2026,3,2019,2012,2019,2022,2019,applied,6.620964050292969,31.0,-12.379035949707031,12.0
no_dyn_kl,2026,5,2019,2012,2019,2024,2019,21st century,19.20195198059082,36.0,-12.79804801940918,4.0
no_dyn_kl,2026,5,2019,2012,2019,2024,2019,3d laser,15.446916580200195,31.0,-22.553083419799805,-7.0
no_dyn_kl,2026,5,2019,2012,2019,2024,2019,3d laser scanning,12.535675048828125,31.0,-17.464324951171875,1.0
no_dyn_kl,2026,5,2019,2012,2019,2024,2019,3d modeling,1.2216300964355469,22.0,-7.778369903564453,13.0
no_dyn_kl,2026,5,2019,2012,2019,2024,2019,3d modelling,6.235204219818115,4.0,-2.7647957801818848,-5.0
no_dyn_kl,2026,5,2019,2012,2019,2024,2019,3d models,8.194355964660645,13.0,-23.805644035339355,-19.0
no_dyn_kl,2026,5,2019,2012,2019,2024,2019,3d printing,1.2853671312332153,50.0,-7.714632868766785,41.0
no_dyn_kl,2026,5,2019,2012,2019,2024,2019,3d scanning,12.953718185424805,31.0,-17.046281814575195,1.0
no_dyn_kl,2026,5,2019,2012,2019,2024,2019,abroad,13.787684440612793,18.0,-16.212315559387207,-12.0
no_dyn_kl,2026,5,2019,2012,2019,2024,2019,acceptance,8.751219749450684,40.0,-28.248780250549316,3.0
no_dyn_kl,2026,5,2019,2012,2019,2024,2019,access,6.923896789550781,38.0,-57.07610321044922,-26.0
no_dyn_kl,2026,5,2019,2012,2019,2024,2019,accessible,2.1876678466796875,12.0,-3.8123321533203125,6.0
no_dyn_kl,2026,5,2019,2012,2019,2024,2019,accuracy,0.27084431052207947,23.0,0.27084431052207947,23.0
no_dyn_kl,2026,5,2019,2012,2019,2024,2019,accurate,3.2775089740753174,12.0,-6.722491025924683,2.0
no_dyn_kl,2026,5,2019,2012,2019,2024,2019,achieving,1.8507405519485474,47.0,-12.149259448051453,33.0
no_dyn_kl,2026,5,2019,2012,2019,2024,2019,acknowledgements,1.4321259260177612,5.0,-3.5678740739822388,0.0
no_dyn_kl,2026,5,2019,2012,2019,2024,2019,acquisition,0.27084431052207947,9.0,0.27084431052207947,9.0
no_dyn_kl,2026,5,2019,2012,2019,2024,2019,action,15.871248245239258,350.0,-241.12875175476074,93.0
no_dyn_kl,2026,5,2019,2012,2019,2024,2019,activism,0.9438119530677795,15.0,-5.0561880469322205,9.0
no_dyn_kl,2026,5,2019,2012,2019,2024,2019,activities,18.786142349243164,52.0,-15.213857650756836,18.0
no_dyn_kl,2026,5,2019,2012,2019,2024,2019,activity,20.413454055786133,37.0,-24.586545944213867,-8.0
no_dyn_kl,2026,5,2019,2012,2019,2024,2019,adaptation,5.655828952789307,29.0,-20.344171047210693,3.0
no_dyn_kl,2026,5,2019,2012,2019,2024,2019,adaptive,14.121713638305664,18.0,-6.878286361694336,-3.0
no_dyn_kl,2026,5,2019,2012,2019,2024,2019,addressing,3.1275856494903564,17.0,-5.8724143505096436,8.0
no_dyn_kl,2026,5,2019,2012,2019,2024,2019,aden,2.8195385932922363,1.0,-5.180461406707764,-7.0
no_dyn_kl,2026,5,2019,2012,2019,2024,2019,adoption,17.610586166381836,53.0,-16.389413833618164,19.0
no_dyn_kl,2026,5,2019,2012,2019,2024,2019,adults,0.27084431052207947,0.0,0.27084431052207947,0.0
no_dyn_kl,2026,5,2019,2012,2019,2024,2019,advanced,22.54601287841797,23.0,-11.453987121582031,-11.0
no_dyn_kl,2026,5,2019,2012,2019,2024,2019,advances,17.700321197509766,52.0,-14.299678802490234,20.0
no_dyn_kl,2026,5,2019,2012,2019,2024,2019,advances in,8.678251266479492,31.0,-7.321748733520508,15.0
no_dyn_kl,2026,5,2019,2012,2019,2024,2019,advancing,1.6068952083587646,40.0,-7.393104791641235,31.0
no_dyn_kl,2026,5,2019,2012,2019,2024,2019,advantages,0.27084431052207947,26.0,0.27084431052207947,26.0
no_dyn_kl,2026,5,2019,2012,2019,2024,2019,advertising,3.4297661781311035,50.0,-6.5702338218688965,40.0
no_dyn_kl,2026,5,2019,2012,2019,2024,2019,africa,38.666622161865234,242.0,-180.33337783813477,23.0
no_dyn_kl,2026,5,2019,2012,2019,2024,2019,african,10.9174165725708,50.0,-38.0825834274292,1.0
no_dyn_kl,2026,5,2019,2012,2019,2024,2019,afterword,3.4199633598327637,13.0,-7.580036640167236,2.0
no_dyn_kl,2026,5,2019,2012,2019,2024,2019,against,5.371325969696045,18.0,-12.628674030303955,0.0
no_dyn_kl,2026,5,2019,2012,2019,2024,2019,age of,30.10839080810547,130.0,-88.89160919189453,11.0
no_dyn_kl,2026,5,2019,2012,2019,2024,2019,agencies,3.1275856494903564,17.0,-5.8724143505096436,8.0
no_dyn_kl,2026,5,2019,2012,2019,2024,2019,agenda,29.56865882873535,160.0,-22.43134117126465,108.0
no_dyn_kl,2026,5,2019,2012,2019,2024,2019,agentic,0.27084431052207947,0.0,0.27084431052207947,0.0
no_dyn_kl,2026,5,2019,2012,2019,2024,2019,agents,3.2632315158843994,45.0,-20.7367684841156,21.0
no_dyn_kl,2026,5,2019,2012,2019,2024,2019,agricultural,12.560967445373535,26.0,-7.439032554626465,6.0
no_dyn_kl,2026,5,2019,2012,2019,2024,2019,ai chatbot,0.27084431052207947,41.0,0.27084431052207947,41.0
no_dyn_kl,2026,5,2019,2012,2019,2024,2019,ai in,1.2364517450332642,157.0,-7.763548254966736,148.0
no_dyn_kl,2026,5,2019,2012,2019,2024,2019,ai on,0.27084431052207947,15.0,0.27084431052207947,15.0
no_dyn_kl,2026,5,2019,2012,2019,2024,2019,ai-driven,0.27084431052207947,30.0,0.27084431052207947,30.0
no_dyn_kl,2026,5,2019,2012,2019,2024,2019,ai-enabled,0.27084431052207947,6.0,0.27084431052207947,6.0
no_dyn_kl,2026,5,2019,2012,2019,2024,2019,ai-generated,0.27084431052207947,33.0,0.27084431052207947,33.0
no_dyn_kl,2026,5,2019,2012,2019,2024,2019,ai-generated content,0.27084431052207947,24.0,0.27084431052207947,24.0
no_dyn_kl,2026,5,2019,2012,2019,2024,2019,ai-powered,0.27084431052207947,8.0,0.27084431052207947,8.0
no_dyn_kl,2026,5,2019,2012,2019,2024,2019,ai伦理,6.43516731262207,20.0,-0.5648326873779297,13.0
no_dyn_kl,2026,5,2019,2012,2019,2024,2019,al jazeera,39.13656234741211,48.0,-131.8634376525879,-123.0
no_dyn_kl,2026,5,2019,2012,2019,2024,2019,al jazeera and,22.65699005126953,0.0,-14.343009948730469,-37.0
no_dyn_kl,2026,5,2019,2012,2019,2024,2019,al jazeera english,0.27084431052207947,24.0,0.27084431052207947,24.0
no_dyn_kl,2026,5,2019,2012,2019,2024,2019,al-jazeera,3.3411495685577393,9.0,-31.65885043144226,-26.0
no_dyn_kl,2026,5,2019,2012,2019,2024,2019,aleppo,0.27084431052207947,9.0,0.27084431052207947,9.0
no_dyn_kl,2026,5,2019,2012,2019,2024,2019,algorithmic,13.602331161499023,3.0,-1.3976688385009766,-12.0
no_dyn_kl,2026,5,2019,2012,2019,2024,2019,algorithms,10.145906448364258,71.0,-4.854093551635742,56.0
no_dyn_kl,2026,5,2019,2012,2019,2024,2019,alignment,8.47632122039795,6.0,-0.5236787796020508,-3.0
no_dyn_kl,2026,5,2019,2012,2019,2024,2019,along,11.09951114654541,52.0,-4.90048885345459,36.0
no_dyn_kl,2026,5,2019,2012,2019,2024,2019,along the silk,0.27084431052207947,29.0,0.27084431052207947,29.0
no_dyn_kl,2026,5,2019,2012,2019,2024,2019,alternative,4.597828388214111,36.0,-32.40217161178589,-1.0
no_dyn_kl,2026,5,2019,2012,2019,2024,2019,america,27.486045837402344,138.0,-89.51395416259766,21.0
no_dyn_kl,2026,5,2019,2012,2019,2024,2019,american,8.725951194763184,57.0,-80.27404880523682,-32.0
no_dyn_kl,2026,5,2019,2012,2019,2024,2019,an empirical,2.344531536102295,15.0,-15.655468463897705,-3.0
no_dyn_kl,2026,5,2019,2012,2019,2024,2019,an empirical study,0.27084431052207947,7.0,0.27084431052207947,7.0
no_dyn_kl,2026,5,2019,2012,2019,2024,2019,an example,7.467693328857422,29.0,-0.5323066711425781,21.0
no_dyn_kl,2026,5,2019,2012,2019,2024,2019,an exploratory,15.689332962036133,26.0,-15.310667037963867,-5.0
no_dyn_kl,2026,5,2019,2012,2019,2024,2019,an exploratory study,15.689332962036133,26.0,-15.310667037963867,-5.0
no_dyn_kl,2026,5,2019,2012,2019,2024,2019,an immersive,2.5060203075408936,8.0,-4.4939796924591064,1.0
no_dyn_kl,2026,5,2019,2012,2019,2024,2019,an integrated,0.27084431052207947,16.0,0.27084431052207947,16.0
no_dyn_kl,2026,5,2019,2012,2019,2024,2019,an introduction,8.887845039367676,28.0,-5.112154960632324,14.0
no_dyn_kl,2026,5,2019,2012,2019,2024,2019,an investigation,4.982156753540039,7.0,-11.017843246459961,-9.0
no_dyn_kl,2026,5,2019,2012,2019,2024,2019,an overview,1.2853671312332153,76.0,-7.714632868766785,67.0
no_dyn_kl,2026,5,2019,2012,2019,2024,2019,an overview of,2.281520366668701,67.0,-15.718479633331299,49.0
no_dyn_kl,2026,5,2019,2012,2019,2024,2019,analyses,2.6194751262664795,13.0,-11.38052487373352,-1.0
no_dyn_kl,2026,5,2019,2012,2019,2024,2019,analytic hierarchy process,0.27084431052207947,0.0,0.27084431052207947,0.0
no_dyn_kl,2026,5,2019,2012,2019,2024,2019,analytical,0.27084431052207947,32.0,0.27084431052207947,32.0
no_dyn_kl,2026,5,2019,2012,2019,2024,2019,analytics,15.38454532623291,45.0,-29.61545467376709,0.0
no_dyn_kl,2026,5,2019,2012,2019,2024,2019,analyzing,0.7501079440116882,53.0,-4.249892055988312,48.0
no_dyn_kl,2026,5,2019,2012,2019,2024,2019,ancient,4.866621971130371,76.0,-43.13337802886963,28.0
no_dyn_kl,2026,5,2019,2012,2019,2024,2019,ancient city,0.27084431052207947,17.0,0.27084431052207947,17.0
no_dyn_kl,2026,5,2019,2012,2019,2024,2019,and al jazeera,3.675062417984009,16.0,-24.32493758201599,-12.0
no_dyn_kl,2026,5,2019,2012,2019,2024,2019,and disaster risk,5.388130187988281,38.0,-0.6118698120117188,32.0
no_dyn_kl,2026,5,2019,2012,2019,2024,2019,and future directions,4.982156753540039,43.0,-11.017843246459961,27.0
no_dyn_kl,2026,5,2019,2012,2019,2024,2019,and generative ai,0.27084431052207947,25.0,0.27084431052207947,25.0
no_dyn_kl,2026,5,2019,2012,2019,2024,2019,and nation branding,0.27084431052207947,8.0,0.27084431052207947,8.0
no_dyn_kl,2026,5,2019,2012,2019,2024,2019,and place branding,2.8195385932922363,13.0,-5.180461406707764,5.0
no_dyn_kl,2026,5,2019,2012,2019,2024,2019,and the future,3.1275856494903564,31.0,-5.8724143505096436,22.0
no_dyn_kl,2026,5,2019,2012,2019,2024,2019,and the future of,3.1275856494903564,31.0,-5.8724143505096436,22.0
no_dyn_kl,2026,5,2019,2012,2019,2024,2019,and user-generated content,2.8195385932922363,16.0,-5.180461406707764,8.0
no_dyn_kl,2026,5,2019,2012,2019,2024,2019,annual,6.43516731262207,16.0,-0.5648326873779297,9.0
no_dyn_kl,2026,5,2019,2012,2019,2024,2019,answering,0.27084431052207947,8.0,0.27084431052207947,8.0
no_dyn_kl,2026,5,2019,2012,2019,2024,2019,antecedents,15.365306854248047,25.0,-9.634693145751953,0.0
no_dyn_kl,2026,5,2019,2012,2019,2024,2019,anxiety,6.43516731262207,19.0,-0.5648326873779297,12.0
no_dyn_kl,2026,5,2019,2012,2019,2024,2019,applications,30.045589447021484,167.0,-72.95441055297852,64.0
no_dyn_kl,2026,5,2019,2012,2019,2024,2019,applications in,24.677595138549805,49.0,-29.322404861450195,-5.0
no_dyn_kl,2026,5,2019,2012,2019,2024,2019,applications of,16.433130264282227,45.0,-9.566869735717773,19.0
no_dyn_kl,2026,5,2019,2012,2019,2024,2019,applied,5.876885890960693,52.0,-13.123114109039307,33.0
no_dyn_kl,3407,1,2019,2012,2019,2020,2019,21st century,16.033203125,44.0,-15.966796875,12.0
no_dyn_kl,3407,1,2019,2012,2019,2020,2019,3d laser,13.093021392822266,46.0,-24.906978607177734,8.0
no_dyn_kl,3407,1,2019,2012,2019,2020,2019,3d laser scanning,10.728673934936523,38.0,-19.271326065063477,8.0
no_dyn_kl,3407,1,2019,2012,2019,2020,2019,3d modeling,1.3544297218322754,3.0,-7.645570278167725,-6.0
no_dyn_kl,3407,1,2019,2012,2019,2020,2019,3d modelling,5.525624752044678,9.0,-3.4743752479553223,0.0
no_dyn_kl,3407,1,2019,2012,2019,2020,2019,3d models,7.133459568023682,32.0,-24.86654043197632,0.0
no_dyn_kl,3407,1,2019,2012,2019,2020,2019,3d printing,1.4286251068115234,17.0,-7.571374893188477,8.0
no_dyn_kl,3407,1,2019,2012,2019,2020,2019,3d scanning,11.006181716918945,39.0,-18.993818283081055,9.0
no_dyn_kl,3407,1,2019,2012,2019,2020,2019,abroad,11.563920021057129,8.0,-18.43607997894287,-22.0
no_dyn_kl,3407,1,2019,2012,2019,2020,2019,acceptance,7.563676357269287,22.0,-29.436323642730713,-15.0
no_dyn_kl,3407,1,2019,2012,2019,2020,2019,access,5.88470458984375,64.0,-58.11529541015625,0.0
no_dyn_kl,3407,1,2019,2012,2019,2020,2019,accessible,2.2426388263702393,6.0,-3.7573611736297607,0.0
no_dyn_kl,3407,1,2019,2012,2019,2020,2019,accuracy,0.08801823109388351,0.0,0.08801823109388351,0.0
no_dyn_kl,3407,1,2019,2012,2019,2020,2019,accurate,3.2468223571777344,10.0,-6.753177642822266,0.0
no_dyn_kl,3407,1,2019,2012,2019,2020,2019,achieving,2.0205979347229004,39.0,-11.9794020652771,25.0
no_dyn_kl,3407,1,2019,2012,2019,2020,2019,acknowledgements,1.545468807220459,5.0,-3.454531192779541,0.0
no_dyn_kl,3407,1,2019,2012,2019,2020,2019,acquisition,0.08801823109388351,0.0,0.08801823109388351,0.0
no_dyn_kl,3407,1,2019,2012,2019,2020,2019,action,11.923057556152344,263.0,-245.07694244384766,6.0
no_dyn_kl,3407,1,2019,2012,2019,2020,2019,activism,1.020281195640564,10.0,-4.979718804359436,4.0
no_dyn_kl,3407,1,2019,2012,2019,2020,2019,activities,15.709816932678223,47.0,-18.290183067321777,13.0
no_dyn_kl,3407,1,2019,2012,2019,2020,2019,activity,17.330585479736328,37.0,-27.669414520263672,-8.0
no_dyn_kl,3407,1,2019,2012,2019,2020,2019,adaptation,5.165079593658447,24.0,-20.834920406341553,-2.0
no_dyn_kl,3407,1,2019,2012,2019,2020,2019,adaptive,11.614338874816895,12.0,-9.385661125183105,-9.0
no_dyn_kl,3407,1,2019,2012,2019,2020,2019,addressing,3.107147216796875,9.0,-5.892852783203125,0.0
no_dyn_kl,3407,1,2019,2012,2019,2020,2019,aden,2.8322901725769043,8.0,-5.167709827423096,0.0
no_dyn_kl,3407,1,2019,2012,2019,2020,2019,adoption,14.698390007019043,46.0,-19.301609992980957,12.0
no_dyn_kl,3407,1,2019,2012,2019,2020,2019,adults,0.08801823109388351,0.0,0.08801823109388351,0.0
no_dyn_kl,3407,1,2019,2012,2019,2020,2019,advanced,18.976192474365234,34.0,-15.023807525634766,0.0
no_dyn_kl,3407,1,2019,2012,2019,2020,2019,advances,14.772499084472656,44.0,-17.227500915527344,12.0
no_dyn_kl,3407,1,2019,2012,2019,2020,2019,advances in,7.475400447845459,16.0,-8.524599552154541,0.0
no_dyn_kl,3407,1,2019,2012,2019,2020,2019,advancing,1.7488205432891846,18.0,-7.251179456710815,9.0
no_dyn_kl,3407,1,2019,2012,2019,2020,2019,advantages,0.08801823109388351,0.0,0.08801823109388351,0.0
no_dyn_kl,3407,1,2019,2012,2019,2020,2019,advertising,3.370312213897705,8.0,-6.629687786102295,-2.0
no_dyn_kl,3407,1,2019,2012,2019,2020,2019,africa,40.84617614746094,227.0,-178.15382385253906,8.0
no_dyn_kl,3407,1,2019,2012,2019,2020,2019,african,9.187356948852539,60.0,-39.81264305114746,11.0
no_dyn_kl,3407,1,2019,2012,2019,2020,2019,afterword,3.3778417110443115,11.0,-7.6221582889556885,0.0
no_dyn_kl,3407,1,2019,2012,2019,2020,2019,against,4.969080924987793,18.0,-13.030919075012207,0.0
no_dyn_kl,3407,1,2019,2012,2019,2020,2019,age of,28.3426456451416,178.0,-90.6573543548584,59.0
no_dyn_kl,3407,1,2019,2012,2019,2020,2019,agencies,3.107147216796875,18.0,-5.892852783203125,9.0
no_dyn_kl,3407,1,2019,2012,2019,2020,2019,agenda,26.46404457092285,81.0,-25.53595542907715,29.0
no_dyn_kl,3407,1,2019,2012,2019,2020,2019,agentic,0.08801823109388351,0.0,0.08801823109388351,0.0
no_dyn_kl,3407,1,2019,2012,2019,2020,2019,agents,3.2679479122161865,32.0,-20.732052087783813,8.0
no_dyn_kl,3407,1,2019,2012,2019,2020,2019,agricultural,10.41374683380127,29.0,-9.58625316619873,9.0
no_dyn_kl,3407,1,2019,2012,2019,2020,2019,ai chatbot,0.08801823109388351,0.0,0.08801823109388351,0.0
no_dyn_kl,3407,1,2019,2012,2019,2020,2019,ai in,1.3784576654434204,27.0,-7.62154233455658,18.0
no_dyn_kl,3407,1,2019,2012,2019,2020,2019,ai on,0.08801823109388351,0.0,0.08801823109388351,0.0
no_dyn_kl,3407,1,2019,2012,2019,2020,2019,ai-driven,0.08801823109388351,0.0,0.08801823109388351,0.0
no_dyn_kl,3407,1,2019,2012,2019,2020,2019,ai-enabled,0.08801823109388351,6.0,0.08801823109388351,6.0
no_dyn_kl,3407,1,2019,2012,2019,2020,2019,ai-generated,0.08801823109388351,0.0,0.08801823109388351,0.0
no_dyn_kl,3407,1,2019,2012,2019,2020,2019,ai-generated content,0.08801823109388351,0.0,0.08801823109388351,0.0
no_dyn_kl,3407,1,2019,2012,2019,2020,2019,ai-powered,0.08801823109388351,0.0,0.08801823109388351,0.0
no_dyn_kl,3407,1,2019,2012,2019,2020,2019,ai伦理,5.571014881134033,18.0,-1.4289851188659668,11.0
no_dyn_kl,3407,1,2019,2012,2019,2020,2019,al jazeera,40.95322799682617,181.0,-130.04677200317383,10.0
no_dyn_kl,3407,1,2019,2012,2019,2020,2019,al jazeera and,19.19632339477539,28.0,-17.80367660522461,-9.0
no_dyn_kl,3407,1,2019,2012,2019,2020,2019,al jazeera english,0.08801823109388351,8.0,0.08801823109388351,8.0
no_dyn_kl,3407,1,2019,2012,2019,2020,2019,al-jazeera,3.3108136653900146,33.0,-31.689186334609985,-2.0
no_dyn_kl,3407,1,2019,2012,2019,2020,2019,aleppo,0.08801823109388351,0.0,0.08801823109388351,0.0
no_dyn_kl,3407,1,2019,2012,2019,2020,2019,algorithmic,11.03030776977539,18.0,-3.9696922302246094,3.0
no_dyn_kl,3407,1,2019,2012,2019,2020,2019,algorithms,8.496695518493652,40.0,-6.503304481506348,25.0
no_dyn_kl,3407,1,2019,2012,2019,2020,2019,alignment,7.0967488288879395,9.0,-1.9032511711120605,0.0
no_dyn_kl,3407,1,2019,2012,2019,2020,2019,along,9.2411470413208,16.0,-6.758852958679199,0.0
no_dyn_kl,3407,1,2019,2012,2019,2020,2019,along the silk,0.08801823109388351,0.0,0.08801823109388351,0.0
no_dyn_kl,3407,1,2019,2012,2019,2020,2019,alternative,4.285294532775879,55.0,-32.71470546722412,18.0
no_dyn_kl,3407,1,2019,2012,2019,2020,2019,america,25.26078224182129,165.0,-91.73921775817871,48.0
no_dyn_kl,3407,1,2019,2012,2019,2020,2019,american,7.154921531677246,103.0,-81.84507846832275,14.0
no_dyn_kl,3407,1,2019,2012,2019,2020,2019,an empirical,2.486056327819824,17.0,-15.513943672180176,-1.0
no_dyn_kl,3407,1,2019,2012,2019,2020,2019,an empirical study,0.08801823109388351,0.0,0.08801823109388351,0.0
no_dyn_kl,3407,1,2019,2012,2019,2020,2019,an example,6.3443603515625,8.0,-1.6556396484375,0.0
no_dyn_kl,3407,1,2019,2012,2019,2020,2019,an exploratory,13.085848808288574,32.0,-17.914151191711426,1.0
no_dyn_kl,3407,1,2019,2012,2019,2020,2019,an exploratory study,13.085848808288574,32.0,-17.914151191711426,1.0
no_dyn_kl,3407,1,2019,2012,2019,2020,2019,an immersive,2.5445568561553955,0.0,-4.4554431438446045,-7.0
no_dyn_kl,3407,1,2019,2012,2019,2020,2019,an integrated,0.08801823109388351,8.0,0.08801823109388351,8.0
no_dyn_kl,3407,1,2019,2012,2019,2020,2019,an introduction,7.568582057952881,19.0,-6.431417942047119,5.0
no_dyn_kl,3407,1,2019,2012,2019,2020,2019,an investigation,4.6563005447387695,16.0,-11.34369945526123,0.0
no_dyn_kl,3407,1,2019,2012,2019,2020,2019,an overview,1.4286251068115234,14.0,-7.571374893188477,5.0
no_dyn_kl,3407,1,2019,2012,2019,2020,2019,an overview of,2.427335500717163,14.0,-15.572664499282837,-4.0
no_dyn_kl,3407,1,2019,2012,2019,2020,2019,analyses,2.714008331298828,18.0,-11.285991668701172,4.0
no_dyn_kl,3407,1,2019,2012,2019,2020,2019,analytic hierarchy process,0.08801823109388351,0.0,0.08801823109388351,0.0
no_dyn_kl,3407,1,2019,2012,2019,2020,2019,analytical,0.08801823109388351,0.0,0.08801823109388351,0.0
no_dyn_kl,3407,1,2019,2012,2019,2020,2019,analytics,12.969475746154785,58.0,-32.030524253845215,13.0
no_dyn_kl,3407,1,2019,2012,2019,2020,2019,analyzing,0.7828943133354187,5.0,-4.217105686664581,0.0
no_dyn_kl,3407,1,2019,2012,2019,2020,2019,ancient,4.45161771774292,66.0,-43.54838228225708,18.0
no_dyn_kl,3407,1,2019,2012,2019,2020,2019,ancient city,0.08801823109388351,0.0,0.08801823109388351,0.0
no_dyn_kl,3407,1,2019,2012,2019,2020,2019,and al jazeera,3.593944549560547,36.0,-24.406055450439453,8.0
no_dyn_kl,3407,1,2019,2012,2019,2020,2019,and disaster risk,4.77700662612915,6.0,-1.2229933738708496,0.0
no_dyn_kl,3407,1,2019,2012,2019,2020,2019,and future directions,4.6563005447387695,25.0,-11.34369945526123,9.0
no_dyn_kl,3407,1,2019,2012,2019,2020,2019,and generative ai,0.08801823109388351,0.0,0.08801823109388351,0.0
no_dyn_kl,3407,1,2019,2012,2019,2020,2019,and nation branding,0.08801823109388351,0.0,0.08801823109388351,0.0
no_dyn_kl,3407,1,2019,2012,2019,2020,2019,and place branding,2.8322901725769043,5.0,-5.167709827423096,-3.0
no_dyn_kl,3407,1,2019,2012,2019,2020,2019,and the future,3.107147216796875,9.0,-5.892852783203125,0.0
no_dyn_kl,3407,1,2019,2012,2019,2020,2019,and the future of,3.107147216796875,9.0,-5.892852783203125,0.0
no_dyn_kl,3407,1,2019,2012,2019,2020,2019,and user-generated content,2.8322901725769043,8.0,-5.167709827423096,0.0
no_dyn_kl,3407,1,2019,2012,2019,2020,2019,annual,5.571014881134033,7.0,-1.4289851188659668,0.0
no_dyn_kl,3407,1,2019,2012,2019,2020,2019,answering,0.08801823109388351,0.0,0.08801823109388351,0.0
no_dyn_kl,3407,1,2019,2012,2019,2020,2019,antecedents,12.68852424621582,34.0,-12.31147575378418,9.0
no_dyn_kl,3407,1,2019,2012,2019,2020,2019,anxiety,5.571014881134033,11.0,-1.4289851188659668,4.0
no_dyn_kl,3407,1,2019,2012,2019,2020,2019,applications,28.091110229492188,124.0,-74.90888977050781,21.0
no_dyn_kl,3407,1,2019,2012,2019,2020,2019,applications in,21.523923873901367,62.0,-32.47607612609863,8.0
no_dyn_kl,3407,1,2019,2012,2019,2020,2019,applications of,13.578614234924316,41.0,-12.421385765075684,15.0
no_dyn_kl,3407,1,2019,2012,2019,2020,2019,applied,5.352195739746094,15.0,-13.647804260253906,-4.0
no_dyn_kl,3407,3,2019,2012,2019,2022,2019,21st century,18.917577743530273,52.0,-13.082422256469727,20.0
no_dyn_kl,3407,3,2019,2012,2019,2022,2019,3d laser,15.467366218566895,41.0,-22.532633781433105,3.0
no_dyn_kl,3407,3,2019,2012,2019,2022,2019,3d laser scanning,12.690942764282227,41.0,-17.309057235717773,11.0
no_dyn_kl,3407,3,2019,2012,2019,2022,2019,3d modeling,1.4699550867080688,0.0,-7.530044913291931,-9.0
no_dyn_kl,3407,3,2019,2012,2019,2022,2019,3d modelling,6.3778533935546875,9.0,-2.6221466064453125,0.0
no_dyn_kl,3407,3,2019,2012,2019,2022,2019,3d models,8.178587913513184,29.0,-23.821412086486816,-3.0
no_dyn_kl,3407,3,2019,2012,2019,2022,2019,3d printing,1.546810269355774,40.0,-7.453189730644226,31.0
no_dyn_kl,3407,3,2019,2012,2019,2022,2019,3d scanning,13.003629684448242,36.0,-16.996370315551758,6.0
no_dyn_kl,3407,3,2019,2012,2019,2022,2019,abroad,13.617452621459961,17.0,-16.38254737854004,-13.0
no_dyn_kl,3407,3,2019,2012,2019,2022,2019,acceptance,8.690802574157715,9.0,-28.309197425842285,-28.0
no_dyn_kl,3407,3,2019,2012,2019,2022,2019,access,6.547232151031494,53.0,-57.452767848968506,-11.0
no_dyn_kl,3407,3,2019,2012,2019,2022,2019,accessible,2.4681851863861084,12.0,-3.5318148136138916,6.0
no_dyn_kl,3407,3,2019,2012,2019,2022,2019,accuracy,0.21935443580150604,6.0,0.21935443580150604,6.0
no_dyn_kl,3407,3,2019,2012,2019,2022,2019,accurate,3.6036601066589355,12.0,-6.3963398933410645,2.0
no_dyn_kl,3407,3,2019,2012,2019,2022,2019,achieving,2.17330265045166,34.0,-11.82669734954834,20.0
no_dyn_kl,3407,3,2019,2012,2019,2022,2019,acknowledgements,1.7191118001937866,6.0,-3.2808881998062134,1.0
no_dyn_kl,3407,3,2019,2012,2019,2022,2019,acquisition,0.21935443580150604,9.0,0.21935443580150604,9.0
no_dyn_kl,3407,3,2019,2012,2019,2022,2019,action,13.538127899169922,281.0,-243.46187210083008,24.0
no_dyn_kl,3407,3,2019,2012,2019,2022,2019,activism,1.1286964416503906,15.0,-4.871303558349609,9.0
no_dyn_kl,3407,3,2019,2012,2019,2022,2019,activities,18.501773834228516,40.0,-15.498226165771484,6.0
no_dyn_kl,3407,3,2019,2012,2019,2022,2019,activity,20.2711181640625,29.0,-24.7288818359375,-16.0
no_dyn_kl,3407,3,2019,2012,2019,2022,2019,adaptation,5.800907611846924,20.0,-20.199092388153076,-6.0
no_dyn_kl,3407,3,2019,2012,2019,2022,2019,adaptive,13.730243682861328,18.0,-7.269756317138672,-3.0
no_dyn_kl,3407,3,2019,2012,2019,2022,2019,addressing,3.44317889213562,8.0,-5.55682110786438,-1.0
no_dyn_kl,3407,3,2019,2012,2019,2022,2019,aden,3.130190849304199,0.0,-4.869809150695801,-8.0
no_dyn_kl,3407,3,2019,2012,2019,2022,2019,adoption,17.295310974121094,37.0,-16.704689025878906,3.0
no_dyn_kl,3407,3,2019,2012,2019,2022,2019,adults,0.21935443580150604,0.0,0.21935443580150604,0.0
no_dyn_kl,3407,3,2019,2012,2019,2022,2019,advanced,22.22194480895996,30.0,-11.778055191040039,-4.0
no_dyn_kl,3407,3,2019,2012,2019,2022,2019,advances,17.43935203552246,49.0,-14.560647964477539,17.0
no_dyn_kl,3407,3,2019,2012,2019,2022,2019,advances in,8.72154426574707,20.0,-7.27845573425293,4.0
no_dyn_kl,3407,3,2019,2012,2019,2022,2019,advancing,1.8946824073791504,18.0,-7.10531759262085,9.0
no_dyn_kl,3407,3,2019,2012,2019,2022,2019,advantages,0.21935443580150604,0.0,0.21935443580150604,0.0
no_dyn_kl,3407,3,2019,2012,2019,2022,2019,advertising,3.745034694671631,32.0,-6.254965305328369,22.0
no_dyn_kl,3407,3,2019,2012,2019,2022,2019,africa,43.29167556762695,242.0,-175.70832443237305,23.0
no_dyn_kl,3407,3,2019,2012,2019,2022,2019,african,10.60923957824707,51.0,-38.39076042175293,2.0
no_dyn_kl,3407,3,2019,2012,2019,2022,2019,afterword,3.7547380924224854,1.0,-7.245261907577515,-10.0
no_dyn_kl,3407,3,2019,2012,2019,2022,2019,against,5.612103462219238,11.0,-12.387896537780762,-7.0
no_dyn_kl,3407,3,2019,2012,2019,2022,2019,age of,31.807514190673828,143.0,-87.19248580932617,24.0
no_dyn_kl,3407,3,2019,2012,2019,2022,2019,agencies,3.44317889213562,9.0,-5.55682110786438,0.0
no_dyn_kl,3407,3,2019,2012,2019,2022,2019,agenda,30.153457641601562,149.0,-21.846542358398438,97.0
no_dyn_kl,3407,3,2019,2012,2019,2022,2019,agentic,0.21935443580150604,0.0,0.21935443580150604,0.0
no_dyn_kl,3407,3,2019,2012,2019,2022,2019,agents,3.5496771335601807,23.0,-20.45032286643982,-1.0
no_dyn_kl,3407,3,2019,2012,2019,2022,2019,agricultural,12.285395622253418,30.0,-7.714604377746582,10.0
no_dyn_kl,3407,3,2019,2012,2019,2022,2019,ai chatbot,0.21935443580150604,7.0,0.21935443580150604,7.0
no_dyn_kl,3407,3,2019,2012,2019,2022,2019,ai in,1.493051528930664,49.0,-7.506948471069336,40.0
no_dyn_kl,3407,3,2019,2012,2019,2022,2019,ai on,0.21935443580150604,0.0,0.21935443580150604,0.0
no_dyn_kl,3407,3,2019,2012,2019,2022,2019,ai-driven,0.21935443580150604,0.0,0.21935443580150604,0.0
no_dyn_kl,3407,3,2019,2012,2019,2022,2019,ai-enabled,0.21935443580150604,6.0,0.21935443580150604,6.0
no_dyn_kl,3407,3,2019,2012,2019,2022,2019,ai-generated,0.21935443580150604,16.0,0.21935443580150604,16.0
no_dyn_kl,3407,3,2019,2012,2019,2022,2019,ai-generated content,0.21935443580150604,0.0,0.21935443580150604,0.0
no_dyn_kl,3407,3,2019,2012,2019,2022,2019,ai-powered,0.21935443580150604,0.0,0.21935443580150604,0.0
no_dyn_kl,3407,3,2019,2012,2019,2022,2019,ai伦理,6.444719314575195,27.0,-0.5552806854248047,20.0
no_dyn_kl,3407,3,2019,2012,2019,2022,2019,al jazeera,43.61730194091797,138.0,-127.38269805908203,-33.0
no_dyn_kl,3407,3,2019,2012,2019,2022,2019,al jazeera and,22.4897403717041,26.0,-14.510259628295898,-11.0
no_dyn_kl,3407,3,2019,2012,2019,2022,2019,al jazeera english,0.21935443580150604,16.0,0.21935443580150604,16.0
no_dyn_kl,3407,3,2019,2012,2019,2022,2019,al-jazeera,3.5966341495513916,17.0,-31.40336585044861,-18.0
no_dyn_kl,3407,3,2019,2012,2019,2022,2019,aleppo,0.21935443580150604,0.0,0.21935443580150604,0.0
no_dyn_kl,3407,3,2019,2012,2019,2022,2019,algorithmic,13.08510684967041,18.0,-1.9148931503295898,3.0
no_dyn_kl,3407,3,2019,2012,2019,2022,2019,algorithms,9.976215362548828,57.0,-5.023784637451172,42.0
no_dyn_kl,3407,3,2019,2012,2019,2022,2019,alignment,8.306990623474121,15.0,-0.6930093765258789,6.0
no_dyn_kl,3407,3,2019,2012,2019,2022,2019,along,10.895357131958008,32.0,-5.104642868041992,16.0
no_dyn_kl,3407,3,2019,2012,2019,2022,2019,along the silk,0.21935443580150604,15.0,0.21935443580150604,15.0
no_dyn_kl,3407,3,2019,2012,2019,2022,2019,alternative,4.705646991729736,48.0,-32.294353008270264,11.0
no_dyn_kl,3407,3,2019,2012,2019,2022,2019,america,28.661605834960938,139.0,-88.33839416503906,22.0
no_dyn_kl,3407,3,2019,2012,2019,2022,2019,american,8.061119079589844,55.0,-80.93888092041016,-34.0
no_dyn_kl,3407,3,2019,2012,2019,2022,2019,an empirical,2.678262948989868,24.0,-15.321737051010132,6.0
no_dyn_kl,3407,3,2019,2012,2019,2022,2019,an empirical study,0.21935443580150604,7.0,0.21935443580150604,7.0
no_dyn_kl,3407,3,2019,2012,2019,2022,2019,an example,7.387610912322998,22.0,-0.612389087677002,14.0
no_dyn_kl,3407,3,2019,2012,2019,2022,2019,an exploratory,15.428250312805176,49.0,-15.571749687194824,18.0
no_dyn_kl,3407,3,2019,2012,2019,2022,2019,an exploratory study,15.428250312805176,49.0,-15.571749687194824,18.0
no_dyn_kl,3407,3,2019,2012,2019,2022,2019,an immersive,2.805396795272827,8.0,-4.194603204727173,1.0
no_dyn_kl,3407,3,2019,2012,2019,2022,2019,an integrated,0.21935443580150604,8.0,0.21935443580150604,8.0
no_dyn_kl,3407,3,2019,2012,2019,2022,2019,an introduction,8.845880508422852,27.0,-5.154119491577148,13.0
no_dyn_kl,3407,3,2019,2012,2019,2022,2019,an investigation,5.243309020996094,0.0,-10.756690979003906,-16.0
no_dyn_kl,3407,3,2019,2012,2019,2022,2019,an overview,1.546810269355774,31.0,-7.453189730644226,22.0
no_dyn_kl,3407,3,2019,2012,2019,2022,2019,an overview of,2.614229679107666,31.0,-15.385770320892334,13.0
no_dyn_kl,3407,3,2019,2012,2019,2022,2019,analyses,2.9534249305725098,13.0,-11.04657506942749,-1.0
no_dyn_kl,3407,3,2019,2012,2019,2022,2019,analytic hierarchy process,0.21935443580150604,0.0,0.21935443580150604,0.0
no_dyn_kl,3407,3,2019,2012,2019,2022,2019,analytical,0.21935443580150604,0.0,0.21935443580150604,0.0
no_dyn_kl,3407,3,2019,2012,2019,2022,2019,analytics,15.200387001037598,37.0,-29.799612998962402,-8.0
no_dyn_kl,3407,3,2019,2012,2019,2022,2019,analyzing,0.8877928256988525,20.0,-4.1122071743011475,15.0
no_dyn_kl,3407,3,2019,2012,2019,2022,2019,ancient,4.87746000289917,72.0,-43.12253999710083,24.0
no_dyn_kl,3407,3,2019,2012,2019,2022,2019,ancient city,0.21935443580150604,0.0,0.21935443580150604,0.0
no_dyn_kl,3407,3,2019,2012,2019,2022,2019,and al jazeera,3.930410623550415,27.0,-24.069589376449585,-1.0
no_dyn_kl,3407,3,2019,2012,2019,2022,2019,and disaster risk,5.481792449951172,6.0,-0.5182075500488281,0.0
no_dyn_kl,3407,3,2019,2012,2019,2022,2019,and future directions,5.243309020996094,25.0,-10.756690979003906,9.0
no_dyn_kl,3407,3,2019,2012,2019,2022,2019,and generative ai,0.21935443580150604,0.0,0.21935443580150604,0.0
no_dyn_kl,3407,3,2019,2012,2019,2022,2019,and nation branding,0.21935443580150604,8.0,0.21935443580150604,8.0
no_dyn_kl,3407,3,2019,2012,2019,2022,2019,and place branding,3.130190849304199,13.0,-4.869809150695801,5.0
no_dyn_kl,3407,3,2019,2012,2019,2022,2019,and the future,3.44317889213562,17.0,-5.55682110786438,8.0
no_dyn_kl,3407,3,2019,2012,2019,2022,2019,and the future of,3.44317889213562,17.0,-5.55682110786438,8.0
no_dyn_kl,3407,3,2019,2012,2019,2022,2019,and user-generated content,3.130190849304199,8.0,-4.869809150695801,0.0
no_dyn_kl,3407,3,2019,2012,2019,2022,2019,annual,6.444719314575195,7.0,-0.5552806854248047,0.0
no_dyn_kl,3407,3,2019,2012,2019,2022,2019,answering,0.21935443580150604,8.0,0.21935443580150604,8.0
no_dyn_kl,3407,3,2019,2012,2019,2022,2019,antecedents,14.991450309753418,50.0,-10.008549690246582,25.0
no_dyn_kl,3407,3,2019,2012,2019,2022,2019,anxiety,6.444719314575195,20.0,-0.5552806854248047,13.0
no_dyn_kl,3407,3,2019,2012,2019,2022,2019,applications,31.619304656982422,209.0,-71.38069534301758,106.0
no_dyn_kl,3407,3,2019,2012,2019,2022,2019,applications in,24.930686950683594,69.0,-29.069313049316406,15.0
no_dyn_kl,3407,3,2019,2012,2019,2022,2019,applications of,16.06150245666504,49.0,-9.938497543334961,23.0
no_dyn_kl,3407,3,2019,2012,2019,2022,2019,applied,6.063512802124023,31.0,-12.936487197875977,12.0
no_dyn_kl,3407,5,2019,2012,2019,2024,2019,21st century,14.687606811523438,36.0,-17.312393188476562,4.0
no_dyn_kl,3407,5,2019,2012,2019,2024,2019,3d laser,12.27992057800293,31.0,-25.72007942199707,-7.0
no_dyn_kl,3407,5,2019,2012,2019,2024,2019,3d laser scanning,10.28207778930664,31.0,-19.71792221069336,1.0
no_dyn_kl,3407,5,2019,2012,2019,2024,2019,3d modeling,1.3837965726852417,22.0,-7.616203427314758,13.0
no_dyn_kl,3407,5,2019,2012,2019,2024,2019,3d modelling,5.437441349029541,4.0,-3.562558650970459,-5.0
no_dyn_kl,3407,5,2019,2012,2019,2024,2019,3d models,6.821083068847656,13.0,-25.178916931152344,-19.0
no_dyn_kl,3407,5,2019,2012,2019,2024,2019,3d printing,1.4479858875274658,50.0,-7.552014112472534,41.0
no_dyn_kl,3407,5,2019,2012,2019,2024,2019,3d scanning,10.506675720214844,31.0,-19.493324279785156,1.0
no_dyn_kl,3407,5,2019,2012,2019,2024,2019,abroad,10.941691398620605,18.0,-19.058308601379395,-12.0
no_dyn_kl,3407,5,2019,2012,2019,2024,2019,acceptance,7.216829776763916,40.0,-29.783170223236084,3.0
no_dyn_kl,3407,5,2019,2012,2019,2024,2019,access,5.504154205322266,38.0,-58.495845794677734,-26.0
no_dyn_kl,3407,5,2019,2012,2019,2024,2019,accessible,2.22855281829834,12.0,-3.77144718170166,6.0
no_dyn_kl,3407,5,2019,2012,2019,2024,2019,accuracy,0.3232435882091522,23.0,0.3232435882091522,23.0
no_dyn_kl,3407,5,2019,2012,2019,2024,2019,accurate,3.167433261871338,12.0,-6.832566738128662,2.0
no_dyn_kl,3407,5,2019,2012,2019,2024,2019,achieving,1.9691920280456543,47.0,-12.030807971954346,33.0
no_dyn_kl,3407,5,2019,2012,2019,2024,2019,acknowledgements,1.6063392162322998,5.0,-3.3936607837677,0.0
no_dyn_kl,3407,5,2019,2012,2019,2024,2019,acquisition,0.3232435882091522,9.0,0.3232435882091522,9.0
no_dyn_kl,3407,5,2019,2012,2019,2024,2019,action,10.753340721130371,350.0,-246.24665927886963,93.0
no_dyn_kl,3407,5,2019,2012,2019,2024,2019,activism,1.098007082939148,15.0,-4.901992917060852,9.0
no_dyn_kl,3407,5,2019,2012,2019,2024,2019,activities,14.392890930175781,52.0,-19.60710906982422,18.0
no_dyn_kl,3407,5,2019,2012,2019,2024,2019,activity,15.572176933288574,37.0,-29.427823066711426,-8.0
no_dyn_kl,3407,5,2019,2012,2019,2024,2019,adaptation,4.937938690185547,29.0,-21.062061309814453,3.0
no_dyn_kl,3407,5,2019,2012,2019,2024,2019,adaptive,11.03706169128418,18.0,-9.96293830871582,-3.0
no_dyn_kl,3407,5,2019,2012,2019,2024,2019,addressing,3.0353481769561768,17.0,-5.964651823043823,8.0
no_dyn_kl,3407,5,2019,2012,2019,2024,2019,aden,2.7772979736328125,1.0,-5.2227020263671875,-7.0
no_dyn_kl,3407,5,2019,2012,2019,2024,2019,adoption,13.551916122436523,53.0,-20.448083877563477,19.0
no_dyn_kl,3407,5,2019,2012,2019,2024,2019,adults,0.3232435882091522,0.0,0.3232435882091522,0.0
no_dyn_kl,3407,5,2019,2012,2019,2024,2019,advanced,16.89121437072754,23.0,-17.10878562927246,-11.0
no_dyn_kl,3407,5,2019,2012,2019,2024,2019,advances,13.665946960449219,52.0,-18.33405303955078,20.0
no_dyn_kl,3407,5,2019,2012,2019,2024,2019,advances in,7.276135444641113,31.0,-8.723864555358887,15.0
no_dyn_kl,3407,5,2019,2012,2019,2024,2019,advancing,1.741129755973816,40.0,-7.258870244026184,31.0
no_dyn_kl,3407,5,2019,2012,2019,2024,2019,advantages,0.3232435882091522,26.0,0.3232435882091522,26.0
no_dyn_kl,3407,5,2019,2012,2019,2024,2019,advertising,3.2833616733551025,50.0,-6.7166383266448975,40.0
no_dyn_kl,3407,5,2019,2012,2019,2024,2019,africa,29.19891357421875,242.0,-189.80108642578125,23.0
no_dyn_kl,3407,5,2019,2012,2019,2024,2019,african,8.672807693481445,50.0,-40.327192306518555,1.0
no_dyn_kl,3407,5,2019,2012,2019,2024,2019,afterword,3.29156494140625,13.0,-7.70843505859375,2.0
no_dyn_kl,3407,5,2019,2012,2019,2024,2019,against,4.797940731048584,18.0,-13.202059268951416,0.0
no_dyn_kl,3407,5,2019,2012,2019,2024,2019,age of,22.790056228637695,130.0,-96.2099437713623,11.0
no_dyn_kl,3407,5,2019,2012,2019,2024,2019,agencies,3.0353481769561768,17.0,-5.964651823043823,8.0
no_dyn_kl,3407,5,2019,2012,2019,2024,2019,agenda,21.860363006591797,160.0,-30.139636993408203,108.0
no_dyn_kl,3407,5,2019,2012,2019,2024,2019,agentic,0.3232435882091522,0.0,0.3232435882091522,0.0
no_dyn_kl,3407,5,2019,2012,2019,2024,2019,agents,3.1023175716400146,45.0,-20.897682428359985,21.0
no_dyn_kl,3407,5,2019,2012,2019,2024,2019,agricultural,9.9764404296875,26.0,-10.0235595703125,6.0
no_dyn_kl,3407,5,2019,2012,2019,2024,2019,ai chatbot,0.3232435882091522,41.0,0.3232435882091522,41.0
no_dyn_kl,3407,5,2019,2012,2019,2024,2019,ai in,1.4025945663452148,157.0,-7.597405433654785,148.0
no_dyn_kl,3407,5,2019,2012,2019,2024,2019,ai on,0.3232435882091522,15.0,0.3232435882091522,15.0
no_dyn_kl,3407,5,2019,2012,2019,2024,2019,ai-driven,0.3232435882091522,30.0,0.3232435882091522,30.0
no_dyn_kl,3407,5,2019,2012,2019,2024,2019,ai-enabled,0.3232435882091522,6.0,0.3232435882091522,6.0
no_dyn_kl,3407,5,2019,2012,2019,2024,2019,ai-generated,0.3232435882091522,33.0,0.3232435882091522,33.0
no_dyn_kl,3407,5,2019,2012,2019,2024,2019,ai-generated content,0.3232435882091522,24.0,0.3232435882091522,24.0
no_dyn_kl,3407,5,2019,2012,2019,2024,2019,ai-powered,0.3232435882091522,8.0,0.3232435882091522,8.0
no_dyn_kl,3407,5,2019,2012,2019,2024,2019,ai伦理,5.494055271148682,20.0,-1.5059447288513184,13.0
no_dyn_kl,3407,5,2019,2012,2019,2024,2019,al jazeera,29.42450523376465,48.0,-141.57549476623535,-123.0
no_dyn_kl,3407,5,2019,2012,2019,2024,2019,al jazeera and,17.07181167602539,0.0,-19.92818832397461,-37.0
no_dyn_kl,3407,5,2019,2012,2019,2024,2019,al jazeera english,0.3232435882091522,24.0,0.3232435882091522,24.0
no_dyn_kl,3407,5,2019,2012,2019,2024,2019,al-jazeera,3.1401352882385254,9.0,-31.859864711761475,-26.0
no_dyn_kl,3407,5,2019,2012,2019,2024,2019,aleppo,0.3232435882091522,9.0,0.3232435882091522,9.0
no_dyn_kl,3407,5,2019,2012,2019,2024,2019,algorithmic,10.580097198486328,3.0,-4.419902801513672,-12.0
no_dyn_kl,3407,5,2019,2012,2019,2024,2019,algorithms,8.244315147399902,71.0,-6.755684852600098,56.0
no_dyn_kl,3407,5,2019,2012,2019,2024,2019,alignment,6.965906620025635,6.0,-2.0340933799743652,-3.0
no_dyn_kl,3407,5,2019,2012,2019,2024,2019,along,8.945131301879883,52.0,-7.054868698120117,36.0
no_dyn_kl,3407,5,2019,2012,2019,2024,2019,along the silk,0.3232435882091522,29.0,0.3232435882091522,29.0
no_dyn_kl,3407,5,2019,2012,2019,2024,2019,alternative,4.039971351623535,36.0,-32.960028648376465,-1.0
no_dyn_kl,3407,5,2019,2012,2019,2024,2019,america,20.89354133605957,138.0,-96.10645866394043,21.0
no_dyn_kl,3407,5,2019,2012,2019,2024,2019,american,6.692046642303467,57.0,-82.30795335769653,-32.0
no_dyn_kl,3407,5,2019,2012,2019,2024,2019,an empirical,2.3865010738372803,15.0,-15.61349892616272,-3.0
no_dyn_kl,3407,5,2019,2012,2019,2024,2019,an empirical study,0.3232435882091522,7.0,0.3232435882091522,7.0
no_dyn_kl,3407,5,2019,2012,2019,2024,2019,an example,6.243758678436279,29.0,-1.7562413215637207,21.0
no_dyn_kl,3407,5,2019,2012,2019,2024,2019,an exploratory,12.244935989379883,26.0,-18.755064010620117,-5.0
no_dyn_kl,3407,5,2019,2012,2019,2024,2019,an exploratory study,12.244935989379883,26.0,-18.755064010620117,-5.0
no_dyn_kl,3407,5,2019,2012,2019,2024,2019,an immersive,2.5085668563842773,8.0,-4.491433143615723,1.0
no_dyn_kl,3407,5,2019,2012,2019,2024,2019,an integrated,0.3232435882091522,16.0,0.3232435882091522,16.0
no_dyn_kl,3407,5,2019,2012,2019,2024,2019,an introduction,7.375321388244629,28.0,-6.624678611755371,14.0
no_dyn_kl,3407,5,2019,2012,2019,2024,2019,an investigation,4.501472473144531,7.0,-11.498527526855469,-9.0
no_dyn_kl,3407,5,2019,2012,2019,2024,2019,an overview,1.4479858875274658,76.0,-7.552014112472534,67.0
no_dyn_kl,3407,5,2019,2012,2019,2024,2019,an overview of,2.3337531089782715,67.0,-15.666246891021729,49.0
no_dyn_kl,3407,5,2019,2012,2019,2024,2019,analyses,2.6196036338806152,13.0,-11.380396366119385,-1.0
no_dyn_kl,3407,5,2019,2012,2019,2024,2019,analytic hierarchy process,0.3232435882091522,0.0,0.3232435882091522,0.0
no_dyn_kl,3407,5,2019,2012,2019,2024,2019,analytical,0.3232435882091522,32.0,0.3232435882091522,32.0
no_dyn_kl,3407,5,2019,2012,2019,2024,2019,analytics,12.060018539428711,45.0,-32.93998146057129,0.0
no_dyn_kl,3407,5,2019,2012,2019,2024,2019,analyzing,0.8940767645835876,53.0,-4.105923235416412,48.0
no_dyn_kl,3407,5,2019,2012,2019,2024,2019,ancient,4.173099040985107,76.0,-43.82690095901489,28.0
no_dyn_kl,3407,5,2019,2012,2019,2024,2019,ancient city,0.3232435882091522,17.0,0.3232435882091522,17.0
no_dyn_kl,3407,5,2019,2012,2019,2024,2019,and al jazeera,3.415931463241577,16.0,-24.584068536758423,-12.0
no_dyn_kl,3407,5,2019,2012,2019,2024,2019,and disaster risk,4.719066143035889,38.0,-1.2809338569641113,32.0
no_dyn_kl,3407,5,2019,2012,2019,2024,2019,and future directions,4.501472473144531,43.0,-11.498527526855469,27.0
no_dyn_kl,3407,5,2019,2012,2019,2024,2019,and generative ai,0.3232435882091522,25.0,0.3232435882091522,25.0
no_dyn_kl,3407,5,2019,2012,2019,2024,2019,and nation branding,0.3232435882091522,8.0,0.3232435882091522,8.0
no_dyn_kl,3407,5,2019,2012,2019,2024,2019,and place branding,2.7772979736328125,13.0,-5.2227020263671875,5.0
no_dyn_kl,3407,5,2019,2012,2019,2024,2019,and the future,3.0353481769561768,31.0,-5.964651823043823,22.0
no_dyn_kl,3407,5,2019,2012,2019,2024,2019,and the future of,3.0353481769561768,31.0,-5.964651823043823,22.0
no_dyn_kl,3407,5,2019,2012,2019,2024,2019,and user-generated content,2.7772979736328125,16.0,-5.2227020263671875,8.0
no_dyn_kl,3407,5,2019,2012,2019,2024,2019,annual,5.494055271148682,16.0,-1.5059447288513184,9.0
no_dyn_kl,3407,5,2019,2012,2019,2024,2019,answering,0.3232435882091522,8.0,0.3232435882091522,8.0
no_dyn_kl,3407,5,2019,2012,2019,2024,2019,antecedents,11.941803932189941,25.0,-13.058196067810059,0.0
no_dyn_kl,3407,5,2019,2012,2019,2024,2019,anxiety,5.494055271148682,19.0,-1.5059447288513184,12.0
no_dyn_kl,3407,5,2019,2012,2019,2024,2019,applications,22.693470001220703,167.0,-80.3065299987793,64.0
no_dyn_kl,3407,5,2019,2012,2019,2024,2019,applications in,18.620018005371094,49.0,-35.379981994628906,-5.0
no_dyn_kl,3407,5,2019,2012,2019,2024,2019,applications of,12.706600189208984,45.0,-13.293399810791016,19.0
no_dyn_kl,3407,5,2019,2012,2019,2024,2019,applied,5.1585259437561035,52.0,-13.841474056243896,33.0
no_dyn_kl,7777,1,2019,2012,2019,2020,2019,21st century,18.114547729492188,44.0,-13.885452270507812,12.0
no_dyn_kl,7777,1,2019,2012,2019,2020,2019,3d laser,15.026625633239746,46.0,-22.973374366760254,8.0
no_dyn_kl,7777,1,2019,2012,2019,2020,2019,3d laser scanning,12.341175079345703,38.0,-17.658824920654297,8.0
no_dyn_kl,7777,1,2019,2012,2019,2020,2019,3d modeling,1.369254231452942,3.0,-7.630745768547058,-6.0
no_dyn_kl,7777,1,2019,2012,2019,2020,2019,3d modelling,5.986767292022705,9.0,-3.013232707977295,0.0
no_dyn_kl,7777,1,2019,2012,2019,2020,2019,3d models,8.023669242858887,32.0,-23.976330757141113,0.0
no_dyn_kl,7777,1,2019,2012,2019,2020,2019,3d printing,1.4351775646209717,17.0,-7.564822435379028,8.0
no_dyn_kl,7777,1,2019,2012,2019,2020,2019,3d scanning,12.57325267791748,39.0,-17.42674732208252,9.0
no_dyn_kl,7777,1,2019,2012,2019,2020,2019,abroad,13.014541625976562,8.0,-16.985458374023438,-22.0
no_dyn_kl,7777,1,2019,2012,2019,2020,2019,acceptance,8.61650276184082,22.0,-28.38349723815918,-15.0
no_dyn_kl,7777,1,2019,2012,2019,2020,2019,access,7.1722517013549805,64.0,-56.82774829864502,0.0
no_dyn_kl,7777,1,2019,2012,2019,2020,2019,accessible,2.281798839569092,6.0,-3.718201160430908,0.0
no_dyn_kl,7777,1,2019,2012,2019,2020,2019,accuracy,0.1010616347193718,0.0,0.1010616347193718,0.0
no_dyn_kl,7777,1,2019,2012,2019,2020,2019,accurate,3.3929426670074463,10.0,-6.607057332992554,0.0
no_dyn_kl,7777,1,2019,2012,2019,2020,2019,achieving,2.105555772781372,39.0,-11.894444227218628,25.0
no_dyn_kl,7777,1,2019,2012,2019,2020,2019,acknowledgements,1.6829441785812378,5.0,-3.317055821418762,0.0
no_dyn_kl,7777,1,2019,2012,2019,2020,2019,acquisition,0.1010616347193718,0.0,0.1010616347193718,0.0
no_dyn_kl,7777,1,2019,2012,2019,2020,2019,action,16.593942642211914,263.0,-240.4060573577881,6.0
no_dyn_kl,7777,1,2019,2012,2019,2020,2019,activism,1.0038831233978271,10.0,-4.996116876602173,4.0
no_dyn_kl,7777,1,2019,2012,2019,2020,2019,activities,17.699234008789062,47.0,-16.300765991210938,13.0
no_dyn_kl,7777,1,2019,2012,2019,2020,2019,activity,19.60518455505371,37.0,-25.39481544494629,-8.0
no_dyn_kl,7777,1,2019,2012,2019,2020,2019,adaptation,5.696308135986328,24.0,-20.303691864013672,-2.0
no_dyn_kl,7777,1,2019,2012,2019,2020,2019,adaptive,12.886492729187012,12.0,-8.113507270812988,-9.0
no_dyn_kl,7777,1,2019,2012,2019,2020,2019,addressing,3.2158679962158203,9.0,-5.78413200378418,0.0
no_dyn_kl,7777,1,2019,2012,2019,2020,2019,aden,2.9152190685272217,8.0,-5.084780931472778,0.0
no_dyn_kl,7777,1,2019,2012,2019,2020,2019,adoption,16.50263023376465,46.0,-17.49736976623535,12.0
no_dyn_kl,7777,1,2019,2012,2019,2020,2019,adults,0.1010616347193718,0.0,0.1010616347193718,0.0
no_dyn_kl,7777,1,2019,2012,2019,2020,2019,advanced,21.317811965942383,34.0,-12.682188034057617,0.0
no_dyn_kl,7777,1,2019,2012,2019,2020,2019,advances,16.676115036010742,44.0,-15.323884963989258,12.0
no_dyn_kl,7777,1,2019,2012,2019,2020,2019,advances in,8.24410343170166,16.0,-7.75589656829834,0.0
no_dyn_kl,7777,1,2019,2012,2019,2020,2019,advancing,1.7565323114395142,18.0,-7.243467688560486,9.0
no_dyn_kl,7777,1,2019,2012,2019,2020,2019,advantages,0.1010616347193718,0.0,0.1010616347193718,0.0
no_dyn_kl,7777,1,2019,2012,2019,2020,2019,advertising,3.5068180561065674,8.0,-6.493181943893433,-2.0
no_dyn_kl,7777,1,2019,2012,2019,2020,2019,africa,47.38455581665039,227.0,-171.6154441833496,8.0
no_dyn_kl,7777,1,2019,2012,2019,2020,2019,african,10.636418342590332,60.0,-38.36358165740967,11.0
no_dyn_kl,7777,1,2019,2012,2019,2020,2019,afterword,3.5610265731811523,11.0,-7.438973426818848,0.0
no_dyn_kl,7777,1,2019,2012,2019,2020,2019,against,5.373416423797607,18.0,-12.626583576202393,0.0
no_dyn_kl,7777,1,2019,2012,2019,2020,2019,age of,32.81679153442383,178.0,-86.18320846557617,59.0
no_dyn_kl,7777,1,2019,2012,2019,2020,2019,agencies,3.2158679962158203,18.0,-5.78413200378418,9.0
no_dyn_kl,7777,1,2019,2012,2019,2020,2019,agenda,29.93222999572754,81.0,-22.06777000427246,29.0
no_dyn_kl,7777,1,2019,2012,2019,2020,2019,agentic,0.1010616347193718,0.0,0.1010616347193718,0.0
no_dyn_kl,7777,1,2019,2012,2019,2020,2019,agents,3.574293613433838,32.0,-20.425706386566162,8.0
no_dyn_kl,7777,1,2019,2012,2019,2020,2019,agricultural,11.544508934020996,29.0,-8.455491065979004,9.0
no_dyn_kl,7777,1,2019,2012,2019,2020,2019,ai chatbot,0.1010616347193718,0.0,0.1010616347193718,0.0
no_dyn_kl,7777,1,2019,2012,2019,2020,2019,ai in,1.3860936164855957,27.0,-7.613906383514404,18.0
no_dyn_kl,7777,1,2019,2012,2019,2020,2019,ai on,0.1010616347193718,0.0,0.1010616347193718,0.0
no_dyn_kl,7777,1,2019,2012,2019,2020,2019,ai-driven,0.1010616347193718,0.0,0.1010616347193718,0.0
no_dyn_kl,7777,1,2019,2012,2019,2020,2019,ai-enabled,0.1010616347193718,6.0,0.1010616347193718,6.0
no_dyn_kl,7777,1,2019,2012,2019,2020,2019,ai-generated,0.1010616347193718,0.0,0.1010616347193718,0.0
no_dyn_kl,7777,1,2019,2012,2019,2020,2019,ai-generated content,0.1010616347193718,0.0,0.1010616347193718,0.0
no_dyn_kl,7777,1,2019,2012,2019,2020,2019,ai-powered,0.1010616347193718,0.0,0.1010616347193718,0.0
no_dyn_kl,7777,1,2019,2012,2019,2020,2019,ai伦理,5.967297554016113,18.0,-1.0327024459838867,11.0
no_dyn_kl,7777,1,2019,2012,2019,2020,2019,al jazeera,47.469383239746094,181.0,-123.5306167602539,10.0
no_dyn_kl,7777,1,2019,2012,2019,2020,2019,al jazeera and,21.746122360229492,28.0,-15.253877639770508,-9.0
no_dyn_kl,7777,1,2019,2012,2019,2020,2019,al jazeera english,0.1010616347193718,8.0,0.1010616347193718,8.0
no_dyn_kl,7777,1,2019,2012,2019,2020,2019,al-jazeera,3.842883825302124,33.0,-31.157116174697876,-2.0
no_dyn_kl,7777,1,2019,2012,2019,2020,2019,aleppo,0.1010616347193718,0.0,0.1010616347193718,0.0
no_dyn_kl,7777,1,2019,2012,2019,2020,2019,algorithmic,12.15976333618164,18.0,-2.8402366638183594,3.0
no_dyn_kl,7777,1,2019,2012,2019,2020,2019,algorithms,9.323216438293457,40.0,-5.676783561706543,25.0
no_dyn_kl,7777,1,2019,2012,2019,2020,2019,alignment,7.678559303283691,9.0,-1.3214406967163086,0.0
no_dyn_kl,7777,1,2019,2012,2019,2020,2019,along,10.214178085327148,16.0,-5.785821914672852,0.0
no_dyn_kl,7777,1,2019,2012,2019,2020,2019,along the silk,0.1010616347193718,0.0,0.1010616347193718,0.0
no_dyn_kl,7777,1,2019,2012,2019,2020,2019,alternative,4.9181342124938965,55.0,-32.0818657875061,18.0
no_dyn_kl,7777,1,2019,2012,2019,2020,2019,america,29.433916091918945,165.0,-87.56608390808105,48.0
no_dyn_kl,7777,1,2019,2012,2019,2020,2019,american,9.022623062133789,103.0,-79.97737693786621,14.0
no_dyn_kl,7777,1,2019,2012,2019,2020,2019,an empirical,2.6489598751068115,17.0,-15.351040124893188,-1.0
no_dyn_kl,7777,1,2019,2012,2019,2020,2019,an empirical study,0.1010616347193718,0.0,0.1010616347193718,0.0
no_dyn_kl,7777,1,2019,2012,2019,2020,2019,an example,6.832962512969971,8.0,-1.1670374870300293,0.0
no_dyn_kl,7777,1,2019,2012,2019,2020,2019,an exploratory,14.708656311035156,32.0,-16.291343688964844,1.0
no_dyn_kl,7777,1,2019,2012,2019,2020,2019,an exploratory study,14.708656311035156,32.0,-16.291343688964844,1.0
no_dyn_kl,7777,1,2019,2012,2019,2020,2019,an immersive,2.604123115539551,0.0,-4.395876884460449,-7.0
no_dyn_kl,7777,1,2019,2012,2019,2020,2019,an integrated,0.1010616347193718,8.0,0.1010616347193718,8.0
no_dyn_kl,7777,1,2019,2012,2019,2020,2019,an introduction,8.294442176818848,19.0,-5.705557823181152,5.0
no_dyn_kl,7777,1,2019,2012,2019,2020,2019,an investigation,4.989253520965576,16.0,-11.010746479034424,0.0
no_dyn_kl,7777,1,2019,2012,2019,2020,2019,an overview,1.4351775646209717,14.0,-7.564822435379028,5.0
no_dyn_kl,7777,1,2019,2012,2019,2020,2019,an overview of,2.592000961303711,14.0,-15.407999038696289,-4.0
no_dyn_kl,7777,1,2019,2012,2019,2020,2019,analyses,2.820586919784546,18.0,-11.179413080215454,4.0
no_dyn_kl,7777,1,2019,2012,2019,2020,2019,analytic hierarchy process,0.1010616347193718,0.0,0.1010616347193718,0.0
no_dyn_kl,7777,1,2019,2012,2019,2020,2019,analytical,0.1010616347193718,0.0,0.1010616347193718,0.0
no_dyn_kl,7777,1,2019,2012,2019,2020,2019,analytics,14.798415184020996,58.0,-30.201584815979004,13.0
no_dyn_kl,7777,1,2019,2012,2019,2020,2019,analyzing,0.7686999440193176,5.0,-4.231300055980682,0.0
no_dyn_kl,7777,1,2019,2012,2019,2020,2019,ancient,5.294802665710449,66.0,-42.70519733428955,18.0
no_dyn_kl,7777,1,2019,2012,2019,2020,2019,ancient city,0.1010616347193718,0.0,0.1010616347193718,0.0
no_dyn_kl,7777,1,2019,2012,2019,2020,2019,and al jazeera,4.020508766174316,36.0,-23.979491233825684,8.0
no_dyn_kl,7777,1,2019,2012,2019,2020,2019,and disaster risk,5.083169937133789,6.0,-0.9168300628662109,0.0
no_dyn_kl,7777,1,2019,2012,2019,2020,2019,and future directions,4.989253520965576,25.0,-11.010746479034424,9.0
no_dyn_kl,7777,1,2019,2012,2019,2020,2019,and generative ai,0.1010616347193718,0.0,0.1010616347193718,0.0
no_dyn_kl,7777,1,2019,2012,2019,2020,2019,and nation branding,0.1010616347193718,0.0,0.1010616347193718,0.0
no_dyn_kl,7777,1,2019,2012,2019,2020,2019,and place branding,2.9152190685272217,5.0,-5.084780931472778,-3.0
no_dyn_kl,7777,1,2019,2012,2019,2020,2019,and the future,3.2158679962158203,9.0,-5.78413200378418,0.0
no_dyn_kl,7777,1,2019,2012,2019,2020,2019,and the future of,3.2158679962158203,9.0,-5.78413200378418,0.0
no_dyn_kl,7777,1,2019,2012,2019,2020,2019,and user-generated content,2.9152190685272217,8.0,-5.084780931472778,0.0
no_dyn_kl,7777,1,2019,2012,2019,2020,2019,annual,5.967297554016113,7.0,-1.0327024459838867,0.0
no_dyn_kl,7777,1,2019,2012,2019,2020,2019,answering,0.1010616347193718,0.0,0.1010616347193718,0.0
no_dyn_kl,7777,1,2019,2012,2019,2020,2019,antecedents,14.153589248657227,34.0,-10.846410751342773,9.0
no_dyn_kl,7777,1,2019,2012,2019,2020,2019,anxiety,5.967297554016113,11.0,-1.0327024459838867,4.0
no_dyn_kl,7777,1,2019,2012,2019,2020,2019,applications,32.38164138793945,124.0,-70.61835861206055,21.0
no_dyn_kl,7777,1,2019,2012,2019,2020,2019,applications in,24.483949661254883,62.0,-29.516050338745117,8.0
no_dyn_kl,7777,1,2019,2012,2019,2020,2019,applications of,15.21487808227539,41.0,-10.78512191772461,15.0
no_dyn_kl,7777,1,2019,2012,2019,2020,2019,applied,5.785606861114502,15.0,-13.214393138885498,-4.0
no_dyn_kl,7777,3,2019,2012,2019,2022,2019,21st century,22.180906295776367,52.0,-9.819093704223633,20.0
no_dyn_kl,7777,3,2019,2012,2019,2022,2019,3d laser,18.304346084594727,41.0,-19.695653915405273,3.0
no_dyn_kl,7777,3,2019,2012,2019,2022,2019,3d laser scanning,14.976968765258789,41.0,-15.023031234741211,11.0
no_dyn_kl,7777,3,2019,2012,2019,2022,2019,3d modeling,1.3912986516952515,0.0,-7.6087013483047485,-9.0
no_dyn_kl,7777,3,2019,2012,2019,2022,2019,3d modelling,6.906946182250977,9.0,-2.0930538177490234,0.0
no_dyn_kl,7777,3,2019,2012,2019,2022,2019,3d models,9.253174781799316,29.0,-22.746825218200684,-3.0
no_dyn_kl,7777,3,2019,2012,2019,2022,2019,3d printing,1.4575265645980835,40.0,-7.5424734354019165,31.0
no_dyn_kl,7777,3,2019,2012,2019,2022,2019,3d scanning,15.246427536010742,36.0,-14.753572463989258,6.0
no_dyn_kl,7777,3,2019,2012,2019,2022,2019,abroad,15.738913536071777,17.0,-14.261086463928223,-13.0
no_dyn_kl,7777,3,2019,2012,2019,2022,2019,acceptance,9.982522010803223,9.0,-27.017477989196777,-28.0
no_dyn_kl,7777,3,2019,2012,2019,2022,2019,access,7.902840614318848,53.0,-56.09715938568115,-11.0
no_dyn_kl,7777,3,2019,2012,2019,2022,2019,accessible,2.4046592712402344,12.0,-3.5953407287597656,6.0
no_dyn_kl,7777,3,2019,2012,2019,2022,2019,accuracy,0.1842973530292511,6.0,0.1842973530292511,6.0
no_dyn_kl,7777,3,2019,2012,2019,2022,2019,accurate,3.6646995544433594,12.0,-6.335300445556641,2.0
no_dyn_kl,7777,3,2019,2012,2019,2022,2019,achieving,2.150944709777832,34.0,-11.849055290222168,20.0
no_dyn_kl,7777,3,2019,2012,2019,2022,2019,acknowledgements,1.7677838802337646,6.0,-3.2322161197662354,1.0
no_dyn_kl,7777,3,2019,2012,2019,2022,2019,acquisition,0.1842973530292511,9.0,0.1842973530292511,9.0
no_dyn_kl,7777,3,2019,2012,2019,2022,2019,action,18.817182540893555,281.0,-238.18281745910645,24.0
no_dyn_kl,7777,3,2019,2012,2019,2022,2019,activism,1.030078411102295,15.0,-4.969921588897705,9.0
no_dyn_kl,7777,3,2019,2012,2019,2022,2019,activities,21.614526748657227,40.0,-12.385473251342773,6.0
no_dyn_kl,7777,3,2019,2012,2019,2022,2019,activity,23.822298049926758,29.0,-21.177701950073242,-16.0
no_dyn_kl,7777,3,2019,2012,2019,2022,2019,adaptation,6.338367938995361,20.0,-19.66163206100464,-6.0
no_dyn_kl,7777,3,2019,2012,2019,2022,2019,adaptive,15.659385681152344,18.0,-5.340614318847656,-3.0
no_dyn_kl,7777,3,2019,2012,2019,2022,2019,addressing,3.459604024887085,8.0,-5.540395975112915,-1.0
no_dyn_kl,7777,3,2019,2012,2019,2022,2019,aden,3.1153736114501953,0.0,-4.884626388549805,-8.0
no_dyn_kl,7777,3,2019,2012,2019,2022,2019,adoption,20.08953285217285,37.0,-13.910467147827148,3.0
no_dyn_kl,7777,3,2019,2012,2019,2022,2019,adults,0.1842973530292511,0.0,0.1842973530292511,0.0
no_dyn_kl,7777,3,2019,2012,2019,2022,2019,advanced,26.03835678100586,30.0,-7.961643218994141,-4.0
no_dyn_kl,7777,3,2019,2012,2019,2022,2019,advances,20.379249572753906,49.0,-11.620750427246094,17.0
no_dyn_kl,7777,3,2019,2012,2019,2022,2019,advances in,9.73344612121582,20.0,-6.26655387878418,4.0
no_dyn_kl,7777,3,2019,2012,2019,2022,2019,advancing,1.799586296081543,18.0,-7.200413703918457,9.0
no_dyn_kl,7777,3,2019,2012,2019,2022,2019,advantages,0.1842973530292511,0.0,0.1842973530292511,0.0
no_dyn_kl,7777,3,2019,2012,2019,2022,2019,advertising,3.796286106109619,32.0,-6.203713893890381,22.0
no_dyn_kl,7777,3,2019,2012,2019,2022,2019,africa,53.10540771484375,242.0,-165.89459228515625,23.0
no_dyn_kl,7777,3,2019,2012,2019,2022,2019,african,12.450787544250488,51.0,-36.54921245574951,2.0
no_dyn_kl,7777,3,2019,2012,2019,2022,2019,afterword,3.8605499267578125,1.0,-7.1394500732421875,-10.0
no_dyn_kl,7777,3,2019,2012,2019,2022,2019,against,6.016744613647461,11.0,-11.983255386352539,-7.0
no_dyn_kl,7777,3,2019,2012,2019,2022,2019,age of,38.623802185058594,143.0,-80.3761978149414,24.0
no_dyn_kl,7777,3,2019,2012,2019,2022,2019,agencies,3.459604024887085,9.0,-5.540395975112915,0.0
no_dyn_kl,7777,3,2019,2012,2019,2022,2019,agenda,35.877010345458984,149.0,-16.122989654541016,97.0
no_dyn_kl,7777,3,2019,2012,2019,2022,2019,agentic,0.1842973530292511,0.0,0.1842973530292511,0.0
no_dyn_kl,7777,3,2019,2012,2019,2022,2019,agents,3.758612871170044,23.0,-20.241387128829956,-1.0
no_dyn_kl,7777,3,2019,2012,2019,2022,2019,agricultural,13.947653770446777,30.0,-6.052346229553223,10.0
no_dyn_kl,7777,3,2019,2012,2019,2022,2019,ai chatbot,0.1842973530292511,7.0,0.1842973530292511,7.0
no_dyn_kl,7777,3,2019,2012,2019,2022,2019,ai in,1.4061988592147827,49.0,-7.593801140785217,40.0
no_dyn_kl,7777,3,2019,2012,2019,2022,2019,ai on,0.1842973530292511,0.0,0.1842973530292511,0.0
no_dyn_kl,7777,3,2019,2012,2019,2022,2019,ai-driven,0.1842973530292511,0.0,0.1842973530292511,0.0
no_dyn_kl,7777,3,2019,2012,2019,2022,2019,ai-enabled,0.1842973530292511,6.0,0.1842973530292511,6.0
no_dyn_kl,7777,3,2019,2012,2019,2022,2019,ai-generated,0.1842973530292511,16.0,0.1842973530292511,16.0
no_dyn_kl,7777,3,2019,2012,2019,2022,2019,ai-generated content,0.1842973530292511,0.0,0.1842973530292511,0.0
no_dyn_kl,7777,3,2019,2012,2019,2022,2019,ai-powered,0.1842973530292511,0.0,0.1842973530292511,0.0
no_dyn_kl,7777,3,2019,2012,2019,2022,2019,ai伦理,6.897187232971191,27.0,-0.1028127670288086,20.0
no_dyn_kl,7777,3,2019,2012,2019,2022,2019,al jazeera,53.54020309448242,138.0,-117.45979690551758,-33.0
no_dyn_kl,7777,3,2019,2012,2019,2022,2019,al jazeera and,26.568748474121094,26.0,-10.431251525878906,-11.0
no_dyn_kl,7777,3,2019,2012,2019,2022,2019,al jazeera english,0.1842973530292511,16.0,0.1842973530292511,16.0
no_dyn_kl,7777,3,2019,2012,2019,2022,2019,al-jazeera,4.058929920196533,17.0,-30.941070079803467,-18.0
no_dyn_kl,7777,3,2019,2012,2019,2022,2019,aleppo,0.1842973530292511,0.0,0.1842973530292511,0.0
no_dyn_kl,7777,3,2019,2012,2019,2022,2019,algorithmic,14.808456420898438,18.0,-0.1915435791015625,3.0
no_dyn_kl,7777,3,2019,2012,2019,2022,2019,algorithms,11.129497528076172,57.0,-3.870502471923828,42.0
no_dyn_kl,7777,3,2019,2012,2019,2022,2019,alignment,9.07392406463623,15.0,0.07392406463623047,6.0
no_dyn_kl,7777,3,2019,2012,2019,2022,2019,along,12.285900115966797,32.0,-3.714099884033203,16.0
no_dyn_kl,7777,3,2019,2012,2019,2022,2019,along the silk,0.1842973530292511,15.0,0.1842973530292511,15.0
no_dyn_kl,7777,3,2019,2012,2019,2022,2019,alternative,5.290135860443115,48.0,-31.709864139556885,11.0
no_dyn_kl,7777,3,2019,2012,2019,2022,2019,america,34.88308334350586,139.0,-82.11691665649414,22.0
no_dyn_kl,7777,3,2019,2012,2019,2022,2019,american,10.156569480895996,55.0,-78.843430519104,-34.0
no_dyn_kl,7777,3,2019,2012,2019,2022,2019,an empirical,2.7322254180908203,24.0,-15.26777458190918,6.0
no_dyn_kl,7777,3,2019,2012,2019,2022,2019,an empirical study,0.1842973530292511,7.0,0.1842973530292511,7.0
no_dyn_kl,7777,3,2019,2012,2019,2022,2019,an example,7.994822025299072,22.0,-0.005177974700927734,14.0
no_dyn_kl,7777,3,2019,2012,2019,2022,2019,an exploratory,17.880537033081055,49.0,-13.119462966918945,18.0
no_dyn_kl,7777,3,2019,2012,2019,2022,2019,an exploratory study,17.880537033081055,49.0,-13.119462966918945,18.0
no_dyn_kl,7777,3,2019,2012,2019,2022,2019,an immersive,2.7636430263519287,8.0,-4.236356973648071,1.0
no_dyn_kl,7777,3,2019,2012,2019,2022,2019,an integrated,0.1842973530292511,8.0,0.1842973530292511,8.0
no_dyn_kl,7777,3,2019,2012,2019,2022,2019,an introduction,9.813593864440918,27.0,-4.186406135559082,13.0
no_dyn_kl,7777,3,2019,2012,2019,2022,2019,an investigation,5.553037643432617,0.0,-10.446962356567383,-16.0
no_dyn_kl,7777,3,2019,2012,2019,2022,2019,an overview,1.4575265645980835,31.0,-7.5424734354019165,22.0
no_dyn_kl,7777,3,2019,2012,2019,2022,2019,an overview of,2.670902967453003,31.0,-15.329097032546997,13.0
no_dyn_kl,7777,3,2019,2012,2019,2022,2019,analyses,2.952876567840576,13.0,-11.047123432159424,-1.0
no_dyn_kl,7777,3,2019,2012,2019,2022,2019,analytic hierarchy process,0.1842973530292511,0.0,0.1842973530292511,0.0
no_dyn_kl,7777,3,2019,2012,2019,2022,2019,analytical,0.1842973530292511,0.0,0.1842973530292511,0.0
no_dyn_kl,7777,3,2019,2012,2019,2022,2019,analytics,17.842344284057617,37.0,-27.157655715942383,-8.0
no_dyn_kl,7777,3,2019,2012,2019,2022,2019,analyzing,0.8004329800605774,20.0,-4.199567019939423,15.0
no_dyn_kl,7777,3,2019,2012,2019,2022,2019,ancient,5.688228130340576,72.0,-42.311771869659424,24.0
no_dyn_kl,7777,3,2019,2012,2019,2022,2019,ancient city,0.1842973530292511,0.0,0.1842973530292511,0.0
no_dyn_kl,7777,3,2019,2012,2019,2022,2019,and al jazeera,4.283984184265137,27.0,-23.716015815734863,-1.0
no_dyn_kl,7777,3,2019,2012,2019,2022,2019,and disaster risk,5.787957191467285,6.0,-0.21204280853271484,0.0
no_dyn_kl,7777,3,2019,2012,2019,2022,2019,and future directions,5.553037643432617,25.0,-10.446962356567383,9.0
no_dyn_kl,7777,3,2019,2012,2019,2022,2019,and generative ai,0.1842973530292511,0.0,0.1842973530292511,0.0
no_dyn_kl,7777,3,2019,2012,2019,2022,2019,and nation branding,0.1842973530292511,8.0,0.1842973530292511,8.0
no_dyn_kl,7777,3,2019,2012,2019,2022,2019,and place branding,3.1153736114501953,13.0,-4.884626388549805,5.0
no_dyn_kl,7777,3,2019,2012,2019,2022,2019,and the future,3.459604024887085,17.0,-5.540395975112915,8.0
no_dyn_kl,7777,3,2019,2012,2019,2022,2019,and the future of,3.459604024887085,17.0,-5.540395975112915,8.0
no_dyn_kl,7777,3,2019,2012,2019,2022,2019,and user-generated content,3.1153736114501953,8.0,-4.884626388549805,0.0
no_dyn_kl,7777,3,2019,2012,2019,2022,2019,annual,6.897187232971191,7.0,-0.1028127670288086,0.0
no_dyn_kl,7777,3,2019,2012,2019,2022,2019,answering,0.1842973530292511,8.0,0.1842973530292511,8.0
no_dyn_kl,7777,3,2019,2012,2019,2022,2019,antecedents,17.23477554321289,50.0,-7.765224456787109,25.0
no_dyn_kl,7777,3,2019,2012,2019,2022,2019,anxiety,6.897187232971191,20.0,-0.1028127670288086,13.0
no_dyn_kl,7777,3,2019,2012,2019,2022,2019,applications,38.26030349731445,209.0,-64.73969650268555,106.0
no_dyn_kl,7777,3,2019,2012,2019,2022,2019,applications in,29.636280059814453,69.0,-24.363719940185547,15.0
no_dyn_kl,7777,3,2019,2012,2019,2022,2019,applications of,18.59014892578125,49.0,-7.40985107421875,23.0
no_dyn_kl,7777,3,2019,2012,2019,2022,2019,applied,6.514781475067139,31.0,-12.485218524932861,12.0
no_dyn_kl,7777,5,2019,2012,2019,2024,2019,21st century,17.15342140197754,36.0,-14.846578598022461,4.0
no_dyn_kl,7777,5,2019,2012,2019,2024,2019,3d laser,14.372286796569824,31.0,-23.627713203430176,-7.0
no_dyn_kl,7777,5,2019,2012,2019,2024,2019,3d laser scanning,11.936973571777344,31.0,-18.063026428222656,1.0
no_dyn_kl,7777,5,2019,2012,2019,2024,2019,3d modeling,1.2251111268997192,22.0,-7.774888873100281,13.0
no_dyn_kl,7777,5,2019,2012,2019,2024,2019,3d modelling,5.6976637840271,4.0,-3.3023362159729004,-5.0
no_dyn_kl,7777,5,2019,2012,2019,2024,2019,3d models,7.494207859039307,13.0,-24.505792140960693,-19.0
no_dyn_kl,7777,5,2019,2012,2019,2024,2019,3d printing,1.2779662609100342,50.0,-7.722033739089966,41.0
no_dyn_kl,7777,5,2019,2012,2019,2024,2019,3d scanning,12.131558418273926,31.0,-17.868441581726074,1.0
no_dyn_kl,7777,5,2019,2012,2019,2024,2019,abroad,12.480667114257812,18.0,-17.519332885742188,-12.0
no_dyn_kl,7777,5,2019,2012,2019,2024,2019,acceptance,8.058218002319336,40.0,-28.941781997680664,3.0
no_dyn_kl,7777,5,2019,2012,2019,2024,2019,access,6.3629045486450195,38.0,-57.63709545135498,-26.0
no_dyn_kl,7777,5,2019,2012,2019,2024,2019,accessible,2.052748918533325,12.0,-3.947251081466675,6.0
no_dyn_kl,7777,5,2019,2012,2019,2024,2019,accuracy,0.2502385377883911,23.0,0.2502385377883911,23.0
no_dyn_kl,7777,5,2019,2012,2019,2024,2019,accurate,3.0683138370513916,12.0,-6.931686162948608,2.0
no_dyn_kl,7777,5,2019,2012,2019,2024,2019,achieving,1.8314926624298096,47.0,-12.16850733757019,33.0
no_dyn_kl,7777,5,2019,2012,2019,2024,2019,acknowledgements,1.5427364110946655,5.0,-3.4572635889053345,0.0
no_dyn_kl,7777,5,2019,2012,2019,2024,2019,acquisition,0.2502385377883911,9.0,0.2502385377883911,9.0
no_dyn_kl,7777,5,2019,2012,2019,2024,2019,action,14.402880668640137,350.0,-242.59711933135986,93.0
no_dyn_kl,7777,5,2019,2012,2019,2024,2019,activism,0.9362865090370178,15.0,-5.063713490962982,9.0
no_dyn_kl,7777,5,2019,2012,2019,2024,2019,activities,16.740161895751953,52.0,-17.259838104248047,18.0
no_dyn_kl,7777,5,2019,2012,2019,2024,2019,activity,18.254005432128906,37.0,-26.745994567871094,-8.0
no_dyn_kl,7777,5,2019,2012,2019,2024,2019,adaptation,5.188558578491211,29.0,-20.81144142150879,3.0
no_dyn_kl,7777,5,2019,2012,2019,2024,2019,adaptive,12.443314552307129,18.0,-8.556685447692871,-3.0
no_dyn_kl,7777,5,2019,2012,2019,2024,2019,addressing,2.9030511379241943,17.0,-6.096948862075806,8.0
no_dyn_kl,7777,5,2019,2012,2019,2024,2019,aden,2.625762462615967,1.0,-5.374237537384033,-7.0
no_dyn_kl,7777,5,2019,2012,2019,2024,2019,adoption,15.644779205322266,53.0,-18.355220794677734,19.0
no_dyn_kl,7777,5,2019,2012,2019,2024,2019,adults,0.2502385377883911,0.0,0.2502385377883911,0.0
no_dyn_kl,7777,5,2019,2012,2019,2024,2019,advanced,19.81488609313965,23.0,-14.185113906860352,-11.0
no_dyn_kl,7777,5,2019,2012,2019,2024,2019,advances,15.870789527893066,52.0,-16.129210472106934,20.0
no_dyn_kl,7777,5,2019,2012,2019,2024,2019,advances in,7.922608852386475,31.0,-8.077391147613525,15.0
no_dyn_kl,7777,5,2019,2012,2019,2024,2019,advancing,1.5549747943878174,40.0,-7.445025205612183,31.0
no_dyn_kl,7777,5,2019,2012,2019,2024,2019,advantages,0.2502385377883911,26.0,0.2502385377883911,26.0
no_dyn_kl,7777,5,2019,2012,2019,2024,2019,advertising,3.174021005630493,50.0,-6.825978994369507,40.0
no_dyn_kl,7777,5,2019,2012,2019,2024,2019,africa,36.34258270263672,242.0,-182.65741729736328,23.0
no_dyn_kl,7777,5,2019,2012,2019,2024,2019,african,9.93654727935791,50.0,-39.06345272064209,1.0
no_dyn_kl,7777,5,2019,2012,2019,2024,2019,afterword,3.2260427474975586,13.0,-7.773957252502441,2.0
no_dyn_kl,7777,5,2019,2012,2019,2024,2019,against,4.951468467712402,18.0,-13.048531532287598,0.0
no_dyn_kl,7777,5,2019,2012,2019,2024,2019,age of,27.858699798583984,130.0,-91.14130020141602,11.0
no_dyn_kl,7777,5,2019,2012,2019,2024,2019,agencies,2.9030511379241943,17.0,-6.096948862075806,8.0
no_dyn_kl,7777,5,2019,2012,2019,2024,2019,agenda,26.239599227905273,160.0,-25.760400772094727,108.0
no_dyn_kl,7777,5,2019,2012,2019,2024,2019,agentic,0.2502385377883911,0.0,0.2502385377883911,0.0
no_dyn_kl,7777,5,2019,2012,2019,2024,2019,agents,3.1128487586975098,45.0,-20.88715124130249,21.0
no_dyn_kl,7777,5,2019,2012,2019,2024,2019,agricultural,11.160051345825195,26.0,-8.839948654174805,6.0
no_dyn_kl,7777,5,2019,2012,2019,2024,2019,ai chatbot,0.2502385377883911,41.0,0.2502385377883911,41.0
no_dyn_kl,7777,5,2019,2012,2019,2024,2019,ai in,1.236418604850769,157.0,-7.763581395149231,148.0
no_dyn_kl,7777,5,2019,2012,2019,2024,2019,ai on,0.2502385377883911,15.0,0.2502385377883911,15.0
no_dyn_kl,7777,5,2019,2012,2019,2024,2019,ai-driven,0.2502385377883911,30.0,0.2502385377883911,30.0
no_dyn_kl,7777,5,2019,2012,2019,2024,2019,ai-enabled,0.2502385377883911,6.0,0.2502385377883911,6.0
no_dyn_kl,7777,5,2019,2012,2019,2024,2019,ai-generated,0.2502385377883911,33.0,0.2502385377883911,33.0
no_dyn_kl,7777,5,2019,2012,2019,2024,2019,ai-generated content,0.2502385377883911,24.0,0.2502385377883911,24.0
no_dyn_kl,7777,5,2019,2012,2019,2024,2019,ai-powered,0.2502385377883911,8.0,0.2502385377883911,8.0
no_dyn_kl,7777,5,2019,2012,2019,2024,2019,ai伦理,5.693961143493652,20.0,-1.3060388565063477,13.0
no_dyn_kl,7777,5,2019,2012,2019,2024,2019,al jazeera,36.66666030883789,48.0,-134.3333396911621,-123.0
no_dyn_kl,7777,5,2019,2012,2019,2024,2019,al jazeera and,20.179845809936523,0.0,-16.820154190063477,-37.0
no_dyn_kl,7777,5,2019,2012,2019,2024,2019,al jazeera english,0.2502385377883911,24.0,0.2502385377883911,24.0
no_dyn_kl,7777,5,2019,2012,2019,2024,2019,al-jazeera,3.3508412837982178,9.0,-31.649158716201782,-26.0
no_dyn_kl,7777,5,2019,2012,2019,2024,2019,aleppo,0.2502385377883911,9.0,0.2502385377883911,9.0
no_dyn_kl,7777,5,2019,2012,2019,2024,2019,algorithmic,11.827776908874512,3.0,-3.1722230911254883,-12.0
no_dyn_kl,7777,5,2019,2012,2019,2024,2019,algorithms,9.01282787322998,71.0,-5.9871721267700195,56.0
no_dyn_kl,7777,5,2019,2012,2019,2024,2019,alignment,7.42227029800415,6.0,-1.5777297019958496,-3.0
no_dyn_kl,7777,5,2019,2012,2019,2024,2019,along,9.907005310058594,52.0,-6.092994689941406,36.0
no_dyn_kl,7777,5,2019,2012,2019,2024,2019,along the silk,0.2502385377883911,29.0,0.2502385377883911,29.0
no_dyn_kl,7777,5,2019,2012,2019,2024,2019,alternative,4.325748920440674,36.0,-32.674251079559326,-1.0
no_dyn_kl,7777,5,2019,2012,2019,2024,2019,america,25.50387191772461,138.0,-91.49612808227539,21.0
no_dyn_kl,7777,5,2019,2012,2019,2024,2019,american,8.10950756072998,57.0,-80.89049243927002,-32.0
no_dyn_kl,7777,5,2019,2012,2019,2024,2019,an empirical,2.2947587966918945,15.0,-15.705241203308105,-3.0
no_dyn_kl,7777,5,2019,2012,2019,2024,2019,an empirical study,0.2502385377883911,7.0,0.2502385377883911,7.0
no_dyn_kl,7777,5,2019,2012,2019,2024,2019,an example,6.568998336791992,29.0,-1.4310016632080078,21.0
no_dyn_kl,7777,5,2019,2012,2019,2024,2019,an exploratory,14.057663917541504,26.0,-16.942336082458496,-5.0
no_dyn_kl,7777,5,2019,2012,2019,2024,2019,an exploratory study,14.057663917541504,26.0,-16.942336082458496,-5.0
no_dyn_kl,7777,5,2019,2012,2019,2024,2019,an immersive,2.3422446250915527,8.0,-4.657755374908447,1.0
no_dyn_kl,7777,5,2019,2012,2019,2024,2019,an integrated,0.2502385377883911,16.0,0.2502385377883911,16.0
no_dyn_kl,7777,5,2019,2012,2019,2024,2019,an introduction,7.9895758628845215,28.0,-6.0104241371154785,14.0
no_dyn_kl,7777,5,2019,2012,2019,2024,2019,an investigation,4.581970691680908,7.0,-11.418029308319092,-9.0
no_dyn_kl,7777,5,2019,2012,2019,2024,2019,an overview,1.2779662609100342,76.0,-7.722033739089966,67.0
no_dyn_kl,7777,5,2019,2012,2019,2024,2019,an overview of,2.245997428894043,67.0,-15.754002571105957,49.0
no_dyn_kl,7777,5,2019,2012,2019,2024,2019,analyses,2.4798099994659424,13.0,-11.520190000534058,-1.0
no_dyn_kl,7777,5,2019,2012,2019,2024,2019,analytic hierarchy process,0.2502385377883911,0.0,0.2502385377883911,0.0
no_dyn_kl,7777,5,2019,2012,2019,2024,2019,analytical,0.2502385377883911,32.0,0.2502385377883911,32.0
no_dyn_kl,7777,5,2019,2012,2019,2024,2019,analytics,13.991327285766602,45.0,-31.0086727142334,0.0
no_dyn_kl,7777,5,2019,2012,2019,2024,2019,analyzing,0.7510641813278198,53.0,-4.24893581867218,48.0
no_dyn_kl,7777,5,2019,2012,2019,2024,2019,ancient,4.629462718963623,76.0,-43.37053728103638,28.0
no_dyn_kl,7777,5,2019,2012,2019,2024,2019,ancient city,0.2502385377883911,17.0,0.2502385377883911,17.0
no_dyn_kl,7777,5,2019,2012,2019,2024,2019,and al jazeera,3.5357720851898193,16.0,-24.46422791481018,-12.0
no_dyn_kl,7777,5,2019,2012,2019,2024,2019,and disaster risk,4.803180694580078,38.0,-1.1968193054199219,32.0
no_dyn_kl,7777,5,2019,2012,2019,2024,2019,and future directions,4.581970691680908,43.0,-11.418029308319092,27.0
no_dyn_kl,7777,5,2019,2012,2019,2024,2019,and generative ai,0.2502385377883911,25.0,0.2502385377883911,25.0
no_dyn_kl,7777,5,2019,2012,2019,2024,2019,and nation branding,0.2502385377883911,8.0,0.2502385377883911,8.0
no_dyn_kl,7777,5,2019,2012,2019,2024,2019,and place branding,2.625762462615967,13.0,-5.374237537384033,5.0
no_dyn_kl,7777,5,2019,2012,2019,2024,2019,and the future,2.9030511379241943,31.0,-6.096948862075806,22.0
no_dyn_kl,7777,5,2019,2012,2019,2024,2019,and the future of,2.9030511379241943,31.0,-6.096948862075806,22.0
no_dyn_kl,7777,5,2019,2012,2019,2024,2019,and user-generated content,2.625762462615967,16.0,-5.374237537384033,8.0
no_dyn_kl,7777,5,2019,2012,2019,2024,2019,annual,5.693961143493652,16.0,-1.3060388565063477,9.0
no_dyn_kl,7777,5,2019,2012,2019,2024,2019,answering,0.2502385377883911,8.0,0.2502385377883911,8.0
no_dyn_kl,7777,5,2019,2012,2019,2024,2019,antecedents,13.599246978759766,25.0,-11.400753021240234,0.0
no_dyn_kl,7777,5,2019,2012,2019,2024,2019,anxiety,5.693961143493652,19.0,-1.3060388565063477,12.0
no_dyn_kl,7777,5,2019,2012,2019,2024,2019,applications,27.658584594726562,167.0,-75.34141540527344,64.0
no_dyn_kl,7777,5,2019,2012,2019,2024,2019,applications in,22.194433212280273,49.0,-31.805566787719727,-5.0
no_dyn_kl,7777,5,2019,2012,2019,2024,2019,applications of,14.592833518981934,45.0,-11.407166481018066,19.0
no_dyn_kl,7777,5,2019,2012,2019,2024,2019,applied,5.34651517868042,52.0,-13.65348482131958,33.0
