model,seed,horizon,forecast_origin,history_start,history_end,target_year,train_cutoff,topic_id,prediction,actual,predicted_growth,actual_growth
full,42,1,2019,2012,2019,2020,2019,旅游,103.78186798095703,3486.0,-2927.218132019043,455.0
full,42,1,2019,2012,2019,2020,2019,tour,97.84647369384766,3300.0,-2795.1535263061523,407.0
full,42,1,2019,2012,2019,2020,2019,文化,96.80231475830078,2014.0,-1607.1976852416992,310.0
full,42,1,2019,2012,2019,2020,2019,nation,96.49787902832031,1766.0,-1386.5021209716797,283.0
full,42,1,2019,2012,2019,2020,2019,遗产,92.15666961669922,1587.0,-1258.8433303833008,236.0
full,42,1,2019,2012,2019,2020,2019,阿拉伯,78.9245834350586,881.0,-751.0754165649414,51.0
full,42,1,2019,2012,2019,2020,2019,发展,81.97901153564453,899.0,-674.0209884643555,143.0
full,42,1,2019,2012,2019,2020,2019,目的地,78.74931335449219,794.0,-606.2506866455078,109.0
full,42,1,2019,2012,2019,2020,2019,world,79.20411682128906,786.0,-604.7958831787109,102.0
full,42,1,2019,2012,2019,2020,2019,view,81.71780395507812,905.0,-590.2821960449219,233.0
full,42,1,2019,2012,2019,2020,2019,rate,77.72183227539062,683.0,-558.2781677246094,47.0
full,42,1,2019,2012,2019,2020,2019,city,74.83112335205078,681.0,-560.1688766479492,46.0
full,42,1,2019,2012,2019,2020,2019,研究,80.83995819091797,734.0,-513.160041809082,140.0
full,42,1,2019,2012,2019,2020,2019,艺术,81.7206039428711,646.0,-479.2793960571289,85.0
full,42,1,2019,2012,2019,2020,2019,site,76.58507537841797,657.0,-477.41492462158203,103.0
full,42,1,2019,2012,2019,2020,2019,image,74.94293975830078,662.0,-462.0570602416992,125.0
full,42,1,2019,2012,2019,2020,2019,社会,75.11187744140625,616.0,-447.88812255859375,93.0
full,42,1,2019,2012,2019,2020,2019,media,75.12664794921875,576.0,-442.87335205078125,58.0
full,42,1,2019,2012,2019,2020,2019,search,78.35090637207031,632.0,-438.6490936279297,115.0
full,42,1,2019,2012,2019,2020,2019,work,75.72002410888672,529.0,-418.2799758911133,35.0
full,42,1,2019,2012,2019,2020,2019,中国,72.37451171875,537.0,-324.62548828125,140.0
full,42,1,2019,2012,2019,2020,2019,国家,70.98987579345703,492.0,-322.01012420654297,99.0
full,42,1,2019,2012,2019,2020,2019,影响,73.10491943359375,466.0,-296.89508056640625,96.0
full,42,1,2019,2012,2019,2020,2019,挑战,69.72664642333984,476.0,-300.27335357666016,106.0
full,42,1,2019,2012,2019,2020,2019,text,72.22724914550781,415.0,-290.7727508544922,52.0
full,42,1,2019,2012,2019,2020,2019,challenges,69.08301544189453,451.0,-275.91698455810547,106.0
full,42,1,2019,2012,2019,2020,2019,east,37.82014846801758,405.0,-294.1798515319824,73.0
full,42,1,2019,2012,2019,2020,2019,gene,64.5485610961914,329.0,-263.4514389038086,1.0
full,42,1,2019,2012,2019,2020,2019,chinese,61.41908645629883,359.0,-265.5809135437012,32.0
full,42,1,2019,2012,2019,2020,2019,land,65.53538513183594,380.0,-261.46461486816406,53.0
full,42,1,2019,2012,2019,2020,2019,社交媒体,66.77925109863281,379.0,-251.2207489013672,61.0
full,42,1,2019,2012,2019,2020,2019,应用,68.29510498046875,336.0,-248.70489501953125,19.0
full,42,1,2019,2012,2019,2020,2019,power,66.62822723388672,328.0,-243.37177276611328,18.0
full,42,1,2019,2012,2019,2020,2019,可持续,63.62118911743164,389.0,-246.37881088256836,79.0
full,42,1,2019,2012,2019,2020,2019,经济,70.29999542236328,346.0,-239.70000457763672,36.0
full,42,1,2019,2012,2019,2020,2019,road,66.49517822265625,434.0,-228.50482177734375,139.0
full,42,1,2019,2012,2019,2020,2019,经验,63.638816833496094,321.0,-231.3611831665039,26.0
full,42,1,2019,2012,2019,2020,2019,管理,69.92147827148438,317.0,-218.07852172851562,29.0
full,42,1,2019,2012,2019,2020,2019,全球,64.66227722167969,357.0,-221.3377227783203,71.0
full,42,1,2019,2012,2019,2020,2019,学习,69.95550537109375,368.0,-210.04449462890625,88.0
full,42,1,2019,2012,2019,2020,2019,change,64.91797637939453,327.0,-213.08202362060547,49.0
full,42,1,2019,2012,2019,2020,2019,视角,67.64177703857422,368.0,-207.35822296142578,93.0
full,42,1,2019,2012,2019,2020,2019,遗产旅行,55.79984664916992,285.0,-216.20015335083008,13.0
full,42,1,2019,2012,2019,2020,2019,地方,66.56083679199219,319.0,-195.4391632080078,57.0
full,42,1,2019,2012,2019,2020,2019,soft,60.148136138916016,313.0,-199.85186386108398,53.0
full,42,1,2019,2012,2019,2020,2019,action,37.29644775390625,263.0,-219.70355224609375,6.0
full,42,1,2019,2012,2019,2020,2019,real,64.2665786743164,322.0,-187.7334213256836,70.0
full,42,1,2019,2012,2019,2020,2019,state,55.05253982543945,277.0,-196.94746017456055,25.0
full,42,1,2019,2012,2019,2020,2019,diplomacy,66.21668243408203,333.0,-183.78331756591797,83.0
full,42,1,2019,2012,2019,2020,2019,mental,68.01527404785156,344.0,-179.98472595214844,96.0
full,42,1,2019,2012,2019,2020,2019,丝绸之路,62.39638900756836,434.0,-184.60361099243164,187.0
full,42,1,2019,2012,2019,2020,2019,post,60.764732360839844,341.0,-184.23526763916016,96.0
full,42,1,2019,2012,2019,2020,2019,formation,66.7692642211914,316.0,-177.2307357788086,72.0
full,42,1,2019,2012,2019,2020,2019,游客,59.0810546875,304.0,-184.9189453125,60.0
full,42,1,2019,2012,2019,2020,2019,branding,57.61882400512695,239.0,-182.38117599487305,-1.0
full,42,1,2019,2012,2019,2020,2019,relations,63.35710144042969,247.0,-176.6428985595703,7.0
full,42,1,2019,2012,2019,2020,2019,place,40.929447174072266,285.0,-197.07055282592773,47.0
full,42,1,2019,2012,2019,2020,2019,role,64.25630950927734,315.0,-172.74369049072266,78.0
full,42,1,2019,2012,2019,2020,2019,conflict,64.23898315429688,255.0,-171.76101684570312,19.0
full,42,1,2019,2012,2019,2020,2019,案例研究,59.354698181152344,237.0,-176.64530181884766,1.0
full,42,1,2019,2012,2019,2020,2019,原真性,62.776668548583984,264.0,-165.22333145141602,36.0
full,42,1,2019,2012,2019,2020,2019,time,64.39078521728516,382.0,-162.60921478271484,155.0
full,42,1,2019,2012,2019,2020,2019,product,53.93083953857422,212.0,-171.06916046142578,-13.0
full,42,1,2019,2012,2019,2020,2019,africa,58.52885055541992,227.0,-160.47114944458008,8.0
full,42,1,2019,2012,2019,2020,2019,sites,60.573944091796875,246.0,-157.42605590820312,28.0
full,42,1,2019,2012,2019,2020,2019,language,33.56145095825195,220.0,-177.43854904174805,9.0
full,42,1,2019,2012,2019,2020,2019,brand,52.64863204956055,233.0,-155.35136795043945,25.0
full,42,1,2019,2012,2019,2020,2019,silk,59.335044860839844,373.0,-144.66495513916016,169.0
full,42,1,2019,2012,2019,2020,2019,plan,36.814598083496094,213.0,-165.1854019165039,11.0
full,42,1,2019,2012,2019,2020,2019,可持续发展,57.81736373901367,212.0,-140.18263626098633,14.0
full,42,1,2019,2012,2019,2020,2019,the middle east,41.975006103515625,221.0,-154.02499389648438,25.0
full,42,1,2019,2012,2019,2020,2019,carrying,48.07524108886719,211.0,-146.9247589111328,16.0
full,42,1,2019,2012,2019,2020,2019,效果,62.734134674072266,271.0,-132.26586532592773,76.0
full,42,1,2019,2012,2019,2020,2019,分析,58.989219665527344,212.0,-133.01078033447266,20.0
full,42,1,2019,2012,2019,2020,2019,reality,59.19527053833008,209.0,-131.80472946166992,18.0
full,42,1,2019,2012,2019,2020,2019,content,54.45395278930664,210.0,-135.54604721069336,20.0
full,42,1,2019,2012,2019,2020,2019,middle east,46.489990234375,203.0,-142.510009765625,14.0
full,42,1,2019,2012,2019,2020,2019,服务,62.058326721191406,179.0,-125.9416732788086,-9.0
full,42,1,2019,2012,2019,2020,2019,source,58.47772216796875,213.0,-128.52227783203125,26.0
full,42,1,2019,2012,2019,2020,2019,carrying capacity,47.34442901611328,202.0,-138.65557098388672,16.0
full,42,1,2019,2012,2019,2020,2019,数字,62.055381774902344,322.0,-122.94461822509766,137.0
full,42,1,2019,2012,2019,2020,2019,in the middle,48.534645080566406,190.0,-133.4653549194336,8.0
full,42,1,2019,2012,2019,2020,2019,系统综述,59.1231803894043,222.0,-122.8768196105957,40.0
full,42,1,2019,2012,2019,2020,2019,实践,60.6547966003418,169.0,-117.3452033996582,-9.0
full,42,1,2019,2012,2019,2020,2019,graph,57.924598693847656,179.0,-118.07540130615234,3.0
full,42,1,2019,2012,2019,2020,2019,outbound,26.57053565979004,176.0,-149.42946434020996,0.0
full,42,1,2019,2012,2019,2020,2019,语境,59.50626754760742,209.0,-115.49373245239258,34.0
full,42,1,2019,2012,2019,2020,2019,框架,52.39712905883789,221.0,-119.60287094116211,49.0
full,42,1,2019,2012,2019,2020,2019,al jazeera,57.53413772583008,181.0,-113.46586227416992,10.0
full,42,1,2019,2012,2019,2020,2019,jazeera,57.53413772583008,181.0,-113.46586227416992,10.0
full,42,1,2019,2012,2019,2020,2019,流程,61.32902526855469,194.0,-107.67097473144531,25.0
full,42,1,2019,2012,2019,2020,2019,belt,59.48027801513672,236.0,-106.51972198486328,70.0
full,42,1,2019,2012,2019,2020,2019,in the middle east,47.161563873291016,181.0,-117.83843612670898,16.0
full,42,1,2019,2012,2019,2020,2019,政策,55.13379669189453,161.0,-109.86620330810547,-4.0
full,42,1,2019,2012,2019,2020,2019,软实力,54.3028564453125,175.0,-110.6971435546875,10.0
full,42,1,2019,2012,2019,2020,2019,marketing,55.792396545410156,217.0,-108.20760345458984,53.0
full,42,1,2019,2012,2019,2020,2019,religious,58.714210510253906,153.0,-104.2857894897461,-10.0
full,42,1,2019,2012,2019,2020,2019,country,56.23577880859375,144.0,-105.76422119140625,-18.0
full,42,1,2019,2012,2019,2020,2019,islam,61.76455307006836,166.0,-100.23544692993164,4.0
full,42,1,2019,2012,2019,2020,2019,urban,52.503334045410156,187.0,-109.49666595458984,25.0
full,42,3,2019,2012,2019,2022,2019,旅游,153.44798278808594,4242.0,-2877.552017211914,1211.0
full,42,3,2019,2012,2019,2022,2019,tour,144.64804077148438,3857.0,-2748.3519592285156,964.0
full,42,3,2019,2012,2019,2022,2019,文化,142.80499267578125,2521.0,-1561.1950073242188,817.0
full,42,3,2019,2012,2019,2022,2019,nation,142.22474670410156,2266.0,-1340.7752532958984,783.0
full,42,3,2019,2012,2019,2022,2019,遗产,135.7828369140625,1698.0,-1215.2171630859375,347.0
full,42,3,2019,2012,2019,2022,2019,阿拉伯,116.30525970458984,784.0,-713.6947402954102,-46.0
full,42,3,2019,2012,2019,2022,2019,发展,120.60411071777344,907.0,-635.3958892822266,151.0
full,42,3,2019,2012,2019,2022,2019,目的地,115.81678771972656,1036.0,-569.1832122802734,351.0
full,42,3,2019,2012,2019,2022,2019,world,116.49996185302734,627.0,-567.5000381469727,-57.0
full,42,3,2019,2012,2019,2022,2019,view,120.20547485351562,1100.0,-551.7945251464844,428.0
full,42,3,2019,2012,2019,2022,2019,rate,114.3597412109375,894.0,-521.6402587890625,258.0
full,42,3,2019,2012,2019,2022,2019,city,110.24375915527344,755.0,-524.7562408447266,120.0
full,42,3,2019,2012,2019,2022,2019,研究,118.8276138305664,901.0,-475.1723861694336,307.0
full,42,3,2019,2012,2019,2022,2019,艺术,120.10552978515625,992.0,-440.89447021484375,431.0
full,42,3,2019,2012,2019,2022,2019,site,112.59471130371094,670.0,-441.40528869628906,116.0
full,42,3,2019,2012,2019,2022,2019,image,110.2743148803711,783.0,-426.7256851196289,246.0
full,42,3,2019,2012,2019,2022,2019,社会,110.56700897216797,727.0,-412.43299102783203,204.0
full,42,3,2019,2012,2019,2022,2019,media,110.55992889404297,588.0,-407.44007110595703,70.0
full,42,3,2019,2012,2019,2022,2019,search,115.13652801513672,797.0,-401.8634719848633,280.0
full,42,3,2019,2012,2019,2022,2019,work,111.4146957397461,623.0,-382.5853042602539,129.0
full,42,3,2019,2012,2019,2022,2019,中国,106.4052505493164,600.0,-290.5947494506836,203.0
full,42,3,2019,2012,2019,2022,2019,国家,104.45343017578125,523.0,-288.54656982421875,130.0
full,42,3,2019,2012,2019,2022,2019,影响,107.44209289550781,563.0,-262.5579071044922,193.0
full,42,3,2019,2012,2019,2022,2019,挑战,102.64055633544922,597.0,-267.3594436645508,227.0
full,42,3,2019,2012,2019,2022,2019,text,106.17242431640625,565.0,-256.82757568359375,202.0
full,42,3,2019,2012,2019,2022,2019,challenges,101.67893981933594,553.0,-243.32106018066406,208.0
full,42,3,2019,2012,2019,2022,2019,east,59.868309020996094,419.0,-272.1316909790039,87.0
full,42,3,2019,2012,2019,2022,2019,gene,95.30636596679688,406.0,-232.69363403320312,78.0
full,42,3,2019,2012,2019,2022,2019,chinese,90.932861328125,325.0,-236.067138671875,-2.0
full,42,3,2019,2012,2019,2022,2019,land,96.69366455078125,380.0,-230.30633544921875,53.0
full,42,3,2019,2012,2019,2022,2019,社交媒体,98.37611389160156,452.0,-219.62388610839844,134.0
full,42,3,2019,2012,2019,2022,2019,应用,100.53981018066406,470.0,-216.46018981933594,153.0
full,42,3,2019,2012,2019,2022,2019,power,98.10028076171875,334.0,-211.89971923828125,24.0
full,42,3,2019,2012,2019,2022,2019,可持续,93.98314666748047,443.0,-216.01685333251953,133.0
full,42,3,2019,2012,2019,2022,2019,经济,103.36609649658203,467.0,-206.63390350341797,157.0
full,42,3,2019,2012,2019,2022,2019,road,97.81998443603516,555.0,-197.18001556396484,260.0
full,42,3,2019,2012,2019,2022,2019,经验,93.97517395019531,403.0,-201.0248260498047,108.0
full,42,3,2019,2012,2019,2022,2019,管理,102.7774887084961,413.0,-185.2225112915039,125.0
full,42,3,2019,2012,2019,2022,2019,全球,95.41999816894531,377.0,-190.5800018310547,91.0
full,42,3,2019,2012,2019,2022,2019,学习,102.78303527832031,564.0,-177.2169647216797,284.0
full,42,3,2019,2012,2019,2022,2019,change,95.70077514648438,386.0,-182.29922485351562,108.0
full,42,3,2019,2012,2019,2022,2019,视角,99.50960540771484,504.0,-175.49039459228516,229.0
full,42,3,2019,2012,2019,2022,2019,遗产旅行,82.9978256225586,324.0,-189.0021743774414,52.0
full,42,3,2019,2012,2019,2022,2019,地方,97.93592071533203,271.0,-164.06407928466797,9.0
full,42,3,2019,2012,2019,2022,2019,soft,88.96864318847656,268.0,-171.03135681152344,8.0
full,42,3,2019,2012,2019,2022,2019,action,59.17202377319336,281.0,-197.82797622680664,24.0
full,42,3,2019,2012,2019,2022,2019,real,94.7114486694336,378.0,-157.2885513305664,126.0
full,42,3,2019,2012,2019,2022,2019,state,82.16554260253906,261.0,-169.83445739746094,9.0
full,42,3,2019,2012,2019,2022,2019,diplomacy,97.35552215576172,422.0,-152.64447784423828,172.0
full,42,3,2019,2012,2019,2022,2019,mental,100.0206527709961,323.0,-147.9793472290039,75.0
full,42,3,2019,2012,2019,2022,2019,丝绸之路,91.92340087890625,543.0,-155.07659912109375,296.0
full,42,3,2019,2012,2019,2022,2019,post,89.81828308105469,461.0,-155.1817169189453,216.0
full,42,3,2019,2012,2019,2022,2019,formation,98.2309799194336,430.0,-145.7690200805664,186.0
full,42,3,2019,2012,2019,2022,2019,游客,87.47625732421875,347.0,-156.52374267578125,103.0
full,42,3,2019,2012,2019,2022,2019,branding,85.37693786621094,366.0,-154.62306213378906,126.0
full,42,3,2019,2012,2019,2022,2019,relations,93.42679595947266,183.0,-146.57320404052734,-57.0
full,42,3,2019,2012,2019,2022,2019,place,63.532630920410156,252.0,-174.46736907958984,14.0
full,42,3,2019,2012,2019,2022,2019,role,94.72797393798828,445.0,-142.27202606201172,208.0
full,42,3,2019,2012,2019,2022,2019,conflict,94.61825561523438,245.0,-141.38174438476562,9.0
full,42,3,2019,2012,2019,2022,2019,案例研究,88.00183868408203,228.0,-147.99816131591797,-8.0
full,42,3,2019,2012,2019,2022,2019,原真性,92.52555084228516,418.0,-135.47444915771484,190.0
full,42,3,2019,2012,2019,2022,2019,time,94.72222137451172,443.0,-132.27777862548828,216.0
full,42,3,2019,2012,2019,2022,2019,product,80.63502502441406,226.0,-144.36497497558594,1.0
full,42,3,2019,2012,2019,2022,2019,africa,86.7280502319336,242.0,-132.2719497680664,23.0
full,42,3,2019,2012,2019,2022,2019,sites,89.31383514404297,289.0,-128.68616485595703,71.0
full,42,3,2019,2012,2019,2022,2019,language,54.33841323852539,215.0,-156.6615867614746,4.0
full,42,3,2019,2012,2019,2022,2019,brand,78.58478546142578,328.0,-129.41521453857422,120.0
full,42,3,2019,2012,2019,2022,2019,silk,87.5666275024414,466.0,-116.4333724975586,262.0
full,42,3,2019,2012,2019,2022,2019,plan,58.291934967041016,244.0,-143.70806503295898,42.0
full,42,3,2019,2012,2019,2022,2019,可持续发展,85.69371032714844,279.0,-112.30628967285156,81.0
full,42,3,2019,2012,2019,2022,2019,the middle east,64.28096008300781,236.0,-131.7190399169922,40.0
full,42,3,2019,2012,2019,2022,2019,carrying,72.44062805175781,93.0,-122.55937194824219,-102.0
full,42,3,2019,2012,2019,2022,2019,效果,92.45645904541016,328.0,-102.54354095458984,133.0
full,42,3,2019,2012,2019,2022,2019,分析,87.30084228515625,212.0,-104.69915771484375,20.0
full,42,3,2019,2012,2019,2022,2019,reality,87.44351959228516,256.0,-103.55648040771484,65.0
full,42,3,2019,2012,2019,2022,2019,content,80.90534973144531,255.0,-109.09465026855469,65.0
full,42,3,2019,2012,2019,2022,2019,middle east,70.1070785522461,197.0,-118.8929214477539,8.0
full,42,3,2019,2012,2019,2022,2019,服务,91.4890365600586,153.0,-96.5109634399414,-35.0
full,42,3,2019,2012,2019,2022,2019,source,86.523193359375,163.0,-100.476806640625,-24.0
full,42,3,2019,2012,2019,2022,2019,carrying capacity,71.41033935546875,84.0,-114.58966064453125,-102.0
full,42,3,2019,2012,2019,2022,2019,数字,91.50729370117188,626.0,-93.49270629882812,441.0
full,42,3,2019,2012,2019,2022,2019,in the middle,72.77828979492188,174.0,-109.22171020507812,-8.0
full,42,3,2019,2012,2019,2022,2019,系统综述,87.40414428710938,229.0,-94.59585571289062,47.0
full,42,3,2019,2012,2019,2022,2019,实践,89.51931762695312,230.0,-88.48068237304688,52.0
full,42,3,2019,2012,2019,2022,2019,graph,85.80010223388672,223.0,-90.19989776611328,47.0
full,42,3,2019,2012,2019,2022,2019,outbound,45.20808029174805,108.0,-130.79191970825195,-68.0
full,42,3,2019,2012,2019,2022,2019,语境,87.90538024902344,258.0,-87.09461975097656,83.0
full,42,3,2019,2012,2019,2022,2019,框架,78.30188751220703,263.0,-93.69811248779297,91.0
full,42,3,2019,2012,2019,2022,2019,al jazeera,85.02328491210938,138.0,-85.97671508789062,-33.0
full,42,3,2019,2012,2019,2022,2019,jazeera,85.02328491210938,138.0,-85.97671508789062,-33.0
full,42,3,2019,2012,2019,2022,2019,流程,90.44058227539062,221.0,-78.55941772460938,52.0
full,42,3,2019,2012,2019,2022,2019,belt,87.73030090332031,328.0,-78.26969909667969,162.0
full,42,3,2019,2012,2019,2022,2019,in the middle east,70.84817504882812,190.0,-94.15182495117188,25.0
full,42,3,2019,2012,2019,2022,2019,政策,81.84719848632812,255.0,-83.15280151367188,90.0
full,42,3,2019,2012,2019,2022,2019,软实力,80.56304168701172,177.0,-84.43695831298828,12.0
full,42,3,2019,2012,2019,2022,2019,marketing,82.77906036376953,345.0,-81.22093963623047,181.0
full,42,3,2019,2012,2019,2022,2019,religious,86.70964813232422,227.0,-76.29035186767578,64.0
full,42,3,2019,2012,2019,2022,2019,country,83.31721496582031,254.0,-78.68278503417969,92.0
full,42,3,2019,2012,2019,2022,2019,islam,90.9971923828125,119.0,-71.0028076171875,-43.0
full,42,3,2019,2012,2019,2022,2019,urban,78.34171295166016,252.0,-83.65828704833984,90.0
full,42,5,2019,2012,2019,2024,2019,旅游,214.33670043945312,5508.0,-2816.663299560547,2477.0
full,42,5,2019,2012,2019,2024,2019,tour,202.00071716308594,4819.0,-2690.999282836914,1926.0
full,42,5,2019,2012,2019,2024,2019,文化,199.3111572265625,3099.0,-1504.6888427734375,1395.0
full,42,5,2019,2012,2019,2024,2019,nation,198.45240783691406,2652.0,-1284.547592163086,1169.0
full,42,5,2019,2012,2019,2024,2019,遗产,189.35964965820312,1984.0,-1161.6403503417969,633.0
full,42,5,2019,2012,2019,2024,2019,阿拉伯,161.714111328125,1033.0,-668.285888671875,203.0
full,42,5,2019,2012,2019,2024,2019,发展,167.76795959472656,1136.0,-588.2320404052734,380.0
full,42,5,2019,2012,2019,2024,2019,目的地,160.9306640625,1258.0,-524.0693359375,573.0
full,42,5,2019,2012,2019,2024,2019,world,161.9106903076172,645.0,-522.0893096923828,-39.0
full,42,5,2019,2012,2019,2024,2019,view,167.19418334960938,1119.0,-504.8058166503906,447.0
full,42,5,2019,2012,2019,2024,2019,rate,158.8702850341797,1324.0,-477.1297149658203,688.0
full,42,5,2019,2012,2019,2024,2019,city,153.0382537841797,938.0,-481.9617462158203,303.0
full,42,5,2019,2012,2019,2024,2019,研究,165.19923400878906,1258.0,-428.80076599121094,664.0
full,42,5,2019,2012,2019,2024,2019,艺术,167.01246643066406,1274.0,-393.98753356933594,713.0
full,42,5,2019,2012,2019,2024,2019,site,156.31301879882812,537.0,-397.6869812011719,-17.0
full,42,5,2019,2012,2019,2024,2019,image,153.03045654296875,952.0,-383.96954345703125,415.0
full,42,5,2019,2012,2019,2024,2019,社会,153.46559143066406,939.0,-369.53440856933594,416.0
full,42,5,2019,2012,2019,2024,2019,media,153.44451904296875,821.0,-364.55548095703125,303.0
full,42,5,2019,2012,2019,2024,2019,search,159.9226837158203,976.0,-357.0773162841797,459.0
full,42,5,2019,2012,2019,2024,2019,work,154.6597900390625,684.0,-339.3402099609375,190.0
full,42,5,2019,2012,2019,2024,2019,中国,147.45272827148438,774.0,-249.54727172851562,377.0
full,42,5,2019,2012,2019,2024,2019,国家,144.68695068359375,564.0,-248.31304931640625,171.0
full,42,5,2019,2012,2019,2024,2019,影响,148.92372131347656,699.0,-221.07627868652344,329.0
full,42,5,2019,2012,2019,2024,2019,挑战,142.1028289794922,666.0,-227.8971710205078,296.0
full,42,5,2019,2012,2019,2024,2019,text,147.11233520507812,804.0,-215.88766479492188,441.0
full,42,5,2019,2012,2019,2024,2019,challenges,140.71632385253906,633.0,-204.28367614746094,288.0
full,42,5,2019,2012,2019,2024,2019,east,82.18402099609375,343.0,-249.81597900390625,11.0
full,42,5,2019,2012,2019,2024,2019,gene,131.67306518554688,796.0,-196.32693481445312,468.0
full,42,5,2019,2012,2019,2024,2019,chinese,125.46882629394531,424.0,-201.5311737060547,97.0
full,42,5,2019,2012,2019,2024,2019,land,133.64334106445312,340.0,-193.35665893554688,13.0
full,42,5,2019,2012,2019,2024,2019,社交媒体,136.00425720214844,677.0,-181.99574279785156,359.0
full,42,5,2019,2012,2019,2024,2019,应用,139.08766174316406,495.0,-177.91233825683594,178.0
full,42,5,2019,2012,2019,2024,2019,power,135.5861358642578,386.0,-174.4138641357422,76.0
full,42,5,2019,2012,2019,2024,2019,可持续,129.78504943847656,589.0,-180.21495056152344,279.0
full,42,5,2019,2012,2019,2024,2019,经济,143.0976104736328,564.0,-166.9023895263672,254.0
full,42,5,2019,2012,2019,2024,2019,road,135.14930725097656,490.0,-159.85069274902344,195.0
full,42,5,2019,2012,2019,2024,2019,经验,129.7599334716797,473.0,-165.2400665283203,178.0
full,42,5,2019,2012,2019,2024,2019,管理,142.2401123046875,480.0,-145.7598876953125,192.0
full,42,5,2019,2012,2019,2024,2019,全球,131.81504821777344,358.0,-154.18495178222656,72.0
full,42,5,2019,2012,2019,2024,2019,学习,142.2304229736328,568.0,-137.7695770263672,288.0
full,42,5,2019,2012,2019,2024,2019,change,132.1810302734375,426.0,-145.8189697265625,148.0
full,42,5,2019,2012,2019,2024,2019,视角,137.57949829101562,668.0,-137.42050170898438,393.0
full,42,5,2019,2012,2019,2024,2019,遗产旅行,114.16655731201172,378.0,-157.83344268798828,106.0
full,42,5,2019,2012,2019,2024,2019,地方,135.32359313964844,273.0,-126.67640686035156,11.0
full,42,5,2019,2012,2019,2024,2019,soft,122.60116577148438,276.0,-137.39883422851562,16.0
full,42,5,2019,2012,2019,2024,2019,action,81.21627044677734,350.0,-175.78372955322266,93.0
full,42,5,2019,2012,2019,2024,2019,real,130.74484252929688,541.0,-121.25515747070312,289.0
full,42,5,2019,2012,2019,2024,2019,state,113.07242584228516,305.0,-138.92757415771484,53.0
full,42,5,2019,2012,2019,2024,2019,diplomacy,134.45899963378906,494.0,-115.54100036621094,244.0
full,42,5,2019,2012,2019,2024,2019,mental,138.29872131347656,264.0,-109.70127868652344,16.0
full,42,5,2019,2012,2019,2024,2019,丝绸之路,126.71516418457031,522.0,-120.28483581542969,275.0
full,42,5,2019,2012,2019,2024,2019,post,123.80204010009766,546.0,-121.19795989990234,301.0
full,42,5,2019,2012,2019,2024,2019,formation,135.7431182861328,506.0,-108.25688171386719,262.0
full,42,5,2019,2012,2019,2024,2019,游客,120.4815902709961,376.0,-123.5184097290039,132.0
full,42,5,2019,2012,2019,2024,2019,branding,117.47665405273438,314.0,-122.52334594726562,74.0
full,42,5,2019,2012,2019,2024,2019,relations,128.91673278808594,179.0,-111.08326721191406,-61.0
full,42,5,2019,2012,2019,2024,2019,place,87.09236907958984,221.0,-150.90763092041016,-17.0
full,42,5,2019,2012,2019,2024,2019,role,130.78121948242188,649.0,-106.21878051757812,412.0
full,42,5,2019,2012,2019,2024,2019,conflict,130.58950805664062,174.0,-105.41049194335938,-62.0
full,42,5,2019,2012,2019,2024,2019,案例研究,121.28804779052734,316.0,-114.71195220947266,80.0
full,42,5,2019,2012,2019,2024,2019,原真性,127.59979248046875,445.0,-100.40020751953125,217.0
full,42,5,2019,2012,2019,2024,2019,time,130.69088745117188,391.0,-96.30911254882812,164.0
full,42,5,2019,2012,2019,2024,2019,product,110.91365814208984,334.0,-114.08634185791016,109.0
full,42,5,2019,2012,2019,2024,2019,africa,119.42877960205078,242.0,-99.57122039794922,23.0
full,42,5,2019,2012,2019,2024,2019,sites,122.98408508300781,210.0,-95.01591491699219,-8.0
full,42,5,2019,2012,2019,2024,2019,language,74.56499481201172,369.0,-136.43500518798828,158.0
full,42,5,2019,2012,2019,2024,2019,brand,107.89409637451172,297.0,-100.10590362548828,89.0
full,42,5,2019,2012,2019,2024,2019,silk,120.49647521972656,429.0,-83.50352478027344,225.0
full,42,5,2019,2012,2019,2024,2019,plan,79.89586639404297,254.0,-122.10413360595703,52.0
full,42,5,2019,2012,2019,2024,2019,可持续发展,117.94296264648438,371.0,-80.05703735351562,173.0
full,42,5,2019,2012,2019,2024,2019,the middle east,87.86431121826172,129.0,-108.13568878173828,-67.0
full,42,5,2019,2012,2019,2024,2019,carrying,99.27513885498047,81.0,-95.72486114501953,-114.0
full,42,5,2019,2012,2019,2024,2019,效果,127.49785614013672,339.0,-67.50214385986328,144.0
full,42,5,2019,2012,2019,2024,2019,分析,120.21235656738281,253.0,-71.78764343261719,61.0
full,42,5,2019,2012,2019,2024,2019,reality,120.35294342041016,383.0,-70.64705657958984,192.0
full,42,5,2019,2012,2019,2024,2019,content,111.10406494140625,369.0,-78.89593505859375,179.0
full,42,5,2019,2012,2019,2024,2019,middle east,95.9157485961914,79.0,-93.0842514038086,-110.0
full,42,5,2019,2012,2019,2024,2019,服务,126.1151351928711,317.0,-61.884864807128906,129.0
full,42,5,2019,2012,2019,2024,2019,source,119.08128356933594,163.0,-67.91871643066406,-24.0
full,42,5,2019,2012,2019,2024,2019,carrying capacity,97.8097152709961,81.0,-88.1902847290039,-105.0
full,42,5,2019,2012,2019,2024,2019,数字,126.15071868896484,985.0,-58.849281311035156,800.0
full,42,5,2019,2012,2019,2024,2019,in the middle,99.62590026855469,90.0,-82.37409973144531,-92.0
full,42,5,2019,2012,2019,2024,2019,系统综述,120.32320404052734,195.0,-61.676795959472656,13.0
full,42,5,2019,2012,2019,2024,2019,实践,123.31566619873047,227.0,-54.68433380126953,49.0
full,42,5,2019,2012,2019,2024,2019,graph,118.07563781738281,396.0,-57.92436218261719,220.0
full,42,5,2019,2012,2019,2024,2019,outbound,62.04951858520508,54.0,-113.95048141479492,-122.0
full,42,5,2019,2012,2019,2024,2019,语境,121.02057647705078,281.0,-53.97942352294922,106.0
full,42,5,2019,2012,2019,2024,2019,框架,107.52108764648438,335.0,-64.47891235351562,163.0
full,42,5,2019,2012,2019,2024,2019,al jazeera,116.87308502197266,48.0,-54.126914978027344,-123.0
full,42,5,2019,2012,2019,2024,2019,jazeera,116.87308502197266,65.0,-54.126914978027344,-106.0
full,42,5,2019,2012,2019,2024,2019,流程,124.61479187011719,180.0,-44.38520812988281,11.0
full,42,5,2019,2012,2019,2024,2019,belt,120.71224212646484,269.0,-45.287757873535156,103.0
full,42,5,2019,2012,2019,2024,2019,in the middle east,96.88269805908203,97.0,-68.11730194091797,-68.0
full,42,5,2019,2012,2019,2024,2019,政策,112.43843841552734,254.0,-52.561561584472656,89.0
full,42,5,2019,2012,2019,2024,2019,软实力,110.56136322021484,175.0,-54.438636779785156,10.0
full,42,5,2019,2012,2019,2024,2019,marketing,113.7669677734375,544.0,-50.2330322265625,380.0
full,42,5,2019,2012,2019,2024,2019,religious,119.28443908691406,247.0,-43.71556091308594,84.0
full,42,5,2019,2012,2019,2024,2019,country,114.49657440185547,255.0,-47.50342559814453,93.0
full,42,5,2019,2012,2019,2024,2019,islam,125.38262176513672,102.0,-36.61737823486328,-60.0
full,42,5,2019,2012,2019,2024,2019,urban,107.53189849853516,255.0,-54.468101501464844,93.0
full,123,1,2019,2012,2019,2020,2019,旅游,87.96768188476562,3486.0,-2943.0323181152344,455.0
full,123,1,2019,2012,2019,2020,2019,tour,83.13495635986328,3300.0,-2809.8650436401367,407.0
full,123,1,2019,2012,2019,2020,2019,文化,82.11943817138672,2014.0,-1621.8805618286133,310.0
full,123,1,2019,2012,2019,2020,2019,nation,81.77493286132812,1766.0,-1401.2250671386719,283.0
full,123,1,2019,2012,2019,2020,2019,遗产,78.22882843017578,1587.0,-1272.7711715698242,236.0
full,123,1,2019,2012,2019,2020,2019,阿拉伯,67.19788360595703,881.0,-762.802116394043,51.0
full,123,1,2019,2012,2019,2020,2019,发展,69.63470458984375,899.0,-686.3652954101562,143.0
full,123,1,2019,2012,2019,2020,2019,目的地,66.83709716796875,794.0,-618.1629028320312,109.0
full,123,1,2019,2012,2019,2020,2019,world,67.25110626220703,786.0,-616.748893737793,102.0
full,123,1,2019,2012,2019,2020,2019,view,69.42121887207031,905.0,-602.5787811279297,233.0
full,123,1,2019,2012,2019,2020,2019,rate,66.03721618652344,683.0,-569.9627838134766,47.0
full,123,1,2019,2012,2019,2020,2019,city,63.666778564453125,681.0,-571.3332214355469,46.0
full,123,1,2019,2012,2019,2020,2019,研究,68.5872802734375,734.0,-525.4127197265625,140.0
full,123,1,2019,2012,2019,2020,2019,艺术,69.33055114746094,646.0,-491.66944885253906,85.0
full,123,1,2019,2012,2019,2020,2019,site,64.95234680175781,657.0,-489.0476531982422,103.0
full,123,1,2019,2012,2019,2020,2019,image,63.65241241455078,662.0,-473.3475875854492,125.0
full,123,1,2019,2012,2019,2020,2019,社会,63.86603927612305,616.0,-459.13396072387695,93.0
full,123,1,2019,2012,2019,2020,2019,media,63.846431732177734,576.0,-454.15356826782227,58.0
full,123,1,2019,2012,2019,2020,2019,search,66.4346694946289,632.0,-450.5653305053711,115.0
full,123,1,2019,2012,2019,2020,2019,work,64.36119842529297,529.0,-429.63880157470703,35.0
full,123,1,2019,2012,2019,2020,2019,中国,61.32221984863281,537.0,-335.6777801513672,140.0
full,123,1,2019,2012,2019,2020,2019,国家,60.209075927734375,492.0,-332.7909240722656,99.0
full,123,1,2019,2012,2019,2020,2019,影响,61.94927215576172,466.0,-308.0507278442383,96.0
full,123,1,2019,2012,2019,2020,2019,挑战,59.150596618652344,476.0,-310.84940338134766,106.0
full,123,1,2019,2012,2019,2020,2019,text,61.19927978515625,415.0,-301.80072021484375,52.0
full,123,1,2019,2012,2019,2020,2019,challenges,58.56406021118164,451.0,-286.43593978881836,106.0
full,123,1,2019,2012,2019,2020,2019,east,34.73499298095703,405.0,-297.26500701904297,73.0
full,123,1,2019,2012,2019,2020,2019,gene,54.81899642944336,329.0,-273.18100357055664,1.0
full,123,1,2019,2012,2019,2020,2019,chinese,52.20071029663086,359.0,-274.79928970336914,32.0
full,123,1,2019,2012,2019,2020,2019,land,55.64991760253906,380.0,-271.35008239746094,53.0
full,123,1,2019,2012,2019,2020,2019,社交媒体,56.59983444213867,379.0,-261.4001655578613,61.0
full,123,1,2019,2012,2019,2020,2019,应用,57.904850006103516,336.0,-259.0951499938965,19.0
full,123,1,2019,2012,2019,2020,2019,power,56.37713623046875,328.0,-253.62286376953125,18.0
full,123,1,2019,2012,2019,2020,2019,可持续,54.0296745300293,389.0,-255.9703254699707,79.0
full,123,1,2019,2012,2019,2020,2019,经济,59.5587158203125,346.0,-250.4412841796875,36.0
full,123,1,2019,2012,2019,2020,2019,road,56.11159896850586,434.0,-238.88840103149414,139.0
full,123,1,2019,2012,2019,2020,2019,经验,54.018497467041016,321.0,-240.98150253295898,26.0
full,123,1,2019,2012,2019,2020,2019,管理,59.18511199951172,317.0,-228.81488800048828,29.0
full,123,1,2019,2012,2019,2020,2019,全球,54.90378189086914,357.0,-231.09621810913086,71.0
full,123,1,2019,2012,2019,2020,2019,学习,59.14210510253906,368.0,-220.85789489746094,88.0
full,123,1,2019,2012,2019,2020,2019,change,55.011714935302734,327.0,-222.98828506469727,49.0
full,123,1,2019,2012,2019,2020,2019,视角,57.23883056640625,368.0,-217.76116943359375,93.0
full,123,1,2019,2012,2019,2020,2019,遗产旅行,47.38795852661133,285.0,-224.61204147338867,13.0
full,123,1,2019,2012,2019,2020,2019,地方,56.27181625366211,319.0,-205.7281837463379,57.0
full,123,1,2019,2012,2019,2020,2019,soft,50.9478759765625,313.0,-209.0521240234375,53.0
full,123,1,2019,2012,2019,2020,2019,action,33.97294235229492,263.0,-223.02705764770508,6.0
full,123,1,2019,2012,2019,2020,2019,real,54.38466262817383,322.0,-197.61533737182617,70.0
full,123,1,2019,2012,2019,2020,2019,state,46.97133255004883,277.0,-205.02866744995117,25.0
full,123,1,2019,2012,2019,2020,2019,diplomacy,55.81287384033203,333.0,-194.18712615966797,83.0
full,123,1,2019,2012,2019,2020,2019,mental,57.57236099243164,344.0,-190.42763900756836,96.0
full,123,1,2019,2012,2019,2020,2019,丝绸之路,52.512046813964844,434.0,-194.48795318603516,187.0
full,123,1,2019,2012,2019,2020,2019,post,51.47206115722656,341.0,-193.52793884277344,96.0
full,123,1,2019,2012,2019,2020,2019,formation,56.485416412353516,316.0,-187.51458358764648,72.0
full,123,1,2019,2012,2019,2020,2019,游客,50.06330490112305,304.0,-193.93669509887695,60.0
full,123,1,2019,2012,2019,2020,2019,branding,48.741477966308594,239.0,-191.2585220336914,-1.0
full,123,1,2019,2012,2019,2020,2019,relations,53.63091278076172,247.0,-186.36908721923828,7.0
full,123,1,2019,2012,2019,2020,2019,place,36.14414596557617,285.0,-201.85585403442383,47.0
full,123,1,2019,2012,2019,2020,2019,role,54.460060119628906,315.0,-182.5399398803711,78.0
full,123,1,2019,2012,2019,2020,2019,conflict,54.292701721191406,255.0,-181.7072982788086,19.0
full,123,1,2019,2012,2019,2020,2019,案例研究,50.48824691772461,237.0,-185.5117530822754,1.0
full,123,1,2019,2012,2019,2020,2019,原真性,53.007408142089844,264.0,-174.99259185791016,36.0
full,123,1,2019,2012,2019,2020,2019,time,54.21208190917969,382.0,-172.7879180908203,155.0
full,123,1,2019,2012,2019,2020,2019,product,46.05108642578125,212.0,-178.94891357421875,-13.0
full,123,1,2019,2012,2019,2020,2019,africa,49.661808013916016,227.0,-169.33819198608398,8.0
full,123,1,2019,2012,2019,2020,2019,sites,50.924781799316406,246.0,-167.0752182006836,28.0
full,123,1,2019,2012,2019,2020,2019,language,31.15753746032715,220.0,-179.84246253967285,9.0
full,123,1,2019,2012,2019,2020,2019,brand,44.714229583740234,233.0,-163.28577041625977,25.0
full,123,1,2019,2012,2019,2020,2019,silk,49.88166809082031,373.0,-154.1183319091797,169.0
full,123,1,2019,2012,2019,2020,2019,plan,33.094234466552734,213.0,-168.90576553344727,11.0
full,123,1,2019,2012,2019,2020,2019,可持续发展,49.033775329589844,212.0,-148.96622467041016,14.0
full,123,1,2019,2012,2019,2020,2019,the middle east,36.31456756591797,221.0,-159.68543243408203,25.0
full,123,1,2019,2012,2019,2020,2019,carrying,41.05865478515625,211.0,-153.94134521484375,16.0
full,123,1,2019,2012,2019,2020,2019,效果,53.03636169433594,271.0,-141.96363830566406,76.0
full,123,1,2019,2012,2019,2020,2019,分析,50.00828170776367,212.0,-141.99171829223633,20.0
full,123,1,2019,2012,2019,2020,2019,reality,49.938087463378906,209.0,-141.0619125366211,18.0
full,123,1,2019,2012,2019,2020,2019,content,46.01778030395508,210.0,-143.98221969604492,20.0
full,123,1,2019,2012,2019,2020,2019,middle east,39.59720993041992,203.0,-149.40279006958008,14.0
full,123,1,2019,2012,2019,2020,2019,服务,52.447731018066406,179.0,-135.5522689819336,-9.0
full,123,1,2019,2012,2019,2020,2019,source,49.482601165771484,213.0,-137.51739883422852,26.0
full,123,1,2019,2012,2019,2020,2019,carrying capacity,40.42311477661133,202.0,-145.57688522338867,16.0
full,123,1,2019,2012,2019,2020,2019,数字,52.49770736694336,322.0,-132.50229263305664,137.0
full,123,1,2019,2012,2019,2020,2019,in the middle,41.114444732666016,190.0,-140.88555526733398,8.0
full,123,1,2019,2012,2019,2020,2019,系统综述,50.01207733154297,222.0,-131.98792266845703,40.0
full,123,1,2019,2012,2019,2020,2019,实践,51.280967712402344,169.0,-126.71903228759766,-9.0
full,123,1,2019,2012,2019,2020,2019,graph,49.1123161315918,179.0,-126.8876838684082,3.0
full,123,1,2019,2012,2019,2020,2019,outbound,26.1639347076416,176.0,-149.8360652923584,0.0
full,123,1,2019,2012,2019,2020,2019,语境,50.29798126220703,209.0,-124.70201873779297,34.0
full,123,1,2019,2012,2019,2020,2019,框架,44.595726013183594,221.0,-127.4042739868164,49.0
full,123,1,2019,2012,2019,2020,2019,al jazeera,48.37740707397461,181.0,-122.62259292602539,10.0
full,123,1,2019,2012,2019,2020,2019,jazeera,48.37740707397461,181.0,-122.62259292602539,10.0
full,123,1,2019,2012,2019,2020,2019,流程,51.83944320678711,194.0,-117.16055679321289,25.0
full,123,1,2019,2012,2019,2020,2019,belt,50.0233154296875,236.0,-115.9766845703125,70.0
full,123,1,2019,2012,2019,2020,2019,in the middle east,39.9127311706543,181.0,-125.0872688293457,16.0
full,123,1,2019,2012,2019,2020,2019,政策,46.64170455932617,161.0,-118.35829544067383,-4.0
full,123,1,2019,2012,2019,2020,2019,软实力,45.710182189941406,175.0,-119.2898178100586,10.0
full,123,1,2019,2012,2019,2020,2019,marketing,47.23445510864258,217.0,-116.76554489135742,53.0
full,123,1,2019,2012,2019,2020,2019,religious,49.48725891113281,153.0,-113.51274108886719,-10.0
full,123,1,2019,2012,2019,2020,2019,country,47.49090576171875,144.0,-114.50909423828125,-18.0
full,123,1,2019,2012,2019,2020,2019,islam,52.122989654541016,166.0,-109.87701034545898,4.0
full,123,1,2019,2012,2019,2020,2019,urban,44.58437728881836,187.0,-117.41562271118164,25.0
full,123,3,2019,2012,2019,2022,2019,旅游,114.62728118896484,4242.0,-2916.372718811035,1211.0
full,123,3,2019,2012,2019,2022,2019,tour,108.51239776611328,3857.0,-2784.4876022338867,964.0
full,123,3,2019,2012,2019,2022,2019,文化,107.01834106445312,2521.0,-1596.9816589355469,817.0
full,123,3,2019,2012,2019,2022,2019,nation,106.49706268310547,2266.0,-1376.5029373168945,783.0
full,123,3,2019,2012,2019,2022,2019,遗产,102.00426483154297,1698.0,-1248.995735168457,347.0
full,123,3,2019,2012,2019,2022,2019,阿拉伯,88.03201293945312,784.0,-741.9679870605469,-46.0
full,123,3,2019,2012,2019,2022,2019,发展,91.0187759399414,907.0,-664.9812240600586,151.0
full,123,3,2019,2012,2019,2022,2019,目的地,87.4646987915039,1036.0,-597.5353012084961,351.0
full,123,3,2019,2012,2019,2022,2019,world,87.9932632446289,627.0,-596.0067367553711,-57.0
full,123,3,2019,2012,2019,2022,2019,view,90.73265838623047,1100.0,-581.2673416137695,428.0
full,123,3,2019,2012,2019,2022,2019,rate,86.47283172607422,894.0,-549.5271682739258,258.0
full,123,3,2019,2012,2019,2022,2019,city,83.53456115722656,755.0,-551.4654388427734,120.0
full,123,3,2019,2012,2019,2022,2019,研究,89.63040161132812,901.0,-504.3695983886719,307.0
full,123,3,2019,2012,2019,2022,2019,艺术,90.55384063720703,992.0,-470.44615936279297,431.0
full,123,3,2019,2012,2019,2022,2019,site,85.05331420898438,670.0,-468.9466857910156,116.0
full,123,3,2019,2012,2019,2022,2019,image,83.45116424560547,783.0,-453.54883575439453,246.0
full,123,3,2019,2012,2019,2022,2019,社会,83.73550415039062,727.0,-439.2644958496094,204.0
full,123,3,2019,2012,2019,2022,2019,media,83.69882202148438,588.0,-434.3011779785156,70.0
full,123,3,2019,2012,2019,2022,2019,search,86.89151763916016,797.0,-430.10848236083984,280.0
full,123,3,2019,2012,2019,2022,2019,work,84.33670806884766,623.0,-409.66329193115234,129.0
full,123,3,2019,2012,2019,2022,2019,中国,80.45328521728516,600.0,-316.54671478271484,203.0
full,123,3,2019,2012,2019,2022,2019,国家,79.08404541015625,523.0,-313.91595458984375,130.0
full,123,3,2019,2012,2019,2022,2019,影响,81.22196197509766,563.0,-288.77803802490234,193.0
full,123,3,2019,2012,2019,2022,2019,挑战,77.76358795166016,597.0,-292.23641204833984,227.0
full,123,3,2019,2012,2019,2022,2019,text,80.28473663330078,565.0,-282.7152633666992,202.0
full,123,3,2019,2012,2019,2022,2019,challenges,77.01463317871094,553.0,-267.98536682128906,208.0
full,123,3,2019,2012,2019,2022,2019,east,47.96965408325195,419.0,-284.03034591674805,87.0
full,123,3,2019,2012,2019,2022,2019,gene,72.40313720703125,406.0,-255.59686279296875,78.0
full,123,3,2019,2012,2019,2022,2019,chinese,69.18572235107422,325.0,-257.8142776489258,-2.0
full,123,3,2019,2012,2019,2022,2019,land,73.42617797851562,380.0,-253.57382202148438,53.0
full,123,3,2019,2012,2019,2022,2019,社交媒体,74.56928253173828,452.0,-243.43071746826172,134.0
full,123,3,2019,2012,2019,2022,2019,应用,76.18596649169922,470.0,-240.81403350830078,153.0
full,123,3,2019,2012,2019,2022,2019,power,74.2689208984375,334.0,-235.7310791015625,24.0
full,123,3,2019,2012,2019,2022,2019,可持续,71.42073059082031,443.0,-238.5792694091797,133.0
full,123,3,2019,2012,2019,2022,2019,经济,78.21847534179688,467.0,-231.78152465820312,157.0
full,123,3,2019,2012,2019,2022,2019,road,73.9007568359375,555.0,-221.0992431640625,260.0
full,123,3,2019,2012,2019,2022,2019,经验,71.39293670654297,403.0,-223.60706329345703,108.0
full,123,3,2019,2012,2019,2022,2019,管理,77.7302017211914,413.0,-210.2697982788086,125.0
full,123,3,2019,2012,2019,2022,2019,全球,72.48224639892578,377.0,-213.51775360107422,91.0
full,123,3,2019,2012,2019,2022,2019,学习,77.65605926513672,564.0,-202.34394073486328,284.0
full,123,3,2019,2012,2019,2022,2019,change,72.5857162475586,386.0,-205.4142837524414,108.0
full,123,3,2019,2012,2019,2022,2019,视角,75.31255340576172,504.0,-199.68744659423828,229.0
full,123,3,2019,2012,2019,2022,2019,遗产旅行,63.24687576293945,324.0,-208.75312423706055,52.0
full,123,3,2019,2012,2019,2022,2019,地方,74.1002426147461,271.0,-187.8997573852539,9.0
full,123,3,2019,2012,2019,2022,2019,soft,67.57730102539062,268.0,-192.42269897460938,8.0
full,123,3,2019,2012,2019,2022,2019,action,47.039466857910156,281.0,-209.96053314208984,24.0
full,123,3,2019,2012,2019,2022,2019,real,71.78153228759766,378.0,-180.21846771240234,126.0
full,123,3,2019,2012,2019,2022,2019,state,62.773746490478516,261.0,-189.22625350952148,9.0
full,123,3,2019,2012,2019,2022,2019,diplomacy,73.49253845214844,422.0,-176.50746154785156,172.0
full,123,3,2019,2012,2019,2022,2019,mental,75.70905303955078,323.0,-172.29094696044922,75.0
full,123,3,2019,2012,2019,2022,2019,丝绸之路,69.42142486572266,543.0,-177.57857513427734,296.0
full,123,3,2019,2012,2019,2022,2019,post,68.21175384521484,461.0,-176.78824615478516,216.0
full,123,3,2019,2012,2019,2022,2019,formation,74.35855865478516,430.0,-169.64144134521484,186.0
full,123,3,2019,2012,2019,2022,2019,游客,66.4886474609375,347.0,-177.5113525390625,103.0
full,123,3,2019,2012,2019,2022,2019,branding,64.85319519042969,366.0,-175.1468048095703,126.0
full,123,3,2019,2012,2019,2022,2019,relations,70.85026550292969,183.0,-169.1497344970703,-57.0
full,123,3,2019,2012,2019,2022,2019,place,49.664634704589844,252.0,-188.33536529541016,14.0
full,123,3,2019,2012,2019,2022,2019,role,71.88124084472656,445.0,-165.11875915527344,208.0
full,123,3,2019,2012,2019,2022,2019,conflict,71.64353942871094,245.0,-164.35646057128906,9.0
full,123,3,2019,2012,2019,2022,2019,案例研究,67.04582977294922,228.0,-168.95417022705078,-8.0
full,123,3,2019,2012,2019,2022,2019,原真性,70.05023956298828,418.0,-157.94976043701172,190.0
full,123,3,2019,2012,2019,2022,2019,time,71.4970932006836,443.0,-155.5029067993164,216.0
full,123,3,2019,2012,2019,2022,2019,product,61.64408493041992,226.0,-163.35591506958008,1.0
full,123,3,2019,2012,2019,2022,2019,africa,65.99557495117188,242.0,-153.00442504882812,23.0
full,123,3,2019,2012,2019,2022,2019,sites,67.45099639892578,289.0,-150.54900360107422,71.0
full,123,3,2019,2012,2019,2022,2019,language,43.632484436035156,215.0,-167.36751556396484,4.0
full,123,3,2019,2012,2019,2022,2019,brand,59.95695495605469,328.0,-148.0430450439453,120.0
full,123,3,2019,2012,2019,2022,2019,silk,66.16776275634766,466.0,-137.83223724365234,262.0
full,123,3,2019,2012,2019,2022,2019,plan,45.978965759277344,244.0,-156.02103424072266,42.0
full,123,3,2019,2012,2019,2022,2019,可持续发展,65.20829772949219,279.0,-132.7917022705078,81.0
full,123,3,2019,2012,2019,2022,2019,the middle east,49.8316650390625,236.0,-146.1683349609375,40.0
full,123,3,2019,2012,2019,2022,2019,carrying,55.539649963378906,93.0,-139.4603500366211,-102.0
full,123,3,2019,2012,2019,2022,2019,效果,70.07212829589844,328.0,-124.92787170410156,133.0
full,123,3,2019,2012,2019,2022,2019,分析,66.39069366455078,212.0,-125.60930633544922,20.0
full,123,3,2019,2012,2019,2022,2019,reality,66.2585220336914,256.0,-124.7414779663086,65.0
full,123,3,2019,2012,2019,2022,2019,content,61.49556350708008,255.0,-128.50443649291992,65.0
full,123,3,2019,2012,2019,2022,2019,middle east,53.74774169921875,197.0,-135.25225830078125,8.0
full,123,3,2019,2012,2019,2022,2019,服务,69.34134674072266,153.0,-118.65865325927734,-35.0
full,123,3,2019,2012,2019,2022,2019,source,65.726806640625,163.0,-121.273193359375,-24.0
full,123,3,2019,2012,2019,2022,2019,carrying capacity,54.76329040527344,84.0,-131.23670959472656,-102.0
full,123,3,2019,2012,2019,2022,2019,数字,69.40970611572266,626.0,-115.59029388427734,441.0
full,123,3,2019,2012,2019,2022,2019,in the middle,55.55496597290039,174.0,-126.44503402709961,-8.0
full,123,3,2019,2012,2019,2022,2019,系统综述,66.36602020263672,229.0,-115.63397979736328,47.0
full,123,3,2019,2012,2019,2022,2019,实践,67.90803527832031,230.0,-110.09196472167969,52.0
full,123,3,2019,2012,2019,2022,2019,graph,65.2840805053711,223.0,-110.7159194946289,47.0
full,123,3,2019,2012,2019,2022,2019,outbound,37.64788818359375,108.0,-138.35211181640625,-68.0
full,123,3,2019,2012,2019,2022,2019,语境,66.70201873779297,258.0,-108.29798126220703,83.0
full,123,3,2019,2012,2019,2022,2019,框架,59.811710357666016,263.0,-112.18828964233398,91.0
full,123,3,2019,2012,2019,2022,2019,al jazeera,64.31212615966797,138.0,-106.68787384033203,-33.0
full,123,3,2019,2012,2019,2022,2019,jazeera,64.31212615966797,138.0,-106.68787384033203,-33.0
full,123,3,2019,2012,2019,2022,2019,流程,68.58004760742188,221.0,-100.41995239257812,52.0
full,123,3,2019,2012,2019,2022,2019,belt,66.3137435913086,328.0,-99.6862564086914,162.0
full,123,3,2019,2012,2019,2022,2019,in the middle east,54.089534759521484,190.0,-110.91046524047852,25.0
full,123,3,2019,2012,2019,2022,2019,政策,62.245330810546875,255.0,-102.75466918945312,90.0
full,123,3,2019,2012,2019,2022,2019,软实力,61.075191497802734,177.0,-103.92480850219727,12.0
full,123,3,2019,2012,2019,2022,2019,marketing,62.971778869628906,345.0,-101.0282211303711,181.0
full,123,3,2019,2012,2019,2022,2019,religious,65.67662048339844,227.0,-97.32337951660156,64.0
full,123,3,2019,2012,2019,2022,2019,country,63.26136779785156,254.0,-98.73863220214844,92.0
full,123,3,2019,2012,2019,2022,2019,islam,68.90422821044922,119.0,-93.09577178955078,-43.0
full,123,3,2019,2012,2019,2022,2019,urban,59.772605895996094,252.0,-102.2273941040039,90.0
full,123,5,2019,2012,2019,2024,2019,旅游,153.8438262939453,5508.0,-2877.1561737060547,2477.0
full,123,5,2019,2012,2019,2024,2019,tour,145.77854919433594,4819.0,-2747.221450805664,1926.0
full,123,5,2019,2012,2019,2024,2019,文化,143.7154083251953,3099.0,-1560.2845916748047,1395.0
full,123,5,2019,2012,2019,2024,2019,nation,142.98667907714844,2652.0,-1340.0133209228516,1169.0
full,123,5,2019,2012,2019,2024,2019,遗产,137.01817321777344,1984.0,-1213.9818267822266,633.0
full,123,5,2019,2012,2019,2024,2019,阿拉伯,118.31703186035156,1033.0,-711.6829681396484,203.0
full,123,5,2019,2012,2019,2024,2019,发展,122.28313446044922,1136.0,-633.7168655395508,380.0
full,123,5,2019,2012,2019,2024,2019,目的地,117.49439239501953,1258.0,-567.5056076049805,573.0
full,123,5,2019,2012,2019,2024,2019,world,118.20932006835938,645.0,-565.7906799316406,-39.0
full,123,5,2019,2012,2019,2024,2019,view,121.89253997802734,1119.0,-550.1074600219727,447.0
full,123,5,2019,2012,2019,2024,2019,rate,116.17013549804688,1324.0,-519.8298645019531,688.0
full,123,5,2019,2012,2019,2024,2019,city,112.23820495605469,938.0,-522.7617950439453,303.0
full,123,5,2019,2012,2019,2024,2019,研究,120.38709259033203,1258.0,-473.61290740966797,664.0
full,123,5,2019,2012,2019,2024,2019,艺术,121.62139892578125,1274.0,-439.37860107421875,713.0
full,123,5,2019,2012,2019,2024,2019,site,114.23043823242188,537.0,-439.7695617675781,-17.0
full,123,5,2019,2012,2019,2024,2019,image,112.09056854248047,952.0,-424.90943145751953,415.0
full,123,5,2019,2012,2019,2024,2019,社会,112.48420715332031,939.0,-410.5157928466797,416.0
full,123,5,2019,2012,2019,2024,2019,media,112.42761993408203,821.0,-405.57238006591797,303.0
full,123,5,2019,2012,2019,2024,2019,search,116.69213104248047,976.0,-400.30786895751953,459.0
full,123,5,2019,2012,2019,2024,2019,work,113.28328704833984,684.0,-380.71671295166016,190.0
full,123,5,2019,2012,2019,2024,2019,中国,108.00791931152344,774.0,-288.99208068847656,377.0
full,123,5,2019,2012,2019,2024,2019,国家,106.17411041259766,564.0,-286.82588958740234,171.0
full,123,5,2019,2012,2019,2024,2019,影响,109.0368881225586,699.0,-260.9631118774414,329.0
full,123,5,2019,2012,2019,2024,2019,挑战,104.39350891113281,666.0,-265.6064910888672,296.0
full,123,5,2019,2012,2019,2024,2019,text,107.77338409423828,804.0,-255.22661590576172,441.0
full,123,5,2019,2012,2019,2024,2019,challenges,103.37251281738281,633.0,-241.6274871826172,288.0
full,123,5,2019,2012,2019,2024,2019,east,64.44621276855469,343.0,-267.5537872314453,11.0
full,123,5,2019,2012,2019,2024,2019,gene,97.17376708984375,796.0,-230.82623291015625,468.0
full,123,5,2019,2012,2019,2024,2019,chinese,92.8430404663086,424.0,-234.1569595336914,97.0
full,123,5,2019,2012,2019,2024,2019,land,98.55074310302734,340.0,-228.44925689697266,13.0
full,123,5,2019,2012,2019,2024,2019,社交媒体,100.07057189941406,677.0,-217.92942810058594,359.0
full,123,5,2019,2012,2019,2024,2019,应用,102.25043487548828,495.0,-214.74956512451172,178.0
full,123,5,2019,2012,2019,2024,2019,power,99.64950561523438,386.0,-210.35049438476562,76.0
full,123,5,2019,2012,2019,2024,2019,可持续,95.84465789794922,589.0,-214.15534210205078,279.0
full,123,5,2019,2012,2019,2024,2019,经济,104.97747802734375,564.0,-205.02252197265625,254.0
full,123,5,2019,2012,2019,2024,2019,road,99.12769317626953,490.0,-195.87230682373047,195.0
full,123,5,2019,2012,2019,2024,2019,经验,95.79830169677734,473.0,-199.20169830322266,178.0
full,123,5,2019,2012,2019,2024,2019,管理,104.30584716796875,480.0,-183.69415283203125,192.0
full,123,5,2019,2012,2019,2024,2019,全球,97.26603698730469,358.0,-188.7339630126953,72.0
full,123,5,2019,2012,2019,2024,2019,学习,104.19342803955078,568.0,-175.80657196044922,288.0
full,123,5,2019,2012,2019,2024,2019,change,97.3848876953125,426.0,-180.6151123046875,148.0
full,123,5,2019,2012,2019,2024,2019,视角,101.04446411132812,668.0,-173.95553588867188,393.0
full,123,5,2019,2012,2019,2024,2019,遗产旅行,84.8083267211914,378.0,-187.1916732788086,106.0
full,123,5,2019,2012,2019,2024,2019,地方,99.40020751953125,273.0,-162.59979248046875,11.0
full,123,5,2019,2012,2019,2024,2019,soft,90.62625122070312,276.0,-169.37374877929688,16.0
full,123,5,2019,2012,2019,2024,2019,action,63.19392776489258,350.0,-193.80607223510742,93.0
full,123,5,2019,2012,2019,2024,2019,real,96.28119659423828,541.0,-155.71880340576172,289.0
full,123,5,2019,2012,2019,2024,2019,state,84.20948028564453,305.0,-167.79051971435547,53.0
full,123,5,2019,2012,2019,2024,2019,diplomacy,98.55491638183594,494.0,-151.44508361816406,244.0
full,123,5,2019,2012,2019,2024,2019,mental,101.57084655761719,264.0,-146.4291534423828,16.0
full,123,5,2019,2012,2019,2024,2019,丝绸之路,93.05901336669922,522.0,-153.94098663330078,275.0
full,123,5,2019,2012,2019,2024,2019,post,91.47681427001953,546.0,-153.52318572998047,301.0
full,123,5,2019,2012,2019,2024,2019,formation,99.74649810791016,506.0,-144.25350189208984,262.0
full,123,5,2019,2012,2019,2024,2019,游客,89.15665435791016,376.0,-154.84334564208984,132.0
full,123,5,2019,2012,2019,2024,2019,branding,86.93670654296875,314.0,-153.06329345703125,74.0
full,123,5,2019,2012,2019,2024,2019,relations,95.02454376220703,179.0,-144.97545623779297,-61.0
full,123,5,2019,2012,2019,2024,2019,place,66.65316009521484,221.0,-171.34683990478516,-17.0
full,123,5,2019,2012,2019,2024,2019,role,96.42231750488281,649.0,-140.5776824951172,412.0
full,123,5,2019,2012,2019,2024,2019,conflict,96.07952880859375,174.0,-139.92047119140625,-62.0
full,123,5,2019,2012,2019,2024,2019,案例研究,89.93983459472656,316.0,-146.06016540527344,80.0
full,123,5,2019,2012,2019,2024,2019,原真性,93.92306518554688,445.0,-134.07693481445312,217.0
full,123,5,2019,2012,2019,2024,2019,time,95.8506088256836,391.0,-131.1493911743164,164.0
full,123,5,2019,2012,2019,2024,2019,product,82.6865463256836,334.0,-142.3134536743164,109.0
full,123,5,2019,2012,2019,2024,2019,africa,88.49430084228516,242.0,-130.50569915771484,23.0
full,123,5,2019,2012,2019,2024,2019,sites,90.38644409179688,210.0,-127.61355590820312,-8.0
full,123,5,2019,2012,2019,2024,2019,language,58.64042282104492,369.0,-152.35957717895508,158.0
full,123,5,2019,2012,2019,2024,2019,brand,80.35317993164062,297.0,-127.64682006835938,89.0
full,123,5,2019,2012,2019,2024,2019,silk,88.65186309814453,429.0,-115.34813690185547,225.0
full,123,5,2019,2012,2019,2024,2019,plan,61.73828125,254.0,-140.26171875,52.0
full,123,5,2019,2012,2019,2024,2019,可持续发展,87.42032623291016,371.0,-110.57967376708984,173.0
full,123,5,2019,2012,2019,2024,2019,the middle east,66.7703628540039,129.0,-129.2296371459961,-67.0
full,123,5,2019,2012,2019,2024,2019,carrying,74.42607116699219,81.0,-120.57392883300781,-114.0
full,123,5,2019,2012,2019,2024,2019,效果,93.9468765258789,339.0,-101.0531234741211,144.0
full,123,5,2019,2012,2019,2024,2019,分析,89.00751495361328,253.0,-102.99248504638672,61.0
full,123,5,2019,2012,2019,2024,2019,reality,88.79228210449219,383.0,-102.20771789550781,192.0
full,123,5,2019,2012,2019,2024,2019,content,82.38525390625,369.0,-107.61474609375,179.0
full,123,5,2019,2012,2019,2024,2019,middle east,71.97895812988281,79.0,-117.02104187011719,-110.0
full,123,5,2019,2012,2019,2024,2019,服务,92.95649719238281,317.0,-95.04350280761719,129.0
full,123,5,2019,2012,2019,2024,2019,source,88.09606170654297,163.0,-98.90393829345703,-24.0
full,123,5,2019,2012,2019,2024,2019,carrying capacity,73.37293243408203,81.0,-112.62706756591797,-105.0
full,123,5,2019,2012,2019,2024,2019,数字,93.05430603027344,985.0,-91.94569396972656,800.0
full,123,5,2019,2012,2019,2024,2019,in the middle,74.3843994140625,90.0,-107.6156005859375,-92.0
full,123,5,2019,2012,2019,2024,2019,系统综述,88.9521255493164,195.0,-93.0478744506836,13.0
full,123,5,2019,2012,2019,2024,2019,实践,91.02338409423828,227.0,-86.97661590576172,49.0
full,123,5,2019,2012,2019,2024,2019,graph,87.50950622558594,396.0,-88.49049377441406,220.0
full,123,5,2019,2012,2019,2024,2019,outbound,50.65666198730469,54.0,-125.34333801269531,-122.0
full,123,5,2019,2012,2019,2024,2019,语境,89.39539337158203,281.0,-85.60460662841797,106.0
full,123,5,2019,2012,2019,2024,2019,框架,80.16552734375,335.0,-91.83447265625,163.0
full,123,5,2019,2012,2019,2024,2019,al jazeera,86.1383285522461,48.0,-84.8616714477539,-123.0
full,123,5,2019,2012,2019,2024,2019,jazeera,86.1383285522461,65.0,-84.8616714477539,-106.0
full,123,5,2019,2012,2019,2024,2019,流程,91.92176055908203,180.0,-77.07823944091797,11.0
full,123,5,2019,2012,2019,2024,2019,belt,88.83325958251953,269.0,-77.16674041748047,103.0
full,123,5,2019,2012,2019,2024,2019,in the middle east,72.39655303955078,97.0,-92.60344696044922,-68.0
full,123,5,2019,2012,2019,2024,2019,政策,83.39250946044922,254.0,-81.60749053955078,89.0
full,123,5,2019,2012,2019,2024,2019,软实力,81.78164672851562,175.0,-83.21835327148438,10.0
full,123,5,2019,2012,2019,2024,2019,marketing,84.37635040283203,544.0,-79.62364959716797,380.0
full,123,5,2019,2012,2019,2024,2019,religious,87.98787689208984,247.0,-75.01212310791016,84.0
full,123,5,2019,2012,2019,2024,2019,country,84.74729919433594,255.0,-77.25270080566406,93.0
full,123,5,2019,2012,2019,2024,2019,islam,92.34266662597656,102.0,-69.65733337402344,-60.0
full,123,5,2019,2012,2019,2024,2019,urban,80.088623046875,255.0,-81.911376953125,93.0
full,2026,1,2019,2012,2019,2020,2019,旅游,96.06976318359375,3486.0,-2934.9302368164062,455.0
full,2026,1,2019,2012,2019,2020,2019,tour,91.84686279296875,3300.0,-2801.1531372070312,407.0
full,2026,1,2019,2012,2019,2020,2019,文化,89.96537780761719,2014.0,-1614.0346221923828,310.0
full,2026,1,2019,2012,2019,2020,2019,nation,88.9869155883789,1766.0,-1394.013084411621,283.0
full,2026,1,2019,2012,2019,2020,2019,遗产,85.70772552490234,1587.0,-1265.2922744750977,236.0
full,2026,1,2019,2012,2019,2020,2019,阿拉伯,74.67100524902344,881.0,-755.3289947509766,51.0
full,2026,1,2019,2012,2019,2020,2019,发展,76.76445007324219,899.0,-679.2355499267578,143.0
full,2026,1,2019,2012,2019,2020,2019,目的地,73.61504364013672,794.0,-611.3849563598633,109.0
full,2026,1,2019,2012,2019,2020,2019,world,74.14738464355469,786.0,-609.8526153564453,102.0
full,2026,1,2019,2012,2019,2020,2019,view,76.62955474853516,905.0,-595.3704452514648,233.0
full,2026,1,2019,2012,2019,2020,2019,rate,73.01628112792969,683.0,-562.9837188720703,47.0
full,2026,1,2019,2012,2019,2020,2019,city,70.69963836669922,681.0,-564.3003616333008,46.0
full,2026,1,2019,2012,2019,2020,2019,研究,75.48165893554688,734.0,-518.5183410644531,140.0
full,2026,1,2019,2012,2019,2020,2019,艺术,76.2852554321289,646.0,-484.7147445678711,85.0
full,2026,1,2019,2012,2019,2020,2019,site,71.57754516601562,657.0,-482.4224548339844,103.0
full,2026,1,2019,2012,2019,2020,2019,image,70.44541931152344,662.0,-466.55458068847656,125.0
full,2026,1,2019,2012,2019,2020,2019,社会,70.8741455078125,616.0,-452.1258544921875,93.0
full,2026,1,2019,2012,2019,2020,2019,media,70.76722717285156,576.0,-447.23277282714844,58.0
full,2026,1,2019,2012,2019,2020,2019,search,73.12899017333984,632.0,-443.87100982666016,115.0
full,2026,1,2019,2012,2019,2020,2019,work,71.36436462402344,529.0,-422.63563537597656,35.0
full,2026,1,2019,2012,2019,2020,2019,中国,67.71100616455078,537.0,-329.2889938354492,140.0
full,2026,1,2019,2012,2019,2020,2019,国家,66.65242004394531,492.0,-326.3475799560547,99.0
full,2026,1,2019,2012,2019,2020,2019,影响,68.40326690673828,466.0,-301.5967330932617,96.0
full,2026,1,2019,2012,2019,2020,2019,挑战,65.55696105957031,476.0,-304.4430389404297,106.0
full,2026,1,2019,2012,2019,2020,2019,text,67.60493469238281,415.0,-295.3950653076172,52.0
full,2026,1,2019,2012,2019,2020,2019,challenges,64.87053680419922,451.0,-280.1294631958008,106.0
full,2026,1,2019,2012,2019,2020,2019,east,38.007205963134766,405.0,-293.99279403686523,73.0
full,2026,1,2019,2012,2019,2020,2019,gene,60.95082092285156,329.0,-267.04917907714844,1.0
full,2026,1,2019,2012,2019,2020,2019,chinese,58.040557861328125,359.0,-268.9594421386719,32.0
full,2026,1,2019,2012,2019,2020,2019,land,61.86606216430664,380.0,-265.13393783569336,53.0
full,2026,1,2019,2012,2019,2020,2019,社交媒体,62.75273895263672,379.0,-255.24726104736328,61.0
full,2026,1,2019,2012,2019,2020,2019,应用,64.19696807861328,336.0,-252.80303192138672,19.0
full,2026,1,2019,2012,2019,2020,2019,power,62.36994552612305,328.0,-247.63005447387695,18.0
full,2026,1,2019,2012,2019,2020,2019,可持续,60.086090087890625,389.0,-249.91390991210938,79.0
full,2026,1,2019,2012,2019,2020,2019,经济,65.88404846191406,346.0,-244.11595153808594,36.0
full,2026,1,2019,2012,2019,2020,2019,road,61.851646423339844,434.0,-233.14835357666016,139.0
full,2026,1,2019,2012,2019,2020,2019,经验,60.05562973022461,321.0,-234.9443702697754,26.0
full,2026,1,2019,2012,2019,2020,2019,管理,65.40324401855469,317.0,-222.5967559814453,29.0
full,2026,1,2019,2012,2019,2020,2019,全球,61.072914123535156,357.0,-224.92708587646484,71.0
full,2026,1,2019,2012,2019,2020,2019,学习,65.2308120727539,368.0,-214.7691879272461,88.0
full,2026,1,2019,2012,2019,2020,2019,change,61.04524612426758,327.0,-216.95475387573242,49.0
full,2026,1,2019,2012,2019,2020,2019,视角,63.3277702331543,368.0,-211.6722297668457,93.0
full,2026,1,2019,2012,2019,2020,2019,遗产旅行,52.49626541137695,285.0,-219.50373458862305,13.0
full,2026,1,2019,2012,2019,2020,2019,地方,62.225730895996094,319.0,-199.7742691040039,57.0
full,2026,1,2019,2012,2019,2020,2019,soft,56.52037811279297,313.0,-203.47962188720703,53.0
full,2026,1,2019,2012,2019,2020,2019,action,37.24283218383789,263.0,-219.7571678161621,6.0
full,2026,1,2019,2012,2019,2020,2019,real,60.28471755981445,322.0,-191.71528244018555,70.0
full,2026,1,2019,2012,2019,2020,2019,state,52.27157211303711,277.0,-199.7284278869629,25.0
full,2026,1,2019,2012,2019,2020,2019,diplomacy,61.47455978393555,333.0,-188.52544021606445,83.0
full,2026,1,2019,2012,2019,2020,2019,mental,63.71906661987305,344.0,-184.28093338012695,96.0
full,2026,1,2019,2012,2019,2020,2019,丝绸之路,57.842891693115234,434.0,-189.15710830688477,187.0
full,2026,1,2019,2012,2019,2020,2019,post,57.140995025634766,341.0,-187.85900497436523,96.0
full,2026,1,2019,2012,2019,2020,2019,formation,62.520938873291016,316.0,-181.47906112670898,72.0
full,2026,1,2019,2012,2019,2020,2019,游客,55.5677490234375,304.0,-188.4322509765625,60.0
full,2026,1,2019,2012,2019,2020,2019,branding,53.980812072753906,239.0,-186.0191879272461,-1.0
full,2026,1,2019,2012,2019,2020,2019,relations,59.49729537963867,247.0,-180.50270462036133,7.0
full,2026,1,2019,2012,2019,2020,2019,place,39.71925354003906,285.0,-198.28074645996094,47.0
full,2026,1,2019,2012,2019,2020,2019,role,60.49287414550781,315.0,-176.5071258544922,78.0
full,2026,1,2019,2012,2019,2020,2019,conflict,60.1076774597168,255.0,-175.8923225402832,19.0
full,2026,1,2019,2012,2019,2020,2019,案例研究,56.27402877807617,237.0,-179.72597122192383,1.0
full,2026,1,2019,2012,2019,2020,2019,原真性,58.660762786865234,264.0,-169.33923721313477,36.0
full,2026,1,2019,2012,2019,2020,2019,time,59.713924407958984,382.0,-167.28607559204102,155.0
full,2026,1,2019,2012,2019,2020,2019,product,51.277400970458984,212.0,-173.72259902954102,-13.0
full,2026,1,2019,2012,2019,2020,2019,africa,55.22565460205078,227.0,-163.77434539794922,8.0
full,2026,1,2019,2012,2019,2020,2019,sites,56.103729248046875,246.0,-161.89627075195312,28.0
full,2026,1,2019,2012,2019,2020,2019,language,33.764976501464844,220.0,-177.23502349853516,9.0
full,2026,1,2019,2012,2019,2020,2019,brand,49.511470794677734,233.0,-158.48852920532227,25.0
full,2026,1,2019,2012,2019,2020,2019,silk,54.99788284301758,373.0,-149.00211715698242,169.0
full,2026,1,2019,2012,2019,2020,2019,plan,36.1879997253418,213.0,-165.8120002746582,11.0
full,2026,1,2019,2012,2019,2020,2019,可持续发展,54.52632141113281,212.0,-143.4736785888672,14.0
full,2026,1,2019,2012,2019,2020,2019,the middle east,39.61503219604492,221.0,-156.38496780395508,25.0
full,2026,1,2019,2012,2019,2020,2019,carrying,45.290428161621094,211.0,-149.7095718383789,16.0
full,2026,1,2019,2012,2019,2020,2019,效果,58.81095886230469,271.0,-136.1890411376953,76.0
full,2026,1,2019,2012,2019,2020,2019,分析,55.624961853027344,212.0,-136.37503814697266,20.0
full,2026,1,2019,2012,2019,2020,2019,reality,55.30327224731445,209.0,-135.69672775268555,18.0
full,2026,1,2019,2012,2019,2020,2019,content,50.93815612792969,210.0,-139.0618438720703,20.0
full,2026,1,2019,2012,2019,2020,2019,middle east,43.459388732910156,203.0,-145.54061126708984,14.0
full,2026,1,2019,2012,2019,2020,2019,服务,58.1593132019043,179.0,-129.8406867980957,-9.0
full,2026,1,2019,2012,2019,2020,2019,source,54.95554733276367,213.0,-132.04445266723633,26.0
full,2026,1,2019,2012,2019,2020,2019,carrying capacity,44.54024124145508,202.0,-141.45975875854492,16.0
full,2026,1,2019,2012,2019,2020,2019,数字,58.27765655517578,322.0,-126.72234344482422,137.0
full,2026,1,2019,2012,2019,2020,2019,in the middle,45.22666931152344,190.0,-136.77333068847656,8.0
full,2026,1,2019,2012,2019,2020,2019,系统综述,55.54126739501953,222.0,-126.45873260498047,40.0
full,2026,1,2019,2012,2019,2020,2019,实践,56.92172622680664,169.0,-121.07827377319336,-9.0
full,2026,1,2019,2012,2019,2020,2019,graph,54.646018981933594,179.0,-121.3539810180664,3.0
full,2026,1,2019,2012,2019,2020,2019,outbound,27.44264030456543,176.0,-148.55735969543457,0.0
full,2026,1,2019,2012,2019,2020,2019,语境,55.83195114135742,209.0,-119.16804885864258,34.0
full,2026,1,2019,2012,2019,2020,2019,框架,49.5499153137207,221.0,-122.4500846862793,49.0
full,2026,1,2019,2012,2019,2020,2019,al jazeera,53.438961029052734,181.0,-117.56103897094727,10.0
full,2026,1,2019,2012,2019,2020,2019,jazeera,53.438961029052734,181.0,-117.56103897094727,10.0
full,2026,1,2019,2012,2019,2020,2019,流程,57.525569915771484,194.0,-111.47443008422852,25.0
full,2026,1,2019,2012,2019,2020,2019,belt,55.254966735839844,236.0,-110.74503326416016,70.0
full,2026,1,2019,2012,2019,2020,2019,in the middle east,43.83545684814453,181.0,-121.16454315185547,16.0
full,2026,1,2019,2012,2019,2020,2019,政策,51.76992416381836,161.0,-113.23007583618164,-4.0
full,2026,1,2019,2012,2019,2020,2019,软实力,50.516845703125,175.0,-114.483154296875,10.0
full,2026,1,2019,2012,2019,2020,2019,marketing,52.4776725769043,217.0,-111.5223274230957,53.0
full,2026,1,2019,2012,2019,2020,2019,religious,54.80968475341797,153.0,-108.19031524658203,-10.0
full,2026,1,2019,2012,2019,2020,2019,country,52.680145263671875,144.0,-109.31985473632812,-18.0
full,2026,1,2019,2012,2019,2020,2019,islam,57.73421096801758,166.0,-104.26578903198242,4.0
full,2026,1,2019,2012,2019,2020,2019,urban,49.50032043457031,187.0,-112.49967956542969,25.0
full,2026,3,2019,2012,2019,2022,2019,旅游,128.1477508544922,4242.0,-2902.852249145508,1211.0
full,2026,3,2019,2012,2019,2022,2019,tour,122.9966812133789,3857.0,-2770.003318786621,964.0
full,2026,3,2019,2012,2019,2022,2019,文化,120.14677429199219,2521.0,-1583.8532257080078,817.0
full,2026,3,2019,2012,2019,2022,2019,nation,118.7367935180664,2266.0,-1364.2632064819336,783.0
full,2026,3,2019,2012,2019,2022,2019,遗产,114.66532897949219,1698.0,-1236.3346710205078,347.0
full,2026,3,2019,2012,2019,2022,2019,阿拉伯,100.85035705566406,784.0,-729.1496429443359,-46.0
full,2026,3,2019,2012,2019,2022,2019,发展,103.28073120117188,907.0,-652.7192687988281,151.0
full,2026,3,2019,2012,2019,2022,2019,目的地,99.29287719726562,1036.0,-585.7071228027344,351.0
full,2026,3,2019,2012,2019,2022,2019,world,99.97239685058594,627.0,-584.0276031494141,-57.0
full,2026,3,2019,2012,2019,2022,2019,view,103.0842056274414,1100.0,-568.9157943725586,428.0
full,2026,3,2019,2012,2019,2022,2019,rate,98.57808685302734,894.0,-537.4219131469727,258.0
full,2026,3,2019,2012,2019,2022,2019,city,95.770751953125,755.0,-539.229248046875,120.0
full,2026,3,2019,2012,2019,2022,2019,研究,101.55558776855469,901.0,-492.4444122314453,307.0
full,2026,3,2019,2012,2019,2022,2019,艺术,102.53707885742188,992.0,-458.4629211425781,431.0
full,2026,3,2019,2012,2019,2022,2019,site,96.67800903320312,670.0,-457.3219909667969,116.0
full,2026,3,2019,2012,2019,2022,2019,image,95.32405090332031,783.0,-441.6759490966797,246.0
full,2026,3,2019,2012,2019,2022,2019,社会,95.8939437866211,727.0,-427.1060562133789,204.0
full,2026,3,2019,2012,2019,2022,2019,media,95.7359619140625,588.0,-422.2640380859375,70.0
full,2026,3,2019,2012,2019,2022,2019,search,98.57110595703125,797.0,-418.42889404296875,280.0
full,2026,3,2019,2012,2019,2022,2019,work,96.46748352050781,623.0,-397.5325164794922,129.0
full,2026,3,2019,2012,2019,2022,2019,中国,91.77945709228516,600.0,-305.22054290771484,203.0
full,2026,3,2019,2012,2019,2022,2019,国家,90.50025177001953,523.0,-302.49974822998047,130.0
full,2026,3,2019,2012,2019,2022,2019,影响,92.61715698242188,563.0,-277.3828430175781,193.0
full,2026,3,2019,2012,2019,2022,2019,挑战,89.1395034790039,597.0,-280.8604965209961,227.0
full,2026,3,2019,2012,2019,2022,2019,text,91.62492370605469,565.0,-271.3750762939453,202.0
full,2026,3,2019,2012,2019,2022,2019,challenges,88.25598907470703,553.0,-256.74401092529297,208.0
full,2026,3,2019,2012,2019,2022,2019,east,55.288211822509766,419.0,-276.71178817749023,87.0
full,2026,3,2019,2012,2019,2022,2019,gene,83.46131134033203,406.0,-244.53868865966797,78.0
full,2026,3,2019,2012,2019,2022,2019,chinese,79.88587951660156,325.0,-247.11412048339844,-2.0
full,2026,3,2019,2012,2019,2022,2019,land,84.58537292480469,380.0,-242.4146270751953,53.0
full,2026,3,2019,2012,2019,2022,2019,社交媒体,85.62247467041016,452.0,-232.37752532958984,134.0
full,2026,3,2019,2012,2019,2022,2019,应用,87.40768432617188,470.0,-229.59231567382812,153.0
full,2026,3,2019,2012,2019,2022,2019,power,85.10720825195312,334.0,-224.89279174804688,24.0
full,2026,3,2019,2012,2019,2022,2019,可持续,82.37972259521484,443.0,-227.62027740478516,133.0
full,2026,3,2019,2012,2019,2022,2019,经济,89.4590835571289,467.0,-220.5409164428711,157.0
full,2026,3,2019,2012,2019,2022,2019,road,84.40432739257812,555.0,-210.59567260742188,260.0
full,2026,3,2019,2012,2019,2022,2019,经验,82.31784057617188,403.0,-212.68215942382812,108.0
full,2026,3,2019,2012,2019,2022,2019,管理,88.82714080810547,413.0,-199.17285919189453,125.0
full,2026,3,2019,2012,2019,2022,2019,全球,83.57024383544922,377.0,-202.42975616455078,91.0
full,2026,3,2019,2012,2019,2022,2019,学习,88.58174133300781,564.0,-191.4182586669922,284.0
full,2026,3,2019,2012,2019,2022,2019,change,83.48294067382812,386.0,-194.51705932617188,108.0
full,2026,3,2019,2012,2019,2022,2019,视角,86.25699615478516,504.0,-188.74300384521484,229.0
full,2026,3,2019,2012,2019,2022,2019,遗产旅行,72.96455383300781,324.0,-199.0354461669922,52.0
full,2026,3,2019,2012,2019,2022,2019,地方,84.87229919433594,271.0,-177.12770080566406,9.0
full,2026,3,2019,2012,2019,2022,2019,soft,77.8880386352539,268.0,-182.1119613647461,8.0
full,2026,3,2019,2012,2019,2022,2019,action,54.29890060424805,281.0,-202.70109939575195,24.0
full,2026,3,2019,2012,2019,2022,2019,real,82.49613952636719,378.0,-169.5038604736328,126.0
full,2026,3,2019,2012,2019,2022,2019,state,72.76822662353516,261.0,-179.23177337646484,9.0
full,2026,3,2019,2012,2019,2022,2019,diplomacy,83.8851318359375,422.0,-166.1148681640625,172.0
full,2026,3,2019,2012,2019,2022,2019,mental,86.718017578125,323.0,-161.281982421875,75.0
full,2026,3,2019,2012,2019,2022,2019,丝绸之路,79.40039825439453,543.0,-167.59960174560547,296.0
full,2026,3,2019,2012,2019,2022,2019,post,78.6409683227539,461.0,-166.3590316772461,216.0
full,2026,3,2019,2012,2019,2022,2019,formation,85.23043060302734,430.0,-158.76956939697266,186.0
full,2026,3,2019,2012,2019,2022,2019,游客,76.7076644897461,347.0,-167.2923355102539,103.0
full,2026,3,2019,2012,2019,2022,2019,branding,74.71904754638672,366.0,-165.28095245361328,126.0
full,2026,3,2019,2012,2019,2022,2019,relations,81.52235412597656,183.0,-158.47764587402344,-57.0
full,2026,3,2019,2012,2019,2022,2019,place,57.28892135620117,252.0,-180.71107864379883,14.0
full,2026,3,2019,2012,2019,2022,2019,role,82.7672348022461,445.0,-154.2327651977539,208.0
full,2026,3,2019,2012,2019,2022,2019,conflict,82.24057006835938,245.0,-153.75942993164062,9.0
full,2026,3,2019,2012,2019,2022,2019,案例研究,77.6502456665039,228.0,-158.3497543334961,-8.0
full,2026,3,2019,2012,2019,2022,2019,原真性,80.44027709960938,418.0,-147.55972290039062,190.0
full,2026,3,2019,2012,2019,2022,2019,time,81.68656921386719,443.0,-145.3134307861328,216.0
full,2026,3,2019,2012,2019,2022,2019,product,71.53177642822266,226.0,-153.46822357177734,1.0
full,2026,3,2019,2012,2019,2022,2019,africa,76.28823852539062,242.0,-142.71176147460938,23.0
full,2026,3,2019,2012,2019,2022,2019,sites,77.2284164428711,289.0,-140.7715835571289,71.0
full,2026,3,2019,2012,2019,2022,2019,language,49.896690368652344,215.0,-161.10330963134766,4.0
full,2026,3,2019,2012,2019,2022,2019,brand,69.2249526977539,328.0,-138.7750473022461,120.0
full,2026,3,2019,2012,2019,2022,2019,silk,75.85916900634766,466.0,-128.14083099365234,262.0
full,2026,3,2019,2012,2019,2022,2019,plan,52.88532257080078,244.0,-149.11467742919922,42.0
full,2026,3,2019,2012,2019,2022,2019,可持续发展,75.39676666259766,279.0,-122.60323333740234,81.0
full,2026,3,2019,2012,2019,2022,2019,the middle east,56.98829650878906,236.0,-139.01170349121094,40.0
full,2026,3,2019,2012,2019,2022,2019,carrying,64.02754211425781,93.0,-130.9724578857422,-102.0
full,2026,3,2019,2012,2019,2022,2019,效果,80.61019134521484,328.0,-114.38980865478516,133.0
full,2026,3,2019,2012,2019,2022,2019,分析,76.73653411865234,212.0,-115.26346588134766,20.0
full,2026,3,2019,2012,2019,2022,2019,reality,76.2674560546875,256.0,-114.7325439453125,65.0
full,2026,3,2019,2012,2019,2022,2019,content,70.91394805908203,255.0,-119.08605194091797,65.0
full,2026,3,2019,2012,2019,2022,2019,middle east,61.70317077636719,197.0,-127.29682922363281,8.0
full,2026,3,2019,2012,2019,2022,2019,服务,79.7971420288086,153.0,-108.2028579711914,-35.0
full,2026,3,2019,2012,2019,2022,2019,source,75.87822723388672,163.0,-111.12177276611328,-24.0
full,2026,3,2019,2012,2019,2022,2019,carrying capacity,63.081871032714844,84.0,-122.91812896728516,-102.0
full,2026,3,2019,2012,2019,2022,2019,数字,79.95420837402344,626.0,-105.04579162597656,441.0
full,2026,3,2019,2012,2019,2022,2019,in the middle,63.858306884765625,174.0,-118.14169311523438,-8.0
full,2026,3,2019,2012,2019,2022,2019,系统综述,76.58807373046875,229.0,-105.41192626953125,47.0
full,2026,3,2019,2012,2019,2022,2019,实践,78.27168273925781,230.0,-99.72831726074219,52.0
full,2026,3,2019,2012,2019,2022,2019,graph,75.51554107666016,223.0,-100.48445892333984,47.0
full,2026,3,2019,2012,2019,2022,2019,outbound,41.82681655883789,108.0,-134.1731834411621,-68.0
full,2026,3,2019,2012,2019,2022,2019,语境,76.92644500732422,258.0,-98.07355499267578,83.0
full,2026,3,2019,2012,2019,2022,2019,框架,69.28099822998047,263.0,-102.71900177001953,91.0
full,2026,3,2019,2012,2019,2022,2019,al jazeera,73.9188003540039,138.0,-97.0811996459961,-33.0
full,2026,3,2019,2012,2019,2022,2019,jazeera,73.9188003540039,138.0,-97.0811996459961,-33.0
full,2026,3,2019,2012,2019,2022,2019,流程,78.99855041503906,221.0,-90.00144958496094,52.0
full,2026,3,2019,2012,2019,2022,2019,belt,76.14460754394531,328.0,-89.85539245605469,162.0
full,2026,3,2019,2012,2019,2022,2019,in the middle east,62.11479187011719,190.0,-102.88520812988281,25.0
full,2026,3,2019,2012,2019,2022,2019,政策,71.93067169189453,255.0,-93.06932830810547,90.0
full,2026,3,2019,2012,2019,2022,2019,软实力,70.33219909667969,177.0,-94.66780090332031,12.0
full,2026,3,2019,2012,2019,2022,2019,marketing,72.81108093261719,345.0,-91.18891906738281,181.0
full,2026,3,2019,2012,2019,2022,2019,religious,75.62084197998047,227.0,-87.37915802001953,64.0
full,2026,3,2019,2012,2019,2022,2019,country,73.0265884399414,254.0,-88.9734115600586,92.0
full,2026,3,2019,2012,2019,2022,2019,islam,79.2231674194336,119.0,-82.7768325805664,-43.0
full,2026,3,2019,2012,2019,2022,2019,urban,69.17601776123047,252.0,-92.82398223876953,90.0
full,2026,5,2019,2012,2019,2024,2019,旅游,172.76658630371094,5508.0,-2858.233413696289,2477.0
full,2026,5,2019,2012,2019,2024,2019,tour,165.71731567382812,4819.0,-2727.282684326172,1926.0
full,2026,5,2019,2012,2019,2024,2019,文化,162.0088348388672,3099.0,-1541.9911651611328,1395.0
full,2026,5,2019,2012,2019,2024,2019,nation,160.16104125976562,2652.0,-1322.8389587402344,1169.0
full,2026,5,2019,2012,2019,2024,2019,遗产,154.6095428466797,1984.0,-1196.3904571533203,633.0
full,2026,5,2019,2012,2019,2024,2019,阿拉伯,135.82420349121094,1033.0,-694.1757965087891,203.0
full,2026,5,2019,2012,2019,2024,2019,发展,139.20166015625,1136.0,-616.79833984375,380.0
full,2026,5,2019,2012,2019,2024,2019,目的地,133.8056182861328,1258.0,-551.1943817138672,573.0
full,2026,5,2019,2012,2019,2024,2019,world,134.7218780517578,645.0,-549.2781219482422,-39.0
full,2026,5,2019,2012,2019,2024,2019,view,138.94345092773438,1119.0,-533.0565490722656,447.0
full,2026,5,2019,2012,2019,2024,2019,rate,132.818115234375,1324.0,-503.181884765625,688.0
full,2026,5,2019,2012,2019,2024,2019,city,128.9691619873047,938.0,-506.0308380126953,303.0
full,2026,5,2019,2012,2019,2024,2019,研究,136.90560913085938,1258.0,-457.0943908691406,664.0
full,2026,5,2019,2012,2019,2024,2019,艺术,138.2478485107422,1274.0,-422.7521514892578,713.0
full,2026,5,2019,2012,2019,2024,2019,site,130.28184509277344,537.0,-423.71815490722656,-17.0
full,2026,5,2019,2012,2019,2024,2019,image,128.41586303710938,952.0,-408.5841369628906,415.0
full,2026,5,2019,2012,2019,2024,2019,社会,129.1725311279297,939.0,-393.8274688720703,416.0
full,2026,5,2019,2012,2019,2024,2019,media,128.9690399169922,821.0,-389.0309600830078,303.0
full,2026,5,2019,2012,2019,2024,2019,search,132.8701934814453,976.0,-384.1298065185547,459.0
full,2026,5,2019,2012,2019,2024,2019,work,129.9668426513672,684.0,-364.0331573486328,190.0
full,2026,5,2019,2012,2019,2024,2019,中国,123.66239166259766,774.0,-273.33760833740234,377.0
full,2026,5,2019,2012,2019,2024,2019,国家,121.90730285644531,564.0,-271.0926971435547,171.0
full,2026,5,2019,2012,2019,2024,2019,影响,124.80918884277344,699.0,-245.19081115722656,329.0
full,2026,5,2019,2012,2019,2024,2019,挑战,120.05864715576172,666.0,-249.94135284423828,296.0
full,2026,5,2019,2012,2019,2024,2019,text,123.46151733398438,804.0,-239.53848266601562,441.0
full,2026,5,2019,2012,2019,2024,2019,challenges,118.87344360351562,633.0,-226.12655639648438,288.0
full,2026,5,2019,2012,2019,2024,2019,east,74.09262084960938,343.0,-257.9073791503906,11.0
full,2026,5,2019,2012,2019,2024,2019,gene,112.33279418945312,796.0,-215.66720581054688,468.0
full,2026,5,2019,2012,2019,2024,2019,chinese,107.46945190429688,424.0,-219.53054809570312,97.0
full,2026,5,2019,2012,2019,2024,2019,land,113.86272430419922,340.0,-213.13727569580078,13.0
full,2026,5,2019,2012,2019,2024,2019,社交媒体,115.30123138427734,677.0,-202.69876861572266,359.0
full,2026,5,2019,2012,2019,2024,2019,应用,117.7262191772461,495.0,-199.2737808227539,178.0
full,2026,5,2019,2012,2019,2024,2019,power,114.6233139038086,386.0,-195.3766860961914,76.0
full,2026,5,2019,2012,2019,2024,2019,可持续,110.86969757080078,589.0,-199.13030242919922,279.0
full,2026,5,2019,2012,2019,2024,2019,经济,120.53170776367188,564.0,-189.46829223632812,254.0
full,2026,5,2019,2012,2019,2024,2019,road,113.70235443115234,490.0,-181.29764556884766,195.0
full,2026,5,2019,2012,2019,2024,2019,经验,110.79706573486328,473.0,-184.20293426513672,178.0
full,2026,5,2019,2012,2019,2024,2019,管理,119.69075012207031,480.0,-168.3092498779297,192.0
full,2026,5,2019,2012,2019,2024,2019,全球,112.49855041503906,358.0,-173.50144958496094,72.0
full,2026,5,2019,2012,2019,2024,2019,学习,119.37423706054688,568.0,-160.62576293945312,288.0
full,2026,5,2019,2012,2019,2024,2019,change,112.40782928466797,426.0,-165.59217071533203,148.0
full,2026,5,2019,2012,2019,2024,2019,视角,116.19992065429688,668.0,-158.80007934570312,393.0
full,2026,5,2019,2012,2019,2024,2019,遗产旅行,98.12461853027344,378.0,-173.87538146972656,106.0
full,2026,5,2019,2012,2019,2024,2019,地方,114.330810546875,273.0,-147.669189453125,11.0
full,2026,5,2019,2012,2019,2024,2019,soft,104.81983184814453,276.0,-155.18016815185547,16.0
full,2026,5,2019,2012,2019,2024,2019,action,72.78180694580078,350.0,-184.21819305419922,93.0
full,2026,5,2019,2012,2019,2024,2019,real,111.09188079833984,541.0,-140.90811920166016,289.0
full,2026,5,2019,2012,2019,2024,2019,state,97.80792236328125,305.0,-154.19207763671875,53.0
full,2026,5,2019,2012,2019,2024,2019,diplomacy,113.02386474609375,494.0,-136.97613525390625,244.0
full,2026,5,2019,2012,2019,2024,2019,mental,116.83576965332031,264.0,-131.1642303466797,16.0
full,2026,5,2019,2012,2019,2024,2019,丝绸之路,106.9406967163086,522.0,-140.0593032836914,275.0
full,2026,5,2019,2012,2019,2024,2019,post,105.8463134765625,546.0,-139.1536865234375,301.0
full,2026,5,2019,2012,2019,2024,2019,formation,114.81876373291016,506.0,-129.18123626708984,262.0
full,2026,5,2019,2012,2019,2024,2019,游客,103.2203369140625,376.0,-140.7796630859375,132.0
full,2026,5,2019,2012,2019,2024,2019,branding,100.54402923583984,314.0,-139.45597076416016,74.0
full,2026,5,2019,2012,2019,2024,2019,relations,109.76985931396484,179.0,-130.23014068603516,-61.0
full,2026,5,2019,2012,2019,2024,2019,place,76.8593978881836,221.0,-161.1406021118164,-17.0
full,2026,5,2019,2012,2019,2024,2019,role,111.45002746582031,649.0,-125.54997253417969,412.0
full,2026,5,2019,2012,2019,2024,2019,conflict,110.76438903808594,174.0,-125.23561096191406,-62.0
full,2026,5,2019,2012,2019,2024,2019,案例研究,104.45624542236328,316.0,-131.54375457763672,80.0
full,2026,5,2019,2012,2019,2024,2019,原真性,108.3293685913086,445.0,-119.6706314086914,217.0
full,2026,5,2019,2012,2019,2024,2019,time,110.05274963378906,391.0,-116.94725036621094,164.0
full,2026,5,2019,2012,2019,2024,2019,product,96.13495635986328,334.0,-128.86504364013672,109.0
full,2026,5,2019,2012,2019,2024,2019,africa,102.64673614501953,242.0,-116.35326385498047,23.0
full,2026,5,2019,2012,2019,2024,2019,sites,104.01000213623047,210.0,-113.98999786376953,-8.0
full,2026,5,2019,2012,2019,2024,2019,language,66.90451049804688,369.0,-144.09548950195312,158.0
full,2026,5,2019,2012,2019,2024,2019,brand,93.08938598632812,297.0,-114.91061401367188,89.0
full,2026,5,2019,2012,2019,2024,2019,silk,102.15668487548828,429.0,-101.84331512451172,225.0
full,2026,5,2019,2012,2019,2024,2019,plan,70.93963623046875,254.0,-131.06036376953125,52.0
full,2026,5,2019,2012,2019,2024,2019,可持续发展,101.45259857177734,371.0,-96.54740142822266,173.0
full,2026,5,2019,2012,2019,2024,2019,the middle east,76.57276153564453,129.0,-119.42723846435547,-67.0
full,2026,5,2019,2012,2019,2024,2019,carrying,86.05281829833984,81.0,-108.94718170166016,-114.0
full,2026,5,2019,2012,2019,2024,2019,效果,108.56452941894531,339.0,-86.43547058105469,144.0
full,2026,5,2019,2012,2019,2024,2019,分析,103.2767562866211,253.0,-88.7232437133789,61.0
full,2026,5,2019,2012,2019,2024,2019,reality,102.686279296875,383.0,-88.313720703125,192.0
full,2026,5,2019,2012,2019,2024,2019,content,95.41912841796875,369.0,-94.58087158203125,179.0
full,2026,5,2019,2012,2019,2024,2019,middle east,82.9621810913086,79.0,-106.0378189086914,-110.0
full,2026,5,2019,2012,2019,2024,2019,服务,107.46609497070312,317.0,-80.53390502929688,129.0
full,2026,5,2019,2012,2019,2024,2019,source,102.1329345703125,163.0,-84.8670654296875,-24.0
full,2026,5,2019,2012,2019,2024,2019,carrying capacity,84.78791046142578,81.0,-101.21208953857422,-105.0
full,2026,5,2019,2012,2019,2024,2019,数字,107.67192840576172,985.0,-77.32807159423828,800.0
full,2026,5,2019,2012,2019,2024,2019,in the middle,85.89116668701172,90.0,-96.10883331298828,-92.0
full,2026,5,2019,2012,2019,2024,2019,系统综述,103.1018295288086,195.0,-78.8981704711914,13.0
full,2026,5,2019,2012,2019,2024,2019,实践,105.39520263671875,227.0,-72.60479736328125,49.0
full,2026,5,2019,2012,2019,2024,2019,graph,101.62759399414062,396.0,-74.37240600585938,220.0
full,2026,5,2019,2012,2019,2024,2019,outbound,56.19278335571289,54.0,-119.80721664428711,-122.0
full,2026,5,2019,2012,2019,2024,2019,语境,103.57198333740234,281.0,-71.42801666259766,106.0
full,2026,5,2019,2012,2019,2024,2019,框架,93.15302276611328,335.0,-78.84697723388672,163.0
full,2026,5,2019,2012,2019,2024,2019,al jazeera,99.53630828857422,48.0,-71.46369171142578,-123.0
full,2026,5,2019,2012,2019,2024,2019,jazeera,99.53630828857422,65.0,-71.46369171142578,-106.0
full,2026,5,2019,2012,2019,2024,2019,流程,106.39065551757812,180.0,-62.609344482421875,11.0
full,2026,5,2019,2012,2019,2024,2019,belt,102.55821228027344,269.0,-63.44178771972656,103.0
full,2026,5,2019,2012,2019,2024,2019,in the middle east,83.55718231201172,97.0,-81.44281768798828,-68.0
full,2026,5,2019,2012,2019,2024,2019,政策,96.79582977294922,254.0,-68.20417022705078,89.0
full,2026,5,2019,2012,2019,2024,2019,软实力,94.67193603515625,175.0,-70.32806396484375,10.0
full,2026,5,2019,2012,2019,2024,2019,marketing,97.98211669921875,544.0,-66.01788330078125,380.0
full,2026,5,2019,2012,2019,2024,2019,religious,101.83073425292969,247.0,-61.16926574707031,84.0
full,2026,5,2019,2012,2019,2024,2019,country,98.2964859008789,255.0,-63.703514099121094,93.0
full,2026,5,2019,2012,2019,2024,2019,islam,106.71508026123047,102.0,-55.28491973876953,-60.0
full,2026,5,2019,2012,2019,2024,2019,urban,93.0382080078125,255.0,-68.9617919921875,93.0
full,3407,1,2019,2012,2019,2020,2019,旅游,95.14623260498047,3486.0,-2935.8537673950195,455.0
full,3407,1,2019,2012,2019,2020,2019,tour,90.12409973144531,3300.0,-2802.8759002685547,407.0
full,3407,1,2019,2012,2019,2020,2019,文化,89.03082275390625,2014.0,-1614.9691772460938,310.0
full,3407,1,2019,2012,2019,2020,2019,nation,88.42387390136719,1766.0,-1394.5761260986328,283.0
full,3407,1,2019,2012,2019,2020,2019,遗产,84.63088989257812,1587.0,-1266.3691101074219,236.0
full,3407,1,2019,2012,2019,2020,2019,阿拉伯,72.84829711914062,881.0,-757.1517028808594,51.0
full,3407,1,2019,2012,2019,2020,2019,发展,75.37225341796875,899.0,-680.6277465820312,143.0
full,3407,1,2019,2012,2019,2020,2019,目的地,72.10660552978516,794.0,-612.8933944702148,109.0
full,3407,1,2019,2012,2019,2020,2019,world,72.65459442138672,786.0,-611.3454055786133,102.0
full,3407,1,2019,2012,2019,2020,2019,view,75.33354949951172,905.0,-596.6664505004883,233.0
full,3407,1,2019,2012,2019,2020,2019,rate,71.44988250732422,683.0,-564.5501174926758,47.0
full,3407,1,2019,2012,2019,2020,2019,city,68.91549682617188,681.0,-566.0845031738281,46.0
full,3407,1,2019,2012,2019,2020,2019,研究,74.32931518554688,734.0,-519.6706848144531,140.0
full,3407,1,2019,2012,2019,2020,2019,艺术,75.298583984375,646.0,-485.701416015625,85.0
full,3407,1,2019,2012,2019,2020,2019,site,70.1349868774414,657.0,-483.8650131225586,103.0
full,3407,1,2019,2012,2019,2020,2019,image,68.85954284667969,662.0,-468.1404571533203,125.0
full,3407,1,2019,2012,2019,2020,2019,社会,69.29202270507812,616.0,-453.7079772949219,93.0
full,3407,1,2019,2012,2019,2020,2019,media,69.21065521240234,576.0,-448.78934478759766,58.0
full,3407,1,2019,2012,2019,2020,2019,search,71.93247985839844,632.0,-445.06752014160156,115.0
full,3407,1,2019,2012,2019,2020,2019,work,69.89466857910156,529.0,-424.10533142089844,35.0
full,3407,1,2019,2012,2019,2020,2019,中国,66.30735778808594,537.0,-330.69264221191406,140.0
full,3407,1,2019,2012,2019,2020,2019,国家,65.13578796386719,492.0,-327.8642120361328,99.0
full,3407,1,2019,2012,2019,2020,2019,影响,67.1383056640625,466.0,-302.8616943359375,96.0
full,3407,1,2019,2012,2019,2020,2019,挑战,64.01513671875,476.0,-305.98486328125,106.0
full,3407,1,2019,2012,2019,2020,2019,text,66.2884521484375,415.0,-296.7115478515625,52.0
full,3407,1,2019,2012,2019,2020,2019,challenges,63.36575698852539,451.0,-281.6342430114746,106.0
full,3407,1,2019,2012,2019,2020,2019,east,37.80366516113281,405.0,-294.1963348388672,73.0
full,3407,1,2019,2012,2019,2020,2019,gene,59.2840576171875,329.0,-268.7159423828125,1.0
full,3407,1,2019,2012,2019,2020,2019,chinese,56.340213775634766,359.0,-270.65978622436523,32.0
full,3407,1,2019,2012,2019,2020,2019,land,60.229801177978516,380.0,-266.7701988220215,53.0
full,3407,1,2019,2012,2019,2020,2019,社交媒体,61.19477462768555,379.0,-256.80522537231445,61.0
full,3407,1,2019,2012,2019,2020,2019,应用,62.72507858276367,336.0,-254.27492141723633,19.0
full,3407,1,2019,2012,2019,2020,2019,power,60.841529846191406,328.0,-249.1584701538086,18.0
full,3407,1,2019,2012,2019,2020,2019,可持续,58.43593215942383,389.0,-251.56406784057617,79.0
full,3407,1,2019,2012,2019,2020,2019,经济,64.59342956542969,346.0,-245.4065704345703,36.0
full,3407,1,2019,2012,2019,2020,2019,road,60.40332794189453,434.0,-234.59667205810547,139.0
full,3407,1,2019,2012,2019,2020,2019,经验,58.43723678588867,321.0,-236.56276321411133,26.0
full,3407,1,2019,2012,2019,2020,2019,管理,64.18689727783203,317.0,-223.81310272216797,29.0
full,3407,1,2019,2012,2019,2020,2019,全球,59.51339340209961,357.0,-226.4866065979004,71.0
full,3407,1,2019,2012,2019,2020,2019,学习,64.08033752441406,368.0,-215.91966247558594,88.0
full,3407,1,2019,2012,2019,2020,2019,change,59.5168571472168,327.0,-218.4831428527832,49.0
full,3407,1,2019,2012,2019,2020,2019,视角,61.98545455932617,368.0,-213.01454544067383,93.0
full,3407,1,2019,2012,2019,2020,2019,遗产旅行,50.88128662109375,285.0,-221.11871337890625,13.0
full,3407,1,2019,2012,2019,2020,2019,地方,60.87055206298828,319.0,-201.12944793701172,57.0
full,3407,1,2019,2012,2019,2020,2019,soft,54.89295959472656,313.0,-205.10704040527344,53.0
full,3407,1,2019,2012,2019,2020,2019,action,36.94163513183594,263.0,-220.05836486816406,6.0
full,3407,1,2019,2012,2019,2020,2019,real,58.81766128540039,322.0,-193.1823387145996,70.0
full,3407,1,2019,2012,2019,2020,2019,state,50.82971954345703,277.0,-201.17028045654297,25.0
full,3407,1,2019,2012,2019,2020,2019,diplomacy,60.19953155517578,333.0,-189.80046844482422,83.0
full,3407,1,2019,2012,2019,2020,2019,mental,62.52275466918945,344.0,-185.47724533081055,96.0
full,3407,1,2019,2012,2019,2020,2019,丝绸之路,56.34920883178711,434.0,-190.6507911682129,187.0
full,3407,1,2019,2012,2019,2020,2019,post,55.56631851196289,341.0,-189.4336814880371,96.0
full,3407,1,2019,2012,2019,2020,2019,formation,61.251888275146484,316.0,-182.74811172485352,72.0
full,3407,1,2019,2012,2019,2020,2019,游客,53.968544006347656,304.0,-190.03145599365234,60.0
full,3407,1,2019,2012,2019,2020,2019,branding,52.354713439941406,239.0,-187.6452865600586,-1.0
full,3407,1,2019,2012,2019,2020,2019,relations,58.029300689697266,247.0,-181.97069931030273,7.0
full,3407,1,2019,2012,2019,2020,2019,place,39.06718826293945,285.0,-198.93281173706055,47.0
full,3407,1,2019,2012,2019,2020,2019,role,59.081539154052734,315.0,-177.91846084594727,78.0
full,3407,1,2019,2012,2019,2020,2019,conflict,58.710426330566406,255.0,-177.2895736694336,19.0
full,3407,1,2019,2012,2019,2020,2019,案例研究,54.772438049316406,237.0,-181.2275619506836,1.0
full,3407,1,2019,2012,2019,2020,2019,原真性,57.219810485839844,264.0,-170.78018951416016,36.0
full,3407,1,2019,2012,2019,2020,2019,time,58.42326354980469,382.0,-168.5767364501953,155.0
full,3407,1,2019,2012,2019,2020,2019,product,49.93418884277344,212.0,-175.06581115722656,-13.0
full,3407,1,2019,2012,2019,2020,2019,africa,53.7110481262207,227.0,-165.2889518737793,8.0
full,3407,1,2019,2012,2019,2020,2019,sites,54.63201141357422,246.0,-163.36798858642578,28.0
full,3407,1,2019,2012,2019,2020,2019,language,33.81513214111328,220.0,-177.18486785888672,9.0
full,3407,1,2019,2012,2019,2020,2019,brand,48.03954315185547,233.0,-159.96045684814453,25.0
full,3407,1,2019,2012,2019,2020,2019,silk,53.51967239379883,373.0,-150.48032760620117,169.0
full,3407,1,2019,2012,2019,2020,2019,plan,35.838748931884766,213.0,-166.16125106811523,11.0
full,3407,1,2019,2012,2019,2020,2019,可持续发展,53.06272506713867,212.0,-144.93727493286133,14.0
full,3407,1,2019,2012,2019,2020,2019,the middle east,38.67026138305664,221.0,-157.32973861694336,25.0
full,3407,1,2019,2012,2019,2020,2019,carrying,44.039459228515625,211.0,-150.96054077148438,16.0
full,3407,1,2019,2012,2019,2020,2019,效果,57.5181999206543,271.0,-137.4818000793457,76.0
full,3407,1,2019,2012,2019,2020,2019,分析,54.20205307006836,212.0,-137.79794692993164,20.0
full,3407,1,2019,2012,2019,2020,2019,reality,53.85466766357422,209.0,-137.14533233642578,18.0
full,3407,1,2019,2012,2019,2020,2019,content,49.40458297729492,210.0,-140.59541702270508,20.0
full,3407,1,2019,2012,2019,2020,2019,middle east,42.13203430175781,203.0,-146.8679656982422,14.0
full,3407,1,2019,2012,2019,2020,2019,服务,56.8656005859375,179.0,-131.1343994140625,-9.0
full,3407,1,2019,2012,2019,2020,2019,source,53.51664352416992,213.0,-133.48335647583008,26.0
full,3407,1,2019,2012,2019,2020,2019,carrying capacity,43.30302810668945,202.0,-142.69697189331055,16.0
full,3407,1,2019,2012,2019,2020,2019,数字,56.99949645996094,322.0,-128.00050354003906,137.0
full,3407,1,2019,2012,2019,2020,2019,in the middle,43.77024459838867,190.0,-138.22975540161133,8.0
full,3407,1,2019,2012,2019,2020,2019,系统综述,54.14249038696289,222.0,-127.85750961303711,40.0
full,3407,1,2019,2012,2019,2020,2019,实践,55.60689926147461,169.0,-122.39310073852539,-9.0
full,3407,1,2019,2012,2019,2020,2019,graph,53.26997375488281,179.0,-122.73002624511719,3.0
full,3407,1,2019,2012,2019,2020,2019,outbound,28.315500259399414,176.0,-147.6844997406006,0.0
full,3407,1,2019,2012,2019,2020,2019,语境,54.478973388671875,209.0,-120.52102661132812,34.0
full,3407,1,2019,2012,2019,2020,2019,框架,48.256065368652344,221.0,-123.74393463134766,49.0
full,3407,1,2019,2012,2019,2020,2019,al jazeera,52.02226638793945,181.0,-118.97773361206055,10.0
full,3407,1,2019,2012,2019,2020,2019,jazeera,52.02226638793945,181.0,-118.97773361206055,10.0
full,3407,1,2019,2012,2019,2020,2019,流程,56.302574157714844,194.0,-112.69742584228516,25.0
full,3407,1,2019,2012,2019,2020,2019,belt,53.965084075927734,236.0,-112.03491592407227,70.0
full,3407,1,2019,2012,2019,2020,2019,in the middle east,42.40310287475586,181.0,-122.59689712524414,16.0
full,3407,1,2019,2012,2019,2020,2019,政策,50.35121154785156,161.0,-114.64878845214844,-4.0
full,3407,1,2019,2012,2019,2020,2019,软实力,49.02739334106445,175.0,-115.97260665893555,10.0
full,3407,1,2019,2012,2019,2020,2019,marketing,51.08734893798828,217.0,-112.91265106201172,53.0
full,3407,1,2019,2012,2019,2020,2019,religious,53.48279571533203,153.0,-109.51720428466797,-10.0
full,3407,1,2019,2012,2019,2020,2019,country,51.2740364074707,144.0,-110.7259635925293,-18.0
full,3407,1,2019,2012,2019,2020,2019,islam,56.59467315673828,166.0,-105.40532684326172,4.0
full,3407,1,2019,2012,2019,2020,2019,urban,48.167327880859375,187.0,-113.83267211914062,25.0
full,3407,3,2019,2012,2019,2022,2019,旅游,125.31165313720703,4242.0,-2905.688346862793,1211.0
full,3407,3,2019,2012,2019,2022,2019,tour,119.01390838623047,3857.0,-2773.9860916137695,964.0
full,3407,3,2019,2012,2019,2022,2019,文化,117.42728424072266,2521.0,-1586.5727157592773,817.0
full,3407,3,2019,2012,2019,2022,2019,nation,116.5843734741211,2266.0,-1366.415626525879,783.0
full,3407,3,2019,2012,2019,2022,2019,遗产,111.80404663085938,1698.0,-1239.1959533691406,347.0
full,3407,3,2019,2012,2019,2022,2019,阿拉伯,96.9474105834961,784.0,-733.0525894165039,-46.0
full,3407,3,2019,2012,2019,2022,2019,发展,100.03072357177734,907.0,-655.9692764282227,151.0
full,3407,3,2019,2012,2019,2022,2019,目的地,95.90050506591797,1036.0,-589.099494934082,351.0
full,3407,3,2019,2012,2019,2022,2019,world,96.59471893310547,627.0,-587.4052810668945,-57.0
full,3407,3,2019,2012,2019,2022,2019,view,99.96295928955078,1100.0,-572.0370407104492,428.0
full,3407,3,2019,2012,2019,2022,2019,rate,95.08743286132812,894.0,-540.9125671386719,258.0
full,3407,3,2019,2012,2019,2022,2019,city,91.95171356201172,755.0,-543.0482864379883,120.0
full,3407,3,2019,2012,2019,2022,2019,研究,98.65242767333984,901.0,-495.34757232666016,307.0
full,3407,3,2019,2012,2019,2022,2019,艺术,99.8572006225586,992.0,-461.1427993774414,431.0
full,3407,3,2019,2012,2019,2022,2019,site,93.3830795288086,670.0,-460.6169204711914,116.0
full,3407,3,2019,2012,2019,2022,2019,image,91.81136322021484,783.0,-445.18863677978516,246.0
full,3407,3,2019,2012,2019,2022,2019,社会,92.36754608154297,727.0,-430.63245391845703,204.0
full,3407,3,2019,2012,2019,2022,2019,media,92.25369262695312,588.0,-425.7463073730469,70.0
full,3407,3,2019,2012,2019,2022,2019,search,95.6131591796875,797.0,-421.3868408203125,280.0
full,3407,3,2019,2012,2019,2022,2019,work,93.1010513305664,623.0,-400.8989486694336,129.0
full,3407,3,2019,2012,2019,2022,2019,中国,88.53498077392578,600.0,-308.4650192260742,203.0
full,3407,3,2019,2012,2019,2022,2019,国家,87.09060668945312,523.0,-305.9093933105469,130.0
full,3407,3,2019,2012,2019,2022,2019,影响,89.5573959350586,563.0,-280.4426040649414,193.0
full,3407,3,2019,2012,2019,2022,2019,挑战,85.6904067993164,597.0,-284.3095932006836,227.0
full,3407,3,2019,2012,2019,2022,2019,text,88.49481201171875,565.0,-274.50518798828125,202.0
full,3407,3,2019,2012,2019,2022,2019,challenges,84.86128234863281,553.0,-260.1387176513672,208.0
full,3407,3,2019,2012,2019,2022,2019,east,53.69417190551758,419.0,-278.3058280944824,87.0
full,3407,3,2019,2012,2019,2022,2019,gene,79.8243408203125,406.0,-248.1756591796875,78.0
full,3407,3,2019,2012,2019,2022,2019,chinese,76.20024871826172,325.0,-250.79975128173828,-2.0
full,3407,3,2019,2012,2019,2022,2019,land,80.990966796875,380.0,-246.009033203125,53.0
full,3407,3,2019,2012,2019,2022,2019,社交媒体,82.15316772460938,452.0,-235.84683227539062,134.0
full,3407,3,2019,2012,2019,2022,2019,应用,84.05229949951172,470.0,-232.94770050048828,153.0
full,3407,3,2019,2012,2019,2022,2019,power,81.69031524658203,334.0,-228.30968475341797,24.0
full,3407,3,2019,2012,2019,2022,2019,可持续,78.76513671875,443.0,-231.23486328125,133.0
full,3407,3,2019,2012,2019,2022,2019,经济,86.35591125488281,467.0,-223.6440887451172,157.0
full,3407,3,2019,2012,2019,2022,2019,road,81.10881042480469,555.0,-213.8911895751953,260.0
full,3407,3,2019,2012,2019,2022,2019,经验,78.75007629394531,403.0,-216.2499237060547,108.0
full,3407,3,2019,2012,2019,2022,2019,管理,85.82634735107422,413.0,-202.17365264892578,125.0
full,3407,3,2019,2012,2019,2022,2019,全球,80.07705688476562,377.0,-205.92294311523438,91.0
full,3407,3,2019,2012,2019,2022,2019,学习,85.6751937866211,564.0,-194.3248062133789,284.0
full,3407,3,2019,2012,2019,2022,2019,change,80.0498046875,386.0,-197.9501953125,108.0
full,3407,3,2019,2012,2019,2022,2019,视角,83.08462524414062,504.0,-191.91537475585938,229.0
full,3407,3,2019,2012,2019,2022,2019,遗产旅行,69.4338150024414,324.0,-202.5661849975586,52.0
full,3407,3,2019,2012,2019,2022,2019,地方,81.68534851074219,271.0,-180.3146514892578,9.0
full,3407,3,2019,2012,2019,2022,2019,soft,74.33064270019531,268.0,-185.6693572998047,8.0
full,3407,3,2019,2012,2019,2022,2019,action,52.62190628051758,281.0,-204.37809371948242,24.0
full,3407,3,2019,2012,2019,2022,2019,real,79.15135955810547,378.0,-172.84864044189453,126.0
full,3407,3,2019,2012,2019,2022,2019,state,69.4222640991211,261.0,-182.5777359008789,9.0
full,3407,3,2019,2012,2019,2022,2019,diplomacy,80.81654357910156,422.0,-169.18345642089844,172.0
full,3407,3,2019,2012,2019,2022,2019,mental,83.73368072509766,323.0,-164.26631927490234,75.0
full,3407,3,2019,2012,2019,2022,2019,丝绸之路,76.04803466796875,543.0,-170.95196533203125,296.0
full,3407,3,2019,2012,2019,2022,2019,post,75.14908599853516,461.0,-169.85091400146484,216.0
full,3407,3,2019,2012,2019,2022,2019,formation,82.15074920654297,430.0,-161.84925079345703,186.0
full,3407,3,2019,2012,2019,2022,2019,游客,73.18644714355469,347.0,-170.8135528564453,103.0
full,3407,3,2019,2012,2019,2022,2019,branding,71.18122863769531,366.0,-168.8187713623047,126.0
full,3407,3,2019,2012,2019,2022,2019,relations,78.17243957519531,183.0,-161.8275604248047,-57.0
full,3407,3,2019,2012,2019,2022,2019,place,55.14975357055664,252.0,-182.85024642944336,14.0
full,3407,3,2019,2012,2019,2022,2019,role,79.48259735107422,445.0,-157.51740264892578,208.0
full,3407,3,2019,2012,2019,2022,2019,conflict,78.99332427978516,245.0,-157.00667572021484,9.0
full,3407,3,2019,2012,2019,2022,2019,案例研究,74.21908569335938,228.0,-161.78091430664062,-8.0
full,3407,3,2019,2012,2019,2022,2019,原真性,77.13897705078125,418.0,-150.86102294921875,190.0
full,3407,3,2019,2012,2019,2022,2019,time,78.59503173828125,443.0,-148.40496826171875,216.0
full,3407,3,2019,2012,2019,2022,2019,product,68.31572723388672,226.0,-156.68427276611328,1.0
full,3407,3,2019,2012,2019,2022,2019,africa,72.86597442626953,242.0,-146.13402557373047,23.0
full,3407,3,2019,2012,2019,2022,2019,sites,73.90472412109375,289.0,-144.09527587890625,71.0
full,3407,3,2019,2012,2019,2022,2019,language,48.79880142211914,215.0,-162.20119857788086,4.0
full,3407,3,2019,2012,2019,2022,2019,brand,65.90570831298828,328.0,-142.09429168701172,120.0
full,3407,3,2019,2012,2019,2022,2019,silk,72.52672576904297,466.0,-131.47327423095703,262.0
full,3407,3,2019,2012,2019,2022,2019,plan,51.23057174682617,244.0,-150.76942825317383,42.0
full,3407,3,2019,2012,2019,2022,2019,可持续发展,72.0446548461914,279.0,-125.9553451538086,81.0
full,3407,3,2019,2012,2019,2022,2019,the middle east,54.53545379638672,236.0,-141.46454620361328,40.0
full,3407,3,2019,2012,2019,2022,2019,carrying,61.046043395996094,93.0,-133.9539566040039,-102.0
full,3407,3,2019,2012,2019,2022,2019,效果,77.48974609375,328.0,-117.51025390625,133.0
full,3407,3,2019,2012,2019,2022,2019,分析,73.43392181396484,212.0,-118.56607818603516,20.0
full,3407,3,2019,2012,2019,2022,2019,reality,72.95789337158203,256.0,-118.04210662841797,65.0
full,3407,3,2019,2012,2019,2022,2019,content,67.51493072509766,255.0,-122.48506927490234,65.0
full,3407,3,2019,2012,2019,2022,2019,middle east,58.67586898803711,197.0,-130.3241310119629,8.0
full,3407,3,2019,2012,2019,2022,2019,服务,76.67550659179688,153.0,-111.32449340820312,-35.0
full,3407,3,2019,2012,2019,2022,2019,source,72.56743621826172,163.0,-114.43256378173828,-24.0
full,3407,3,2019,2012,2019,2022,2019,carrying capacity,60.134578704833984,84.0,-125.86542129516602,-102.0
full,3407,3,2019,2012,2019,2022,2019,数字,76.8467788696289,626.0,-108.1532211303711,441.0
full,3407,3,2019,2012,2019,2022,2019,in the middle,60.63457489013672,174.0,-121.36542510986328,-8.0
full,3407,3,2019,2012,2019,2022,2019,系统综述,73.32787322998047,229.0,-108.67212677001953,47.0
full,3407,3,2019,2012,2019,2022,2019,实践,75.119140625,230.0,-102.880859375,52.0
full,3407,3,2019,2012,2019,2022,2019,graph,72.2737045288086,223.0,-103.7262954711914,47.0
full,3407,3,2019,2012,2019,2022,2019,outbound,42.081111907958984,108.0,-133.91888809204102,-68.0
full,3407,3,2019,2012,2019,2022,2019,语境,73.72681427001953,258.0,-101.27318572998047,83.0
full,3407,3,2019,2012,2019,2022,2019,框架,66.16808319091797,263.0,-105.83191680908203,91.0
full,3407,3,2019,2012,2019,2022,2019,al jazeera,70.66224670410156,138.0,-100.33775329589844,-33.0
full,3407,3,2019,2012,2019,2022,2019,jazeera,70.66224670410156,138.0,-100.33775329589844,-33.0
full,3407,3,2019,2012,2019,2022,2019,流程,75.96339416503906,221.0,-93.03660583496094,52.0
full,3407,3,2019,2012,2019,2022,2019,belt,73.04335021972656,328.0,-92.95664978027344,162.0
full,3407,3,2019,2012,2019,2022,2019,in the middle east,58.94572448730469,190.0,-106.05427551269531,25.0
full,3407,3,2019,2012,2019,2022,2019,政策,68.66069030761719,255.0,-96.33930969238281,90.0
full,3407,3,2019,2012,2019,2022,2019,软实力,66.99737548828125,177.0,-98.00262451171875,12.0
full,3407,3,2019,2012,2019,2022,2019,marketing,69.56851959228516,345.0,-94.43148040771484,181.0
full,3407,3,2019,2012,2019,2022,2019,religious,72.4655990600586,227.0,-90.5344009399414,64.0
full,3407,3,2019,2012,2019,2022,2019,country,69.77198791503906,254.0,-92.22801208496094,92.0
full,3407,3,2019,2012,2019,2022,2019,islam,76.30117797851562,119.0,-85.69882202148438,-43.0
full,3407,3,2019,2012,2019,2022,2019,urban,66.02279663085938,252.0,-95.97720336914062,90.0
full,3407,5,2019,2012,2019,2024,2019,旅游,165.3731231689453,5508.0,-2865.6268768310547,2477.0
full,3407,5,2019,2012,2019,2024,2019,tour,157.17666625976562,4819.0,-2735.8233337402344,1926.0
full,3407,5,2019,2012,2019,2024,2019,文化,155.1173095703125,3099.0,-1548.8826904296875,1395.0
full,3407,5,2019,2012,2019,2024,2019,nation,154.01759338378906,2652.0,-1328.982406616211,1169.0
full,3407,5,2019,2012,2019,2024,2019,遗产,147.76544189453125,1984.0,-1203.2345581054688,633.0
full,3407,5,2019,2012,2019,2024,2019,阿拉伯,128.2273406982422,1033.0,-701.7726593017578,203.0
full,3407,5,2019,2012,2019,2024,2019,发展,132.29164123535156,1136.0,-623.7083587646484,380.0
full,3407,5,2019,2012,2019,2024,2019,目的地,126.84012603759766,1258.0,-558.1598739624023,573.0
full,3407,5,2019,2012,2019,2024,2019,world,127.7574234008789,645.0,-556.2425765991211,-39.0
full,3407,5,2019,2012,2019,2024,2019,view,132.20217895507812,1119.0,-539.7978210449219,447.0
full,3407,5,2019,2012,2019,2024,2019,rate,125.76750946044922,1324.0,-510.2324905395508,688.0
full,3407,5,2019,2012,2019,2024,2019,city,121.62496948242188,938.0,-513.3750305175781,303.0
full,3407,5,2019,2012,2019,2024,2019,研究,130.47116088867188,1258.0,-463.5288391113281,664.0
full,3407,5,2019,2012,2019,2024,2019,艺术,132.0599822998047,1274.0,-428.9400177001953,713.0
full,3407,5,2019,2012,2019,2024,2019,site,123.51143646240234,537.0,-430.48856353759766,-17.0
full,3407,5,2019,2012,2019,2024,2019,image,121.43525695800781,952.0,-415.5647430419922,415.0
full,3407,5,2019,2012,2019,2024,2019,社会,122.17249298095703,939.0,-400.82750701904297,416.0
full,3407,5,2019,2012,2019,2024,2019,media,122.02099609375,821.0,-395.97900390625,303.0
full,3407,5,2019,2012,2019,2024,2019,search,126.45720672607422,976.0,-390.5427932739258,459.0
full,3407,5,2019,2012,2019,2024,2019,work,123.1410903930664,684.0,-370.8589096069336,190.0
full,3407,5,2019,2012,2019,2024,2019,中国,117.09232330322266,774.0,-279.90767669677734,377.0
full,3407,5,2019,2012,2019,2024,2019,国家,115.18150329589844,564.0,-277.81849670410156,171.0
full,3407,5,2019,2012,2019,2024,2019,影响,118.44488525390625,699.0,-251.55511474609375,329.0
full,3407,5,2019,2012,2019,2024,2019,挑战,113.32624053955078,666.0,-256.6737594604492,296.0
full,3407,5,2019,2012,2019,2024,2019,text,117.03777313232422,804.0,-245.96222686767578,441.0
full,3407,5,2019,2012,2019,2024,2019,challenges,112.22530364990234,633.0,-232.77469635009766,288.0
full,3407,5,2019,2012,2019,2024,2019,east,70.99578094482422,343.0,-261.0042190551758,11.0
full,3407,5,2019,2012,2019,2024,2019,gene,105.55157470703125,796.0,-222.44842529296875,468.0
full,3407,5,2019,2012,2019,2024,2019,chinese,100.74700927734375,424.0,-226.25299072265625,97.0
full,3407,5,2019,2012,2019,2024,2019,land,107.097900390625,340.0,-219.902099609375,13.0
full,3407,5,2019,2012,2019,2024,2019,社交媒体,108.63434600830078,677.0,-209.36565399169922,359.0
full,3407,5,2019,2012,2019,2024,2019,应用,111.15218353271484,495.0,-205.84781646728516,178.0
full,3407,5,2019,2012,2019,2024,2019,power,108.01722717285156,386.0,-201.98277282714844,76.0
full,3407,5,2019,2012,2019,2024,2019,可持续,104.14578247070312,589.0,-205.85421752929688,279.0
full,3407,5,2019,2012,2019,2024,2019,经济,114.20242309570312,564.0,-195.79757690429688,254.0
full,3407,5,2019,2012,2019,2024,2019,road,107.2402572631836,490.0,-187.7597427368164,195.0
full,3407,5,2019,2012,2019,2024,2019,经验,104.1238784790039,473.0,-190.8761215209961,178.0
full,3407,5,2019,2012,2019,2024,2019,管理,113.4979248046875,480.0,-174.5020751953125,192.0
full,3407,5,2019,2012,2019,2024,2019,全球,105.88330841064453,358.0,-180.11669158935547,72.0
full,3407,5,2019,2012,2019,2024,2019,学习,113.29511260986328,568.0,-166.70488739013672,288.0
full,3407,5,2019,2012,2019,2024,2019,change,105.84259796142578,426.0,-172.15740203857422,148.0
full,3407,5,2019,2012,2019,2024,2019,视角,109.86317443847656,668.0,-165.13682556152344,393.0
full,3407,5,2019,2012,2019,2024,2019,遗产旅行,91.76680755615234,378.0,-180.23319244384766,106.0
full,3407,5,2019,2012,2019,2024,2019,地方,108.00553131103516,273.0,-153.99446868896484,11.0
full,3407,5,2019,2012,2019,2024,2019,soft,98.25525665283203,276.0,-161.74474334716797,16.0
full,3407,5,2019,2012,2019,2024,2019,action,69.57969665527344,350.0,-187.42030334472656,93.0
full,3407,5,2019,2012,2019,2024,2019,real,104.64644622802734,541.0,-147.35355377197266,289.0
full,3407,5,2019,2012,2019,2024,2019,state,91.76065826416016,305.0,-160.23934173583984,53.0
full,3407,5,2019,2012,2019,2024,2019,diplomacy,106.84685516357422,494.0,-143.15314483642578,244.0
full,3407,5,2019,2012,2019,2024,2019,mental,110.721923828125,264.0,-137.278076171875,16.0
full,3407,5,2019,2012,2019,2024,2019,丝绸之路,100.5191421508789,522.0,-146.4808578491211,275.0
full,3407,5,2019,2012,2019,2024,2019,post,99.33951568603516,546.0,-145.66048431396484,301.0
full,3407,5,2019,2012,2019,2024,2019,formation,108.6221694946289,506.0,-135.3778305053711,262.0
full,3407,5,2019,2012,2019,2024,2019,游客,96.73690032958984,376.0,-147.26309967041016,132.0
full,3407,5,2019,2012,2019,2024,2019,branding,94.07323455810547,314.0,-145.92676544189453,74.0
full,3407,5,2019,2012,2019,2024,2019,relations,103.34758758544922,179.0,-136.65241241455078,-61.0
full,3407,5,2019,2012,2019,2024,2019,place,72.89771270751953,221.0,-165.10228729248047,-17.0
full,3407,5,2019,2012,2019,2024,2019,role,105.08708953857422,649.0,-131.91291046142578,412.0
full,3407,5,2019,2012,2019,2024,2019,conflict,104.43281555175781,174.0,-131.5671844482422,-62.0
full,3407,5,2019,2012,2019,2024,2019,案例研究,98.11421966552734,316.0,-137.88578033447266,80.0
full,3407,5,2019,2012,2019,2024,2019,原真性,101.9707260131836,445.0,-126.0292739868164,217.0
full,3407,5,2019,2012,2019,2024,2019,time,103.89644622802734,391.0,-123.10355377197266,164.0
full,3407,5,2019,2012,2019,2024,2019,product,90.29315185546875,334.0,-134.70684814453125,109.0
full,3407,5,2019,2012,2019,2024,2019,africa,96.31204986572266,242.0,-122.68795013427734,23.0
full,3407,5,2019,2012,2019,2024,2019,sites,97.67072296142578,210.0,-120.32927703857422,-8.0
full,3407,5,2019,2012,2019,2024,2019,language,64.54884338378906,369.0,-146.45115661621094,158.0
full,3407,5,2019,2012,2019,2024,2019,brand,87.0823745727539,297.0,-120.9176254272461,89.0
full,3407,5,2019,2012,2019,2024,2019,silk,95.84091186523438,429.0,-108.15908813476562,225.0
full,3407,5,2019,2012,2019,2024,2019,plan,67.73689270019531,254.0,-134.2631072998047,52.0
full,3407,5,2019,2012,2019,2024,2019,可持续发展,95.21883392333984,371.0,-102.78116607666016,173.0
full,3407,5,2019,2012,2019,2024,2019,the middle east,72.05284118652344,129.0,-123.94715881347656,-67.0
full,3407,5,2019,2012,2019,2024,2019,carrying,80.6524658203125,81.0,-114.3475341796875,-114.0
full,3407,5,2019,2012,2019,2024,2019,效果,102.43428802490234,339.0,-92.56571197509766,144.0
full,3407,5,2019,2012,2019,2024,2019,分析,97.05966186523438,253.0,-94.94033813476562,61.0
full,3407,5,2019,2012,2019,2024,2019,reality,96.41804504394531,383.0,-94.58195495605469,192.0
full,3407,5,2019,2012,2019,2024,2019,content,89.20245361328125,369.0,-100.79754638671875,179.0
full,3407,5,2019,2012,2019,2024,2019,middle east,77.50430297851562,79.0,-111.49569702148438,-110.0
full,3407,5,2019,2012,2019,2024,2019,服务,101.35269165039062,317.0,-86.64730834960938,129.0
full,3407,5,2019,2012,2019,2024,2019,source,95.90567779541016,163.0,-91.09432220458984,-24.0
full,3407,5,2019,2012,2019,2024,2019,carrying capacity,79.4432373046875,81.0,-106.5567626953125,-105.0
full,3407,5,2019,2012,2019,2024,2019,数字,101.58131408691406,985.0,-83.41868591308594,800.0
full,3407,5,2019,2012,2019,2024,2019,in the middle,80.08641815185547,90.0,-101.91358184814453,-92.0
full,3407,5,2019,2012,2019,2024,2019,系统综述,96.91285705566406,195.0,-85.08714294433594,13.0
full,3407,5,2019,2012,2019,2024,2019,实践,99.28728485107422,227.0,-78.71271514892578,49.0
full,3407,5,2019,2012,2019,2024,2019,graph,95.5185317993164,396.0,-80.4814682006836,220.0
full,3407,5,2019,2012,2019,2024,2019,outbound,55.734745025634766,54.0,-120.26525497436523,-122.0
full,3407,5,2019,2012,2019,2024,2019,语境,97.43936920166016,281.0,-77.56063079833984,106.0
full,3407,5,2019,2012,2019,2024,2019,框架,87.43108367919922,335.0,-84.56891632080078,163.0
full,3407,5,2019,2012,2019,2024,2019,al jazeera,93.36310577392578,48.0,-77.63689422607422,-123.0
full,3407,5,2019,2012,2019,2024,2019,jazeera,93.36310577392578,65.0,-77.63689422607422,-106.0
full,3407,5,2019,2012,2019,2024,2019,流程,100.40530395507812,180.0,-68.59469604492188,11.0
full,3407,5,2019,2012,2019,2024,2019,belt,96.52122497558594,269.0,-69.47877502441406,103.0
full,3407,5,2019,2012,2019,2024,2019,in the middle east,77.8446044921875,97.0,-87.1553955078125,-68.0
full,3407,5,2019,2012,2019,2024,2019,政策,90.72001647949219,254.0,-74.27998352050781,89.0
full,3407,5,2019,2012,2019,2024,2019,软实力,88.50360870361328,175.0,-76.49639129638672,10.0
full,3407,5,2019,2012,2019,2024,2019,marketing,91.9253921508789,544.0,-72.0746078491211,380.0
full,3407,5,2019,2012,2019,2024,2019,religious,95.7585678100586,247.0,-67.2414321899414,84.0
full,3407,5,2019,2012,2019,2024,2019,country,92.189453125,255.0,-69.810546875,93.0
full,3407,5,2019,2012,2019,2024,2019,islam,100.84909057617188,102.0,-61.150909423828125,-60.0
full,3407,5,2019,2012,2019,2024,2019,urban,87.23092651367188,255.0,-74.76907348632812,93.0
full,7777,1,2019,2012,2019,2020,2019,旅游,89.73495483398438,3486.0,-2941.2650451660156,455.0
full,7777,1,2019,2012,2019,2020,2019,tour,84.69783782958984,3300.0,-2808.30216217041,407.0
full,7777,1,2019,2012,2019,2020,2019,文化,84.415771484375,2014.0,-1619.584228515625,310.0
full,7777,1,2019,2012,2019,2020,2019,nation,84.12245178222656,1766.0,-1398.8775482177734,283.0
full,7777,1,2019,2012,2019,2020,2019,遗产,80.49644470214844,1587.0,-1270.5035552978516,236.0
full,7777,1,2019,2012,2019,2020,2019,阿拉伯,69.30680847167969,881.0,-760.6931915283203,51.0
full,7777,1,2019,2012,2019,2020,2019,发展,72.05485534667969,899.0,-683.9451446533203,143.0
full,7777,1,2019,2012,2019,2020,2019,目的地,69.10213470458984,794.0,-615.8978652954102,109.0
full,7777,1,2019,2012,2019,2020,2019,world,69.57804107666016,786.0,-614.4219589233398,102.0
full,7777,1,2019,2012,2019,2020,2019,view,72.03270721435547,905.0,-599.9672927856445,233.0
full,7777,1,2019,2012,2019,2020,2019,rate,68.39026641845703,683.0,-567.609733581543,47.0
full,7777,1,2019,2012,2019,2020,2019,city,65.81822204589844,681.0,-569.1817779541016,46.0
full,7777,1,2019,2012,2019,2020,2019,研究,71.25430297851562,734.0,-522.7456970214844,140.0
full,7777,1,2019,2012,2019,2020,2019,艺术,72.17123413085938,646.0,-488.8287658691406,85.0
full,7777,1,2019,2012,2019,2020,2019,site,67.35816192626953,657.0,-486.64183807373047,103.0
full,7777,1,2019,2012,2019,2020,2019,image,66.02778625488281,662.0,-470.9722137451172,125.0
full,7777,1,2019,2012,2019,2020,2019,社会,66.33425903320312,616.0,-456.6657409667969,93.0
full,7777,1,2019,2012,2019,2020,2019,media,66.3152847290039,576.0,-451.6847152709961,58.0
full,7777,1,2019,2012,2019,2020,2019,search,69.08719635009766,632.0,-447.91280364990234,115.0
full,7777,1,2019,2012,2019,2020,2019,work,66.9642105102539,529.0,-427.0357894897461,35.0
full,7777,1,2019,2012,2019,2020,2019,中国,63.87819290161133,537.0,-333.1218070983887,140.0
full,7777,1,2019,2012,2019,2020,2019,国家,62.69615936279297,492.0,-330.30384063720703,99.0
full,7777,1,2019,2012,2019,2020,2019,影响,64.67689514160156,466.0,-305.32310485839844,96.0
full,7777,1,2019,2012,2019,2020,2019,挑战,61.62730026245117,476.0,-308.3726997375488,106.0
full,7777,1,2019,2012,2019,2020,2019,text,63.88144302368164,415.0,-299.11855697631836,52.0
full,7777,1,2019,2012,2019,2020,2019,challenges,61.07578659057617,451.0,-283.9242134094238,106.0
full,7777,1,2019,2012,2019,2020,2019,east,35.70487594604492,405.0,-296.2951240539551,73.0
full,7777,1,2019,2012,2019,2020,2019,gene,57.027740478515625,329.0,-270.9722595214844,1.0
full,7777,1,2019,2012,2019,2020,2019,chinese,54.116493225097656,359.0,-272.88350677490234,32.0
full,7777,1,2019,2012,2019,2020,2019,land,57.954673767089844,380.0,-269.04532623291016,53.0
full,7777,1,2019,2012,2019,2020,2019,社交媒体,59.03007888793945,379.0,-258.96992111206055,61.0
full,7777,1,2019,2012,2019,2020,2019,应用,60.480003356933594,336.0,-256.5199966430664,19.0
full,7777,1,2019,2012,2019,2020,2019,power,58.79652786254883,328.0,-251.20347213745117,18.0
full,7777,1,2019,2012,2019,2020,2019,可持续,56.23487854003906,389.0,-253.76512145996094,79.0
full,7777,1,2019,2012,2019,2020,2019,经济,62.317115783691406,346.0,-247.6828842163086,36.0
full,7777,1,2019,2012,2019,2020,2019,road,58.51689910888672,434.0,-236.48310089111328,139.0
full,7777,1,2019,2012,2019,2020,2019,经验,56.2947883605957,321.0,-238.7052116394043,26.0
full,7777,1,2019,2012,2019,2020,2019,管理,61.993743896484375,317.0,-226.00625610351562,29.0
full,7777,1,2019,2012,2019,2020,2019,全球,57.32787322998047,357.0,-228.67212677001953,71.0
full,7777,1,2019,2012,2019,2020,2019,学习,61.951194763183594,368.0,-218.0488052368164,88.0
full,7777,1,2019,2012,2019,2020,2019,change,57.47382354736328,327.0,-220.52617645263672,49.0
full,7777,1,2019,2012,2019,2020,2019,视角,59.92304611206055,368.0,-215.07695388793945,93.0
full,7777,1,2019,2012,2019,2020,2019,遗产旅行,48.975772857666016,285.0,-223.02422714233398,13.0
full,7777,1,2019,2012,2019,2020,2019,地方,58.9133186340332,319.0,-203.0866813659668,57.0
full,7777,1,2019,2012,2019,2020,2019,soft,53.0480842590332,313.0,-206.9519157409668,53.0
full,7777,1,2019,2012,2019,2020,2019,action,35.16720199584961,263.0,-221.8327980041504,6.0
full,7777,1,2019,2012,2019,2020,2019,real,56.910179138183594,322.0,-195.0898208618164,70.0
full,7777,1,2019,2012,2019,2020,2019,state,48.66497039794922,277.0,-203.33502960205078,25.0
full,7777,1,2019,2012,2019,2020,2019,diplomacy,58.39612579345703,333.0,-191.60387420654297,83.0
full,7777,1,2019,2012,2019,2020,2019,mental,60.44518280029297,344.0,-187.55481719970703,96.0
full,7777,1,2019,2012,2019,2020,2019,丝绸之路,54.766639709472656,434.0,-192.23336029052734,187.0
full,7777,1,2019,2012,2019,2020,2019,post,53.725345611572266,341.0,-191.27465438842773,96.0
full,7777,1,2019,2012,2019,2020,2019,formation,59.26483154296875,316.0,-184.73516845703125,72.0
full,7777,1,2019,2012,2019,2020,2019,游客,52.15623474121094,304.0,-191.84376525878906,60.0
full,7777,1,2019,2012,2019,2020,2019,branding,50.68599319458008,239.0,-189.31400680541992,-1.0
full,7777,1,2019,2012,2019,2020,2019,relations,56.152164459228516,247.0,-183.84783554077148,7.0
full,7777,1,2019,2012,2019,2020,2019,place,36.9986572265625,285.0,-201.0013427734375,47.0
full,7777,1,2019,2012,2019,2020,2019,role,57.10224914550781,315.0,-179.8977508544922,78.0
full,7777,1,2019,2012,2019,2020,2019,conflict,56.88577651977539,255.0,-179.1142234802246,19.0
full,7777,1,2019,2012,2019,2020,2019,案例研究,52.694889068603516,237.0,-183.30511093139648,1.0
full,7777,1,2019,2012,2019,2020,2019,原真性,55.50361633300781,264.0,-172.4963836669922,36.0
full,7777,1,2019,2012,2019,2020,2019,time,56.756107330322266,382.0,-170.24389266967773,155.0
full,7777,1,2019,2012,2019,2020,2019,product,47.80936813354492,212.0,-177.19063186645508,-13.0
full,7777,1,2019,2012,2019,2020,2019,africa,51.87528610229492,227.0,-167.12471389770508,8.0
full,7777,1,2019,2012,2019,2020,2019,sites,53.179012298583984,246.0,-164.82098770141602,28.0
full,7777,1,2019,2012,2019,2020,2019,language,32.310001373291016,220.0,-178.68999862670898,9.0
full,7777,1,2019,2012,2019,2020,2019,brand,46.36000442504883,233.0,-161.63999557495117,25.0
full,7777,1,2019,2012,2019,2020,2019,silk,52.126380920410156,373.0,-151.87361907958984,169.0
full,7777,1,2019,2012,2019,2020,2019,plan,34.11394119262695,213.0,-167.88605880737305,11.0
full,7777,1,2019,2012,2019,2020,2019,可持续发展,51.32159423828125,212.0,-146.67840576171875,14.0
full,7777,1,2019,2012,2019,2020,2019,the middle east,36.81735610961914,221.0,-159.18264389038086,25.0
full,7777,1,2019,2012,2019,2020,2019,carrying,42.300758361816406,211.0,-152.6992416381836,16.0
full,7777,1,2019,2012,2019,2020,2019,效果,55.78175735473633,271.0,-139.21824264526367,76.0
full,7777,1,2019,2012,2019,2020,2019,分析,52.45962142944336,212.0,-139.54037857055664,20.0
full,7777,1,2019,2012,2019,2020,2019,reality,52.35148239135742,209.0,-138.64851760864258,18.0
full,7777,1,2019,2012,2019,2020,2019,content,47.96815872192383,210.0,-142.03184127807617,20.0
full,7777,1,2019,2012,2019,2020,2019,middle east,40.601722717285156,203.0,-148.39827728271484,14.0
full,7777,1,2019,2012,2019,2020,2019,服务,55.179588317871094,179.0,-132.8204116821289,-9.0
full,7777,1,2019,2012,2019,2020,2019,source,51.90283966064453,213.0,-135.09716033935547,26.0
full,7777,1,2019,2012,2019,2020,2019,carrying capacity,41.63555908203125,202.0,-144.36444091796875,16.0
full,7777,1,2019,2012,2019,2020,2019,数字,55.27119827270508,322.0,-129.72880172729492,137.0
full,7777,1,2019,2012,2019,2020,2019,in the middle,42.41156768798828,190.0,-139.58843231201172,8.0
full,7777,1,2019,2012,2019,2020,2019,系统综述,52.53279495239258,222.0,-129.46720504760742,40.0
full,7777,1,2019,2012,2019,2020,2019,实践,53.97216033935547,169.0,-124.02783966064453,-9.0
full,7777,1,2019,2012,2019,2020,2019,graph,51.586219787597656,179.0,-124.41378021240234,3.0
full,7777,1,2019,2012,2019,2020,2019,outbound,26.901920318603516,176.0,-149.09807968139648,0.0
full,7777,1,2019,2012,2019,2020,2019,语境,52.90279769897461,209.0,-122.09720230102539,34.0
full,7777,1,2019,2012,2019,2020,2019,框架,46.53312301635742,221.0,-125.46687698364258,49.0
full,7777,1,2019,2012,2019,2020,2019,al jazeera,50.72563934326172,181.0,-120.27436065673828,10.0
full,7777,1,2019,2012,2019,2020,2019,jazeera,50.72563934326172,181.0,-120.27436065673828,10.0
full,7777,1,2019,2012,2019,2020,2019,流程,54.66157150268555,194.0,-114.33842849731445,25.0
full,7777,1,2019,2012,2019,2020,2019,belt,52.58919906616211,236.0,-113.41080093383789,70.0
full,7777,1,2019,2012,2019,2020,2019,in the middle east,41.171695709228516,181.0,-123.82830429077148,16.0
full,7777,1,2019,2012,2019,2020,2019,政策,48.898826599121094,161.0,-116.1011734008789,-4.0
full,7777,1,2019,2012,2019,2020,2019,软实力,47.80905532836914,175.0,-117.19094467163086,10.0
full,7777,1,2019,2012,2019,2020,2019,marketing,49.578739166259766,217.0,-114.42126083374023,53.0
full,7777,1,2019,2012,2019,2020,2019,religious,52.06916046142578,153.0,-110.93083953857422,-10.0
full,7777,1,2019,2012,2019,2020,2019,country,49.87333679199219,144.0,-112.12666320800781,-18.0
full,7777,1,2019,2012,2019,2020,2019,islam,55.00418472290039,166.0,-106.99581527709961,4.0
full,7777,1,2019,2012,2019,2020,2019,urban,46.60458755493164,187.0,-115.39541244506836,25.0
full,7777,3,2019,2012,2019,2022,2019,旅游,126.27465057373047,4242.0,-2904.7253494262695,1211.0
full,7777,3,2019,2012,2019,2022,2019,tour,119.1858901977539,3857.0,-2773.814109802246,964.0
full,7777,3,2019,2012,2019,2022,2019,文化,119.05804443359375,2521.0,-1584.9419555664062,817.0
full,7777,3,2019,2012,2019,2022,2019,nation,118.76637268066406,2266.0,-1364.233627319336,783.0
full,7777,3,2019,2012,2019,2022,2019,遗产,113.72549438476562,1698.0,-1237.2745056152344,347.0
full,7777,3,2019,2012,2019,2022,2019,阿拉伯,98.38880920410156,784.0,-731.6111907958984,-46.0
full,7777,3,2019,2012,2019,2022,2019,发展,102.27515411376953,907.0,-653.7248458862305,151.0
full,7777,3,2019,2012,2019,2022,2019,目的地,98.3028793334961,1036.0,-586.6971206665039,351.0
full,7777,3,2019,2012,2019,2022,2019,world,98.93565368652344,627.0,-585.0643463134766,-57.0
full,7777,3,2019,2012,2019,2022,2019,view,102.26496124267578,1100.0,-569.7350387573242,428.0
full,7777,3,2019,2012,2019,2022,2019,rate,97.30638885498047,894.0,-538.6936111450195,258.0
full,7777,3,2019,2012,2019,2022,2019,city,93.7503662109375,755.0,-541.2496337890625,120.0
full,7777,3,2019,2012,2019,2022,2019,研究,101.28297424316406,901.0,-492.71702575683594,307.0
full,7777,3,2019,2012,2019,2022,2019,艺术,102.5494155883789,992.0,-458.4505844116211,431.0
full,7777,3,2019,2012,2019,2022,2019,site,96.0005874633789,670.0,-457.9994125366211,116.0
full,7777,3,2019,2012,2019,2022,2019,image,94.14674377441406,783.0,-442.85325622558594,246.0
full,7777,3,2019,2012,2019,2022,2019,社会,94.5276107788086,727.0,-428.4723892211914,204.0
full,7777,3,2019,2012,2019,2022,2019,media,94.52428436279297,588.0,-423.47571563720703,70.0
full,7777,3,2019,2012,2019,2022,2019,search,98.38023376464844,797.0,-418.61976623535156,280.0
full,7777,3,2019,2012,2019,2022,2019,work,95.4129638671875,623.0,-398.5870361328125,129.0
full,7777,3,2019,2012,2019,2022,2019,中国,91.38003540039062,600.0,-305.6199645996094,203.0
full,7777,3,2019,2012,2019,2022,2019,国家,89.7500991821289,523.0,-303.2499008178711,130.0
full,7777,3,2019,2012,2019,2022,2019,影响,92.47856140136719,563.0,-277.5214385986328,193.0
full,7777,3,2019,2012,2019,2022,2019,挑战,88.31175994873047,597.0,-281.68824005126953,227.0
full,7777,3,2019,2012,2019,2022,2019,text,91.40646362304688,565.0,-271.5935363769531,202.0
full,7777,3,2019,2012,2019,2022,2019,challenges,87.60430908203125,553.0,-257.39569091796875,208.0
full,7777,3,2019,2012,2019,2022,2019,east,53.33674240112305,419.0,-278.66325759887695,87.0
full,7777,3,2019,2012,2019,2022,2019,gene,82.1052474975586,406.0,-245.8947525024414,78.0
full,7777,3,2019,2012,2019,2022,2019,chinese,78.18331909179688,325.0,-248.81668090820312,-2.0
full,7777,3,2019,2012,2019,2022,2019,land,83.35686492919922,380.0,-243.64313507080078,53.0
full,7777,3,2019,2012,2019,2022,2019,社交媒体,84.86845397949219,452.0,-233.1315460205078,134.0
full,7777,3,2019,2012,2019,2022,2019,应用,86.81724548339844,470.0,-230.18275451660156,153.0
full,7777,3,2019,2012,2019,2022,2019,power,84.60491943359375,334.0,-225.39508056640625,24.0
full,7777,3,2019,2012,2019,2022,2019,可持续,81.05670928955078,443.0,-228.94329071044922,133.0
full,7777,3,2019,2012,2019,2022,2019,经济,89.33050537109375,467.0,-220.66949462890625,157.0
full,7777,3,2019,2012,2019,2022,2019,road,84.30778503417969,555.0,-210.6922149658203,260.0
full,7777,3,2019,2012,2019,2022,2019,经验,81.16516876220703,403.0,-213.83483123779297,108.0
full,7777,3,2019,2012,2019,2022,2019,管理,88.93561553955078,413.0,-199.06438446044922,125.0
full,7777,3,2019,2012,2019,2022,2019,全球,82.55329132080078,377.0,-203.44670867919922,91.0
full,7777,3,2019,2012,2019,2022,2019,学习,88.91584777832031,564.0,-191.0841522216797,284.0
full,7777,3,2019,2012,2019,2022,2019,change,82.8134994506836,386.0,-195.1865005493164,108.0
full,7777,3,2019,2012,2019,2022,2019,视角,86.15478515625,504.0,-188.84521484375,229.0
full,7777,3,2019,2012,2019,2022,2019,遗产旅行,71.43814086914062,324.0,-200.56185913085938,52.0
full,7777,3,2019,2012,2019,2022,2019,地方,84.8277587890625,271.0,-177.1722412109375,9.0
full,7777,3,2019,2012,2019,2022,2019,soft,76.9126968383789,268.0,-183.0873031616211,8.0
full,7777,3,2019,2012,2019,2022,2019,action,52.67759704589844,281.0,-204.32240295410156,24.0
full,7777,3,2019,2012,2019,2022,2019,real,82.11737060546875,378.0,-169.88262939453125,126.0
full,7777,3,2019,2012,2019,2022,2019,state,70.89457702636719,261.0,-181.1054229736328,9.0
full,7777,3,2019,2012,2019,2022,2019,diplomacy,84.21273040771484,422.0,-165.78726959228516,172.0
full,7777,3,2019,2012,2019,2022,2019,mental,86.88104248046875,323.0,-161.11895751953125,75.0
full,7777,3,2019,2012,2019,2022,2019,丝绸之路,79.37437438964844,543.0,-167.62562561035156,296.0
full,7777,3,2019,2012,2019,2022,2019,post,77.83091735839844,461.0,-167.16908264160156,216.0
full,7777,3,2019,2012,2019,2022,2019,formation,85.30533599853516,430.0,-158.69466400146484,186.0
full,7777,3,2019,2012,2019,2022,2019,游客,75.7304916381836,347.0,-168.2695083618164,103.0
full,7777,3,2019,2012,2019,2022,2019,branding,73.82511901855469,366.0,-166.1748809814453,126.0
full,7777,3,2019,2012,2019,2022,2019,relations,81.10493469238281,183.0,-158.8950653076172,-57.0
full,7777,3,2019,2012,2019,2022,2019,place,55.31484603881836,252.0,-182.68515396118164,14.0
full,7777,3,2019,2012,2019,2022,2019,role,82.35396575927734,445.0,-154.64603424072266,208.0
full,7777,3,2019,2012,2019,2022,2019,conflict,82.13255310058594,245.0,-153.86744689941406,9.0
full,7777,3,2019,2012,2019,2022,2019,案例研究,76.34468078613281,228.0,-159.6553192138672,-8.0
full,7777,3,2019,2012,2019,2022,2019,原真性,80.30733489990234,418.0,-147.69266510009766,190.0
full,7777,3,2019,2012,2019,2022,2019,time,82.05509185791016,443.0,-144.94490814208984,216.0
full,7777,3,2019,2012,2019,2022,2019,product,69.76439666748047,226.0,-155.23560333251953,1.0
full,7777,3,2019,2012,2019,2022,2019,africa,75.34858703613281,242.0,-143.6514129638672,23.0
full,7777,3,2019,2012,2019,2022,2019,sites,77.30439758300781,289.0,-140.6956024169922,71.0
full,7777,3,2019,2012,2019,2022,2019,language,48.988311767578125,215.0,-162.01168823242188,4.0
full,7777,3,2019,2012,2019,2022,2019,brand,68.05912017822266,328.0,-139.94087982177734,120.0
full,7777,3,2019,2012,2019,2022,2019,silk,75.91735076904297,466.0,-128.08264923095703,262.0
full,7777,3,2019,2012,2019,2022,2019,plan,51.493873596191406,244.0,-150.5061264038086,42.0
full,7777,3,2019,2012,2019,2022,2019,可持续发展,74.65296173095703,279.0,-123.34703826904297,81.0
full,7777,3,2019,2012,2019,2022,2019,the middle east,55.50884246826172,236.0,-140.49115753173828,40.0
full,7777,3,2019,2012,2019,2022,2019,carrying,62.67092514038086,93.0,-132.32907485961914,-102.0
full,7777,3,2019,2012,2019,2022,2019,效果,80.69550323486328,328.0,-114.30449676513672,133.0
full,7777,3,2019,2012,2019,2022,2019,分析,76.1877670288086,212.0,-115.8122329711914,20.0
full,7777,3,2019,2012,2019,2022,2019,reality,76.15928649902344,256.0,-114.84071350097656,65.0
full,7777,3,2019,2012,2019,2022,2019,content,70.31196594238281,255.0,-119.68803405761719,65.0
full,7777,3,2019,2012,2019,2022,2019,middle east,60.589359283447266,197.0,-128.41064071655273,8.0
full,7777,3,2019,2012,2019,2022,2019,服务,79.90535736083984,153.0,-108.09464263916016,-35.0
full,7777,3,2019,2012,2019,2022,2019,source,75.49868774414062,163.0,-111.50131225585938,-24.0
full,7777,3,2019,2012,2019,2022,2019,carrying capacity,61.834922790527344,84.0,-124.16507720947266,-102.0
full,7777,3,2019,2012,2019,2022,2019,数字,80.01036071777344,626.0,-104.98963928222656,441.0
full,7777,3,2019,2012,2019,2022,2019,in the middle,63.02960968017578,174.0,-118.97039031982422,-8.0
full,7777,3,2019,2012,2019,2022,2019,系统综述,76.3539047241211,229.0,-105.6460952758789,47.0
full,7777,3,2019,2012,2019,2022,2019,实践,78.29519653320312,230.0,-99.70480346679688,52.0
full,7777,3,2019,2012,2019,2022,2019,graph,75.04545593261719,223.0,-100.95454406738281,47.0
full,7777,3,2019,2012,2019,2022,2019,outbound,42.14584732055664,108.0,-133.85415267944336,-68.0
full,7777,3,2019,2012,2019,2022,2019,语境,76.87592315673828,258.0,-98.12407684326172,83.0
full,7777,3,2019,2012,2019,2022,2019,框架,68.26068115234375,263.0,-103.73931884765625,91.0
full,7777,3,2019,2012,2019,2022,2019,al jazeera,74.09300994873047,138.0,-96.90699005126953,-33.0
full,7777,3,2019,2012,2019,2022,2019,jazeera,74.09300994873047,138.0,-96.90699005126953,-33.0
full,7777,3,2019,2012,2019,2022,2019,流程,79.23812866210938,221.0,-89.76187133789062,52.0
full,7777,3,2019,2012,2019,2022,2019,belt,76.57756805419922,328.0,-89.42243194580078,162.0
full,7777,3,2019,2012,2019,2022,2019,in the middle east,61.47283172607422,190.0,-103.52716827392578,25.0
full,7777,3,2019,2012,2019,2022,2019,政策,71.5504150390625,255.0,-93.4495849609375,90.0
full,7777,3,2019,2012,2019,2022,2019,软实力,70.22020721435547,177.0,-94.77979278564453,12.0
full,7777,3,2019,2012,2019,2022,2019,marketing,72.43450164794922,345.0,-91.56549835205078,181.0
full,7777,3,2019,2012,2019,2022,2019,religious,75.8443603515625,227.0,-87.1556396484375,64.0
full,7777,3,2019,2012,2019,2022,2019,country,72.88538360595703,254.0,-89.11461639404297,92.0
full,7777,3,2019,2012,2019,2022,2019,islam,79.74394989013672,119.0,-82.25605010986328,-43.0
full,7777,3,2019,2012,2019,2022,2019,urban,68.43577575683594,252.0,-93.56422424316406,90.0
full,7777,5,2019,2012,2019,2024,2019,旅游,173.47789001464844,5508.0,-2857.5221099853516,2477.0
full,7777,5,2019,2012,2019,2024,2019,tour,163.7742919921875,4819.0,-2729.2257080078125,1926.0
full,7777,5,2019,2012,2019,2024,2019,文化,164.01055908203125,3099.0,-1539.9894409179688,1395.0
full,7777,5,2019,2012,2019,2024,2019,nation,163.76902770996094,2652.0,-1319.230972290039,1169.0
full,7777,5,2019,2012,2019,2024,2019,遗产,156.89634704589844,1984.0,-1194.1036529541016,633.0
full,7777,5,2019,2012,2019,2024,2019,阿拉伯,136.0363311767578,1033.0,-693.9636688232422,203.0
full,7777,5,2019,2012,2019,2024,2019,发展,141.50244140625,1136.0,-614.49755859375,380.0
full,7777,5,2019,2012,2019,2024,2019,目的地,136.13157653808594,1258.0,-548.8684234619141,573.0
full,7777,5,2019,2012,2019,2024,2019,world,136.9832305908203,645.0,-547.0167694091797,-39.0
full,7777,5,2019,2012,2019,2024,2019,view,141.5222930908203,1119.0,-530.4777069091797,447.0
full,7777,5,2019,2012,2019,2024,2019,rate,134.7479705810547,1324.0,-501.2520294189453,688.0
full,7777,5,2019,2012,2019,2024,2019,city,129.81593322753906,938.0,-505.18406677246094,303.0
full,7777,5,2019,2012,2019,2024,2019,研究,140.27272033691406,1258.0,-453.72727966308594,664.0
full,7777,5,2019,2012,2019,2024,2019,艺术,142.02676391601562,1274.0,-418.9732360839844,713.0
full,7777,5,2019,2012,2019,2024,2019,site,133.0647735595703,537.0,-420.9352264404297,-17.0
full,7777,5,2019,2012,2019,2024,2019,image,130.48138427734375,952.0,-406.51861572265625,415.0
full,7777,5,2019,2012,2019,2024,2019,社会,130.9732666015625,939.0,-392.0267333984375,416.0
full,7777,5,2019,2012,2019,2024,2019,media,130.99082946777344,821.0,-387.00917053222656,303.0
full,7777,5,2019,2012,2019,2024,2019,search,136.3604278564453,976.0,-380.6395721435547,459.0
full,7777,5,2019,2012,2019,2024,2019,work,132.22117614746094,684.0,-361.77882385253906,190.0
full,7777,5,2019,2012,2019,2024,2019,中国,126.84134674072266,774.0,-270.15865325927734,377.0
full,7777,5,2019,2012,2019,2024,2019,国家,124.57514190673828,564.0,-268.4248580932617,171.0
full,7777,5,2019,2012,2019,2024,2019,影响,128.37229919433594,699.0,-241.62770080566406,329.0
full,7777,5,2019,2012,2019,2024,2019,挑战,122.60706329345703,666.0,-247.39293670654297,296.0
full,7777,5,2019,2012,2019,2024,2019,text,126.9045181274414,804.0,-236.0954818725586,441.0
full,7777,5,2019,2012,2019,2024,2019,challenges,121.67041015625,633.0,-223.32958984375,288.0
full,7777,5,2019,2012,2019,2024,2019,east,74.27872467041016,343.0,-257.72127532958984,11.0
full,7777,5,2019,2012,2019,2024,2019,gene,114.06439971923828,796.0,-213.93560028076172,468.0
full,7777,5,2019,2012,2019,2024,2019,chinese,108.65013885498047,424.0,-218.34986114501953,97.0
full,7777,5,2019,2012,2019,2024,2019,land,115.7925033569336,340.0,-211.2074966430664,13.0
full,7777,5,2019,2012,2019,2024,2019,社交媒体,117.9278793334961,677.0,-200.0721206665039,359.0
full,7777,5,2019,2012,2019,2024,2019,应用,120.60747528076172,495.0,-196.39252471923828,178.0
full,7777,5,2019,2012,2019,2024,2019,power,117.60722351074219,386.0,-192.3927764892578,76.0
full,7777,5,2019,2012,2019,2024,2019,可持续,112.63658905029297,589.0,-197.36341094970703,279.0
full,7777,5,2019,2012,2019,2024,2019,经济,124.09577178955078,564.0,-185.90422821044922,254.0
full,7777,5,2019,2012,2019,2024,2019,road,117.26250457763672,490.0,-177.73749542236328,195.0
full,7777,5,2019,2012,2019,2024,2019,经验,112.81120300292969,473.0,-182.1887969970703,178.0
full,7777,5,2019,2012,2019,2024,2019,管理,123.59280395507812,480.0,-164.40719604492188,192.0
full,7777,5,2019,2012,2019,2024,2019,全球,114.72601318359375,358.0,-171.27398681640625,72.0
full,7777,5,2019,2012,2019,2024,2019,学习,123.59815216064453,568.0,-156.40184783935547,288.0
full,7777,5,2019,2012,2019,2024,2019,change,115.13658142089844,426.0,-162.86341857910156,148.0
full,7777,5,2019,2012,2019,2024,2019,视角,119.7768783569336,668.0,-155.2231216430664,393.0
full,7777,5,2019,2012,2019,2024,2019,遗产旅行,99.4488525390625,378.0,-172.5511474609375,106.0
full,7777,5,2019,2012,2019,2024,2019,地方,117.97734069824219,273.0,-144.0226593017578,11.0
full,7777,5,2019,2012,2019,2024,2019,soft,107.02890014648438,276.0,-152.97109985351562,16.0
full,7777,5,2019,2012,2019,2024,2019,action,73.40371704101562,350.0,-183.59628295898438,93.0
full,7777,5,2019,2012,2019,2024,2019,real,114.23021697998047,541.0,-137.76978302001953,289.0
full,7777,5,2019,2012,2019,2024,2019,state,98.61465454101562,305.0,-153.38534545898438,53.0
full,7777,5,2019,2012,2019,2024,2019,diplomacy,117.1935043334961,494.0,-132.8064956665039,244.0
full,7777,5,2019,2012,2019,2024,2019,mental,120.8031005859375,264.0,-127.1968994140625,16.0
full,7777,5,2019,2012,2019,2024,2019,丝绸之路,110.54248046875,522.0,-136.45751953125,275.0
full,7777,5,2019,2012,2019,2024,2019,post,108.3074722290039,546.0,-136.6925277709961,301.0
full,7777,5,2019,2012,2019,2024,2019,formation,118.64399719238281,506.0,-125.35600280761719,262.0
full,7777,5,2019,2012,2019,2024,2019,游客,105.40839385986328,376.0,-138.59160614013672,132.0
full,7777,5,2019,2012,2019,2024,2019,branding,102.81936645507812,314.0,-137.18063354492188,74.0
full,7777,5,2019,2012,2019,2024,2019,relations,112.8409423828125,179.0,-127.1590576171875,-61.0
full,7777,5,2019,2012,2019,2024,2019,place,77.12310791015625,221.0,-160.87689208984375,-17.0
full,7777,5,2019,2012,2019,2024,2019,role,114.5441665649414,649.0,-122.4558334350586,412.0
full,7777,5,2019,2012,2019,2024,2019,conflict,114.29138946533203,174.0,-121.70861053466797,-62.0
full,7777,5,2019,2012,2019,2024,2019,案例研究,106.18110656738281,316.0,-129.8188934326172,80.0
full,7777,5,2019,2012,2019,2024,2019,原真性,111.79656982421875,445.0,-116.20343017578125,217.0
full,7777,5,2019,2012,2019,2024,2019,time,114.25692749023438,391.0,-112.74307250976562,164.0
full,7777,5,2019,2012,2019,2024,2019,product,97.0672836303711,334.0,-127.9327163696289,109.0
full,7777,5,2019,2012,2019,2024,2019,africa,104.88231658935547,242.0,-114.11768341064453,23.0
full,7777,5,2019,2012,2019,2024,2019,sites,107.72868347167969,210.0,-110.27131652832031,-8.0
full,7777,5,2019,2012,2019,2024,2019,language,68.40945434570312,369.0,-142.59054565429688,158.0
full,7777,5,2019,2012,2019,2024,2019,brand,94.86176300048828,297.0,-113.13823699951172,89.0
full,7777,5,2019,2012,2019,2024,2019,silk,105.82888793945312,429.0,-98.17111206054688,225.0
full,7777,5,2019,2012,2019,2024,2019,plan,71.88540649414062,254.0,-130.11459350585938,52.0
full,7777,5,2019,2012,2019,2024,2019,可持续发展,103.95743560791016,371.0,-94.04256439208984,173.0
full,7777,5,2019,2012,2019,2024,2019,the middle east,77.60401916503906,129.0,-118.39598083496094,-67.0
full,7777,5,2019,2012,2019,2024,2019,carrying,87.42728424072266,81.0,-107.57271575927734,-114.0
full,7777,5,2019,2012,2019,2024,2019,效果,112.35279083251953,339.0,-82.64720916748047,144.0
full,7777,5,2019,2012,2019,2024,2019,分析,106.08798217773438,253.0,-85.91201782226562,61.0
full,7777,5,2019,2012,2019,2024,2019,reality,106.1280746459961,383.0,-84.8719253540039,192.0
full,7777,5,2019,2012,2019,2024,2019,content,98.04713439941406,369.0,-91.95286560058594,179.0
full,7777,5,2019,2012,2019,2024,2019,middle east,84.64595794677734,79.0,-104.35404205322266,-110.0
full,7777,5,2019,2012,2019,2024,2019,服务,111.27648162841797,317.0,-76.72351837158203,129.0
full,7777,5,2019,2012,2019,2024,2019,source,105.17550659179688,163.0,-81.82449340820312,-24.0
full,7777,5,2019,2012,2019,2024,2019,carrying capacity,86.3000717163086,81.0,-99.6999282836914,-105.0
full,7777,5,2019,2012,2019,2024,2019,数字,111.40987396240234,985.0,-73.59012603759766,800.0
full,7777,5,2019,2012,2019,2024,2019,in the middle,88.03948974609375,90.0,-93.96051025390625,-92.0
full,7777,5,2019,2012,2019,2024,2019,系统综述,106.3674087524414,195.0,-75.6325912475586,13.0
full,7777,5,2019,2012,2019,2024,2019,实践,109.06097412109375,227.0,-68.93902587890625,49.0
full,7777,5,2019,2012,2019,2024,2019,graph,104.53170013427734,396.0,-71.46829986572266,220.0
full,7777,5,2019,2012,2019,2024,2019,outbound,59.21998977661133,54.0,-116.78001022338867,-122.0
full,7777,5,2019,2012,2019,2024,2019,语境,107.10918426513672,281.0,-67.89081573486328,106.0
full,7777,5,2019,2012,2019,2024,2019,框架,95.1285400390625,335.0,-76.8714599609375,163.0
full,7777,5,2019,2012,2019,2024,2019,al jazeera,103.34500122070312,48.0,-67.65499877929688,-123.0
full,7777,5,2019,2012,2019,2024,2019,jazeera,103.34500122070312,65.0,-67.65499877929688,-106.0
full,7777,5,2019,2012,2019,2024,2019,流程,110.38016510009766,180.0,-58.619834899902344,11.0
full,7777,5,2019,2012,2019,2024,2019,belt,106.7795639038086,269.0,-59.220436096191406,103.0
full,7777,5,2019,2012,2019,2024,2019,in the middle east,85.9344711303711,97.0,-79.0655288696289,-68.0
full,7777,5,2019,2012,2019,2024,2019,政策,99.76408386230469,254.0,-65.23591613769531,89.0
full,7777,5,2019,2012,2019,2024,2019,软实力,97.9983139038086,175.0,-67.0016860961914,10.0
full,7777,5,2019,2012,2019,2024,2019,marketing,100.97232818603516,544.0,-63.027671813964844,380.0
full,7777,5,2019,2012,2019,2024,2019,religious,105.74212646484375,247.0,-57.25787353515625,84.0
full,7777,5,2019,2012,2019,2024,2019,country,101.6333236694336,255.0,-60.366676330566406,93.0
full,7777,5,2019,2012,2019,2024,2019,islam,111.11363220214844,102.0,-50.88636779785156,-60.0
full,7777,5,2019,2012,2019,2024,2019,urban,95.42202758789062,255.0,-66.57797241210938,93.0
no_log,42,1,2019,2012,2019,2020,2019,旅游,270.9988708496094,3486.0,-2760.0011291503906,455.0
no_log,42,1,2019,2012,2019,2020,2019,tour,270.7051696777344,3300.0,-2622.2948303222656,407.0
no_log,42,1,2019,2012,2019,2020,2019,文化,270.18121337890625,2014.0,-1433.8187866210938,310.0
no_log,42,1,2019,2012,2019,2020,2019,nation,269.11968994140625,1766.0,-1213.8803100585938,283.0
no_log,42,1,2019,2012,2019,2020,2019,遗产,268.818603515625,1587.0,-1082.181396484375,236.0
no_log,42,1,2019,2012,2019,2020,2019,阿拉伯,262.91455078125,881.0,-567.08544921875,51.0
no_log,42,1,2019,2012,2019,2020,2019,发展,260.95050048828125,899.0,-495.04949951171875,143.0
no_log,42,1,2019,2012,2019,2020,2019,目的地,259.28497314453125,794.0,-425.71502685546875,109.0
no_log,42,1,2019,2012,2019,2020,2019,world,258.9327087402344,786.0,-425.0672912597656,102.0
no_log,42,1,2019,2012,2019,2020,2019,view,252.46192932128906,905.0,-419.53807067871094,233.0
no_log,42,1,2019,2012,2019,2020,2019,rate,256.11798095703125,683.0,-379.88201904296875,47.0
no_log,42,1,2019,2012,2019,2020,2019,city,255.9742431640625,681.0,-379.0257568359375,46.0
no_log,42,1,2019,2012,2019,2020,2019,研究,249.63430786132812,734.0,-344.3656921386719,140.0
no_log,42,1,2019,2012,2019,2020,2019,艺术,236.80001831054688,646.0,-324.1999816894531,85.0
no_log,42,1,2019,2012,2019,2020,2019,site,251.88478088378906,657.0,-302.11521911621094,103.0
no_log,42,1,2019,2012,2019,2020,2019,image,249.28627014160156,662.0,-287.71372985839844,125.0
no_log,42,1,2019,2012,2019,2020,2019,社会,239.1189422607422,616.0,-283.8810577392578,93.0
no_log,42,1,2019,2012,2019,2020,2019,media,242.194091796875,576.0,-275.805908203125,58.0
no_log,42,1,2019,2012,2019,2020,2019,search,244.82029724121094,632.0,-272.17970275878906,115.0
no_log,42,1,2019,2012,2019,2020,2019,work,228.04263305664062,529.0,-265.9573669433594,35.0
no_log,42,1,2019,2012,2019,2020,2019,中国,232.40066528320312,537.0,-164.59933471679688,140.0
no_log,42,1,2019,2012,2019,2020,2019,国家,230.21290588378906,492.0,-162.78709411621094,99.0
no_log,42,1,2019,2012,2019,2020,2019,影响,218.52349853515625,466.0,-151.47650146484375,96.0
no_log,42,1,2019,2012,2019,2020,2019,挑战,224.42636108398438,476.0,-145.57363891601562,106.0
no_log,42,1,2019,2012,2019,2020,2019,text,219.59751892089844,415.0,-143.40248107910156,52.0
no_log,42,1,2019,2012,2019,2020,2019,challenges,219.8604278564453,451.0,-125.13957214355469,106.0
no_log,42,1,2019,2012,2019,2020,2019,east,225.87200927734375,405.0,-106.12799072265625,73.0
no_log,42,1,2019,2012,2019,2020,2019,gene,216.5462188720703,329.0,-111.45378112792969,1.0
no_log,42,1,2019,2012,2019,2020,2019,chinese,221.4754638671875,359.0,-105.5245361328125,32.0
no_log,42,1,2019,2012,2019,2020,2019,land,213.325439453125,380.0,-113.674560546875,53.0
no_log,42,1,2019,2012,2019,2020,2019,社交媒体,215.79795837402344,379.0,-102.20204162597656,61.0
no_log,42,1,2019,2012,2019,2020,2019,应用,207.6602783203125,336.0,-109.3397216796875,19.0
no_log,42,1,2019,2012,2019,2020,2019,power,218.7385711669922,328.0,-91.26142883300781,18.0
no_log,42,1,2019,2012,2019,2020,2019,可持续,210.97247314453125,389.0,-99.02752685546875,79.0
no_log,42,1,2019,2012,2019,2020,2019,经济,200.73817443847656,346.0,-109.26182556152344,36.0
no_log,42,1,2019,2012,2019,2020,2019,road,217.16534423828125,434.0,-77.83465576171875,139.0
no_log,42,1,2019,2012,2019,2020,2019,经验,205.82875061035156,321.0,-89.17124938964844,26.0
no_log,42,1,2019,2012,2019,2020,2019,管理,197.0469207763672,317.0,-90.95307922363281,29.0
no_log,42,1,2019,2012,2019,2020,2019,全球,192.39234924316406,357.0,-93.60765075683594,71.0
no_log,42,1,2019,2012,2019,2020,2019,学习,199.2934112548828,368.0,-80.70658874511719,88.0
no_log,42,1,2019,2012,2019,2020,2019,change,201.79820251464844,327.0,-76.20179748535156,49.0
no_log,42,1,2019,2012,2019,2020,2019,视角,198.37010192871094,368.0,-76.62989807128906,93.0
no_log,42,1,2019,2012,2019,2020,2019,遗产旅行,212.5776824951172,285.0,-59.42231750488281,13.0
no_log,42,1,2019,2012,2019,2020,2019,地方,198.86349487304688,319.0,-63.136505126953125,57.0
no_log,42,1,2019,2012,2019,2020,2019,soft,205.62901306152344,313.0,-54.37098693847656,53.0
no_log,42,1,2019,2012,2019,2020,2019,action,184.7765655517578,263.0,-72.22343444824219,6.0
no_log,42,1,2019,2012,2019,2020,2019,real,195.09710693359375,322.0,-56.90289306640625,70.0
no_log,42,1,2019,2012,2019,2020,2019,state,184.3828125,277.0,-67.6171875,25.0
no_log,42,1,2019,2012,2019,2020,2019,diplomacy,200.71852111816406,333.0,-49.28147888183594,83.0
no_log,42,1,2019,2012,2019,2020,2019,mental,177.47813415527344,344.0,-70.52186584472656,96.0
no_log,42,1,2019,2012,2019,2020,2019,丝绸之路,205.53408813476562,434.0,-41.465911865234375,187.0
no_log,42,1,2019,2012,2019,2020,2019,post,196.6825408935547,341.0,-48.31745910644531,96.0
no_log,42,1,2019,2012,2019,2020,2019,formation,183.41519165039062,316.0,-60.584808349609375,72.0
no_log,42,1,2019,2012,2019,2020,2019,游客,198.545654296875,304.0,-45.454345703125,60.0
no_log,42,1,2019,2012,2019,2020,2019,branding,202.5591583251953,239.0,-37.44084167480469,-1.0
no_log,42,1,2019,2012,2019,2020,2019,relations,188.42620849609375,247.0,-51.57379150390625,7.0
no_log,42,1,2019,2012,2019,2020,2019,place,192.2139892578125,285.0,-45.7860107421875,47.0
no_log,42,1,2019,2012,2019,2020,2019,role,172.57313537597656,315.0,-64.42686462402344,78.0
no_log,42,1,2019,2012,2019,2020,2019,conflict,190.49801635742188,255.0,-45.501983642578125,19.0
no_log,42,1,2019,2012,2019,2020,2019,案例研究,165.0255584716797,237.0,-70.97444152832031,1.0
no_log,42,1,2019,2012,2019,2020,2019,原真性,192.3992156982422,264.0,-35.60078430175781,36.0
no_log,42,1,2019,2012,2019,2020,2019,time,193.608154296875,382.0,-33.391845703125,155.0
no_log,42,1,2019,2012,2019,2020,2019,product,160.65509033203125,212.0,-64.34490966796875,-13.0
no_log,42,1,2019,2012,2019,2020,2019,africa,176.49014282226562,227.0,-42.509857177734375,8.0
no_log,42,1,2019,2012,2019,2020,2019,sites,194.8113555908203,246.0,-23.188644409179688,28.0
no_log,42,1,2019,2012,2019,2020,2019,language,161.32337951660156,220.0,-49.67662048339844,9.0
no_log,42,1,2019,2012,2019,2020,2019,brand,187.1299591064453,233.0,-20.870040893554688,25.0
no_log,42,1,2019,2012,2019,2020,2019,silk,188.87640380859375,373.0,-15.12359619140625,169.0
no_log,42,1,2019,2012,2019,2020,2019,plan,162.0973663330078,213.0,-39.90263366699219,11.0
no_log,42,1,2019,2012,2019,2020,2019,可持续发展,164.73135375976562,212.0,-33.268646240234375,14.0
no_log,42,1,2019,2012,2019,2020,2019,the middle east,186.7813720703125,221.0,-9.2186279296875,25.0
no_log,42,1,2019,2012,2019,2020,2019,carrying,181.19053649902344,211.0,-13.809463500976562,16.0
no_log,42,1,2019,2012,2019,2020,2019,效果,163.03619384765625,271.0,-31.96380615234375,76.0
no_log,42,1,2019,2012,2019,2020,2019,分析,155.991943359375,212.0,-36.008056640625,20.0
no_log,42,1,2019,2012,2019,2020,2019,reality,177.5992431640625,209.0,-13.4007568359375,18.0
no_log,42,1,2019,2012,2019,2020,2019,content,181.18966674804688,210.0,-8.810333251953125,20.0
no_log,42,1,2019,2012,2019,2020,2019,middle east,183.6599578857422,203.0,-5.3400421142578125,14.0
no_log,42,1,2019,2012,2019,2020,2019,服务,161.2332305908203,179.0,-26.766769409179688,-9.0
no_log,42,1,2019,2012,2019,2020,2019,source,165.06735229492188,213.0,-21.932647705078125,26.0
no_log,42,1,2019,2012,2019,2020,2019,carrying capacity,177.82098388671875,202.0,-8.17901611328125,16.0
no_log,42,1,2019,2012,2019,2020,2019,数字,152.2017822265625,322.0,-32.7982177734375,137.0
no_log,42,1,2019,2012,2019,2020,2019,in the middle,180.28753662109375,190.0,-1.71246337890625,8.0
no_log,42,1,2019,2012,2019,2020,2019,系统综述,159.7246551513672,222.0,-22.275344848632812,40.0
no_log,42,1,2019,2012,2019,2020,2019,实践,154.14920043945312,169.0,-23.850799560546875,-9.0
no_log,42,1,2019,2012,2019,2020,2019,graph,144.78347778320312,179.0,-31.216522216796875,3.0
no_log,42,1,2019,2012,2019,2020,2019,outbound,166.61953735351562,176.0,-9.380462646484375,0.0
no_log,42,1,2019,2012,2019,2020,2019,语境,156.20632934570312,209.0,-18.793670654296875,34.0
no_log,42,1,2019,2012,2019,2020,2019,框架,144.57135009765625,221.0,-27.42864990234375,49.0
no_log,42,1,2019,2012,2019,2020,2019,al jazeera,170.63046264648438,181.0,-0.369537353515625,10.0
no_log,42,1,2019,2012,2019,2020,2019,jazeera,170.63046264648438,181.0,-0.369537353515625,10.0
no_log,42,1,2019,2012,2019,2020,2019,流程,147.26483154296875,194.0,-21.73516845703125,25.0
no_log,42,1,2019,2012,2019,2020,2019,belt,164.8006591796875,236.0,-1.1993408203125,70.0
no_log,42,1,2019,2012,2019,2020,2019,in the middle east,171.42823791503906,181.0,6.4282379150390625,16.0
no_log,42,1,2019,2012,2019,2020,2019,政策,157.7388153076172,161.0,-7.2611846923828125,-4.0
no_log,42,1,2019,2012,2019,2020,2019,软实力,169.16358947753906,175.0,4.1635894775390625,10.0
no_log,42,1,2019,2012,2019,2020,2019,marketing,150.72877502441406,217.0,-13.271224975585938,53.0
no_log,42,1,2019,2012,2019,2020,2019,religious,159.50042724609375,153.0,-3.49957275390625,-10.0
no_log,42,1,2019,2012,2019,2020,2019,country,158.14041137695312,144.0,-3.859588623046875,-18.0
no_log,42,1,2019,2012,2019,2020,2019,islam,150.03073120117188,166.0,-11.969268798828125,4.0
no_log,42,1,2019,2012,2019,2020,2019,urban,147.15882873535156,187.0,-14.841171264648438,25.0
no_log,42,3,2019,2012,2019,2022,2019,旅游,137.21334838867188,4242.0,-2893.786651611328,1211.0
no_log,42,3,2019,2012,2019,2022,2019,tour,137.16531372070312,3857.0,-2755.834686279297,964.0
no_log,42,3,2019,2012,2019,2022,2019,文化,136.9918212890625,2521.0,-1567.0081787109375,817.0
no_log,42,3,2019,2012,2019,2022,2019,nation,136.7599334716797,2266.0,-1346.2400665283203,783.0
no_log,42,3,2019,2012,2019,2022,2019,遗产,136.69244384765625,1698.0,-1214.3075561523438,347.0
no_log,42,3,2019,2012,2019,2022,2019,阿拉伯,135.68426513671875,784.0,-694.3157348632812,-46.0
no_log,42,3,2019,2012,2019,2022,2019,发展,135.3668212890625,907.0,-620.6331787109375,151.0
no_log,42,3,2019,2012,2019,2022,2019,目的地,134.96905517578125,1036.0,-550.0309448242188,351.0
no_log,42,3,2019,2012,2019,2022,2019,world,134.9569549560547,627.0,-549.0430450439453,-57.0
no_log,42,3,2019,2012,2019,2022,2019,view,134.1693572998047,1100.0,-537.8306427001953,428.0
no_log,42,3,2019,2012,2019,2022,2019,rate,134.58021545410156,894.0,-501.41978454589844,258.0
no_log,42,3,2019,2012,2019,2022,2019,city,134.5677032470703,755.0,-500.4322967529297,120.0
no_log,42,3,2019,2012,2019,2022,2019,研究,133.54393005371094,901.0,-460.45606994628906,307.0
no_log,42,3,2019,2012,2019,2022,2019,艺术,131.59878540039062,992.0,-429.4012145996094,431.0
no_log,42,3,2019,2012,2019,2022,2019,site,133.78048706054688,670.0,-420.2195129394531,116.0
no_log,42,3,2019,2012,2019,2022,2019,image,133.50607299804688,783.0,-403.4939270019531,246.0
no_log,42,3,2019,2012,2019,2022,2019,社会,132.1602783203125,727.0,-390.8397216796875,204.0
no_log,42,3,2019,2012,2019,2022,2019,media,132.52194213867188,588.0,-385.4780578613281,70.0
no_log,42,3,2019,2012,2019,2022,2019,search,132.65760803222656,797.0,-384.34239196777344,280.0
no_log,42,3,2019,2012,2019,2022,2019,work,130.56973266601562,623.0,-363.4302673339844,129.0
no_log,42,3,2019,2012,2019,2022,2019,中国,130.64047241210938,600.0,-266.3595275878906,203.0
no_log,42,3,2019,2012,2019,2022,2019,国家,130.45143127441406,523.0,-262.54856872558594,130.0
no_log,42,3,2019,2012,2019,2022,2019,影响,128.36679077148438,563.0,-241.63320922851562,193.0
no_log,42,3,2019,2012,2019,2022,2019,挑战,129.56336975097656,597.0,-240.43663024902344,227.0
no_log,42,3,2019,2012,2019,2022,2019,text,128.5262451171875,565.0,-234.4737548828125,202.0
no_log,42,3,2019,2012,2019,2022,2019,challenges,128.7484893798828,553.0,-216.2515106201172,208.0
no_log,42,3,2019,2012,2019,2022,2019,east,129.92860412597656,419.0,-202.07139587402344,87.0
no_log,42,3,2019,2012,2019,2022,2019,gene,128.35110473632812,406.0,-199.64889526367188,78.0
no_log,42,3,2019,2012,2019,2022,2019,chinese,129.1582794189453,325.0,-197.8417205810547,-2.0
no_log,42,3,2019,2012,2019,2022,2019,land,127.84280395507812,380.0,-199.15719604492188,53.0
no_log,42,3,2019,2012,2019,2022,2019,社交媒体,128.1033477783203,452.0,-189.8966522216797,134.0
no_log,42,3,2019,2012,2019,2022,2019,应用,126.7234878540039,470.0,-190.2765121459961,153.0
no_log,42,3,2019,2012,2019,2022,2019,power,128.4168243408203,334.0,-181.5831756591797,24.0
no_log,42,3,2019,2012,2019,2022,2019,可持续,127.44310760498047,443.0,-182.55689239501953,133.0
no_log,42,3,2019,2012,2019,2022,2019,经济,125.39574432373047,467.0,-184.60425567626953,157.0
no_log,42,3,2019,2012,2019,2022,2019,road,127.77930450439453,555.0,-167.22069549560547,260.0
no_log,42,3,2019,2012,2019,2022,2019,经验,126.55728912353516,403.0,-168.44271087646484,108.0
no_log,42,3,2019,2012,2019,2022,2019,管理,124.58231353759766,413.0,-163.41768646240234,125.0
no_log,42,3,2019,2012,2019,2022,2019,全球,124.29122924804688,377.0,-161.70877075195312,91.0
no_log,42,3,2019,2012,2019,2022,2019,学习,124.66024017333984,564.0,-155.33975982666016,284.0
no_log,42,3,2019,2012,2019,2022,2019,change,125.72669219970703,386.0,-152.27330780029297,108.0
no_log,42,3,2019,2012,2019,2022,2019,视角,124.8326644897461,504.0,-150.1673355102539,229.0
no_log,42,3,2019,2012,2019,2022,2019,遗产旅行,127.62358856201172,324.0,-144.37641143798828,52.0
no_log,42,3,2019,2012,2019,2022,2019,地方,124.79988861083984,271.0,-137.20011138916016,9.0
no_log,42,3,2019,2012,2019,2022,2019,soft,126.41683197021484,268.0,-133.58316802978516,8.0
no_log,42,3,2019,2012,2019,2022,2019,action,123.17375946044922,281.0,-133.82624053955078,24.0
no_log,42,3,2019,2012,2019,2022,2019,real,124.39498901367188,378.0,-127.60501098632812,126.0
no_log,42,3,2019,2012,2019,2022,2019,state,122.94908905029297,261.0,-129.05091094970703,9.0
no_log,42,3,2019,2012,2019,2022,2019,diplomacy,124.51265716552734,422.0,-125.48734283447266,172.0
no_log,42,3,2019,2012,2019,2022,2019,mental,121.04913330078125,323.0,-126.95086669921875,75.0
no_log,42,3,2019,2012,2019,2022,2019,丝绸之路,125.84259796142578,543.0,-121.15740203857422,296.0
no_log,42,3,2019,2012,2019,2022,2019,post,124.86981964111328,461.0,-120.13018035888672,216.0
no_log,42,3,2019,2012,2019,2022,2019,formation,122.09225463867188,430.0,-121.90774536132812,186.0
no_log,42,3,2019,2012,2019,2022,2019,游客,125.22454071044922,347.0,-118.77545928955078,103.0
no_log,42,3,2019,2012,2019,2022,2019,branding,125.8635025024414,366.0,-114.1364974975586,126.0
no_log,42,3,2019,2012,2019,2022,2019,relations,123.22113037109375,183.0,-116.77886962890625,-57.0
no_log,42,3,2019,2012,2019,2022,2019,place,124.3553466796875,252.0,-113.6446533203125,14.0
no_log,42,3,2019,2012,2019,2022,2019,role,120.2945785522461,445.0,-116.7054214477539,208.0
no_log,42,3,2019,2012,2019,2022,2019,conflict,123.3775634765625,245.0,-112.6224365234375,9.0
no_log,42,3,2019,2012,2019,2022,2019,案例研究,118.96556854248047,228.0,-117.03443145751953,-8.0
no_log,42,3,2019,2012,2019,2022,2019,原真性,123.72724151611328,418.0,-104.27275848388672,190.0
no_log,42,3,2019,2012,2019,2022,2019,time,123.19950866699219,443.0,-103.80049133300781,216.0
no_log,42,3,2019,2012,2019,2022,2019,product,118.03585815429688,226.0,-106.96414184570312,1.0
no_log,42,3,2019,2012,2019,2022,2019,africa,121.19388580322266,242.0,-97.80611419677734,23.0
no_log,42,3,2019,2012,2019,2022,2019,sites,123.93495178222656,289.0,-94.06504821777344,71.0
no_log,42,3,2019,2012,2019,2022,2019,language,118.29013061523438,215.0,-92.70986938476562,4.0
no_log,42,3,2019,2012,2019,2022,2019,brand,123.26912689208984,328.0,-84.73087310791016,120.0
no_log,42,3,2019,2012,2019,2022,2019,silk,122.93472290039062,466.0,-81.06527709960938,262.0
no_log,42,3,2019,2012,2019,2022,2019,plan,118.40982055664062,244.0,-83.59017944335938,42.0
no_log,42,3,2019,2012,2019,2022,2019,可持续发展,118.75572967529297,279.0,-79.24427032470703,81.0
no_log,42,3,2019,2012,2019,2022,2019,the middle east,123.31285095214844,236.0,-72.68714904785156,40.0
no_log,42,3,2019,2012,2019,2022,2019,carrying,122.21827697753906,93.0,-72.78172302246094,-102.0
no_log,42,3,2019,2012,2019,2022,2019,效果,118.06031799316406,328.0,-76.93968200683594,133.0
no_log,42,3,2019,2012,2019,2022,2019,分析,116.77482604980469,212.0,-75.22517395019531,20.0
no_log,42,3,2019,2012,2019,2022,2019,reality,121.06614685058594,256.0,-69.93385314941406,65.0
no_log,42,3,2019,2012,2019,2022,2019,content,122.0615463256836,255.0,-67.9384536743164,65.0
no_log,42,3,2019,2012,2019,2022,2019,middle east,122.70217895507812,197.0,-66.29782104492188,8.0
no_log,42,3,2019,2012,2019,2022,2019,服务,117.65983581542969,153.0,-70.34016418457031,-35.0
no_log,42,3,2019,2012,2019,2022,2019,source,118.70386505126953,163.0,-68.29613494873047,-24.0
no_log,42,3,2019,2012,2019,2022,2019,carrying capacity,121.57406616210938,84.0,-64.42593383789062,-102.0
no_log,42,3,2019,2012,2019,2022,2019,数字,115.7490463256836,626.0,-69.2509536743164,441.0
no_log,42,3,2019,2012,2019,2022,2019,in the middle,122.0145492553711,174.0,-59.985450744628906,-8.0
no_log,42,3,2019,2012,2019,2022,2019,系统综述,117.49813079833984,229.0,-64.50186920166016,47.0
no_log,42,3,2019,2012,2019,2022,2019,实践,116.17782592773438,230.0,-61.822174072265625,52.0
no_log,42,3,2019,2012,2019,2022,2019,graph,114.14615631103516,223.0,-61.853843688964844,47.0
no_log,42,3,2019,2012,2019,2022,2019,outbound,119.90008544921875,108.0,-56.09991455078125,-68.0
no_log,42,3,2019,2012,2019,2022,2019,语境,116.67369079589844,258.0,-58.32630920410156,83.0
no_log,42,3,2019,2012,2019,2022,2019,框架,114.14022064208984,263.0,-57.859779357910156,91.0
no_log,42,3,2019,2012,2019,2022,2019,al jazeera,119.44416046142578,138.0,-51.55583953857422,-33.0
no_log,42,3,2019,2012,2019,2022,2019,jazeera,119.44416046142578,138.0,-51.55583953857422,-33.0
no_log,42,3,2019,2012,2019,2022,2019,流程,114.53330993652344,221.0,-54.46669006347656,52.0
no_log,42,3,2019,2012,2019,2022,2019,belt,117.87908935546875,328.0,-48.12091064453125,162.0
no_log,42,3,2019,2012,2019,2022,2019,in the middle east,120.35847473144531,190.0,-44.64152526855469,25.0
no_log,42,3,2019,2012,2019,2022,2019,政策,117.24549102783203,255.0,-47.75450897216797,90.0
no_log,42,3,2019,2012,2019,2022,2019,软实力,119.61164093017578,177.0,-45.38835906982422,12.0
no_log,42,3,2019,2012,2019,2022,2019,marketing,115.58753967285156,345.0,-48.41246032714844,181.0
no_log,42,3,2019,2012,2019,2022,2019,religious,117.17398834228516,227.0,-45.826011657714844,64.0
no_log,42,3,2019,2012,2019,2022,2019,country,117.22061157226562,254.0,-44.779388427734375,92.0
no_log,42,3,2019,2012,2019,2022,2019,islam,114.91400909423828,119.0,-47.08599090576172,-43.0
no_log,42,3,2019,2012,2019,2022,2019,urban,114.84264373779297,252.0,-47.15735626220703,90.0
no_log,42,5,2019,2012,2019,2024,2019,旅游,119.51104736328125,5508.0,-2911.4889526367188,2477.0
no_log,42,5,2019,2012,2019,2024,2019,tour,119.49471282958984,4819.0,-2773.50528717041,1926.0
no_log,42,5,2019,2012,2019,2024,2019,文化,119.33797454833984,3099.0,-1584.6620254516602,1395.0
no_log,42,5,2019,2012,2019,2024,2019,nation,119.1750717163086,2652.0,-1363.8249282836914,1169.0
no_log,42,5,2019,2012,2019,2024,2019,遗产,119.14631652832031,1984.0,-1231.8536834716797,633.0
no_log,42,5,2019,2012,2019,2024,2019,阿拉伯,118.5664291381836,1033.0,-711.4335708618164,203.0
no_log,42,5,2019,2012,2019,2024,2019,发展,118.38529968261719,1136.0,-637.6147003173828,380.0
no_log,42,5,2019,2012,2019,2024,2019,目的地,118.1302261352539,1258.0,-566.8697738647461,573.0
no_log,42,5,2019,2012,2019,2024,2019,world,118.13310241699219,645.0,-565.8668975830078,-39.0
no_log,42,5,2019,2012,2019,2024,2019,view,117.70880126953125,1119.0,-554.2911987304688,447.0
no_log,42,5,2019,2012,2019,2024,2019,rate,117.9366683959961,1324.0,-518.0633316040039,688.0
no_log,42,5,2019,2012,2019,2024,2019,city,117.92991638183594,938.0,-517.0700836181641,303.0
no_log,42,5,2019,2012,2019,2024,2019,研究,117.35912322998047,1258.0,-476.64087677001953,664.0
no_log,42,5,2019,2012,2019,2024,2019,艺术,116.25970458984375,1274.0,-444.74029541015625,713.0
no_log,42,5,2019,2012,2019,2024,2019,site,117.47100830078125,537.0,-436.52899169921875,-17.0
no_log,42,5,2019,2012,2019,2024,2019,image,117.33164978027344,952.0,-419.66835021972656,415.0
no_log,42,5,2019,2012,2019,2024,2019,社会,116.5634536743164,939.0,-406.4365463256836,416.0
no_log,42,5,2019,2012,2019,2024,2019,media,116.77070617675781,821.0,-401.2292938232422,303.0
no_log,42,5,2019,2012,2019,2024,2019,search,116.86193084716797,976.0,-400.13806915283203,459.0
no_log,42,5,2019,2012,2019,2024,2019,work,115.67647552490234,684.0,-378.32352447509766,190.0
no_log,42,5,2019,2012,2019,2024,2019,中国,115.75404357910156,774.0,-281.24595642089844,377.0
no_log,42,5,2019,2012,2019,2024,2019,国家,115.6485366821289,564.0,-277.3514633178711,171.0
no_log,42,5,2019,2012,2019,2024,2019,影响,114.51166534423828,699.0,-255.48833465576172,329.0
no_log,42,5,2019,2012,2019,2024,2019,挑战,115.16492462158203,666.0,-254.83507537841797,296.0
no_log,42,5,2019,2012,2019,2024,2019,text,114.60086822509766,804.0,-248.39913177490234,441.0
no_log,42,5,2019,2012,2019,2024,2019,challenges,114.73168182373047,633.0,-230.26831817626953,288.0
no_log,42,5,2019,2012,2019,2024,2019,east,115.40684509277344,343.0,-216.59315490722656,11.0
no_log,42,5,2019,2012,2019,2024,2019,gene,114.52935028076172,796.0,-213.47064971923828,468.0
no_log,42,5,2019,2012,2019,2024,2019,chinese,114.98505401611328,424.0,-212.01494598388672,97.0
no_log,42,5,2019,2012,2019,2024,2019,land,114.24784851074219,340.0,-212.7521514892578,13.0
no_log,42,5,2019,2012,2019,2024,2019,社交媒体,114.39830780029297,677.0,-203.60169219970703,359.0
no_log,42,5,2019,2012,2019,2024,2019,应用,113.64447784423828,495.0,-203.35552215576172,178.0
no_log,42,5,2019,2012,2019,2024,2019,power,114.57825469970703,386.0,-195.42174530029297,76.0
no_log,42,5,2019,2012,2019,2024,2019,可持续,114.05084991455078,589.0,-195.94915008544922,279.0
no_log,42,5,2019,2012,2019,2024,2019,经济,112.9391098022461,564.0,-197.0608901977539,254.0
no_log,42,5,2019,2012,2019,2024,2019,road,114.24776458740234,490.0,-180.75223541259766,195.0
no_log,42,5,2019,2012,2019,2024,2019,经验,113.5818862915039,473.0,-181.4181137084961,178.0
no_log,42,5,2019,2012,2019,2024,2019,管理,112.54613494873047,480.0,-175.45386505126953,192.0
no_log,42,5,2019,2012,2019,2024,2019,全球,112.36415100097656,358.0,-173.63584899902344,72.0
no_log,42,5,2019,2012,2019,2024,2019,学习,112.6215591430664,568.0,-167.3784408569336,288.0
no_log,42,5,2019,2012,2019,2024,2019,change,113.15180969238281,426.0,-164.8481903076172,148.0
no_log,42,5,2019,2012,2019,2024,2019,视角,112.68295288085938,668.0,-162.31704711914062,393.0
no_log,42,5,2019,2012,2019,2024,2019,遗产旅行,114.20883178710938,378.0,-157.79116821289062,106.0
no_log,42,5,2019,2012,2019,2024,2019,地方,112.68914031982422,273.0,-149.31085968017578,11.0
no_log,42,5,2019,2012,2019,2024,2019,soft,113.56170654296875,276.0,-146.43829345703125,16.0
no_log,42,5,2019,2012,2019,2024,2019,action,111.8757553100586,350.0,-145.1242446899414,93.0
no_log,42,5,2019,2012,2019,2024,2019,real,112.47936248779297,541.0,-139.52063751220703,289.0
no_log,42,5,2019,2012,2019,2024,2019,state,111.74573516845703,305.0,-140.25426483154297,53.0
no_log,42,5,2019,2012,2019,2024,2019,diplomacy,112.55753326416016,494.0,-137.44246673583984,244.0
no_log,42,5,2019,2012,2019,2024,2019,mental,110.72901916503906,264.0,-137.27098083496094,16.0
no_log,42,5,2019,2012,2019,2024,2019,丝绸之路,113.26617431640625,522.0,-133.73382568359375,275.0
no_log,42,5,2019,2012,2019,2024,2019,post,112.74806213378906,546.0,-132.25193786621094,301.0
no_log,42,5,2019,2012,2019,2024,2019,formation,111.2813491821289,506.0,-132.7186508178711,262.0
no_log,42,5,2019,2012,2019,2024,2019,游客,112.94867706298828,376.0,-131.05132293701172,132.0
no_log,42,5,2019,2012,2019,2024,2019,branding,113.30311584472656,314.0,-126.69688415527344,74.0
no_log,42,5,2019,2012,2019,2024,2019,relations,111.87564849853516,179.0,-128.12435150146484,-61.0
no_log,42,5,2019,2012,2019,2024,2019,place,112.5321273803711,221.0,-125.4678726196289,-17.0
no_log,42,5,2019,2012,2019,2024,2019,role,110.33626556396484,649.0,-126.66373443603516,412.0
no_log,42,5,2019,2012,2019,2024,2019,conflict,111.97306823730469,174.0,-124.02693176269531,-62.0
no_log,42,5,2019,2012,2019,2024,2019,案例研究,109.65420532226562,316.0,-126.34579467773438,80.0
no_log,42,5,2019,2012,2019,2024,2019,原真性,112.18031311035156,445.0,-115.81968688964844,217.0
no_log,42,5,2019,2012,2019,2024,2019,time,111.90335083007812,391.0,-115.09664916992188,164.0
no_log,42,5,2019,2012,2019,2024,2019,product,109.21475219726562,334.0,-115.78524780273438,109.0
no_log,42,5,2019,2012,2019,2024,2019,africa,110.86339569091797,242.0,-108.13660430908203,23.0
no_log,42,5,2019,2012,2019,2024,2019,sites,112.31608581542969,210.0,-105.68391418457031,-8.0
no_log,42,5,2019,2012,2019,2024,2019,language,109.42133331298828,369.0,-101.57866668701172,158.0
no_log,42,5,2019,2012,2019,2024,2019,brand,112.01079559326172,297.0,-95.98920440673828,89.0
no_log,42,5,2019,2012,2019,2024,2019,silk,111.82337188720703,429.0,-92.17662811279297,225.0
no_log,42,5,2019,2012,2019,2024,2019,plan,109.50703430175781,254.0,-92.49296569824219,52.0
no_log,42,5,2019,2012,2019,2024,2019,可持续发展,109.64808654785156,371.0,-88.35191345214844,173.0
no_log,42,5,2019,2012,2019,2024,2019,the middle east,112.07235717773438,129.0,-83.92764282226562,-67.0
no_log,42,5,2019,2012,2019,2024,2019,carrying,111.50270080566406,81.0,-83.49729919433594,-114.0
no_log,42,5,2019,2012,2019,2024,2019,效果,109.28810119628906,339.0,-85.71189880371094,144.0
no_log,42,5,2019,2012,2019,2024,2019,分析,108.64083099365234,253.0,-83.35916900634766,61.0
no_log,42,5,2019,2012,2019,2024,2019,reality,110.876953125,383.0,-80.123046875,192.0
no_log,42,5,2019,2012,2019,2024,2019,content,111.41220092773438,369.0,-78.58779907226562,179.0
no_log,42,5,2019,2012,2019,2024,2019,middle east,111.76957702636719,79.0,-77.23042297363281,-110.0
no_log,42,5,2019,2012,2019,2024,2019,服务,109.10428619384766,317.0,-78.89571380615234,129.0
no_log,42,5,2019,2012,2019,2024,2019,source,109.65238189697266,163.0,-77.34761810302734,-24.0
no_log,42,5,2019,2012,2019,2024,2019,carrying capacity,111.19339752197266,81.0,-74.80660247802734,-105.0
no_log,42,5,2019,2012,2019,2024,2019,数字,108.126220703125,985.0,-76.873779296875,800.0
no_log,42,5,2019,2012,2019,2024,2019,in the middle,111.42618560791016,90.0,-70.57381439208984,-92.0
no_log,42,5,2019,2012,2019,2024,2019,系统综述,109.0443115234375,195.0,-72.9556884765625,13.0
no_log,42,5,2019,2012,2019,2024,2019,实践,108.37361907958984,227.0,-69.62638092041016,49.0
no_log,42,5,2019,2012,2019,2024,2019,graph,107.35726928710938,396.0,-68.64273071289062,220.0
no_log,42,5,2019,2012,2019,2024,2019,outbound,110.41033172607422,54.0,-65.58966827392578,-122.0
no_log,42,5,2019,2012,2019,2024,2019,语境,108.64402770996094,281.0,-66.35597229003906,106.0
no_log,42,5,2019,2012,2019,2024,2019,框架,107.38326263427734,335.0,-64.61673736572266,163.0
no_log,42,5,2019,2012,2019,2024,2019,al jazeera,110.11312866210938,48.0,-60.886871337890625,-123.0
no_log,42,5,2019,2012,2019,2024,2019,jazeera,110.11312866210938,65.0,-60.886871337890625,-106.0
no_log,42,5,2019,2012,2019,2024,2019,流程,107.56147003173828,180.0,-61.43852996826172,11.0
no_log,42,5,2019,2012,2019,2024,2019,belt,109.31539154052734,269.0,-56.684608459472656,103.0
no_log,42,5,2019,2012,2019,2024,2019,in the middle east,110.6276626586914,97.0,-54.372337341308594,-68.0
no_log,42,5,2019,2012,2019,2024,2019,政策,108.98905944824219,254.0,-56.01094055175781,89.0
no_log,42,5,2019,2012,2019,2024,2019,软实力,110.21601867675781,175.0,-54.78398132324219,10.0
no_log,42,5,2019,2012,2019,2024,2019,marketing,108.14177703857422,544.0,-55.85822296142578,380.0
no_log,42,5,2019,2012,2019,2024,2019,religious,108.96083068847656,247.0,-54.03916931152344,84.0
no_log,42,5,2019,2012,2019,2024,2019,country,108.98723602294922,255.0,-53.01276397705078,93.0
no_log,42,5,2019,2012,2019,2024,2019,islam,107.78636932373047,102.0,-54.21363067626953,-60.0
no_log,42,5,2019,2012,2019,2024,2019,urban,107.7892074584961,255.0,-54.210792541503906,93.0
no_log,123,1,2019,2012,2019,2020,2019,旅游,275.7597961425781,3486.0,-2755.240203857422,455.0
no_log,123,1,2019,2012,2019,2020,2019,tour,276.3939514160156,3300.0,-2616.6060485839844,407.0
no_log,123,1,2019,2012,2019,2020,2019,文化,276.245849609375,2014.0,-1427.754150390625,310.0
no_log,123,1,2019,2012,2019,2020,2019,nation,275.264404296875,1766.0,-1207.735595703125,283.0
no_log,123,1,2019,2012,2019,2020,2019,遗产,275.3052673339844,1587.0,-1075.6947326660156,236.0
no_log,123,1,2019,2012,2019,2020,2019,阿拉伯,267.68408203125,881.0,-562.31591796875,51.0
no_log,123,1,2019,2012,2019,2020,2019,发展,267.7550964355469,899.0,-488.2449035644531,143.0
no_log,123,1,2019,2012,2019,2020,2019,目的地,267.73089599609375,794.0,-417.26910400390625,109.0
no_log,123,1,2019,2012,2019,2020,2019,world,267.03607177734375,786.0,-416.96392822265625,102.0
no_log,123,1,2019,2012,2019,2020,2019,view,248.56541442871094,905.0,-423.43458557128906,233.0
no_log,123,1,2019,2012,2019,2020,2019,rate,261.80914306640625,683.0,-374.19085693359375,47.0
no_log,123,1,2019,2012,2019,2020,2019,city,259.93377685546875,681.0,-375.06622314453125,46.0
no_log,123,1,2019,2012,2019,2020,2019,研究,252.6479949951172,734.0,-341.3520050048828,140.0
no_log,123,1,2019,2012,2019,2020,2019,艺术,232.3648223876953,646.0,-328.6351776123047,85.0
no_log,123,1,2019,2012,2019,2020,2019,site,260.6068420410156,657.0,-293.3931579589844,103.0
no_log,123,1,2019,2012,2019,2020,2019,image,253.2493896484375,662.0,-283.7506103515625,125.0
no_log,123,1,2019,2012,2019,2020,2019,社会,224.87164306640625,616.0,-298.12835693359375,93.0
no_log,123,1,2019,2012,2019,2020,2019,media,234.7433624267578,576.0,-283.2566375732422,58.0
no_log,123,1,2019,2012,2019,2020,2019,search,249.2713165283203,632.0,-267.7286834716797,115.0
no_log,123,1,2019,2012,2019,2020,2019,work,209.87185668945312,529.0,-284.1281433105469,35.0
no_log,123,1,2019,2012,2019,2020,2019,中国,237.73471069335938,537.0,-159.26528930664062,140.0
no_log,123,1,2019,2012,2019,2020,2019,国家,231.6627655029297,492.0,-161.3372344970703,99.0
no_log,123,1,2019,2012,2019,2020,2019,影响,219.51953125,466.0,-150.48046875,96.0
no_log,123,1,2019,2012,2019,2020,2019,挑战,222.41195678710938,476.0,-147.58804321289062,106.0
no_log,123,1,2019,2012,2019,2020,2019,text,221.19667053222656,415.0,-141.80332946777344,52.0
no_log,123,1,2019,2012,2019,2020,2019,challenges,219.94094848632812,451.0,-125.05905151367188,106.0
no_log,123,1,2019,2012,2019,2020,2019,east,229.96823120117188,405.0,-102.03176879882812,73.0
no_log,123,1,2019,2012,2019,2020,2019,gene,210.41978454589844,329.0,-117.58021545410156,1.0
no_log,123,1,2019,2012,2019,2020,2019,chinese,222.0074462890625,359.0,-104.9925537109375,32.0
no_log,123,1,2019,2012,2019,2020,2019,land,204.56227111816406,380.0,-122.43772888183594,53.0
no_log,123,1,2019,2012,2019,2020,2019,社交媒体,216.2661590576172,379.0,-101.73384094238281,61.0
no_log,123,1,2019,2012,2019,2020,2019,应用,202.78170776367188,336.0,-114.21829223632812,19.0
no_log,123,1,2019,2012,2019,2020,2019,power,226.30084228515625,328.0,-83.69915771484375,18.0
no_log,123,1,2019,2012,2019,2020,2019,可持续,203.48768615722656,389.0,-106.51231384277344,79.0
no_log,123,1,2019,2012,2019,2020,2019,经济,199.28335571289062,346.0,-110.71664428710938,36.0
no_log,123,1,2019,2012,2019,2020,2019,road,230.18316650390625,434.0,-64.81683349609375,139.0
no_log,123,1,2019,2012,2019,2020,2019,经验,197.9359893798828,321.0,-97.06401062011719,26.0
no_log,123,1,2019,2012,2019,2020,2019,管理,198.33094787597656,317.0,-89.66905212402344,29.0
no_log,123,1,2019,2012,2019,2020,2019,全球,179.22021484375,357.0,-106.77978515625,71.0
no_log,123,1,2019,2012,2019,2020,2019,学习,202.91123962402344,368.0,-77.08876037597656,88.0
no_log,123,1,2019,2012,2019,2020,2019,change,198.63243103027344,327.0,-79.36756896972656,49.0
no_log,123,1,2019,2012,2019,2020,2019,视角,201.48765563964844,368.0,-73.51234436035156,93.0
no_log,123,1,2019,2012,2019,2020,2019,遗产旅行,221.95089721679688,285.0,-50.049102783203125,13.0
no_log,123,1,2019,2012,2019,2020,2019,地方,204.57542419433594,319.0,-57.42457580566406,57.0
no_log,123,1,2019,2012,2019,2020,2019,soft,211.15408325195312,313.0,-48.845916748046875,53.0
no_log,123,1,2019,2012,2019,2020,2019,action,169.3316650390625,263.0,-87.6683349609375,6.0
no_log,123,1,2019,2012,2019,2020,2019,real,196.57489013671875,322.0,-55.42510986328125,70.0
no_log,123,1,2019,2012,2019,2020,2019,state,170.70249938964844,277.0,-81.29750061035156,25.0
no_log,123,1,2019,2012,2019,2020,2019,diplomacy,211.68118286132812,333.0,-38.318817138671875,83.0
no_log,123,1,2019,2012,2019,2020,2019,mental,176.4188232421875,344.0,-71.5811767578125,96.0
no_log,123,1,2019,2012,2019,2020,2019,丝绸之路,221.26791381835938,434.0,-25.732086181640625,187.0
no_log,123,1,2019,2012,2019,2020,2019,post,196.5168914794922,341.0,-48.48310852050781,96.0
no_log,123,1,2019,2012,2019,2020,2019,formation,185.11013793945312,316.0,-58.889862060546875,72.0
no_log,123,1,2019,2012,2019,2020,2019,游客,201.13040161132812,304.0,-42.869598388671875,60.0
no_log,123,1,2019,2012,2019,2020,2019,branding,212.36557006835938,239.0,-27.634429931640625,-1.0
no_log,123,1,2019,2012,2019,2020,2019,relations,187.24403381347656,247.0,-52.75596618652344,7.0
no_log,123,1,2019,2012,2019,2020,2019,place,186.68319702148438,285.0,-51.316802978515625,47.0
no_log,123,1,2019,2012,2019,2020,2019,role,166.24818420410156,315.0,-70.75181579589844,78.0
no_log,123,1,2019,2012,2019,2020,2019,conflict,195.72715759277344,255.0,-40.27284240722656,19.0
no_log,123,1,2019,2012,2019,2020,2019,案例研究,149.23046875,237.0,-86.76953125,1.0
no_log,123,1,2019,2012,2019,2020,2019,原真性,200.3142852783203,264.0,-27.685714721679688,36.0
no_log,123,1,2019,2012,2019,2020,2019,time,205.48126220703125,382.0,-21.51873779296875,155.0
no_log,123,1,2019,2012,2019,2020,2019,product,144.144287109375,212.0,-80.855712890625,-13.0
no_log,123,1,2019,2012,2019,2020,2019,africa,167.82081604003906,227.0,-51.17918395996094,8.0
no_log,123,1,2019,2012,2019,2020,2019,sites,211.21255493164062,246.0,-6.787445068359375,28.0
no_log,123,1,2019,2012,2019,2020,2019,language,146.59693908691406,220.0,-64.40306091308594,9.0
no_log,123,1,2019,2012,2019,2020,2019,brand,191.0064239501953,233.0,-16.993576049804688,25.0
no_log,123,1,2019,2012,2019,2020,2019,silk,205.2144775390625,373.0,1.2144775390625,169.0
no_log,123,1,2019,2012,2019,2020,2019,plan,148.95118713378906,213.0,-53.04881286621094,11.0
no_log,123,1,2019,2012,2019,2020,2019,可持续发展,156.3756103515625,212.0,-41.6243896484375,14.0
no_log,123,1,2019,2012,2019,2020,2019,the middle east,200.4830322265625,221.0,4.4830322265625,25.0
no_log,123,1,2019,2012,2019,2020,2019,carrying,184.44760131835938,211.0,-10.552398681640625,16.0
no_log,123,1,2019,2012,2019,2020,2019,效果,164.28396606445312,271.0,-30.716033935546875,76.0
no_log,123,1,2019,2012,2019,2020,2019,分析,148.04881286621094,212.0,-43.95118713378906,20.0
no_log,123,1,2019,2012,2019,2020,2019,reality,185.75244140625,209.0,-5.24755859375,18.0
no_log,123,1,2019,2012,2019,2020,2019,content,190.05479431152344,210.0,0.0547943115234375,20.0
no_log,123,1,2019,2012,2019,2020,2019,middle east,198.759033203125,203.0,9.759033203125,14.0
no_log,123,1,2019,2012,2019,2020,2019,服务,163.05055236816406,179.0,-24.949447631835938,-9.0
no_log,123,1,2019,2012,2019,2020,2019,source,162.5435791015625,213.0,-24.4564208984375,26.0
no_log,123,1,2019,2012,2019,2020,2019,carrying capacity,182.57643127441406,202.0,-3.4235687255859375,16.0
no_log,123,1,2019,2012,2019,2020,2019,数字,150.75787353515625,322.0,-34.24212646484375,137.0
no_log,123,1,2019,2012,2019,2020,2019,in the middle,196.03329467773438,190.0,14.033294677734375,8.0
no_log,123,1,2019,2012,2019,2020,2019,系统综述,158.0183868408203,222.0,-23.981613159179688,40.0
no_log,123,1,2019,2012,2019,2020,2019,实践,154.37673950195312,169.0,-23.623260498046875,-9.0
no_log,123,1,2019,2012,2019,2020,2019,graph,136.23907470703125,179.0,-39.76092529296875,3.0
no_log,123,1,2019,2012,2019,2020,2019,outbound,162.03311157226562,176.0,-13.966888427734375,0.0
no_log,123,1,2019,2012,2019,2020,2019,语境,156.53457641601562,209.0,-18.465423583984375,34.0
no_log,123,1,2019,2012,2019,2020,2019,框架,132.78831481933594,221.0,-39.21168518066406,49.0
no_log,123,1,2019,2012,2019,2020,2019,al jazeera,184.64781188964844,181.0,13.647811889648438,10.0
no_log,123,1,2019,2012,2019,2020,2019,jazeera,184.64781188964844,181.0,13.647811889648438,10.0
no_log,123,1,2019,2012,2019,2020,2019,流程,145.99998474121094,194.0,-23.000015258789062,25.0
no_log,123,1,2019,2012,2019,2020,2019,belt,174.92320251464844,236.0,8.923202514648438,70.0
no_log,123,1,2019,2012,2019,2020,2019,in the middle east,188.3296661376953,181.0,23.329666137695312,16.0
no_log,123,1,2019,2012,2019,2020,2019,政策,155.81588745117188,161.0,-9.184112548828125,-4.0
no_log,123,1,2019,2012,2019,2020,2019,软实力,182.6040496826172,175.0,17.604049682617188,10.0
no_log,123,1,2019,2012,2019,2020,2019,marketing,146.30471801757812,217.0,-17.695281982421875,53.0
no_log,123,1,2019,2012,2019,2020,2019,religious,167.05007934570312,153.0,4.050079345703125,-10.0
no_log,123,1,2019,2012,2019,2020,2019,country,160.31724548339844,144.0,-1.6827545166015625,-18.0
no_log,123,1,2019,2012,2019,2020,2019,islam,150.80799865722656,166.0,-11.192001342773438,4.0
no_log,123,1,2019,2012,2019,2020,2019,urban,139.25013732910156,187.0,-22.749862670898438,25.0
no_log,123,3,2019,2012,2019,2022,2019,旅游,142.6651153564453,4242.0,-2888.3348846435547,1211.0
no_log,123,3,2019,2012,2019,2022,2019,tour,142.6710968017578,3857.0,-2750.328903198242,964.0
no_log,123,3,2019,2012,2019,2022,2019,文化,142.60504150390625,2521.0,-1561.3949584960938,817.0
no_log,123,3,2019,2012,2019,2022,2019,nation,142.56729125976562,2266.0,-1340.4327087402344,783.0
no_log,123,3,2019,2012,2019,2022,2019,遗产,142.50827026367188,1698.0,-1208.4917297363281,347.0
no_log,123,3,2019,2012,2019,2022,2019,阿拉伯,141.4892120361328,784.0,-688.5107879638672,-46.0
no_log,123,3,2019,2012,2019,2022,2019,发展,141.50460815429688,907.0,-614.4953918457031,151.0
no_log,123,3,2019,2012,2019,2022,2019,目的地,141.4077606201172,1036.0,-543.5922393798828,351.0
no_log,123,3,2019,2012,2019,2022,2019,world,141.31687927246094,627.0,-542.6831207275391,-57.0
no_log,123,3,2019,2012,2019,2022,2019,view,140.10842895507812,1100.0,-531.8915710449219,428.0
no_log,123,3,2019,2012,2019,2022,2019,rate,140.75563049316406,894.0,-495.24436950683594,258.0
no_log,123,3,2019,2012,2019,2022,2019,city,140.5345458984375,755.0,-494.4654541015625,120.0
no_log,123,3,2019,2012,2019,2022,2019,研究,140.09197998046875,901.0,-453.90802001953125,307.0
no_log,123,3,2019,2012,2019,2022,2019,艺术,138.45140075683594,992.0,-422.54859924316406,431.0
no_log,123,3,2019,2012,2019,2022,2019,site,140.45867919921875,670.0,-413.54132080078125,116.0
no_log,123,3,2019,2012,2019,2022,2019,image,139.72711181640625,783.0,-397.27288818359375,246.0
no_log,123,3,2019,2012,2019,2022,2019,社会,137.17880249023438,727.0,-385.8211975097656,204.0
no_log,123,3,2019,2012,2019,2022,2019,media,138.1199951171875,588.0,-379.8800048828125,70.0
no_log,123,3,2019,2012,2019,2022,2019,search,139.447509765625,797.0,-377.552490234375,280.0
no_log,123,3,2019,2012,2019,2022,2019,work,135.31289672851562,623.0,-358.6871032714844,129.0
no_log,123,3,2019,2012,2019,2022,2019,中国,137.57916259765625,600.0,-259.42083740234375,203.0
no_log,123,3,2019,2012,2019,2022,2019,国家,136.90631103515625,523.0,-256.09368896484375,130.0
no_log,123,3,2019,2012,2019,2022,2019,影响,135.5093231201172,563.0,-234.4906768798828,193.0
no_log,123,3,2019,2012,2019,2022,2019,挑战,135.69412231445312,597.0,-234.30587768554688,227.0
no_log,123,3,2019,2012,2019,2022,2019,text,135.5883026123047,565.0,-227.4116973876953,202.0
no_log,123,3,2019,2012,2019,2022,2019,challenges,135.19277954101562,553.0,-209.80722045898438,208.0
no_log,123,3,2019,2012,2019,2022,2019,east,136.0029754638672,419.0,-195.9970245361328,87.0
no_log,123,3,2019,2012,2019,2022,2019,gene,133.70547485351562,406.0,-194.29452514648438,78.0
no_log,123,3,2019,2012,2019,2022,2019,chinese,135.046875,325.0,-191.953125,-2.0
no_log,123,3,2019,2012,2019,2022,2019,land,132.94813537597656,380.0,-194.05186462402344,53.0
no_log,123,3,2019,2012,2019,2022,2019,社交媒体,134.43569946289062,452.0,-183.56430053710938,134.0
no_log,123,3,2019,2012,2019,2022,2019,应用,132.7336883544922,470.0,-184.2663116455078,153.0
no_log,123,3,2019,2012,2019,2022,2019,power,135.5272216796875,334.0,-174.4727783203125,24.0
no_log,123,3,2019,2012,2019,2022,2019,可持续,132.58551025390625,443.0,-177.41448974609375,133.0
no_log,123,3,2019,2012,2019,2022,2019,经济,132.3170623779297,467.0,-177.6829376220703,157.0
no_log,123,3,2019,2012,2019,2022,2019,road,135.90887451171875,555.0,-159.09112548828125,260.0
no_log,123,3,2019,2012,2019,2022,2019,经验,131.6554412841797,403.0,-163.3445587158203,108.0
no_log,123,3,2019,2012,2019,2022,2019,管理,131.94737243652344,413.0,-156.05262756347656,125.0
no_log,123,3,2019,2012,2019,2022,2019,全球,128.66448974609375,377.0,-157.33551025390625,91.0
no_log,123,3,2019,2012,2019,2022,2019,学习,132.3975830078125,564.0,-147.6024169921875,284.0
no_log,123,3,2019,2012,2019,2022,2019,change,131.64459228515625,386.0,-146.35540771484375,108.0
no_log,123,3,2019,2012,2019,2022,2019,视角,132.1433868408203,504.0,-142.8566131591797,229.0
no_log,123,3,2019,2012,2019,2022,2019,遗产旅行,134.54083251953125,324.0,-137.45916748046875,52.0
no_log,123,3,2019,2012,2019,2022,2019,地方,132.3690643310547,271.0,-129.6309356689453,9.0
no_log,123,3,2019,2012,2019,2022,2019,soft,133.04234313964844,268.0,-126.95765686035156,8.0
no_log,123,3,2019,2012,2019,2022,2019,action,126.45647430419922,281.0,-130.54352569580078,24.0
no_log,123,3,2019,2012,2019,2022,2019,real,131.06129455566406,378.0,-120.93870544433594,126.0
no_log,123,3,2019,2012,2019,2022,2019,state,126.67707061767578,261.0,-125.32292938232422,9.0
no_log,123,3,2019,2012,2019,2022,2019,diplomacy,133.19737243652344,422.0,-116.80262756347656,172.0
no_log,123,3,2019,2012,2019,2022,2019,mental,127.90473175048828,323.0,-120.09526824951172,75.0
no_log,123,3,2019,2012,2019,2022,2019,丝绸之路,134.36886596679688,543.0,-112.63113403320312,296.0
no_log,123,3,2019,2012,2019,2022,2019,post,130.85728454589844,461.0,-114.14271545410156,216.0
no_log,123,3,2019,2012,2019,2022,2019,formation,129.3519287109375,430.0,-114.6480712890625,186.0
no_log,123,3,2019,2012,2019,2022,2019,游客,131.47250366210938,347.0,-112.52749633789062,103.0
no_log,123,3,2019,2012,2019,2022,2019,branding,132.98158264160156,366.0,-107.01841735839844,126.0
no_log,123,3,2019,2012,2019,2022,2019,relations,129.46365356445312,183.0,-110.53634643554688,-57.0
no_log,123,3,2019,2012,2019,2022,2019,place,129.11874389648438,252.0,-108.88125610351562,14.0
no_log,123,3,2019,2012,2019,2022,2019,role,125.82811737060547,445.0,-111.17188262939453,208.0
no_log,123,3,2019,2012,2019,2022,2019,conflict,130.75022888183594,245.0,-105.24977111816406,9.0
no_log,123,3,2019,2012,2019,2022,2019,案例研究,122.28855895996094,228.0,-113.71144104003906,-8.0
no_log,123,3,2019,2012,2019,2022,2019,原真性,131.2902374267578,418.0,-96.70976257324219,190.0
no_log,123,3,2019,2012,2019,2022,2019,time,132.07571411132812,443.0,-94.92428588867188,216.0
no_log,123,3,2019,2012,2019,2022,2019,product,120.8582992553711,226.0,-104.1417007446289,1.0
no_log,123,3,2019,2012,2019,2022,2019,africa,125.68563079833984,242.0,-93.31436920166016,23.0
no_log,123,3,2019,2012,2019,2022,2019,sites,132.72825622558594,289.0,-85.27174377441406,71.0
no_log,123,3,2019,2012,2019,2022,2019,language,121.00521850585938,215.0,-89.99478149414062,4.0
no_log,123,3,2019,2012,2019,2022,2019,brand,129.4420166015625,328.0,-78.5579833984375,120.0
no_log,123,3,2019,2012,2019,2022,2019,silk,131.71475219726562,466.0,-72.28524780273438,262.0
no_log,123,3,2019,2012,2019,2022,2019,plan,121.50141143798828,244.0,-80.49858856201172,42.0
no_log,123,3,2019,2012,2019,2022,2019,可持续发展,123.18549346923828,279.0,-74.81450653076172,81.0
no_log,123,3,2019,2012,2019,2022,2019,the middle east,130.9233856201172,236.0,-65.07661437988281,40.0
no_log,123,3,2019,2012,2019,2022,2019,carrying,128.1840362548828,93.0,-66.81596374511719,-102.0
no_log,123,3,2019,2012,2019,2022,2019,效果,124.8875503540039,328.0,-70.1124496459961,133.0
no_log,123,3,2019,2012,2019,2022,2019,分析,121.38782501220703,212.0,-70.61217498779297,20.0
no_log,123,3,2019,2012,2019,2022,2019,reality,128.520263671875,256.0,-62.479736328125,65.0
no_log,123,3,2019,2012,2019,2022,2019,content,129.11671447753906,255.0,-60.88328552246094,65.0
no_log,123,3,2019,2012,2019,2022,2019,middle east,130.60516357421875,197.0,-58.39483642578125,8.0
no_log,123,3,2019,2012,2019,2022,2019,服务,124.5260238647461,153.0,-63.473976135253906,-35.0
no_log,123,3,2019,2012,2019,2022,2019,source,124.24669647216797,163.0,-62.75330352783203,-24.0
no_log,123,3,2019,2012,2019,2022,2019,carrying capacity,127.76419830322266,84.0,-58.235801696777344,-102.0
no_log,123,3,2019,2012,2019,2022,2019,数字,121.87720489501953,626.0,-63.12279510498047,441.0
no_log,123,3,2019,2012,2019,2022,2019,in the middle,130.10635375976562,174.0,-51.893646240234375,-8.0
no_log,123,3,2019,2012,2019,2022,2019,系统综述,123.2929916381836,229.0,-58.707008361816406,47.0
no_log,123,3,2019,2012,2019,2022,2019,实践,122.54873657226562,230.0,-55.451263427734375,52.0
no_log,123,3,2019,2012,2019,2022,2019,graph,118.31433868408203,223.0,-57.68566131591797,47.0
no_log,123,3,2019,2012,2019,2022,2019,outbound,123.54804229736328,108.0,-52.45195770263672,-68.0
no_log,123,3,2019,2012,2019,2022,2019,语境,122.90591430664062,258.0,-52.094085693359375,83.0
no_log,123,3,2019,2012,2019,2022,2019,框架,117.20419311523438,263.0,-54.795806884765625,91.0
no_log,123,3,2019,2012,2019,2022,2019,al jazeera,128.08181762695312,138.0,-42.918182373046875,-33.0
no_log,123,3,2019,2012,2019,2022,2019,jazeera,128.08181762695312,138.0,-42.918182373046875,-33.0
no_log,123,3,2019,2012,2019,2022,2019,流程,120.46212005615234,221.0,-48.537879943847656,52.0
no_log,123,3,2019,2012,2019,2022,2019,belt,126.29650115966797,328.0,-39.70349884033203,162.0
no_log,123,3,2019,2012,2019,2022,2019,in the middle east,128.71746826171875,190.0,-36.28253173828125,25.0
no_log,123,3,2019,2012,2019,2022,2019,政策,122.43286895751953,255.0,-42.56713104248047,90.0
no_log,123,3,2019,2012,2019,2022,2019,软实力,127.60724639892578,177.0,-37.39275360107422,12.0
no_log,123,3,2019,2012,2019,2022,2019,marketing,120.39047241210938,345.0,-43.609527587890625,181.0
no_log,123,3,2019,2012,2019,2022,2019,religious,124.81623840332031,227.0,-38.18376159667969,64.0
no_log,123,3,2019,2012,2019,2022,2019,country,123.37112426757812,254.0,-38.628875732421875,92.0
no_log,123,3,2019,2012,2019,2022,2019,islam,121.31612396240234,119.0,-40.683876037597656,-43.0
no_log,123,3,2019,2012,2019,2022,2019,urban,118.65055847167969,252.0,-43.34944152832031,90.0
no_log,123,5,2019,2012,2019,2024,2019,旅游,129.26837158203125,5508.0,-2901.7316284179688,2477.0
no_log,123,5,2019,2012,2019,2024,2019,tour,129.26602172851562,4819.0,-2763.7339782714844,1926.0
no_log,123,5,2019,2012,2019,2024,2019,文化,129.23973083496094,3099.0,-1574.760269165039,1395.0
no_log,123,5,2019,2012,2019,2024,2019,nation,129.22927856445312,2652.0,-1353.7707214355469,1169.0
no_log,123,5,2019,2012,2019,2024,2019,遗产,129.19932556152344,1984.0,-1221.8006744384766,633.0
no_log,123,5,2019,2012,2019,2024,2019,阿拉伯,128.72412109375,1033.0,-701.27587890625,203.0
no_log,123,5,2019,2012,2019,2024,2019,发展,128.71249389648438,1136.0,-627.2875061035156,380.0
no_log,123,5,2019,2012,2019,2024,2019,目的地,128.6641082763672,1258.0,-556.3358917236328,573.0
no_log,123,5,2019,2012,2019,2024,2019,world,128.61410522460938,645.0,-555.3858947753906,-39.0
no_log,123,5,2019,2012,2019,2024,2019,view,128.07855224609375,1119.0,-543.9214477539062,447.0
no_log,123,5,2019,2012,2019,2024,2019,rate,128.32861328125,1324.0,-507.67138671875,688.0
no_log,123,5,2019,2012,2019,2024,2019,city,128.22877502441406,938.0,-506.77122497558594,303.0
no_log,123,5,2019,2012,2019,2024,2019,研究,128.02456665039062,1258.0,-465.9754333496094,664.0
no_log,123,5,2019,2012,2019,2024,2019,艺术,127.2708969116211,1274.0,-433.7291030883789,713.0
no_log,123,5,2019,2012,2019,2024,2019,site,128.1663055419922,537.0,-425.8336944580078,-17.0
no_log,123,5,2019,2012,2019,2024,2019,image,127.79244232177734,952.0,-409.20755767822266,415.0
no_log,123,5,2019,2012,2019,2024,2019,社会,126.56123352050781,939.0,-396.4387664794922,416.0
no_log,123,5,2019,2012,2019,2024,2019,media,127.01444244384766,821.0,-390.98555755615234,303.0
no_log,123,5,2019,2012,2019,2024,2019,search,127.67070007324219,976.0,-389.3292999267578,459.0
no_log,123,5,2019,2012,2019,2024,2019,work,125.57949829101562,684.0,-368.4205017089844,190.0
no_log,123,5,2019,2012,2019,2024,2019,中国,126.64926147460938,774.0,-270.3507385253906,377.0
no_log,123,5,2019,2012,2019,2024,2019,国家,126.29039001464844,564.0,-266.70960998535156,171.0
no_log,123,5,2019,2012,2019,2024,2019,影响,125.57601165771484,699.0,-244.42398834228516,329.0
no_log,123,5,2019,2012,2019,2024,2019,挑战,125.64700317382812,666.0,-244.35299682617188,296.0
no_log,123,5,2019,2012,2019,2024,2019,text,125.60157775878906,804.0,-237.39842224121094,441.0
no_log,123,5,2019,2012,2019,2024,2019,challenges,125.37116241455078,633.0,-219.62883758544922,288.0
no_log,123,5,2019,2012,2019,2024,2019,east,125.82653045654297,343.0,-206.17346954345703,11.0
no_log,123,5,2019,2012,2019,2024,2019,gene,124.57740020751953,796.0,-203.42259979248047,468.0
no_log,123,5,2019,2012,2019,2024,2019,chinese,125.28734588623047,424.0,-201.71265411376953,97.0
no_log,123,5,2019,2012,2019,2024,2019,land,124.17257690429688,340.0,-202.82742309570312,13.0
no_log,123,5,2019,2012,2019,2024,2019,社交媒体,124.95983123779297,677.0,-193.04016876220703,359.0
no_log,123,5,2019,2012,2019,2024,2019,应用,124.06129455566406,495.0,-192.93870544433594,178.0
no_log,123,5,2019,2012,2019,2024,2019,power,125.54193878173828,386.0,-184.45806121826172,76.0
no_log,123,5,2019,2012,2019,2024,2019,可持续,123.97478485107422,589.0,-186.02521514892578,279.0
no_log,123,5,2019,2012,2019,2024,2019,经济,123.869873046875,564.0,-186.130126953125,254.0
no_log,123,5,2019,2012,2019,2024,2019,road,125.78498840332031,490.0,-169.2150115966797,195.0
no_log,123,5,2019,2012,2019,2024,2019,经验,123.47456359863281,473.0,-171.5254364013672,178.0
no_log,123,5,2019,2012,2019,2024,2019,管理,123.68309783935547,480.0,-164.31690216064453,192.0
no_log,123,5,2019,2012,2019,2024,2019,全球,121.8702621459961,358.0,-164.1297378540039,72.0
no_log,123,5,2019,2012,2019,2024,2019,学习,123.90644836425781,568.0,-156.0935516357422,288.0
no_log,123,5,2019,2012,2019,2024,2019,change,123.47457122802734,426.0,-154.52542877197266,148.0
no_log,123,5,2019,2012,2019,2024,2019,视角,123.76898956298828,668.0,-151.23101043701172,393.0
no_log,123,5,2019,2012,2019,2024,2019,遗产旅行,125.03820037841797,378.0,-146.96179962158203,106.0
no_log,123,5,2019,2012,2019,2024,2019,地方,123.89202117919922,273.0,-138.10797882080078,11.0
no_log,123,5,2019,2012,2019,2024,2019,soft,124.2220687866211,276.0,-135.7779312133789,16.0
no_log,123,5,2019,2012,2019,2024,2019,action,120.76164245605469,350.0,-136.2383575439453,93.0
no_log,123,5,2019,2012,2019,2024,2019,real,123.18025970458984,541.0,-128.81974029541016,289.0
no_log,123,5,2019,2012,2019,2024,2019,state,120.86093139648438,305.0,-131.13906860351562,53.0
no_log,123,5,2019,2012,2019,2024,2019,diplomacy,124.37431335449219,494.0,-125.62568664550781,244.0
no_log,123,5,2019,2012,2019,2024,2019,mental,121.51586151123047,264.0,-126.48413848876953,16.0
no_log,123,5,2019,2012,2019,2024,2019,丝绸之路,124.99258422851562,522.0,-122.00741577148438,275.0
no_log,123,5,2019,2012,2019,2024,2019,post,123.0710678100586,546.0,-121.9289321899414,301.0
no_log,123,5,2019,2012,2019,2024,2019,formation,122.31913757324219,506.0,-121.68086242675781,262.0
no_log,123,5,2019,2012,2019,2024,2019,游客,123.39749908447266,376.0,-120.60250091552734,132.0
no_log,123,5,2019,2012,2019,2024,2019,branding,124.21404266357422,314.0,-115.78595733642578,74.0
no_log,123,5,2019,2012,2019,2024,2019,relations,122.33887481689453,179.0,-117.66112518310547,-61.0
no_log,123,5,2019,2012,2019,2024,2019,place,122.1673583984375,221.0,-115.8326416015625,-17.0
no_log,123,5,2019,2012,2019,2024,2019,role,120.41793823242188,649.0,-116.58206176757812,412.0
no_log,123,5,2019,2012,2019,2024,2019,conflict,123.04268646240234,174.0,-112.95731353759766,-62.0
no_log,123,5,2019,2012,2019,2024,2019,案例研究,118.58183288574219,316.0,-117.41816711425781,80.0
no_log,123,5,2019,2012,2019,2024,2019,原真性,123.3445816040039,445.0,-104.6554183959961,217.0
no_log,123,5,2019,2012,2019,2024,2019,time,123.80136108398438,391.0,-103.19863891601562,164.0
no_log,123,5,2019,2012,2019,2024,2019,product,117.85647583007812,334.0,-107.14352416992188,109.0
no_log,123,5,2019,2012,2019,2024,2019,africa,120.34662628173828,242.0,-98.65337371826172,23.0
no_log,123,5,2019,2012,2019,2024,2019,sites,124.148681640625,210.0,-93.851318359375,-8.0
no_log,123,5,2019,2012,2019,2024,2019,language,117.96944427490234,369.0,-93.03055572509766,158.0
no_log,123,5,2019,2012,2019,2024,2019,brand,122.36881256103516,297.0,-85.63118743896484,89.0
no_log,123,5,2019,2012,2019,2024,2019,silk,123.62760162353516,429.0,-80.37239837646484,225.0
no_log,123,5,2019,2012,2019,2024,2019,plan,118.23512268066406,254.0,-83.76487731933594,52.0
no_log,123,5,2019,2012,2019,2024,2019,可持续发展,119.0949478149414,371.0,-78.9050521850586,173.0
no_log,123,5,2019,2012,2019,2024,2019,the middle east,123.21662139892578,129.0,-72.78337860107422,-67.0
no_log,123,5,2019,2012,2019,2024,2019,carrying,121.73309326171875,81.0,-73.26690673828125,-114.0
no_log,123,5,2019,2012,2019,2024,2019,效果,120.02494049072266,339.0,-74.97505950927734,144.0
no_log,123,5,2019,2012,2019,2024,2019,分析,118.19185638427734,253.0,-73.80814361572266,61.0
no_log,123,5,2019,2012,2019,2024,2019,reality,121.93389892578125,383.0,-69.06610107421875,192.0
no_log,123,5,2019,2012,2019,2024,2019,content,122.23228454589844,369.0,-67.76771545410156,179.0
no_log,123,5,2019,2012,2019,2024,2019,middle east,123.06024932861328,79.0,-65.93975067138672,-110.0
no_log,123,5,2019,2012,2019,2024,2019,服务,119.8526611328125,317.0,-68.1473388671875,129.0
no_log,123,5,2019,2012,2019,2024,2019,source,119.66891479492188,163.0,-67.33108520507812,-24.0
no_log,123,5,2019,2012,2019,2024,2019,carrying capacity,121.5337905883789,81.0,-64.4662094116211,-105.0
no_log,123,5,2019,2012,2019,2024,2019,数字,118.45195007324219,985.0,-66.54804992675781,800.0
no_log,123,5,2019,2012,2019,2024,2019,in the middle,122.8067855834961,90.0,-59.193214416503906,-92.0
no_log,123,5,2019,2012,2019,2024,2019,系统综述,119.19071960449219,195.0,-62.80928039550781,13.0
no_log,123,5,2019,2012,2019,2024,2019,实践,118.83574676513672,227.0,-59.16425323486328,49.0
no_log,123,5,2019,2012,2019,2024,2019,graph,116.6620101928711,396.0,-59.337989807128906,220.0
no_log,123,5,2019,2012,2019,2024,2019,outbound,119.43443298339844,54.0,-56.56556701660156,-122.0
no_log,123,5,2019,2012,2019,2024,2019,语境,119.02165222167969,281.0,-55.97834777832031,106.0
no_log,123,5,2019,2012,2019,2024,2019,框架,116.0977554321289,335.0,-55.902244567871094,163.0
no_log,123,5,2019,2012,2019,2024,2019,al jazeera,121.7803955078125,48.0,-49.2196044921875,-123.0
no_log,123,5,2019,2012,2019,2024,2019,jazeera,121.7803955078125,65.0,-49.2196044921875,-106.0
no_log,123,5,2019,2012,2019,2024,2019,流程,117.73812866210938,180.0,-51.261871337890625,11.0
no_log,123,5,2019,2012,2019,2024,2019,belt,120.85955810546875,269.0,-45.14044189453125,103.0
no_log,123,5,2019,2012,2019,2024,2019,in the middle east,122.12085723876953,97.0,-42.87914276123047,-68.0
no_log,123,5,2019,2012,2019,2024,2019,政策,118.77948760986328,254.0,-46.22051239013672,89.0
no_log,123,5,2019,2012,2019,2024,2019,软实力,121.52110290527344,175.0,-43.47889709472656,10.0
no_log,123,5,2019,2012,2019,2024,2019,marketing,117.7358627319336,544.0,-46.264137268066406,380.0
no_log,123,5,2019,2012,2019,2024,2019,religious,120.08012390136719,247.0,-42.91987609863281,84.0
no_log,123,5,2019,2012,2019,2024,2019,country,119.29289245605469,255.0,-42.70710754394531,93.0
no_log,123,5,2019,2012,2019,2024,2019,islam,118.203125,102.0,-43.796875,-60.0
no_log,123,5,2019,2012,2019,2024,2019,urban,116.86070251464844,255.0,-45.13929748535156,93.0
no_log,2026,1,2019,2012,2019,2020,2019,旅游,269.8878173828125,3486.0,-2761.1121826171875,455.0
no_log,2026,1,2019,2012,2019,2020,2019,tour,270.5087585449219,3300.0,-2622.491241455078,407.0
no_log,2026,1,2019,2012,2019,2020,2019,文化,269.6497802734375,2014.0,-1434.3502197265625,310.0
no_log,2026,1,2019,2012,2019,2020,2019,nation,267.67987060546875,1766.0,-1215.3201293945312,283.0
no_log,2026,1,2019,2012,2019,2020,2019,遗产,268.66107177734375,1587.0,-1082.3389282226562,236.0
no_log,2026,1,2019,2012,2019,2020,2019,阿拉伯,265.6642150878906,881.0,-564.3357849121094,51.0
no_log,2026,1,2019,2012,2019,2020,2019,发展,265.0452575683594,899.0,-490.9547424316406,143.0
no_log,2026,1,2019,2012,2019,2020,2019,目的地,263.61944580078125,794.0,-421.38055419921875,109.0
no_log,2026,1,2019,2012,2019,2020,2019,world,263.79974365234375,786.0,-420.20025634765625,102.0
no_log,2026,1,2019,2012,2019,2020,2019,view,259.4294128417969,905.0,-412.5705871582031,233.0
no_log,2026,1,2019,2012,2019,2020,2019,rate,262.1128845214844,683.0,-373.8871154785156,47.0
no_log,2026,1,2019,2012,2019,2020,2019,city,261.2712097167969,681.0,-373.7287902832031,46.0
no_log,2026,1,2019,2012,2019,2020,2019,研究,259.16717529296875,734.0,-334.83282470703125,140.0
no_log,2026,1,2019,2012,2019,2020,2019,艺术,249.54141235351562,646.0,-311.4585876464844,85.0
no_log,2026,1,2019,2012,2019,2020,2019,site,260.224365234375,657.0,-293.775634765625,103.0
no_log,2026,1,2019,2012,2019,2020,2019,image,257.6772766113281,662.0,-279.3227233886719,125.0
no_log,2026,1,2019,2012,2019,2020,2019,社会,244.40008544921875,616.0,-278.59991455078125,93.0
no_log,2026,1,2019,2012,2019,2020,2019,media,249.9511260986328,576.0,-268.0488739013672,58.0
no_log,2026,1,2019,2012,2019,2020,2019,search,256.3653869628906,632.0,-260.6346130371094,115.0
no_log,2026,1,2019,2012,2019,2020,2019,work,233.95359802246094,529.0,-260.04640197753906,35.0
no_log,2026,1,2019,2012,2019,2020,2019,中国,247.91297912597656,537.0,-149.08702087402344,140.0
no_log,2026,1,2019,2012,2019,2020,2019,国家,244.44749450683594,492.0,-148.55250549316406,99.0
no_log,2026,1,2019,2012,2019,2020,2019,影响,237.04034423828125,466.0,-132.95965576171875,96.0
no_log,2026,1,2019,2012,2019,2020,2019,挑战,238.39573669433594,476.0,-131.60426330566406,106.0
no_log,2026,1,2019,2012,2019,2020,2019,text,238.03237915039062,415.0,-124.96762084960938,52.0
no_log,2026,1,2019,2012,2019,2020,2019,challenges,235.96836853027344,451.0,-109.03163146972656,106.0
no_log,2026,1,2019,2012,2019,2020,2019,east,236.4729461669922,405.0,-95.52705383300781,73.0
no_log,2026,1,2019,2012,2019,2020,2019,gene,227.0294952392578,329.0,-100.97050476074219,1.0
no_log,2026,1,2019,2012,2019,2020,2019,chinese,233.3232421875,359.0,-93.6767578125,32.0
no_log,2026,1,2019,2012,2019,2020,2019,land,223.22377014160156,380.0,-103.77622985839844,53.0
no_log,2026,1,2019,2012,2019,2020,2019,社交媒体,231.8552703857422,379.0,-86.14472961425781,61.0
no_log,2026,1,2019,2012,2019,2020,2019,应用,223.44512939453125,336.0,-93.55487060546875,19.0
no_log,2026,1,2019,2012,2019,2020,2019,power,237.6156463623047,328.0,-72.38435363769531,18.0
no_log,2026,1,2019,2012,2019,2020,2019,可持续,221.12730407714844,389.0,-88.87269592285156,79.0
no_log,2026,1,2019,2012,2019,2020,2019,经济,220.08984375,346.0,-89.91015625,36.0
no_log,2026,1,2019,2012,2019,2020,2019,road,238.60472106933594,434.0,-56.39527893066406,139.0
no_log,2026,1,2019,2012,2019,2020,2019,经验,216.49655151367188,321.0,-78.50344848632812,26.0
no_log,2026,1,2019,2012,2019,2020,2019,管理,218.24705505371094,317.0,-69.75294494628906,29.0
no_log,2026,1,2019,2012,2019,2020,2019,全球,199.88583374023438,357.0,-86.11416625976562,71.0
no_log,2026,1,2019,2012,2019,2020,2019,学习,224.2756805419922,368.0,-55.72431945800781,88.0
no_log,2026,1,2019,2012,2019,2020,2019,change,217.61936950683594,327.0,-60.38063049316406,49.0
no_log,2026,1,2019,2012,2019,2020,2019,视角,220.27569580078125,368.0,-54.72430419921875,93.0
no_log,2026,1,2019,2012,2019,2020,2019,遗产旅行,229.6342010498047,285.0,-42.36579895019531,13.0
no_log,2026,1,2019,2012,2019,2020,2019,地方,222.19863891601562,319.0,-39.801361083984375,57.0
no_log,2026,1,2019,2012,2019,2020,2019,soft,223.27545166015625,313.0,-36.72454833984375,53.0
no_log,2026,1,2019,2012,2019,2020,2019,action,183.609130859375,263.0,-73.390869140625,6.0
no_log,2026,1,2019,2012,2019,2020,2019,real,215.11404418945312,322.0,-36.885955810546875,70.0
no_log,2026,1,2019,2012,2019,2020,2019,state,187.61724853515625,277.0,-64.38275146484375,25.0
no_log,2026,1,2019,2012,2019,2020,2019,diplomacy,227.41500854492188,333.0,-22.584991455078125,83.0
no_log,2026,1,2019,2012,2019,2020,2019,mental,198.09263610839844,344.0,-49.90736389160156,96.0
no_log,2026,1,2019,2012,2019,2020,2019,丝绸之路,229.112548828125,434.0,-17.887451171875,187.0
no_log,2026,1,2019,2012,2019,2020,2019,post,212.66738891601562,341.0,-32.332611083984375,96.0
no_log,2026,1,2019,2012,2019,2020,2019,formation,205.3315887451172,316.0,-38.66841125488281,72.0
no_log,2026,1,2019,2012,2019,2020,2019,游客,215.06295776367188,304.0,-28.937042236328125,60.0
no_log,2026,1,2019,2012,2019,2020,2019,branding,222.52061462402344,239.0,-17.479385375976562,-1.0
no_log,2026,1,2019,2012,2019,2020,2019,relations,206.96571350097656,247.0,-33.03428649902344,7.0
no_log,2026,1,2019,2012,2019,2020,2019,place,199.71900939941406,285.0,-38.28099060058594,47.0
no_log,2026,1,2019,2012,2019,2020,2019,role,186.7354278564453,315.0,-50.26457214355469,78.0
no_log,2026,1,2019,2012,2019,2020,2019,conflict,213.91259765625,255.0,-22.08740234375,19.0
no_log,2026,1,2019,2012,2019,2020,2019,案例研究,165.8929443359375,237.0,-70.1070556640625,1.0
no_log,2026,1,2019,2012,2019,2020,2019,原真性,216.42124938964844,264.0,-11.578750610351562,36.0
no_log,2026,1,2019,2012,2019,2020,2019,time,221.6050262451172,382.0,-5.3949737548828125,155.0
no_log,2026,1,2019,2012,2019,2020,2019,product,158.53103637695312,212.0,-66.46896362304688,-13.0
no_log,2026,1,2019,2012,2019,2020,2019,africa,185.7994842529297,227.0,-33.20051574707031,8.0
no_log,2026,1,2019,2012,2019,2020,2019,sites,220.82516479492188,246.0,2.825164794921875,28.0
no_log,2026,1,2019,2012,2019,2020,2019,language,157.17469787597656,220.0,-53.82530212402344,9.0
no_log,2026,1,2019,2012,2019,2020,2019,brand,203.3209228515625,233.0,-4.6790771484375,25.0
no_log,2026,1,2019,2012,2019,2020,2019,silk,215.8600311279297,373.0,11.860031127929688,169.0
no_log,2026,1,2019,2012,2019,2020,2019,plan,162.1036376953125,213.0,-39.8963623046875,11.0
no_log,2026,1,2019,2012,2019,2020,2019,可持续发展,173.72955322265625,212.0,-24.27044677734375,14.0
no_log,2026,1,2019,2012,2019,2020,2019,the middle east,208.92210388183594,221.0,12.922103881835938,25.0
no_log,2026,1,2019,2012,2019,2020,2019,carrying,196.3235321044922,211.0,1.3235321044921875,16.0
no_log,2026,1,2019,2012,2019,2020,2019,效果,184.3297576904297,271.0,-10.670242309570312,76.0
no_log,2026,1,2019,2012,2019,2020,2019,分析,165.51431274414062,212.0,-26.485687255859375,20.0
no_log,2026,1,2019,2012,2019,2020,2019,reality,202.21432495117188,209.0,11.214324951171875,18.0
no_log,2026,1,2019,2012,2019,2020,2019,content,202.67477416992188,210.0,12.674774169921875,20.0
no_log,2026,1,2019,2012,2019,2020,2019,middle east,207.2806854248047,203.0,18.280685424804688,14.0
no_log,2026,1,2019,2012,2019,2020,2019,服务,182.86001586914062,179.0,-5.139984130859375,-9.0
no_log,2026,1,2019,2012,2019,2020,2019,source,180.8227081298828,213.0,-6.1772918701171875,26.0
no_log,2026,1,2019,2012,2019,2020,2019,carrying capacity,194.12966918945312,202.0,8.129669189453125,16.0
no_log,2026,1,2019,2012,2019,2020,2019,数字,170.3916473388672,322.0,-14.608352661132812,137.0
no_log,2026,1,2019,2012,2019,2020,2019,in the middle,204.84530639648438,190.0,22.845306396484375,8.0
no_log,2026,1,2019,2012,2019,2020,2019,系统综述,176.818603515625,222.0,-5.181396484375,40.0
no_log,2026,1,2019,2012,2019,2020,2019,实践,173.5573272705078,169.0,-4.4426727294921875,-9.0
no_log,2026,1,2019,2012,2019,2020,2019,graph,153.53077697753906,179.0,-22.469223022460938,3.0
no_log,2026,1,2019,2012,2019,2020,2019,outbound,168.61453247070312,176.0,-7.385467529296875,0.0
no_log,2026,1,2019,2012,2019,2020,2019,语境,175.53590393066406,209.0,0.5359039306640625,34.0
no_log,2026,1,2019,2012,2019,2020,2019,框架,146.99986267089844,221.0,-25.000137329101562,49.0
no_log,2026,1,2019,2012,2019,2020,2019,al jazeera,199.47958374023438,181.0,28.479583740234375,10.0
no_log,2026,1,2019,2012,2019,2020,2019,jazeera,199.47958374023438,181.0,28.479583740234375,10.0
no_log,2026,1,2019,2012,2019,2020,2019,流程,167.0308380126953,194.0,-1.9691619873046875,25.0
no_log,2026,1,2019,2012,2019,2020,2019,belt,195.0785675048828,236.0,29.078567504882812,70.0
no_log,2026,1,2019,2012,2019,2020,2019,in the middle east,197.42333984375,181.0,32.42333984375,16.0
no_log,2026,1,2019,2012,2019,2020,2019,政策,172.4856719970703,161.0,7.4856719970703125,-4.0
no_log,2026,1,2019,2012,2019,2020,2019,软实力,195.831787109375,175.0,30.831787109375,10.0
no_log,2026,1,2019,2012,2019,2020,2019,marketing,162.93849182128906,217.0,-1.0615081787109375,53.0
no_log,2026,1,2019,2012,2019,2020,2019,religious,185.41543579101562,153.0,22.415435791015625,-10.0
no_log,2026,1,2019,2012,2019,2020,2019,country,177.81790161132812,144.0,15.817901611328125,-18.0
no_log,2026,1,2019,2012,2019,2020,2019,islam,174.9369659423828,166.0,12.936965942382812,4.0
no_log,2026,1,2019,2012,2019,2020,2019,urban,154.30966186523438,187.0,-7.690338134765625,25.0
no_log,2026,3,2019,2012,2019,2022,2019,旅游,119.78803253173828,4242.0,-2911.2119674682617,1211.0
no_log,2026,3,2019,2012,2019,2022,2019,tour,119.88456726074219,3857.0,-2773.115432739258,964.0
no_log,2026,3,2019,2012,2019,2022,2019,文化,119.78575134277344,2521.0,-1584.2142486572266,817.0
no_log,2026,3,2019,2012,2019,2022,2019,nation,119.67464447021484,2266.0,-1363.3253555297852,783.0
no_log,2026,3,2019,2012,2019,2022,2019,遗产,119.71821594238281,1698.0,-1231.2817840576172,347.0
no_log,2026,3,2019,2012,2019,2022,2019,阿拉伯,119.4421615600586,784.0,-710.5578384399414,-46.0
no_log,2026,3,2019,2012,2019,2022,2019,发展,119.34257507324219,907.0,-636.6574249267578,151.0
no_log,2026,3,2019,2012,2019,2022,2019,目的地,119.2444076538086,1036.0,-565.7555923461914,351.0
no_log,2026,3,2019,2012,2019,2022,2019,world,119.22935485839844,627.0,-564.7706451416016,-57.0
no_log,2026,3,2019,2012,2019,2022,2019,view,119.03691101074219,1100.0,-552.9630889892578,428.0
no_log,2026,3,2019,2012,2019,2022,2019,rate,119.06835174560547,894.0,-516.9316482543945,258.0
no_log,2026,3,2019,2012,2019,2022,2019,city,119.0210189819336,755.0,-515.9789810180664,120.0
no_log,2026,3,2019,2012,2019,2022,2019,研究,118.87909698486328,901.0,-475.1209030151367,307.0
no_log,2026,3,2019,2012,2019,2022,2019,艺术,118.44839477539062,992.0,-442.5516052246094,431.0
no_log,2026,3,2019,2012,2019,2022,2019,site,118.89490509033203,670.0,-435.10509490966797,116.0
no_log,2026,3,2019,2012,2019,2022,2019,image,118.68903350830078,783.0,-418.3109664916992,246.0
no_log,2026,3,2019,2012,2019,2022,2019,社会,118.23702239990234,727.0,-404.76297760009766,204.0
no_log,2026,3,2019,2012,2019,2022,2019,media,118.36450958251953,588.0,-399.63549041748047,70.0
no_log,2026,3,2019,2012,2019,2022,2019,search,118.6097412109375,797.0,-398.3902587890625,280.0
no_log,2026,3,2019,2012,2019,2022,2019,work,117.80908203125,623.0,-376.19091796875,129.0
no_log,2026,3,2019,2012,2019,2022,2019,中国,117.81829071044922,600.0,-279.1817092895508,203.0
no_log,2026,3,2019,2012,2019,2022,2019,国家,117.61370849609375,523.0,-275.38629150390625,130.0
no_log,2026,3,2019,2012,2019,2022,2019,影响,117.12081146240234,563.0,-252.87918853759766,193.0
no_log,2026,3,2019,2012,2019,2022,2019,挑战,117.20530700683594,597.0,-252.79469299316406,227.0
no_log,2026,3,2019,2012,2019,2022,2019,text,117.13509368896484,565.0,-245.86490631103516,202.0
no_log,2026,3,2019,2012,2019,2022,2019,challenges,116.93020629882812,553.0,-228.06979370117188,208.0
no_log,2026,3,2019,2012,2019,2022,2019,east,116.76805114746094,419.0,-215.23194885253906,87.0
no_log,2026,3,2019,2012,2019,2022,2019,gene,116.33281707763672,406.0,-211.66718292236328,78.0
no_log,2026,3,2019,2012,2019,2022,2019,chinese,116.61302947998047,325.0,-210.38697052001953,-2.0
no_log,2026,3,2019,2012,2019,2022,2019,land,116.15131378173828,380.0,-210.84868621826172,53.0
no_log,2026,3,2019,2012,2019,2022,2019,社交媒体,116.52000427246094,452.0,-201.47999572753906,134.0
no_log,2026,3,2019,2012,2019,2022,2019,应用,116.09642791748047,470.0,-200.90357208251953,153.0
no_log,2026,3,2019,2012,2019,2022,2019,power,116.80731201171875,334.0,-193.19268798828125,24.0
no_log,2026,3,2019,2012,2019,2022,2019,可持续,115.86882781982422,443.0,-194.13117218017578,133.0
no_log,2026,3,2019,2012,2019,2022,2019,经济,115.81195068359375,467.0,-194.18804931640625,157.0
no_log,2026,3,2019,2012,2019,2022,2019,road,116.88188934326172,555.0,-178.11811065673828,260.0
no_log,2026,3,2019,2012,2019,2022,2019,经验,115.47836303710938,403.0,-179.52163696289062,108.0
no_log,2026,3,2019,2012,2019,2022,2019,管理,115.445556640625,413.0,-172.554443359375,125.0
no_log,2026,3,2019,2012,2019,2022,2019,全球,114.41828155517578,377.0,-171.58171844482422,91.0
no_log,2026,3,2019,2012,2019,2022,2019,学习,115.75174713134766,564.0,-164.24825286865234,284.0
no_log,2026,3,2019,2012,2019,2022,2019,change,115.38180541992188,386.0,-162.61819458007812,108.0
no_log,2026,3,2019,2012,2019,2022,2019,视角,115.47105407714844,504.0,-159.52894592285156,229.0
no_log,2026,3,2019,2012,2019,2022,2019,遗产旅行,116.02970123291016,324.0,-155.97029876708984,52.0
no_log,2026,3,2019,2012,2019,2022,2019,地方,115.45238494873047,271.0,-146.54761505126953,9.0
no_log,2026,3,2019,2012,2019,2022,2019,soft,115.50448608398438,268.0,-144.49551391601562,8.0
no_log,2026,3,2019,2012,2019,2022,2019,action,112.4930191040039,281.0,-144.5069808959961,24.0
no_log,2026,3,2019,2012,2019,2022,2019,real,114.93794250488281,378.0,-137.0620574951172,126.0
no_log,2026,3,2019,2012,2019,2022,2019,state,112.90567016601562,261.0,-139.09432983398438,9.0
no_log,2026,3,2019,2012,2019,2022,2019,diplomacy,115.73249816894531,422.0,-134.2675018310547,172.0
no_log,2026,3,2019,2012,2019,2022,2019,mental,113.72649383544922,323.0,-134.27350616455078,75.0
no_log,2026,3,2019,2012,2019,2022,2019,丝绸之路,115.93217468261719,543.0,-131.0678253173828,296.0
no_log,2026,3,2019,2012,2019,2022,2019,post,114.67314147949219,461.0,-130.3268585205078,216.0
no_log,2026,3,2019,2012,2019,2022,2019,formation,114.16429138183594,430.0,-129.83570861816406,186.0
no_log,2026,3,2019,2012,2019,2022,2019,游客,114.80081176757812,347.0,-129.19918823242188,103.0
no_log,2026,3,2019,2012,2019,2022,2019,branding,115.2937240600586,366.0,-124.7062759399414,126.0
no_log,2026,3,2019,2012,2019,2022,2019,relations,114.2767333984375,183.0,-125.7232666015625,-57.0
no_log,2026,3,2019,2012,2019,2022,2019,place,113.58831787109375,252.0,-124.41168212890625,14.0
no_log,2026,3,2019,2012,2019,2022,2019,role,112.81875610351562,445.0,-124.18124389648438,208.0
no_log,2026,3,2019,2012,2019,2022,2019,conflict,114.64535522460938,245.0,-121.35464477539062,9.0
no_log,2026,3,2019,2012,2019,2022,2019,案例研究,110.62672424316406,228.0,-125.37327575683594,-8.0
no_log,2026,3,2019,2012,2019,2022,2019,原真性,114.72859954833984,418.0,-113.27140045166016,190.0
no_log,2026,3,2019,2012,2019,2022,2019,time,115.09403991699219,443.0,-111.90596008300781,216.0
no_log,2026,3,2019,2012,2019,2022,2019,product,109.41004943847656,226.0,-115.58995056152344,1.0
no_log,2026,3,2019,2012,2019,2022,2019,africa,112.35356903076172,242.0,-106.64643096923828,23.0
no_log,2026,3,2019,2012,2019,2022,2019,sites,115.03211975097656,289.0,-102.96788024902344,71.0
no_log,2026,3,2019,2012,2019,2022,2019,language,108.75715637207031,215.0,-102.24284362792969,4.0
no_log,2026,3,2019,2012,2019,2022,2019,brand,113.48831939697266,328.0,-94.51168060302734,120.0
no_log,2026,3,2019,2012,2019,2022,2019,silk,114.49378967285156,466.0,-89.50621032714844,262.0
no_log,2026,3,2019,2012,2019,2022,2019,plan,109.4200210571289,244.0,-92.5799789428711,42.0
no_log,2026,3,2019,2012,2019,2022,2019,可持续发展,110.89922332763672,279.0,-87.10077667236328,81.0
no_log,2026,3,2019,2012,2019,2022,2019,the middle east,113.88636779785156,236.0,-82.11363220214844,40.0
no_log,2026,3,2019,2012,2019,2022,2019,carrying,112.72850036621094,93.0,-82.27149963378906,-102.0
no_log,2026,3,2019,2012,2019,2022,2019,效果,111.86622619628906,328.0,-83.13377380371094,133.0
no_log,2026,3,2019,2012,2019,2022,2019,分析,109.96710205078125,212.0,-82.03289794921875,20.0
no_log,2026,3,2019,2012,2019,2022,2019,reality,113.19817352294922,256.0,-77.80182647705078,65.0
no_log,2026,3,2019,2012,2019,2022,2019,content,113.21891021728516,255.0,-76.78108978271484,65.0
no_log,2026,3,2019,2012,2019,2022,2019,middle east,113.690185546875,197.0,-75.309814453125,8.0
no_log,2026,3,2019,2012,2019,2022,2019,服务,111.60894775390625,153.0,-76.39105224609375,-35.0
no_log,2026,3,2019,2012,2019,2022,2019,source,111.40309143066406,163.0,-75.59690856933594,-24.0
no_log,2026,3,2019,2012,2019,2022,2019,carrying capacity,112.40970611572266,84.0,-73.59029388427734,-102.0
no_log,2026,3,2019,2012,2019,2022,2019,数字,110.41160583496094,626.0,-74.58839416503906,441.0
no_log,2026,3,2019,2012,2019,2022,2019,in the middle,113.39599609375,174.0,-68.60400390625,-8.0
no_log,2026,3,2019,2012,2019,2022,2019,系统综述,110.95889282226562,229.0,-71.04110717773438,47.0
no_log,2026,3,2019,2012,2019,2022,2019,实践,110.57572174072266,230.0,-67.42427825927734,52.0
no_log,2026,3,2019,2012,2019,2022,2019,graph,108.1858901977539,223.0,-67.8141098022461,47.0
no_log,2026,3,2019,2012,2019,2022,2019,outbound,109.18385314941406,108.0,-66.81614685058594,-68.0
no_log,2026,3,2019,2012,2019,2022,2019,语境,110.69881439208984,258.0,-64.30118560791016,83.0
no_log,2026,3,2019,2012,2019,2022,2019,框架,106.98484802246094,263.0,-65.01515197753906,91.0
no_log,2026,3,2019,2012,2019,2022,2019,al jazeera,112.68675231933594,138.0,-58.31324768066406,-33.0
no_log,2026,3,2019,2012,2019,2022,2019,jazeera,112.68675231933594,138.0,-58.31324768066406,-33.0
no_log,2026,3,2019,2012,2019,2022,2019,流程,109.72444152832031,221.0,-59.27555847167969,52.0
no_log,2026,3,2019,2012,2019,2022,2019,belt,112.21968078613281,328.0,-53.78031921386719,162.0
no_log,2026,3,2019,2012,2019,2022,2019,in the middle east,112.54524993896484,190.0,-52.454750061035156,25.0
no_log,2026,3,2019,2012,2019,2022,2019,政策,110.11434173583984,255.0,-54.885658264160156,90.0
no_log,2026,3,2019,2012,2019,2022,2019,软实力,112.28671264648438,177.0,-52.713287353515625,12.0
no_log,2026,3,2019,2012,2019,2022,2019,marketing,109.07786560058594,345.0,-54.92213439941406,181.0
no_log,2026,3,2019,2012,2019,2022,2019,religious,111.31041717529297,227.0,-51.68958282470703,64.0
no_log,2026,3,2019,2012,2019,2022,2019,country,110.60523986816406,254.0,-51.39476013183594,92.0
no_log,2026,3,2019,2012,2019,2022,2019,islam,110.36971282958984,119.0,-51.630287170410156,-43.0
no_log,2026,3,2019,2012,2019,2022,2019,urban,107.8736572265625,252.0,-54.1263427734375,90.0
no_log,2026,5,2019,2012,2019,2024,2019,旅游,107.9554443359375,5508.0,-2923.0445556640625,2477.0
no_log,2026,5,2019,2012,2019,2024,2019,tour,107.97144317626953,4819.0,-2785.0285568237305,1926.0
no_log,2026,5,2019,2012,2019,2024,2019,文化,107.94435119628906,3099.0,-1596.055648803711,1395.0
no_log,2026,5,2019,2012,2019,2024,2019,nation,107.92530059814453,2652.0,-1375.0746994018555,1169.0
no_log,2026,5,2019,2012,2019,2024,2019,遗产,107.91407012939453,1984.0,-1243.0859298706055,633.0
no_log,2026,5,2019,2012,2019,2024,2019,阿拉伯,107.71448516845703,1033.0,-722.285514831543,203.0
no_log,2026,5,2019,2012,2019,2024,2019,发展,107.69593811035156,1136.0,-648.3040618896484,380.0
no_log,2026,5,2019,2012,2019,2024,2019,目的地,107.660400390625,1258.0,-577.339599609375,573.0
no_log,2026,5,2019,2012,2019,2024,2019,world,107.64292907714844,645.0,-576.3570709228516,-39.0
no_log,2026,5,2019,2012,2019,2024,2019,view,107.54020690917969,1119.0,-564.4597930908203,447.0
no_log,2026,5,2019,2012,2019,2024,2019,rate,107.5468521118164,1324.0,-528.4531478881836,688.0
no_log,2026,5,2019,2012,2019,2024,2019,city,107.5072250366211,938.0,-527.4927749633789,303.0
no_log,2026,5,2019,2012,2019,2024,2019,研究,107.47218322753906,1258.0,-486.52781677246094,664.0
no_log,2026,5,2019,2012,2019,2024,2019,艺术,107.23400115966797,1274.0,-453.76599884033203,713.0
no_log,2026,5,2019,2012,2019,2024,2019,site,107.47759246826172,537.0,-446.5224075317383,-17.0
no_log,2026,5,2019,2012,2019,2024,2019,image,107.3479232788086,952.0,-429.6520767211914,415.0
no_log,2026,5,2019,2012,2019,2024,2019,社会,107.10543060302734,939.0,-415.89456939697266,416.0
no_log,2026,5,2019,2012,2019,2024,2019,media,107.16986846923828,821.0,-410.8301315307617,303.0
no_log,2026,5,2019,2012,2019,2024,2019,search,107.32740020751953,976.0,-409.67259979248047,459.0
no_log,2026,5,2019,2012,2019,2024,2019,work,106.88240051269531,684.0,-387.1175994873047,190.0
no_log,2026,5,2019,2012,2019,2024,2019,中国,106.88264465332031,774.0,-290.1173553466797,377.0
no_log,2026,5,2019,2012,2019,2024,2019,国家,106.76165771484375,564.0,-286.23834228515625,171.0
no_log,2026,5,2019,2012,2019,2024,2019,影响,106.45469665527344,699.0,-263.54530334472656,329.0
no_log,2026,5,2019,2012,2019,2024,2019,挑战,106.53321075439453,666.0,-263.46678924560547,296.0
no_log,2026,5,2019,2012,2019,2024,2019,text,106.47247314453125,804.0,-256.52752685546875,441.0
no_log,2026,5,2019,2012,2019,2024,2019,challenges,106.37940216064453,633.0,-238.62059783935547,288.0
no_log,2026,5,2019,2012,2019,2024,2019,east,106.36137390136719,343.0,-225.6386260986328,11.0
no_log,2026,5,2019,2012,2019,2024,2019,gene,106.087646484375,796.0,-221.912353515625,468.0
no_log,2026,5,2019,2012,2019,2024,2019,chinese,106.24513244628906,424.0,-220.75486755371094,97.0
no_log,2026,5,2019,2012,2019,2024,2019,land,105.98754119873047,340.0,-221.01245880126953,13.0
no_log,2026,5,2019,2012,2019,2024,2019,社交媒体,106.16667938232422,677.0,-211.83332061767578,359.0
no_log,2026,5,2019,2012,2019,2024,2019,应用,105.91272735595703,495.0,-211.08727264404297,178.0
no_log,2026,5,2019,2012,2019,2024,2019,power,106.34024810791016,386.0,-203.65975189208984,76.0
no_log,2026,5,2019,2012,2019,2024,2019,可持续,105.84806823730469,589.0,-204.1519317626953,279.0
no_log,2026,5,2019,2012,2019,2024,2019,经济,105.70590209960938,564.0,-204.29409790039062,254.0
no_log,2026,5,2019,2012,2019,2024,2019,road,106.43038177490234,490.0,-188.56961822509766,195.0
no_log,2026,5,2019,2012,2019,2024,2019,经验,105.6401596069336,473.0,-189.3598403930664,178.0
no_log,2026,5,2019,2012,2019,2024,2019,管理,105.47882080078125,480.0,-182.52117919921875,192.0
no_log,2026,5,2019,2012,2019,2024,2019,全球,105.1102294921875,358.0,-180.8897705078125,72.0
no_log,2026,5,2019,2012,2019,2024,2019,学习,105.67648315429688,568.0,-174.32351684570312,288.0
no_log,2026,5,2019,2012,2019,2024,2019,change,105.55619812011719,426.0,-172.4438018798828,148.0
no_log,2026,5,2019,2012,2019,2024,2019,视角,105.54512786865234,668.0,-169.45487213134766,393.0
no_log,2026,5,2019,2012,2019,2024,2019,遗产旅行,105.99071502685547,378.0,-166.00928497314453,106.0
no_log,2026,5,2019,2012,2019,2024,2019,地方,105.55673217773438,273.0,-156.44326782226562,11.0
no_log,2026,5,2019,2012,2019,2024,2019,soft,105.67108154296875,276.0,-154.32891845703125,16.0
no_log,2026,5,2019,2012,2019,2024,2019,action,104.3020248413086,350.0,-152.6979751586914,93.0
no_log,2026,5,2019,2012,2019,2024,2019,real,105.310546875,541.0,-146.689453125,289.0
no_log,2026,5,2019,2012,2019,2024,2019,state,104.44718170166016,305.0,-147.55281829833984,53.0
no_log,2026,5,2019,2012,2019,2024,2019,diplomacy,105.79238891601562,494.0,-144.20761108398438,244.0
no_log,2026,5,2019,2012,2019,2024,2019,mental,104.5533676147461,264.0,-143.4466323852539,16.0
no_log,2026,5,2019,2012,2019,2024,2019,丝绸之路,105.96971130371094,522.0,-141.03028869628906,275.0
no_log,2026,5,2019,2012,2019,2024,2019,post,105.22746276855469,546.0,-139.7725372314453,301.0
no_log,2026,5,2019,2012,2019,2024,2019,formation,104.81424713134766,506.0,-139.18575286865234,262.0
no_log,2026,5,2019,2012,2019,2024,2019,游客,105.30973815917969,376.0,-138.6902618408203,132.0
no_log,2026,5,2019,2012,2019,2024,2019,branding,105.600341796875,314.0,-134.399658203125,74.0
no_log,2026,5,2019,2012,2019,2024,2019,relations,104.97357940673828,179.0,-135.02642059326172,-61.0
no_log,2026,5,2019,2012,2019,2024,2019,place,104.76628112792969,221.0,-133.2337188720703,-17.0
no_log,2026,5,2019,2012,2019,2024,2019,role,104.23945617675781,649.0,-132.7605438232422,412.0
no_log,2026,5,2019,2012,2019,2024,2019,conflict,105.14553833007812,174.0,-130.85446166992188,-62.0
no_log,2026,5,2019,2012,2019,2024,2019,案例研究,103.35501861572266,316.0,-132.64498138427734,80.0
no_log,2026,5,2019,2012,2019,2024,2019,原真性,105.2307357788086,445.0,-122.7692642211914,217.0
no_log,2026,5,2019,2012,2019,2024,2019,time,105.47130584716797,391.0,-121.52869415283203,164.0
no_log,2026,5,2019,2012,2019,2024,2019,product,102.8443603515625,334.0,-122.1556396484375,109.0
no_log,2026,5,2019,2012,2019,2024,2019,africa,104.12065887451172,242.0,-114.87934112548828,23.0
no_log,2026,5,2019,2012,2019,2024,2019,sites,105.5025634765625,210.0,-112.4974365234375,-8.0
no_log,2026,5,2019,2012,2019,2024,2019,language,102.61637115478516,369.0,-108.38362884521484,158.0
no_log,2026,5,2019,2012,2019,2024,2019,brand,104.69340515136719,297.0,-103.30659484863281,89.0
no_log,2026,5,2019,2012,2019,2024,2019,silk,105.22193908691406,429.0,-98.77806091308594,225.0
no_log,2026,5,2019,2012,2019,2024,2019,plan,102.87602996826172,254.0,-99.12397003173828,52.0
no_log,2026,5,2019,2012,2019,2024,2019,可持续发展,103.4312973022461,371.0,-94.5687026977539,173.0
no_log,2026,5,2019,2012,2019,2024,2019,the middle east,104.95741271972656,129.0,-91.04258728027344,-67.0
no_log,2026,5,2019,2012,2019,2024,2019,carrying,104.3438491821289,81.0,-90.6561508178711,-114.0
no_log,2026,5,2019,2012,2019,2024,2019,效果,103.70928955078125,339.0,-91.29071044921875,144.0
no_log,2026,5,2019,2012,2019,2024,2019,分析,102.97366333007812,253.0,-89.02633666992188,61.0
no_log,2026,5,2019,2012,2019,2024,2019,reality,104.47806549072266,383.0,-86.52193450927734,192.0
no_log,2026,5,2019,2012,2019,2024,2019,content,104.55851745605469,369.0,-85.44148254394531,179.0
no_log,2026,5,2019,2012,2019,2024,2019,middle east,104.85917663574219,79.0,-84.14082336425781,-110.0
no_log,2026,5,2019,2012,2019,2024,2019,服务,103.59391021728516,317.0,-84.40608978271484,129.0
no_log,2026,5,2019,2012,2019,2024,2019,source,103.6202392578125,163.0,-83.3797607421875,-24.0
no_log,2026,5,2019,2012,2019,2024,2019,carrying capacity,104.1981201171875,81.0,-81.8018798828125,-105.0
no_log,2026,5,2019,2012,2019,2024,2019,数字,103.04146575927734,985.0,-81.95853424072266,800.0
no_log,2026,5,2019,2012,2019,2024,2019,in the middle,104.71045684814453,90.0,-77.28954315185547,-92.0
no_log,2026,5,2019,2012,2019,2024,2019,系统综述,103.38442993164062,195.0,-78.61557006835938,13.0
no_log,2026,5,2019,2012,2019,2024,2019,实践,103.14208221435547,227.0,-74.85791778564453,49.0
no_log,2026,5,2019,2012,2019,2024,2019,graph,102.16228485107422,396.0,-73.83771514892578,220.0
no_log,2026,5,2019,2012,2019,2024,2019,outbound,102.89027404785156,54.0,-73.10972595214844,-122.0
no_log,2026,5,2019,2012,2019,2024,2019,语境,103.23182678222656,281.0,-71.76817321777344,106.0
no_log,2026,5,2019,2012,2019,2024,2019,框架,101.71744537353516,335.0,-70.28255462646484,163.0
no_log,2026,5,2019,2012,2019,2024,2019,al jazeera,104.2826156616211,48.0,-66.7173843383789,-123.0
no_log,2026,5,2019,2012,2019,2024,2019,jazeera,104.2826156616211,65.0,-66.7173843383789,-106.0
no_log,2026,5,2019,2012,2019,2024,2019,流程,102.70575714111328,180.0,-66.29424285888672,11.0
no_log,2026,5,2019,2012,2019,2024,2019,belt,103.9993896484375,269.0,-62.0006103515625,103.0
no_log,2026,5,2019,2012,2019,2024,2019,in the middle east,104.30374908447266,97.0,-60.696250915527344,-68.0
no_log,2026,5,2019,2012,2019,2024,2019,政策,103.05764770507812,254.0,-61.942352294921875,89.0
no_log,2026,5,2019,2012,2019,2024,2019,软实力,104.10747528076172,175.0,-60.89252471923828,10.0
no_log,2026,5,2019,2012,2019,2024,2019,marketing,102.58042907714844,544.0,-61.41957092285156,380.0
no_log,2026,5,2019,2012,2019,2024,2019,religious,103.51517486572266,247.0,-59.484825134277344,84.0
no_log,2026,5,2019,2012,2019,2024,2019,country,103.24833679199219,255.0,-58.75166320800781,93.0
no_log,2026,5,2019,2012,2019,2024,2019,islam,102.97989654541016,102.0,-59.020103454589844,-60.0
no_log,2026,5,2019,2012,2019,2024,2019,urban,102.09342193603516,255.0,-59.906578063964844,93.0
no_log,3407,1,2019,2012,2019,2020,2019,旅游,281.4625244140625,3486.0,-2749.5374755859375,455.0
no_log,3407,1,2019,2012,2019,2020,2019,tour,281.49139404296875,3300.0,-2611.5086059570312,407.0
no_log,3407,1,2019,2012,2019,2020,2019,文化,284.8291015625,2014.0,-1419.1708984375,310.0
no_log,3407,1,2019,2012,2019,2020,2019,nation,284.5560302734375,1766.0,-1198.4439697265625,283.0
no_log,3407,1,2019,2012,2019,2020,2019,遗产,284.0530700683594,1587.0,-1066.9469299316406,236.0
no_log,3407,1,2019,2012,2019,2020,2019,阿拉伯,280.851806640625,881.0,-549.148193359375,51.0
no_log,3407,1,2019,2012,2019,2020,2019,发展,279.9990539550781,899.0,-476.0009460449219,143.0
no_log,3407,1,2019,2012,2019,2020,2019,目的地,277.6788024902344,794.0,-407.3211975097656,109.0
no_log,3407,1,2019,2012,2019,2020,2019,world,278.1121826171875,786.0,-405.8878173828125,102.0
no_log,3407,1,2019,2012,2019,2020,2019,view,271.0571594238281,905.0,-400.9428405761719,233.0
no_log,3407,1,2019,2012,2019,2020,2019,rate,276.3524169921875,683.0,-359.6475830078125,47.0
no_log,3407,1,2019,2012,2019,2020,2019,city,275.947265625,681.0,-359.052734375,46.0
no_log,3407,1,2019,2012,2019,2020,2019,研究,268.2945861816406,734.0,-325.7054138183594,140.0
no_log,3407,1,2019,2012,2019,2020,2019,艺术,244.5895538330078,646.0,-316.4104461669922,85.0
no_log,3407,1,2019,2012,2019,2020,2019,site,273.1470031738281,657.0,-280.8529968261719,103.0
no_log,3407,1,2019,2012,2019,2020,2019,image,270.9140930175781,662.0,-266.0859069824219,125.0
no_log,3407,1,2019,2012,2019,2020,2019,社会,258.87109375,616.0,-264.12890625,93.0
no_log,3407,1,2019,2012,2019,2020,2019,media,263.1590576171875,576.0,-254.8409423828125,58.0
no_log,3407,1,2019,2012,2019,2020,2019,search,264.1313781738281,632.0,-252.86862182617188,115.0
no_log,3407,1,2019,2012,2019,2020,2019,work,243.61036682128906,529.0,-250.38963317871094,35.0
no_log,3407,1,2019,2012,2019,2020,2019,中国,254.56759643554688,537.0,-142.43240356445312,140.0
no_log,3407,1,2019,2012,2019,2020,2019,国家,252.96533203125,492.0,-140.03466796875,99.0
no_log,3407,1,2019,2012,2019,2020,2019,影响,233.501708984375,466.0,-136.498291015625,96.0
no_log,3407,1,2019,2012,2019,2020,2019,挑战,247.0850067138672,476.0,-122.91499328613281,106.0
no_log,3407,1,2019,2012,2019,2020,2019,text,237.06582641601562,415.0,-125.93417358398438,52.0
no_log,3407,1,2019,2012,2019,2020,2019,challenges,242.43283081054688,451.0,-102.56716918945312,106.0
no_log,3407,1,2019,2012,2019,2020,2019,east,247.62135314941406,405.0,-84.37864685058594,73.0
no_log,3407,1,2019,2012,2019,2020,2019,gene,240.4599609375,329.0,-87.5400390625,1.0
no_log,3407,1,2019,2012,2019,2020,2019,chinese,245.6663055419922,359.0,-81.33369445800781,32.0
no_log,3407,1,2019,2012,2019,2020,2019,land,236.43576049804688,380.0,-90.56423950195312,53.0
no_log,3407,1,2019,2012,2019,2020,2019,社交媒体,239.27987670898438,379.0,-78.72012329101562,61.0
no_log,3407,1,2019,2012,2019,2020,2019,应用,227.33712768554688,336.0,-89.66287231445312,19.0
no_log,3407,1,2019,2012,2019,2020,2019,power,242.85861206054688,328.0,-67.14138793945312,18.0
no_log,3407,1,2019,2012,2019,2020,2019,可持续,234.818115234375,389.0,-75.181884765625,79.0
no_log,3407,1,2019,2012,2019,2020,2019,经济,213.73907470703125,346.0,-96.26092529296875,36.0
no_log,3407,1,2019,2012,2019,2020,2019,road,241.16448974609375,434.0,-53.83551025390625,139.0
no_log,3407,1,2019,2012,2019,2020,2019,经验,229.13902282714844,321.0,-65.86097717285156,26.0
no_log,3407,1,2019,2012,2019,2020,2019,管理,206.77365112304688,317.0,-81.22634887695312,29.0
no_log,3407,1,2019,2012,2019,2020,2019,全球,209.3190155029297,357.0,-76.68098449707031,71.0
no_log,3407,1,2019,2012,2019,2020,2019,学习,210.69512939453125,368.0,-69.30487060546875,88.0
no_log,3407,1,2019,2012,2019,2020,2019,change,223.84295654296875,327.0,-54.15704345703125,49.0
no_log,3407,1,2019,2012,2019,2020,2019,视角,215.001220703125,368.0,-59.998779296875,93.0
no_log,3407,1,2019,2012,2019,2020,2019,遗产旅行,235.48635864257812,285.0,-36.513641357421875,13.0
no_log,3407,1,2019,2012,2019,2020,2019,地方,217.74432373046875,319.0,-44.25567626953125,57.0
no_log,3407,1,2019,2012,2019,2020,2019,soft,230.6519317626953,313.0,-29.348068237304688,53.0
no_log,3407,1,2019,2012,2019,2020,2019,action,202.11599731445312,263.0,-54.884002685546875,6.0
no_log,3407,1,2019,2012,2019,2020,2019,real,216.43968200683594,322.0,-35.56031799316406,70.0
no_log,3407,1,2019,2012,2019,2020,2019,state,202.57000732421875,277.0,-49.42999267578125,25.0
no_log,3407,1,2019,2012,2019,2020,2019,diplomacy,221.33908081054688,333.0,-28.660919189453125,83.0
no_log,3407,1,2019,2012,2019,2020,2019,mental,184.9066619873047,344.0,-63.09333801269531,96.0
no_log,3407,1,2019,2012,2019,2020,2019,丝绸之路,228.7019805908203,434.0,-18.298019409179688,187.0
no_log,3407,1,2019,2012,2019,2020,2019,post,220.84376525878906,341.0,-24.156234741210938,96.0
no_log,3407,1,2019,2012,2019,2020,2019,formation,194.889892578125,316.0,-49.110107421875,72.0
no_log,3407,1,2019,2012,2019,2020,2019,游客,223.6377716064453,304.0,-20.362228393554688,60.0
no_log,3407,1,2019,2012,2019,2020,2019,branding,226.5463409423828,239.0,-13.453659057617188,-1.0
no_log,3407,1,2019,2012,2019,2020,2019,relations,208.8856658935547,247.0,-31.114334106445312,7.0
no_log,3407,1,2019,2012,2019,2020,2019,place,215.991943359375,285.0,-22.008056640625,47.0
no_log,3407,1,2019,2012,2019,2020,2019,role,186.46861267089844,315.0,-50.53138732910156,78.0
no_log,3407,1,2019,2012,2019,2020,2019,conflict,210.4468994140625,255.0,-25.5531005859375,19.0
no_log,3407,1,2019,2012,2019,2020,2019,案例研究,172.13938903808594,237.0,-63.86061096191406,1.0
no_log,3407,1,2019,2012,2019,2020,2019,原真性,215.4854278564453,264.0,-12.514572143554688,36.0
no_log,3407,1,2019,2012,2019,2020,2019,time,214.0612030029297,382.0,-12.938796997070312,155.0
no_log,3407,1,2019,2012,2019,2020,2019,product,167.267822265625,212.0,-57.732177734375,-13.0
no_log,3407,1,2019,2012,2019,2020,2019,africa,195.8712158203125,227.0,-23.1287841796875,8.0
no_log,3407,1,2019,2012,2019,2020,2019,sites,218.06739807128906,246.0,0.0673980712890625,28.0
no_log,3407,1,2019,2012,2019,2020,2019,language,171.38998413085938,220.0,-39.610015869140625,9.0
no_log,3407,1,2019,2012,2019,2020,2019,brand,211.27633666992188,233.0,3.276336669921875,25.0
no_log,3407,1,2019,2012,2019,2020,2019,silk,212.57435607910156,373.0,8.574356079101562,169.0
no_log,3407,1,2019,2012,2019,2020,2019,plan,175.29156494140625,213.0,-26.70843505859375,11.0
no_log,3407,1,2019,2012,2019,2020,2019,可持续发展,180.0032501220703,212.0,-17.996749877929688,14.0
no_log,3407,1,2019,2012,2019,2020,2019,the middle east,209.12770080566406,221.0,13.127700805664062,25.0
no_log,3407,1,2019,2012,2019,2020,2019,carrying,204.9633331298828,211.0,9.963333129882812,16.0
no_log,3407,1,2019,2012,2019,2020,2019,效果,175.13172912597656,271.0,-19.868270874023438,76.0
no_log,3407,1,2019,2012,2019,2020,2019,分析,166.9801788330078,212.0,-25.019821166992188,20.0
no_log,3407,1,2019,2012,2019,2020,2019,reality,200.9351043701172,209.0,9.935104370117188,18.0
no_log,3407,1,2019,2012,2019,2020,2019,content,205.52862548828125,210.0,15.52862548828125,20.0
no_log,3407,1,2019,2012,2019,2020,2019,middle east,206.2777099609375,203.0,17.2777099609375,14.0
no_log,3407,1,2019,2012,2019,2020,2019,服务,173.72994995117188,179.0,-14.270050048828125,-9.0
no_log,3407,1,2019,2012,2019,2020,2019,source,184.1068572998047,213.0,-2.8931427001953125,26.0
no_log,3407,1,2019,2012,2019,2020,2019,carrying capacity,201.3433837890625,202.0,15.3433837890625,16.0
no_log,3407,1,2019,2012,2019,2020,2019,数字,161.2204132080078,322.0,-23.779586791992188,137.0
no_log,3407,1,2019,2012,2019,2020,2019,in the middle,203.12283325195312,190.0,21.122833251953125,8.0
no_log,3407,1,2019,2012,2019,2020,2019,系统综述,176.60675048828125,222.0,-5.39324951171875,40.0
no_log,3407,1,2019,2012,2019,2020,2019,实践,167.00294494628906,169.0,-10.997055053710938,-9.0
no_log,3407,1,2019,2012,2019,2020,2019,graph,151.15953063964844,179.0,-24.840469360351562,3.0
no_log,3407,1,2019,2012,2019,2020,2019,outbound,183.3497314453125,176.0,7.3497314453125,0.0
no_log,3407,1,2019,2012,2019,2020,2019,语境,171.62550354003906,209.0,-3.3744964599609375,34.0
no_log,3407,1,2019,2012,2019,2020,2019,框架,151.1620330810547,221.0,-20.837966918945312,49.0
no_log,3407,1,2019,2012,2019,2020,2019,al jazeera,194.632080078125,181.0,23.632080078125,10.0
no_log,3407,1,2019,2012,2019,2020,2019,jazeera,194.632080078125,181.0,23.632080078125,10.0
no_log,3407,1,2019,2012,2019,2020,2019,流程,153.08546447753906,194.0,-15.914535522460938,25.0
no_log,3407,1,2019,2012,2019,2020,2019,belt,184.1124267578125,236.0,18.1124267578125,70.0
no_log,3407,1,2019,2012,2019,2020,2019,in the middle east,194.3585205078125,181.0,29.3585205078125,16.0
no_log,3407,1,2019,2012,2019,2020,2019,政策,178.05316162109375,161.0,13.05316162109375,-4.0
no_log,3407,1,2019,2012,2019,2020,2019,软实力,193.78993225097656,175.0,28.789932250976562,10.0
no_log,3407,1,2019,2012,2019,2020,2019,marketing,165.6964111328125,217.0,1.6964111328125,53.0
no_log,3407,1,2019,2012,2019,2020,2019,religious,177.29605102539062,153.0,14.296051025390625,-10.0
no_log,3407,1,2019,2012,2019,2020,2019,country,178.48580932617188,144.0,16.485809326171875,-18.0
no_log,3407,1,2019,2012,2019,2020,2019,islam,155.56015014648438,166.0,-6.439849853515625,4.0
no_log,3407,1,2019,2012,2019,2020,2019,urban,159.5752410888672,187.0,-2.4247589111328125,25.0
no_log,3407,3,2019,2012,2019,2022,2019,旅游,138.66043090820312,4242.0,-2892.339569091797,1211.0
no_log,3407,3,2019,2012,2019,2022,2019,tour,138.66346740722656,3857.0,-2754.3365325927734,964.0
no_log,3407,3,2019,2012,2019,2022,2019,文化,138.73460388183594,2521.0,-1565.265396118164,817.0
no_log,3407,3,2019,2012,2019,2022,2019,nation,138.70614624023438,2266.0,-1344.2938537597656,783.0
no_log,3407,3,2019,2012,2019,2022,2019,遗产,138.69796752929688,1698.0,-1212.3020324707031,347.0
no_log,3407,3,2019,2012,2019,2022,2019,阿拉伯,138.238525390625,784.0,-691.761474609375,-46.0
no_log,3407,3,2019,2012,2019,2022,2019,发展,138.10423278808594,907.0,-617.8957672119141,151.0
no_log,3407,3,2019,2012,2019,2022,2019,目的地,138.10630798339844,1036.0,-546.8936920166016,351.0
no_log,3407,3,2019,2012,2019,2022,2019,world,138.04693603515625,627.0,-545.9530639648438,-57.0
no_log,3407,3,2019,2012,2019,2022,2019,view,137.0831756591797,1100.0,-534.9168243408203,428.0
no_log,3407,3,2019,2012,2019,2022,2019,rate,137.70924377441406,894.0,-498.29075622558594,258.0
no_log,3407,3,2019,2012,2019,2022,2019,city,137.7069091796875,755.0,-497.2930908203125,120.0
no_log,3407,3,2019,2012,2019,2022,2019,研究,136.7783966064453,901.0,-457.2216033935547,307.0
no_log,3407,3,2019,2012,2019,2022,2019,艺术,134.6445770263672,992.0,-426.3554229736328,431.0
no_log,3407,3,2019,2012,2019,2022,2019,site,137.40869140625,670.0,-416.59130859375,116.0
no_log,3407,3,2019,2012,2019,2022,2019,image,137.05429077148438,783.0,-399.9457092285156,246.0
no_log,3407,3,2019,2012,2019,2022,2019,社会,135.85302734375,727.0,-387.14697265625,204.0
no_log,3407,3,2019,2012,2019,2022,2019,media,136.20877075195312,588.0,-381.7912292480469,70.0
no_log,3407,3,2019,2012,2019,2022,2019,search,136.27430725097656,797.0,-380.72569274902344,280.0
no_log,3407,3,2019,2012,2019,2022,2019,work,134.39500427246094,623.0,-359.60499572753906,129.0
no_log,3407,3,2019,2012,2019,2022,2019,中国,135.04464721679688,600.0,-261.9553527832031,203.0
no_log,3407,3,2019,2012,2019,2022,2019,国家,134.89627075195312,523.0,-258.1037292480469,130.0
no_log,3407,3,2019,2012,2019,2022,2019,影响,132.72271728515625,563.0,-237.27728271484375,193.0
no_log,3407,3,2019,2012,2019,2022,2019,挑战,134.20730590820312,597.0,-235.79269409179688,227.0
no_log,3407,3,2019,2012,2019,2022,2019,text,133.07310485839844,565.0,-229.92689514160156,202.0
no_log,3407,3,2019,2012,2019,2022,2019,challenges,133.59693908691406,553.0,-211.40306091308594,208.0
no_log,3407,3,2019,2012,2019,2022,2019,east,134.4197998046875,419.0,-197.5802001953125,87.0
no_log,3407,3,2019,2012,2019,2022,2019,gene,133.36721801757812,406.0,-194.63278198242188,78.0
no_log,3407,3,2019,2012,2019,2022,2019,chinese,133.99847412109375,325.0,-193.00152587890625,-2.0
no_log,3407,3,2019,2012,2019,2022,2019,land,132.91578674316406,380.0,-194.08421325683594,53.0
no_log,3407,3,2019,2012,2019,2022,2019,社交媒体,133.14854431152344,452.0,-184.85145568847656,134.0
no_log,3407,3,2019,2012,2019,2022,2019,应用,131.79209899902344,470.0,-185.20790100097656,153.0
no_log,3407,3,2019,2012,2019,2022,2019,power,133.51844787597656,334.0,-176.48155212402344,24.0
no_log,3407,3,2019,2012,2019,2022,2019,可持续,132.65101623535156,443.0,-177.34898376464844,133.0
no_log,3407,3,2019,2012,2019,2022,2019,经济,130.05557250976562,467.0,-179.94442749023438,157.0
no_log,3407,3,2019,2012,2019,2022,2019,road,133.15330505371094,555.0,-161.84669494628906,260.0
no_log,3407,3,2019,2012,2019,2022,2019,经验,131.91839599609375,403.0,-163.08160400390625,108.0
no_log,3407,3,2019,2012,2019,2022,2019,管理,128.9757537841797,413.0,-159.0242462158203,125.0
no_log,3407,3,2019,2012,2019,2022,2019,全球,129.39878845214844,377.0,-156.60121154785156,91.0
no_log,3407,3,2019,2012,2019,2022,2019,学习,129.36817932128906,564.0,-150.63182067871094,284.0
no_log,3407,3,2019,2012,2019,2022,2019,change,131.1508331298828,386.0,-146.8491668701172,108.0
no_log,3407,3,2019,2012,2019,2022,2019,视角,129.9540557861328,504.0,-145.0459442138672,229.0
no_log,3407,3,2019,2012,2019,2022,2019,遗产旅行,132.70912170410156,324.0,-139.29087829589844,52.0
no_log,3407,3,2019,2012,2019,2022,2019,地方,130.1864013671875,271.0,-131.8135986328125,9.0
no_log,3407,3,2019,2012,2019,2022,2019,soft,131.93304443359375,268.0,-128.06695556640625,8.0
no_log,3407,3,2019,2012,2019,2022,2019,action,128.19061279296875,281.0,-128.80938720703125,24.0
no_log,3407,3,2019,2012,2019,2022,2019,real,130.01876831054688,378.0,-121.98123168945312,126.0
no_log,3407,3,2019,2012,2019,2022,2019,state,128.2421875,261.0,-123.7578125,9.0
no_log,3407,3,2019,2012,2019,2022,2019,diplomacy,130.3005828857422,422.0,-119.69941711425781,172.0
no_log,3407,3,2019,2012,2019,2022,2019,mental,125.52003479003906,323.0,-122.47996520996094,75.0
no_log,3407,3,2019,2012,2019,2022,2019,丝绸之路,131.37942504882812,543.0,-115.62057495117188,296.0
no_log,3407,3,2019,2012,2019,2022,2019,post,130.60108947753906,461.0,-114.39891052246094,216.0
no_log,3407,3,2019,2012,2019,2022,2019,formation,127.01347351074219,430.0,-116.98652648925781,186.0
no_log,3407,3,2019,2012,2019,2022,2019,游客,130.9650421142578,347.0,-113.03495788574219,103.0
no_log,3407,3,2019,2012,2019,2022,2019,branding,131.37025451660156,366.0,-108.62974548339844,126.0
no_log,3407,3,2019,2012,2019,2022,2019,relations,128.97640991210938,183.0,-111.02359008789062,-57.0
no_log,3407,3,2019,2012,2019,2022,2019,place,129.97166442871094,252.0,-108.02833557128906,14.0
no_log,3407,3,2019,2012,2019,2022,2019,role,125.71083068847656,445.0,-111.28916931152344,208.0
no_log,3407,3,2019,2012,2019,2022,2019,conflict,129.07586669921875,245.0,-106.92413330078125,9.0
no_log,3407,3,2019,2012,2019,2022,2019,案例研究,123.2356948852539,228.0,-112.7643051147461,-8.0
no_log,3407,3,2019,2012,2019,2022,2019,原真性,129.6830596923828,418.0,-98.31694030761719,190.0
no_log,3407,3,2019,2012,2019,2022,2019,time,129.1617889404297,443.0,-97.83821105957031,216.0
no_log,3407,3,2019,2012,2019,2022,2019,product,122.29080200195312,226.0,-102.70919799804688,1.0
no_log,3407,3,2019,2012,2019,2022,2019,africa,127.05106353759766,242.0,-91.94893646240234,23.0
no_log,3407,3,2019,2012,2019,2022,2019,sites,129.80633544921875,289.0,-88.19366455078125,71.0
no_log,3407,3,2019,2012,2019,2022,2019,language,122.98385620117188,215.0,-88.01614379882812,4.0
no_log,3407,3,2019,2012,2019,2022,2019,brand,129.15553283691406,328.0,-78.84446716308594,120.0
no_log,3407,3,2019,2012,2019,2022,2019,silk,129.0218505859375,466.0,-74.9781494140625,262.0
no_log,3407,3,2019,2012,2019,2022,2019,plan,123.60987854003906,244.0,-78.39012145996094,42.0
no_log,3407,3,2019,2012,2019,2022,2019,可持续发展,124.38272094726562,279.0,-73.61727905273438,81.0
no_log,3407,3,2019,2012,2019,2022,2019,the middle east,128.98617553710938,236.0,-67.01382446289062,40.0
no_log,3407,3,2019,2012,2019,2022,2019,carrying,128.21096801757812,93.0,-66.78903198242188,-102.0
no_log,3407,3,2019,2012,2019,2022,2019,效果,123.5106201171875,328.0,-71.4893798828125,133.0
no_log,3407,3,2019,2012,2019,2022,2019,分析,121.99993896484375,212.0,-70.00006103515625,20.0
no_log,3407,3,2019,2012,2019,2022,2019,reality,127.46176147460938,256.0,-63.538238525390625,65.0
no_log,3407,3,2019,2012,2019,2022,2019,content,128.23329162597656,255.0,-61.76670837402344,65.0
no_log,3407,3,2019,2012,2019,2022,2019,middle east,128.52842712402344,197.0,-60.47157287597656,8.0
no_log,3407,3,2019,2012,2019,2022,2019,服务,123.20661926269531,153.0,-64.79338073730469,-35.0
no_log,3407,3,2019,2012,2019,2022,2019,source,124.9648208618164,163.0,-62.035179138183594,-24.0
no_log,3407,3,2019,2012,2019,2022,2019,carrying capacity,127.63854217529297,84.0,-58.36145782470703,-102.0
no_log,3407,3,2019,2012,2019,2022,2019,数字,120.87823486328125,626.0,-64.12176513671875,441.0
no_log,3407,3,2019,2012,2019,2022,2019,in the middle,127.99442291259766,174.0,-54.005577087402344,-8.0
no_log,3407,3,2019,2012,2019,2022,2019,系统综述,123.66429901123047,229.0,-58.33570098876953,47.0
no_log,3407,3,2019,2012,2019,2022,2019,实践,121.93597412109375,230.0,-56.06402587890625,52.0
no_log,3407,3,2019,2012,2019,2022,2019,graph,118.6489486694336,223.0,-57.351051330566406,47.0
no_log,3407,3,2019,2012,2019,2022,2019,outbound,124.73250579833984,108.0,-51.267494201660156,-68.0
no_log,3407,3,2019,2012,2019,2022,2019,语境,122.7361831665039,258.0,-52.263816833496094,83.0
no_log,3407,3,2019,2012,2019,2022,2019,框架,118.66974639892578,263.0,-53.33025360107422,91.0
no_log,3407,3,2019,2012,2019,2022,2019,al jazeera,126.2602310180664,138.0,-44.739768981933594,-33.0
no_log,3407,3,2019,2012,2019,2022,2019,jazeera,126.2602310180664,138.0,-44.739768981933594,-33.0
no_log,3407,3,2019,2012,2019,2022,2019,流程,119.07854461669922,221.0,-49.92145538330078,52.0
no_log,3407,3,2019,2012,2019,2022,2019,belt,124.46475219726562,328.0,-41.535247802734375,162.0
no_log,3407,3,2019,2012,2019,2022,2019,in the middle east,126.59442138671875,190.0,-38.40557861328125,25.0
no_log,3407,3,2019,2012,2019,2022,2019,政策,123.82302856445312,255.0,-41.176971435546875,90.0
no_log,3407,3,2019,2012,2019,2022,2019,软实力,126.27095031738281,177.0,-38.72904968261719,12.0
no_log,3407,3,2019,2012,2019,2022,2019,marketing,121.57437133789062,345.0,-42.425628662109375,181.0
no_log,3407,3,2019,2012,2019,2022,2019,religious,123.51606750488281,227.0,-39.48393249511719,64.0
no_log,3407,3,2019,2012,2019,2022,2019,country,123.82424926757812,254.0,-38.175750732421875,92.0
no_log,3407,3,2019,2012,2019,2022,2019,islam,119.49290466308594,119.0,-42.50709533691406,-43.0
no_log,3407,3,2019,2012,2019,2022,2019,urban,120.38679504394531,252.0,-41.61320495605469,90.0
no_log,3407,5,2019,2012,2019,2024,2019,旅游,124.77394104003906,5508.0,-2906.226058959961,2477.0
no_log,3407,5,2019,2012,2019,2024,2019,tour,124.77621459960938,4819.0,-2768.2237854003906,1926.0
no_log,3407,5,2019,2012,2019,2024,2019,文化,124.83165740966797,3099.0,-1579.168342590332,1395.0
no_log,3407,5,2019,2012,2019,2024,2019,nation,124.82328033447266,2652.0,-1358.1767196655273,1169.0
no_log,3407,5,2019,2012,2019,2024,2019,遗产,124.81669616699219,1984.0,-1226.1833038330078,633.0
no_log,3407,5,2019,2012,2019,2024,2019,阿拉伯,124.61430358886719,1033.0,-705.3856964111328,203.0
no_log,3407,5,2019,2012,2019,2024,2019,发展,124.55612182617188,1136.0,-631.4438781738281,380.0
no_log,3407,5,2019,2012,2019,2024,2019,目的地,124.5579833984375,1258.0,-560.4420166015625,573.0
no_log,3407,5,2019,2012,2019,2024,2019,world,124.53056335449219,645.0,-559.4694366455078,-39.0
no_log,3407,5,2019,2012,2019,2024,2019,view,124.11231231689453,1119.0,-547.8876876831055,447.0
no_log,3407,5,2019,2012,2019,2024,2019,rate,124.37625122070312,1324.0,-511.6237487792969,688.0
no_log,3407,5,2019,2012,2019,2024,2019,city,124.37317657470703,938.0,-510.62682342529297,303.0
no_log,3407,5,2019,2012,2019,2024,2019,研究,123.97223663330078,1258.0,-470.0277633666992,664.0
no_log,3407,5,2019,2012,2019,2024,2019,艺术,123.06700134277344,1274.0,-437.93299865722656,713.0
no_log,3407,5,2019,2012,2019,2024,2019,site,124.24179077148438,537.0,-429.7582092285156,-17.0
no_log,3407,5,2019,2012,2019,2024,2019,image,124.07894897460938,952.0,-412.9210510253906,415.0
no_log,3407,5,2019,2012,2019,2024,2019,社会,123.56087493896484,939.0,-399.43912506103516,416.0
no_log,3407,5,2019,2012,2019,2024,2019,media,123.70938873291016,821.0,-394.29061126708984,303.0
no_log,3407,5,2019,2012,2019,2024,2019,search,123.74103546142578,976.0,-393.2589645385742,459.0
no_log,3407,5,2019,2012,2019,2024,2019,work,122.93317413330078,684.0,-371.0668258666992,190.0
no_log,3407,5,2019,2012,2019,2024,2019,中国,123.17738342285156,774.0,-273.82261657714844,377.0
no_log,3407,5,2019,2012,2019,2024,2019,国家,123.11031341552734,564.0,-269.88968658447266,171.0
no_log,3407,5,2019,2012,2019,2024,2019,影响,122.14960479736328,699.0,-247.85039520263672,329.0
no_log,3407,5,2019,2012,2019,2024,2019,挑战,122.80338287353516,666.0,-247.19661712646484,296.0
no_log,3407,5,2019,2012,2019,2024,2019,text,122.30099487304688,804.0,-240.69900512695312,441.0
no_log,3407,5,2019,2012,2019,2024,2019,challenges,122.52944946289062,633.0,-222.47055053710938,288.0
no_log,3407,5,2019,2012,2019,2024,2019,east,122.8892593383789,343.0,-209.1107406616211,11.0
no_log,3407,5,2019,2012,2019,2024,2019,gene,122.41859436035156,796.0,-205.58140563964844,468.0
no_log,3407,5,2019,2012,2019,2024,2019,chinese,122.69322204589844,424.0,-204.30677795410156,97.0
no_log,3407,5,2019,2012,2019,2024,2019,land,122.2236328125,340.0,-204.7763671875,13.0
no_log,3407,5,2019,2012,2019,2024,2019,社交媒体,122.32601165771484,677.0,-195.67398834228516,359.0
no_log,3407,5,2019,2012,2019,2024,2019,应用,121.72621154785156,495.0,-195.27378845214844,178.0
no_log,3407,5,2019,2012,2019,2024,2019,power,122.48551940917969,386.0,-187.5144805908203,76.0
no_log,3407,5,2019,2012,2019,2024,2019,可持续,122.10053253173828,589.0,-187.89946746826172,279.0
no_log,3407,5,2019,2012,2019,2024,2019,经济,120.94892120361328,564.0,-189.05107879638672,254.0
no_log,3407,5,2019,2012,2019,2024,2019,road,122.3138427734375,490.0,-172.6861572265625,195.0
no_log,3407,5,2019,2012,2019,2024,2019,经验,121.778564453125,473.0,-173.221435546875,178.0
no_log,3407,5,2019,2012,2019,2024,2019,管理,120.4609603881836,480.0,-167.5390396118164,192.0
no_log,3407,5,2019,2012,2019,2024,2019,全球,120.65472412109375,358.0,-165.34527587890625,72.0
no_log,3407,5,2019,2012,2019,2024,2019,学习,120.63585662841797,568.0,-159.36414337158203,288.0
no_log,3407,5,2019,2012,2019,2024,2019,change,121.43791198730469,426.0,-156.5620880126953,148.0
no_log,3407,5,2019,2012,2019,2024,2019,视角,120.8968276977539,668.0,-154.1031723022461,393.0
no_log,3407,5,2019,2012,2019,2024,2019,遗产旅行,122.12476348876953,378.0,-149.87523651123047,106.0
no_log,3407,5,2019,2012,2019,2024,2019,地方,121.00053405761719,273.0,-140.9994659423828,11.0
no_log,3407,5,2019,2012,2019,2024,2019,soft,121.77739715576172,276.0,-138.22260284423828,16.0
no_log,3407,5,2019,2012,2019,2024,2019,action,120.09795379638672,350.0,-136.90204620361328,93.0
no_log,3407,5,2019,2012,2019,2024,2019,real,120.93135070800781,541.0,-131.0686492919922,289.0
no_log,3407,5,2019,2012,2019,2024,2019,state,120.13565063476562,305.0,-131.86434936523438,53.0
no_log,3407,5,2019,2012,2019,2024,2019,diplomacy,121.03031921386719,494.0,-128.9696807861328,244.0
no_log,3407,5,2019,2012,2019,2024,2019,mental,118.90504455566406,264.0,-129.09495544433594,16.0
no_log,3407,5,2019,2012,2019,2024,2019,丝绸之路,121.51622772216797,522.0,-125.48377227783203,275.0
no_log,3407,5,2019,2012,2019,2024,2019,post,121.193359375,546.0,-123.806640625,301.0
no_log,3407,5,2019,2012,2019,2024,2019,formation,119.58536529541016,506.0,-124.41463470458984,262.0
no_log,3407,5,2019,2012,2019,2024,2019,游客,121.34979248046875,376.0,-122.65020751953125,132.0
no_log,3407,5,2019,2012,2019,2024,2019,branding,121.52803039550781,314.0,-118.47196960449219,74.0
no_log,3407,5,2019,2012,2019,2024,2019,relations,120.47034454345703,179.0,-119.52965545654297,-61.0
no_log,3407,5,2019,2012,2019,2024,2019,place,120.89955139160156,221.0,-117.10044860839844,-17.0
no_log,3407,5,2019,2012,2019,2024,2019,role,118.99932098388672,649.0,-118.00067901611328,412.0
no_log,3407,5,2019,2012,2019,2024,2019,conflict,120.50911712646484,174.0,-115.49088287353516,-62.0
no_log,3407,5,2019,2012,2019,2024,2019,案例研究,117.86149597167969,316.0,-118.13850402832031,80.0
no_log,3407,5,2019,2012,2019,2024,2019,原真性,120.78507995605469,445.0,-107.21492004394531,217.0
no_log,3407,5,2019,2012,2019,2024,2019,time,120.52265167236328,391.0,-106.47734832763672,164.0
no_log,3407,5,2019,2012,2019,2024,2019,product,117.44763946533203,334.0,-107.55236053466797,109.0
no_log,3407,5,2019,2012,2019,2024,2019,africa,119.6200180053711,242.0,-99.3799819946289,23.0
no_log,3407,5,2019,2012,2019,2024,2019,sites,120.821044921875,210.0,-97.178955078125,-8.0
no_log,3407,5,2019,2012,2019,2024,2019,language,117.781494140625,369.0,-93.218505859375,158.0
no_log,3407,5,2019,2012,2019,2024,2019,brand,120.55184936523438,297.0,-87.44815063476562,89.0
no_log,3407,5,2019,2012,2019,2024,2019,silk,120.48081970214844,429.0,-83.51918029785156,225.0
no_log,3407,5,2019,2012,2019,2024,2019,plan,118.0771255493164,254.0,-83.9228744506836,52.0
no_log,3407,5,2019,2012,2019,2024,2019,可持续发展,118.4308853149414,371.0,-79.5691146850586,173.0
no_log,3407,5,2019,2012,2019,2024,2019,the middle east,120.51338958740234,129.0,-75.48661041259766,-67.0
no_log,3407,5,2019,2012,2019,2024,2019,carrying,120.13847351074219,81.0,-74.86152648925781,-114.0
no_log,3407,5,2019,2012,2019,2024,2019,效果,118.04286193847656,339.0,-76.95713806152344,144.0
no_log,3407,5,2019,2012,2019,2024,2019,分析,117.3516845703125,253.0,-74.6483154296875,61.0
no_log,3407,5,2019,2012,2019,2024,2019,reality,119.81624603271484,383.0,-71.18375396728516,192.0
no_log,3407,5,2019,2012,2019,2024,2019,content,120.15481567382812,369.0,-69.84518432617188,179.0
no_log,3407,5,2019,2012,2019,2024,2019,middle east,120.31509399414062,79.0,-68.68490600585938,-110.0
no_log,3407,5,2019,2012,2019,2024,2019,服务,117.91424560546875,317.0,-70.08575439453125,129.0
no_log,3407,5,2019,2012,2019,2024,2019,source,118.70770263671875,163.0,-68.29229736328125,-24.0
no_log,3407,5,2019,2012,2019,2024,2019,carrying capacity,119.89160919189453,81.0,-66.10839080810547,-105.0
no_log,3407,5,2019,2012,2019,2024,2019,数字,116.85709381103516,985.0,-68.14290618896484,800.0
no_log,3407,5,2019,2012,2019,2024,2019,in the middle,120.07879638671875,90.0,-61.92120361328125,-92.0
no_log,3407,5,2019,2012,2019,2024,2019,系统综述,118.1267318725586,195.0,-63.873268127441406,13.0
no_log,3407,5,2019,2012,2019,2024,2019,实践,117.35545349121094,227.0,-60.64454650878906,49.0
no_log,3407,5,2019,2012,2019,2024,2019,graph,115.83981323242188,396.0,-60.160186767578125,220.0
no_log,3407,5,2019,2012,2019,2024,2019,outbound,118.59368896484375,54.0,-57.40631103515625,-122.0
no_log,3407,5,2019,2012,2019,2024,2019,语境,117.7196044921875,281.0,-57.2803955078125,106.0
no_log,3407,5,2019,2012,2019,2024,2019,框架,115.86726379394531,335.0,-56.13273620605469,163.0
no_log,3407,5,2019,2012,2019,2024,2019,al jazeera,119.28714752197266,48.0,-51.712852478027344,-123.0
no_log,3407,5,2019,2012,2019,2024,2019,jazeera,119.28714752197266,65.0,-51.712852478027344,-106.0
no_log,3407,5,2019,2012,2019,2024,2019,流程,116.0682144165039,180.0,-52.931785583496094,11.0
no_log,3407,5,2019,2012,2019,2024,2019,belt,118.48462677001953,269.0,-47.51537322998047,103.0
no_log,3407,5,2019,2012,2019,2024,2019,in the middle east,119.48070526123047,97.0,-45.51929473876953,-68.0
no_log,3407,5,2019,2012,2019,2024,2019,政策,118.22824096679688,254.0,-46.771759033203125,89.0
no_log,3407,5,2019,2012,2019,2024,2019,软实力,119.30382537841797,175.0,-45.69617462158203,10.0
no_log,3407,5,2019,2012,2019,2024,2019,marketing,117.21038055419922,544.0,-46.78961944580078,380.0
no_log,3407,5,2019,2012,2019,2024,2019,religious,118.0808334350586,247.0,-44.919166564941406,84.0
no_log,3407,5,2019,2012,2019,2024,2019,country,118.22982788085938,255.0,-43.770172119140625,93.0
no_log,3407,5,2019,2012,2019,2024,2019,islam,116.27894592285156,102.0,-45.72105407714844,-60.0
no_log,3407,5,2019,2012,2019,2024,2019,urban,116.67743682861328,255.0,-45.32256317138672,93.0
no_log,7777,1,2019,2012,2019,2020,2019,旅游,236.1427764892578,3486.0,-2794.857223510742,455.0
no_log,7777,1,2019,2012,2019,2020,2019,tour,235.88746643066406,3300.0,-2657.112533569336,407.0
no_log,7777,1,2019,2012,2019,2020,2019,文化,250.09886169433594,2014.0,-1453.901138305664,310.0
no_log,7777,1,2019,2012,2019,2020,2019,nation,246.1720733642578,1766.0,-1236.8279266357422,283.0
no_log,7777,1,2019,2012,2019,2020,2019,遗产,248.48733520507812,1587.0,-1102.5126647949219,236.0
no_log,7777,1,2019,2012,2019,2020,2019,阿拉伯,249.6709442138672,881.0,-580.3290557861328,51.0
no_log,7777,1,2019,2012,2019,2020,2019,发展,248.9325714111328,899.0,-507.0674285888672,143.0
no_log,7777,1,2019,2012,2019,2020,2019,目的地,245.15504455566406,794.0,-439.84495544433594,109.0
no_log,7777,1,2019,2012,2019,2020,2019,world,246.898193359375,786.0,-437.101806640625,102.0
no_log,7777,1,2019,2012,2019,2020,2019,view,247.89414978027344,905.0,-424.10585021972656,233.0
no_log,7777,1,2019,2012,2019,2020,2019,rate,247.7197265625,683.0,-388.2802734375,47.0
no_log,7777,1,2019,2012,2019,2020,2019,city,247.29693603515625,681.0,-387.70306396484375,46.0
no_log,7777,1,2019,2012,2019,2020,2019,研究,243.8630828857422,734.0,-350.1369171142578,140.0
no_log,7777,1,2019,2012,2019,2020,2019,艺术,236.5042724609375,646.0,-324.4957275390625,85.0
no_log,7777,1,2019,2012,2019,2020,2019,site,243.71884155273438,657.0,-310.2811584472656,103.0
no_log,7777,1,2019,2012,2019,2020,2019,image,245.47642517089844,662.0,-291.52357482910156,125.0
no_log,7777,1,2019,2012,2019,2020,2019,社会,241.7819366455078,616.0,-281.2180633544922,93.0
no_log,7777,1,2019,2012,2019,2020,2019,media,243.6243438720703,576.0,-274.3756561279297,58.0
no_log,7777,1,2019,2012,2019,2020,2019,search,240.4961700439453,632.0,-276.5038299560547,115.0
no_log,7777,1,2019,2012,2019,2020,2019,work,236.33377075195312,529.0,-257.6662292480469,35.0
no_log,7777,1,2019,2012,2019,2020,2019,中国,235.83604431152344,537.0,-161.16395568847656,140.0
no_log,7777,1,2019,2012,2019,2020,2019,国家,236.90847778320312,492.0,-156.09152221679688,99.0
no_log,7777,1,2019,2012,2019,2020,2019,影响,228.1602783203125,466.0,-141.8397216796875,96.0
no_log,7777,1,2019,2012,2019,2020,2019,挑战,234.1682586669922,476.0,-135.8317413330078,106.0
no_log,7777,1,2019,2012,2019,2020,2019,text,229.18765258789062,415.0,-133.81234741210938,52.0
no_log,7777,1,2019,2012,2019,2020,2019,challenges,231.32736206054688,451.0,-113.67263793945312,106.0
no_log,7777,1,2019,2012,2019,2020,2019,east,224.02545166015625,405.0,-107.97454833984375,73.0
no_log,7777,1,2019,2012,2019,2020,2019,gene,227.8679656982422,329.0,-100.13203430175781,1.0
no_log,7777,1,2019,2012,2019,2020,2019,chinese,228.9422149658203,359.0,-98.05778503417969,32.0
no_log,7777,1,2019,2012,2019,2020,2019,land,226.5062713623047,380.0,-100.49372863769531,53.0
no_log,7777,1,2019,2012,2019,2020,2019,社交媒体,228.56869506835938,379.0,-89.43130493164062,61.0
no_log,7777,1,2019,2012,2019,2020,2019,应用,224.57569885253906,336.0,-92.42430114746094,19.0
no_log,7777,1,2019,2012,2019,2020,2019,power,227.96278381347656,328.0,-82.03721618652344,18.0
no_log,7777,1,2019,2012,2019,2020,2019,可持续,224.2733612060547,389.0,-85.72663879394531,79.0
no_log,7777,1,2019,2012,2019,2020,2019,经济,218.99949645996094,346.0,-91.00050354003906,36.0
no_log,7777,1,2019,2012,2019,2020,2019,road,220.7847900390625,434.0,-74.2152099609375,139.0
no_log,7777,1,2019,2012,2019,2020,2019,经验,221.48818969726562,321.0,-73.51181030273438,26.0
no_log,7777,1,2019,2012,2019,2020,2019,管理,213.0941925048828,317.0,-74.90580749511719,29.0
no_log,7777,1,2019,2012,2019,2020,2019,全球,212.7650146484375,357.0,-73.2349853515625,71.0
no_log,7777,1,2019,2012,2019,2020,2019,学习,208.29437255859375,368.0,-71.70562744140625,88.0
no_log,7777,1,2019,2012,2019,2020,2019,change,219.8446807861328,327.0,-58.15531921386719,49.0
no_log,7777,1,2019,2012,2019,2020,2019,视角,215.8472442626953,368.0,-59.15275573730469,93.0
no_log,7777,1,2019,2012,2019,2020,2019,遗产旅行,219.60508728027344,285.0,-52.39491271972656,13.0
no_log,7777,1,2019,2012,2019,2020,2019,地方,214.18910217285156,319.0,-47.81089782714844,57.0
no_log,7777,1,2019,2012,2019,2020,2019,soft,220.2144012451172,313.0,-39.78559875488281,53.0
no_log,7777,1,2019,2012,2019,2020,2019,action,197.17080688476562,263.0,-59.829193115234375,6.0
no_log,7777,1,2019,2012,2019,2020,2019,real,214.84837341308594,322.0,-37.15162658691406,70.0
no_log,7777,1,2019,2012,2019,2020,2019,state,201.9008026123047,277.0,-50.09919738769531,25.0
no_log,7777,1,2019,2012,2019,2020,2019,diplomacy,205.9694061279297,333.0,-44.03059387207031,83.0
no_log,7777,1,2019,2012,2019,2020,2019,mental,201.65061950683594,344.0,-46.34938049316406,96.0
no_log,7777,1,2019,2012,2019,2020,2019,丝绸之路,210.75169372558594,434.0,-36.24830627441406,187.0
no_log,7777,1,2019,2012,2019,2020,2019,post,214.96432495117188,341.0,-30.035675048828125,96.0
no_log,7777,1,2019,2012,2019,2020,2019,formation,205.29330444335938,316.0,-38.706695556640625,72.0
no_log,7777,1,2019,2012,2019,2020,2019,游客,215.6217498779297,304.0,-28.378250122070312,60.0
no_log,7777,1,2019,2012,2019,2020,2019,branding,215.55931091308594,239.0,-24.440689086914062,-1.0
no_log,7777,1,2019,2012,2019,2020,2019,relations,210.62686157226562,247.0,-29.373138427734375,7.0
no_log,7777,1,2019,2012,2019,2020,2019,place,204.51589965820312,285.0,-33.484100341796875,47.0
no_log,7777,1,2019,2012,2019,2020,2019,role,201.0733642578125,315.0,-35.9266357421875,78.0
no_log,7777,1,2019,2012,2019,2020,2019,conflict,209.84597778320312,255.0,-26.154022216796875,19.0
no_log,7777,1,2019,2012,2019,2020,2019,案例研究,191.13400268554688,237.0,-44.865997314453125,1.0
no_log,7777,1,2019,2012,2019,2020,2019,原真性,209.8252716064453,264.0,-18.174728393554688,36.0
no_log,7777,1,2019,2012,2019,2020,2019,time,200.66600036621094,382.0,-26.333999633789062,155.0
no_log,7777,1,2019,2012,2019,2020,2019,product,185.2540740966797,212.0,-39.74592590332031,-13.0
no_log,7777,1,2019,2012,2019,2020,2019,africa,199.68435668945312,227.0,-19.315643310546875,8.0
no_log,7777,1,2019,2012,2019,2020,2019,sites,203.3522186279297,246.0,-14.647781372070312,28.0
no_log,7777,1,2019,2012,2019,2020,2019,language,176.3392333984375,220.0,-34.6607666015625,9.0
no_log,7777,1,2019,2012,2019,2020,2019,brand,204.4215545654297,233.0,-3.5784454345703125,25.0
no_log,7777,1,2019,2012,2019,2020,2019,silk,200.4554443359375,373.0,-3.5445556640625,169.0
no_log,7777,1,2019,2012,2019,2020,2019,plan,182.1670379638672,213.0,-19.832962036132812,11.0
no_log,7777,1,2019,2012,2019,2020,2019,可持续发展,190.5312957763672,212.0,-7.4687042236328125,14.0
no_log,7777,1,2019,2012,2019,2020,2019,the middle east,196.6003875732422,221.0,0.6003875732421875,25.0
no_log,7777,1,2019,2012,2019,2020,2019,carrying,198.16989135742188,211.0,3.169891357421875,16.0
no_log,7777,1,2019,2012,2019,2020,2019,效果,191.5115509033203,271.0,-3.4884490966796875,76.0
no_log,7777,1,2019,2012,2019,2020,2019,分析,185.48855590820312,212.0,-6.511444091796875,20.0
no_log,7777,1,2019,2012,2019,2020,2019,reality,199.28797912597656,209.0,8.287979125976562,18.0
no_log,7777,1,2019,2012,2019,2020,2019,content,200.95938110351562,210.0,10.959381103515625,20.0
no_log,7777,1,2019,2012,2019,2020,2019,middle east,194.61050415039062,203.0,5.610504150390625,14.0
no_log,7777,1,2019,2012,2019,2020,2019,服务,189.51524353027344,179.0,1.5152435302734375,-9.0
no_log,7777,1,2019,2012,2019,2020,2019,source,191.88076782226562,213.0,4.880767822265625,26.0
no_log,7777,1,2019,2012,2019,2020,2019,carrying capacity,195.32911682128906,202.0,9.329116821289062,16.0
no_log,7777,1,2019,2012,2019,2020,2019,数字,184.85865783691406,322.0,-0.1413421630859375,137.0
no_log,7777,1,2019,2012,2019,2020,2019,in the middle,192.88438415527344,190.0,10.884384155273438,8.0
no_log,7777,1,2019,2012,2019,2020,2019,系统综述,188.4769287109375,222.0,6.4769287109375,40.0
no_log,7777,1,2019,2012,2019,2020,2019,实践,185.0809326171875,169.0,7.0809326171875,-9.0
no_log,7777,1,2019,2012,2019,2020,2019,graph,177.40298461914062,179.0,1.402984619140625,3.0
no_log,7777,1,2019,2012,2019,2020,2019,outbound,164.36181640625,176.0,-11.63818359375,0.0
no_log,7777,1,2019,2012,2019,2020,2019,语境,185.6607666015625,209.0,10.6607666015625,34.0
no_log,7777,1,2019,2012,2019,2020,2019,框架,173.1207275390625,221.0,1.1207275390625,49.0
no_log,7777,1,2019,2012,2019,2020,2019,al jazeera,189.349609375,181.0,18.349609375,10.0
no_log,7777,1,2019,2012,2019,2020,2019,jazeera,189.349609375,181.0,18.349609375,10.0
no_log,7777,1,2019,2012,2019,2020,2019,流程,177.20046997070312,194.0,8.200469970703125,25.0
no_log,7777,1,2019,2012,2019,2020,2019,belt,182.0472869873047,236.0,16.047286987304688,70.0
no_log,7777,1,2019,2012,2019,2020,2019,in the middle east,185.26905822753906,181.0,20.269058227539062,16.0
no_log,7777,1,2019,2012,2019,2020,2019,政策,183.801513671875,161.0,18.801513671875,-4.0
no_log,7777,1,2019,2012,2019,2020,2019,软实力,190.08985900878906,175.0,25.089859008789062,10.0
no_log,7777,1,2019,2012,2019,2020,2019,marketing,178.9133758544922,217.0,14.913375854492188,53.0
no_log,7777,1,2019,2012,2019,2020,2019,religious,183.6371307373047,153.0,20.637130737304688,-10.0
no_log,7777,1,2019,2012,2019,2020,2019,country,184.6708526611328,144.0,22.670852661132812,-18.0
no_log,7777,1,2019,2012,2019,2020,2019,islam,172.5443115234375,166.0,10.5443115234375,4.0
no_log,7777,1,2019,2012,2019,2020,2019,urban,174.43116760253906,187.0,12.431167602539062,25.0
no_log,7777,3,2019,2012,2019,2022,2019,旅游,136.3522491455078,4242.0,-2894.647750854492,1211.0
no_log,7777,3,2019,2012,2019,2022,2019,tour,136.29034423828125,3857.0,-2756.7096557617188,964.0
no_log,7777,3,2019,2012,2019,2022,2019,文化,136.8301544189453,2521.0,-1567.1698455810547,817.0
no_log,7777,3,2019,2012,2019,2022,2019,nation,136.61399841308594,2266.0,-1346.386001586914,783.0
no_log,7777,3,2019,2012,2019,2022,2019,遗产,136.74249267578125,1698.0,-1214.2575073242188,347.0
no_log,7777,3,2019,2012,2019,2022,2019,阿拉伯,136.50100708007812,784.0,-693.4989929199219,-46.0
no_log,7777,3,2019,2012,2019,2022,2019,发展,136.68478393554688,907.0,-619.3152160644531,151.0
no_log,7777,3,2019,2012,2019,2022,2019,目的地,136.47315979003906,1036.0,-548.5268402099609,351.0
no_log,7777,3,2019,2012,2019,2022,2019,world,136.54708862304688,627.0,-547.4529113769531,-57.0
no_log,7777,3,2019,2012,2019,2022,2019,view,136.47659301757812,1100.0,-535.5234069824219,428.0
no_log,7777,3,2019,2012,2019,2022,2019,rate,136.44534301757812,894.0,-499.5546569824219,258.0
no_log,7777,3,2019,2012,2019,2022,2019,city,136.18008422851562,755.0,-498.8199157714844,120.0
no_log,7777,3,2019,2012,2019,2022,2019,研究,136.33831787109375,901.0,-457.66168212890625,307.0
no_log,7777,3,2019,2012,2019,2022,2019,艺术,135.8672332763672,992.0,-425.1327667236328,431.0
no_log,7777,3,2019,2012,2019,2022,2019,site,136.24461364746094,670.0,-417.75538635253906,116.0
no_log,7777,3,2019,2012,2019,2022,2019,image,136.10061645507812,783.0,-400.8993835449219,246.0
no_log,7777,3,2019,2012,2019,2022,2019,社会,135.41586303710938,727.0,-387.5841369628906,204.0
no_log,7777,3,2019,2012,2019,2022,2019,media,135.7074432373047,588.0,-382.2925567626953,70.0
no_log,7777,3,2019,2012,2019,2022,2019,search,136.02821350097656,797.0,-380.97178649902344,280.0
no_log,7777,3,2019,2012,2019,2022,2019,work,134.95899963378906,623.0,-359.04100036621094,129.0
no_log,7777,3,2019,2012,2019,2022,2019,中国,135.2228546142578,600.0,-261.7771453857422,203.0
no_log,7777,3,2019,2012,2019,2022,2019,国家,135.01715087890625,523.0,-257.98284912109375,130.0
no_log,7777,3,2019,2012,2019,2022,2019,影响,134.53558349609375,563.0,-235.46441650390625,193.0
no_log,7777,3,2019,2012,2019,2022,2019,挑战,134.5477752685547,597.0,-235.4522247314453,227.0
no_log,7777,3,2019,2012,2019,2022,2019,text,134.54434204101562,565.0,-228.45565795898438,202.0
no_log,7777,3,2019,2012,2019,2022,2019,challenges,134.2842254638672,553.0,-210.7157745361328,208.0
no_log,7777,3,2019,2012,2019,2022,2019,east,132.6853790283203,419.0,-199.3146209716797,87.0
no_log,7777,3,2019,2012,2019,2022,2019,gene,133.3000946044922,406.0,-194.6999053955078,78.0
no_log,7777,3,2019,2012,2019,2022,2019,chinese,133.4290771484375,325.0,-193.5709228515625,-2.0
no_log,7777,3,2019,2012,2019,2022,2019,land,133.1647491455078,380.0,-193.8352508544922,53.0
no_log,7777,3,2019,2012,2019,2022,2019,社交媒体,133.784423828125,452.0,-184.215576171875,134.0
no_log,7777,3,2019,2012,2019,2022,2019,应用,133.40347290039062,470.0,-183.59652709960938,153.0
no_log,7777,3,2019,2012,2019,2022,2019,power,134.0189971923828,334.0,-175.9810028076172,24.0
no_log,7777,3,2019,2012,2019,2022,2019,可持续,132.78707885742188,443.0,-177.21292114257812,133.0
no_log,7777,3,2019,2012,2019,2022,2019,经济,133.21832275390625,467.0,-176.78167724609375,157.0
no_log,7777,3,2019,2012,2019,2022,2019,road,133.4596405029297,555.0,-161.5403594970703,260.0
no_log,7777,3,2019,2012,2019,2022,2019,经验,132.46380615234375,403.0,-162.53619384765625,108.0
no_log,7777,3,2019,2012,2019,2022,2019,管理,132.6452178955078,413.0,-155.3547821044922,125.0
no_log,7777,3,2019,2012,2019,2022,2019,全球,131.35189819335938,377.0,-154.64810180664062,91.0
no_log,7777,3,2019,2012,2019,2022,2019,学习,132.1772918701172,564.0,-147.8227081298828,284.0
no_log,7777,3,2019,2012,2019,2022,2019,change,132.57272338867188,386.0,-145.42727661132812,108.0
no_log,7777,3,2019,2012,2019,2022,2019,视角,132.71031188964844,504.0,-142.28968811035156,229.0
no_log,7777,3,2019,2012,2019,2022,2019,遗产旅行,132.5975799560547,324.0,-139.4024200439453,52.0
no_log,7777,3,2019,2012,2019,2022,2019,地方,132.51904296875,271.0,-129.48095703125,9.0
no_log,7777,3,2019,2012,2019,2022,2019,soft,132.5326385498047,268.0,-127.46736145019531,8.0
no_log,7777,3,2019,2012,2019,2022,2019,action,128.52748107910156,281.0,-128.47251892089844,24.0
no_log,7777,3,2019,2012,2019,2022,2019,real,132.11660766601562,378.0,-119.88339233398438,126.0
no_log,7777,3,2019,2012,2019,2022,2019,state,129.33311462402344,261.0,-122.66688537597656,9.0
no_log,7777,3,2019,2012,2019,2022,2019,diplomacy,131.70115661621094,422.0,-118.29884338378906,172.0
no_log,7777,3,2019,2012,2019,2022,2019,mental,130.79722595214844,323.0,-117.20277404785156,75.0
no_log,7777,3,2019,2012,2019,2022,2019,丝绸之路,132.1292724609375,543.0,-114.8707275390625,296.0
no_log,7777,3,2019,2012,2019,2022,2019,post,131.7257080078125,461.0,-113.2742919921875,216.0
no_log,7777,3,2019,2012,2019,2022,2019,formation,131.32797241210938,430.0,-112.67202758789062,186.0
no_log,7777,3,2019,2012,2019,2022,2019,游客,131.7786865234375,347.0,-112.2213134765625,103.0
no_log,7777,3,2019,2012,2019,2022,2019,branding,132.15919494628906,366.0,-107.84080505371094,126.0
no_log,7777,3,2019,2012,2019,2022,2019,relations,131.43356323242188,183.0,-108.56643676757812,-57.0
no_log,7777,3,2019,2012,2019,2022,2019,place,129.78213500976562,252.0,-108.21786499023438,14.0
no_log,7777,3,2019,2012,2019,2022,2019,role,130.07650756835938,445.0,-106.92349243164062,208.0
no_log,7777,3,2019,2012,2019,2022,2019,conflict,131.71775817871094,245.0,-104.28224182128906,9.0
no_log,7777,3,2019,2012,2019,2022,2019,案例研究,127.84413146972656,228.0,-108.15586853027344,-8.0
no_log,7777,3,2019,2012,2019,2022,2019,原真性,131.677978515625,418.0,-96.322021484375,190.0
no_log,7777,3,2019,2012,2019,2022,2019,time,130.8769073486328,443.0,-96.12309265136719,216.0
no_log,7777,3,2019,2012,2019,2022,2019,product,126.74939727783203,226.0,-98.25060272216797,1.0
no_log,7777,3,2019,2012,2019,2022,2019,africa,129.30201721191406,242.0,-89.69798278808594,23.0
no_log,7777,3,2019,2012,2019,2022,2019,sites,131.06312561035156,289.0,-86.93687438964844,71.0
no_log,7777,3,2019,2012,2019,2022,2019,language,125.17584991455078,215.0,-85.82415008544922,4.0
no_log,7777,3,2019,2012,2019,2022,2019,brand,130.1507568359375,328.0,-77.8492431640625,120.0
no_log,7777,3,2019,2012,2019,2022,2019,silk,130.59861755371094,466.0,-73.40138244628906,262.0
no_log,7777,3,2019,2012,2019,2022,2019,plan,126.19674682617188,244.0,-75.80325317382812,42.0
no_log,7777,3,2019,2012,2019,2022,2019,可持续发展,127.95903015136719,279.0,-70.04096984863281,81.0
no_log,7777,3,2019,2012,2019,2022,2019,the middle east,129.63417053222656,236.0,-66.36582946777344,40.0
no_log,7777,3,2019,2012,2019,2022,2019,carrying,129.17343139648438,93.0,-65.82656860351562,-102.0
no_log,7777,3,2019,2012,2019,2022,2019,效果,128.99696350097656,328.0,-66.00303649902344,133.0
no_log,7777,3,2019,2012,2019,2022,2019,分析,127.28787231445312,212.0,-64.71212768554688,20.0
no_log,7777,3,2019,2012,2019,2022,2019,reality,130.02928161621094,256.0,-60.97071838378906,65.0
no_log,7777,3,2019,2012,2019,2022,2019,content,130.02301025390625,255.0,-59.97698974609375,65.0
no_log,7777,3,2019,2012,2019,2022,2019,middle east,129.4695587158203,197.0,-59.53044128417969,8.0
no_log,7777,3,2019,2012,2019,2022,2019,服务,128.67361450195312,153.0,-59.326385498046875,-35.0
no_log,7777,3,2019,2012,2019,2022,2019,source,128.46543884277344,163.0,-58.53456115722656,-24.0
no_log,7777,3,2019,2012,2019,2022,2019,carrying capacity,128.82608032226562,84.0,-57.173919677734375,-102.0
no_log,7777,3,2019,2012,2019,2022,2019,数字,127.78068542480469,626.0,-57.21931457519531,441.0
no_log,7777,3,2019,2012,2019,2022,2019,in the middle,129.27647399902344,174.0,-52.72352600097656,-8.0
no_log,7777,3,2019,2012,2019,2022,2019,系统综述,128.04847717285156,229.0,-53.95152282714844,47.0
no_log,7777,3,2019,2012,2019,2022,2019,实践,127.77191162109375,230.0,-50.22808837890625,52.0
no_log,7777,3,2019,2012,2019,2022,2019,graph,125.9242935180664,223.0,-50.075706481933594,47.0
no_log,7777,3,2019,2012,2019,2022,2019,outbound,123.20121765136719,108.0,-52.79878234863281,-68.0
no_log,7777,3,2019,2012,2019,2022,2019,语境,127.76829528808594,258.0,-47.23170471191406,83.0
no_log,7777,3,2019,2012,2019,2022,2019,框架,124.84288024902344,263.0,-47.15711975097656,91.0
no_log,7777,3,2019,2012,2019,2022,2019,al jazeera,128.82408142089844,138.0,-42.17591857910156,-33.0
no_log,7777,3,2019,2012,2019,2022,2019,jazeera,128.82408142089844,138.0,-42.17591857910156,-33.0
no_log,7777,3,2019,2012,2019,2022,2019,流程,126.48994445800781,221.0,-42.51005554199219,52.0
no_log,7777,3,2019,2012,2019,2022,2019,belt,127.86537170410156,328.0,-38.13462829589844,162.0
no_log,7777,3,2019,2012,2019,2022,2019,in the middle east,128.17681884765625,190.0,-36.82318115234375,25.0
no_log,7777,3,2019,2012,2019,2022,2019,政策,127.07965850830078,255.0,-37.92034149169922,90.0
no_log,7777,3,2019,2012,2019,2022,2019,软实力,128.74896240234375,177.0,-36.25103759765625,12.0
no_log,7777,3,2019,2012,2019,2022,2019,marketing,126.21762084960938,345.0,-37.782379150390625,181.0
no_log,7777,3,2019,2012,2019,2022,2019,religious,127.81194305419922,227.0,-35.18805694580078,64.0
no_log,7777,3,2019,2012,2019,2022,2019,country,127.47667694091797,254.0,-34.52332305908203,92.0
no_log,7777,3,2019,2012,2019,2022,2019,islam,125.88810729980469,119.0,-36.11189270019531,-43.0
no_log,7777,3,2019,2012,2019,2022,2019,urban,125.17549133300781,252.0,-36.82450866699219,90.0
no_log,7777,5,2019,2012,2019,2024,2019,旅游,124.17334747314453,5508.0,-2906.8266525268555,2477.0
no_log,7777,5,2019,2012,2019,2024,2019,tour,124.16876983642578,4819.0,-2768.831230163574,1926.0
no_log,7777,5,2019,2012,2019,2024,2019,文化,124.3401870727539,3099.0,-1579.659812927246,1395.0
no_log,7777,5,2019,2012,2019,2024,2019,nation,124.27399444580078,2652.0,-1358.7260055541992,1169.0
no_log,7777,5,2019,2012,2019,2024,2019,遗产,124.31006622314453,1984.0,-1226.6899337768555,633.0
no_log,7777,5,2019,2012,2019,2024,2019,阿拉伯,124.096923828125,1033.0,-705.903076171875,203.0
no_log,7777,5,2019,2012,2019,2024,2019,发展,124.24723815917969,1136.0,-631.7527618408203,380.0
no_log,7777,5,2019,2012,2019,2024,2019,目的地,124.17093658447266,1258.0,-560.8290634155273,573.0
no_log,7777,5,2019,2012,2019,2024,2019,world,124.18705749511719,645.0,-559.8129425048828,-39.0
no_log,7777,5,2019,2012,2019,2024,2019,view,124.09835052490234,1119.0,-547.9016494750977,447.0
no_log,7777,5,2019,2012,2019,2024,2019,rate,124.0899658203125,1324.0,-511.9100341796875,688.0
no_log,7777,5,2019,2012,2019,2024,2019,city,123.89404296875,938.0,-511.10595703125,303.0
no_log,7777,5,2019,2012,2019,2024,2019,研究,124.05531311035156,1258.0,-469.94468688964844,664.0
no_log,7777,5,2019,2012,2019,2024,2019,艺术,123.816162109375,1274.0,-437.183837890625,713.0
no_log,7777,5,2019,2012,2019,2024,2019,site,124.02053833007812,537.0,-429.9794616699219,-17.0
no_log,7777,5,2019,2012,2019,2024,2019,image,123.86731719970703,952.0,-413.13268280029297,415.0
no_log,7777,5,2019,2012,2019,2024,2019,社会,123.4110107421875,939.0,-399.5889892578125,416.0
no_log,7777,5,2019,2012,2019,2024,2019,media,123.59540557861328,821.0,-394.4045944213867,303.0
no_log,7777,5,2019,2012,2019,2024,2019,search,123.8927230834961,976.0,-393.1072769165039,459.0
no_log,7777,5,2019,2012,2019,2024,2019,work,123.16353607177734,684.0,-370.83646392822266,190.0
no_log,7777,5,2019,2012,2019,2024,2019,中国,123.40180969238281,774.0,-273.5981903076172,377.0
no_log,7777,5,2019,2012,2019,2024,2019,国家,123.2152328491211,564.0,-269.7847671508789,171.0
no_log,7777,5,2019,2012,2019,2024,2019,影响,123.0370101928711,699.0,-246.9629898071289,329.0
no_log,7777,5,2019,2012,2019,2024,2019,挑战,122.918701171875,666.0,-247.081298828125,296.0
no_log,7777,5,2019,2012,2019,2024,2019,text,123.02320861816406,804.0,-239.97679138183594,441.0
no_log,7777,5,2019,2012,2019,2024,2019,challenges,122.78742980957031,633.0,-222.2125701904297,288.0
no_log,7777,5,2019,2012,2019,2024,2019,east,121.80034637451172,343.0,-210.19965362548828,11.0
no_log,7777,5,2019,2012,2019,2024,2019,gene,122.1483383178711,796.0,-205.8516616821289,468.0
no_log,7777,5,2019,2012,2019,2024,2019,chinese,122.2247314453125,424.0,-204.7752685546875,97.0
no_log,7777,5,2019,2012,2019,2024,2019,land,122.07835388183594,340.0,-204.92164611816406,13.0
no_log,7777,5,2019,2012,2019,2024,2019,社交媒体,122.48524475097656,677.0,-195.51475524902344,359.0
no_log,7777,5,2019,2012,2019,2024,2019,应用,122.28266906738281,495.0,-194.7173309326172,178.0
no_log,7777,5,2019,2012,2019,2024,2019,power,122.6893081665039,386.0,-187.3106918334961,76.0
no_log,7777,5,2019,2012,2019,2024,2019,可持续,121.86338806152344,589.0,-188.13661193847656,279.0
no_log,7777,5,2019,2012,2019,2024,2019,经济,122.29632568359375,564.0,-187.70367431640625,254.0
no_log,7777,5,2019,2012,2019,2024,2019,road,122.46578979492188,490.0,-172.53421020507812,195.0
no_log,7777,5,2019,2012,2019,2024,2019,经验,121.69744110107422,473.0,-173.30255889892578,178.0
no_log,7777,5,2019,2012,2019,2024,2019,管理,122.08871459960938,480.0,-165.91128540039062,192.0
no_log,7777,5,2019,2012,2019,2024,2019,全球,121.11116790771484,358.0,-164.88883209228516,72.0
no_log,7777,5,2019,2012,2019,2024,2019,学习,121.95327758789062,568.0,-158.04672241210938,288.0
no_log,7777,5,2019,2012,2019,2024,2019,change,121.81000518798828,426.0,-156.18999481201172,148.0
no_log,7777,5,2019,2012,2019,2024,2019,视角,122.02613067626953,668.0,-152.97386932373047,393.0
no_log,7777,5,2019,2012,2019,2024,2019,遗产旅行,121.85276794433594,378.0,-150.14723205566406,106.0
no_log,7777,5,2019,2012,2019,2024,2019,地方,121.94668579101562,273.0,-140.05331420898438,11.0
no_log,7777,5,2019,2012,2019,2024,2019,soft,121.79177856445312,276.0,-138.20822143554688,16.0
no_log,7777,5,2019,2012,2019,2024,2019,action,119.75331115722656,350.0,-137.24668884277344,93.0
no_log,7777,5,2019,2012,2019,2024,2019,real,121.62007904052734,541.0,-130.37992095947266,289.0
no_log,7777,5,2019,2012,2019,2024,2019,state,120.09965515136719,305.0,-131.9003448486328,53.0
no_log,7777,5,2019,2012,2019,2024,2019,diplomacy,121.63701629638672,494.0,-128.36298370361328,244.0
no_log,7777,5,2019,2012,2019,2024,2019,mental,121.1058578491211,264.0,-126.8941421508789,16.0
no_log,7777,5,2019,2012,2019,2024,2019,丝绸之路,121.75448608398438,522.0,-125.24551391601562,275.0
no_log,7777,5,2019,2012,2019,2024,2019,post,121.34646606445312,546.0,-123.65353393554688,301.0
no_log,7777,5,2019,2012,2019,2024,2019,formation,121.36268615722656,506.0,-122.63731384277344,262.0
no_log,7777,5,2019,2012,2019,2024,2019,游客,121.37242889404297,376.0,-122.62757110595703,132.0
no_log,7777,5,2019,2012,2019,2024,2019,branding,121.64659881591797,314.0,-118.35340118408203,74.0
no_log,7777,5,2019,2012,2019,2024,2019,relations,121.24504089355469,179.0,-118.75495910644531,-61.0
no_log,7777,5,2019,2012,2019,2024,2019,place,120.33625793457031,221.0,-117.66374206542969,-17.0
no_log,7777,5,2019,2012,2019,2024,2019,role,120.55071258544922,649.0,-116.44928741455078,412.0
no_log,7777,5,2019,2012,2019,2024,2019,conflict,121.48849487304688,174.0,-114.51150512695312,-62.0
no_log,7777,5,2019,2012,2019,2024,2019,案例研究,119.38294982910156,316.0,-116.61705017089844,80.0
no_log,7777,5,2019,2012,2019,2024,2019,原真性,121.46666717529297,445.0,-106.53333282470703,217.0
no_log,7777,5,2019,2012,2019,2024,2019,time,121.20479583740234,391.0,-105.79520416259766,164.0
no_log,7777,5,2019,2012,2019,2024,2019,product,118.9154052734375,334.0,-106.0845947265625,109.0
no_log,7777,5,2019,2012,2019,2024,2019,africa,120.10885620117188,242.0,-98.89114379882812,23.0
no_log,7777,5,2019,2012,2019,2024,2019,sites,121.20465850830078,210.0,-96.79534149169922,-8.0
no_log,7777,5,2019,2012,2019,2024,2019,language,118.3587646484375,369.0,-92.6412353515625,158.0
no_log,7777,5,2019,2012,2019,2024,2019,brand,120.56266021728516,297.0,-87.43733978271484,89.0
no_log,7777,5,2019,2012,2019,2024,2019,silk,120.96540832519531,429.0,-83.03459167480469,225.0
no_log,7777,5,2019,2012,2019,2024,2019,plan,118.73741149902344,254.0,-83.26258850097656,52.0
no_log,7777,5,2019,2012,2019,2024,2019,可持续发展,119.49188232421875,371.0,-78.50811767578125,173.0
no_log,7777,5,2019,2012,2019,2024,2019,the middle east,120.42278289794922,129.0,-75.57721710205078,-67.0
no_log,7777,5,2019,2012,2019,2024,2019,carrying,120.09675598144531,81.0,-74.90324401855469,-114.0
no_log,7777,5,2019,2012,2019,2024,2019,效果,120.176025390625,339.0,-74.823974609375,144.0
no_log,7777,5,2019,2012,2019,2024,2019,分析,119.20018005371094,253.0,-72.79981994628906,61.0
no_log,7777,5,2019,2012,2019,2024,2019,reality,120.62186431884766,383.0,-70.37813568115234,192.0
no_log,7777,5,2019,2012,2019,2024,2019,content,120.56404113769531,369.0,-69.43595886230469,179.0
no_log,7777,5,2019,2012,2019,2024,2019,middle east,120.36209869384766,79.0,-68.63790130615234,-110.0
no_log,7777,5,2019,2012,2019,2024,2019,服务,120.02694702148438,317.0,-67.97305297851562,129.0
no_log,7777,5,2019,2012,2019,2024,2019,source,119.7829818725586,163.0,-67.2170181274414,-24.0
no_log,7777,5,2019,2012,2019,2024,2019,carrying capacity,119.94878387451172,81.0,-66.05121612548828,-105.0
no_log,7777,5,2019,2012,2019,2024,2019,数字,119.57195281982422,985.0,-65.42804718017578,800.0
no_log,7777,5,2019,2012,2019,2024,2019,in the middle,120.2781982421875,90.0,-61.7218017578125,-92.0
no_log,7777,5,2019,2012,2019,2024,2019,系统综述,119.61470031738281,195.0,-62.38529968261719,13.0
no_log,7777,5,2019,2012,2019,2024,2019,实践,119.55977630615234,227.0,-58.440223693847656,49.0
no_log,7777,5,2019,2012,2019,2024,2019,graph,118.60195922851562,396.0,-57.398040771484375,220.0
no_log,7777,5,2019,2012,2019,2024,2019,outbound,117.65369415283203,54.0,-58.34630584716797,-122.0
no_log,7777,5,2019,2012,2019,2024,2019,语境,119.53166961669922,281.0,-55.46833038330078,106.0
no_log,7777,5,2019,2012,2019,2024,2019,框架,118.12831115722656,335.0,-53.87168884277344,163.0
no_log,7777,5,2019,2012,2019,2024,2019,al jazeera,120.11311340332031,48.0,-50.88688659667969,-123.0
no_log,7777,5,2019,2012,2019,2024,2019,jazeera,120.11311340332031,65.0,-50.88688659667969,-106.0
no_log,7777,5,2019,2012,2019,2024,2019,流程,119.0053482055664,180.0,-49.994651794433594,11.0
no_log,7777,5,2019,2012,2019,2024,2019,belt,119.77053833007812,269.0,-46.229461669921875,103.0
no_log,7777,5,2019,2012,2019,2024,2019,in the middle east,119.78140258789062,97.0,-45.218597412109375,-68.0
no_log,7777,5,2019,2012,2019,2024,2019,政策,119.15257263183594,254.0,-45.84742736816406,89.0
no_log,7777,5,2019,2012,2019,2024,2019,软实力,120.0282974243164,175.0,-44.971702575683594,10.0
no_log,7777,5,2019,2012,2019,2024,2019,marketing,118.76002502441406,544.0,-45.23997497558594,380.0
no_log,7777,5,2019,2012,2019,2024,2019,religious,119.65855407714844,247.0,-43.34144592285156,84.0
no_log,7777,5,2019,2012,2019,2024,2019,country,119.37915802001953,255.0,-42.62084197998047,93.0
no_log,7777,5,2019,2012,2019,2024,2019,islam,118.85128021240234,102.0,-43.148719787597656,-60.0
no_log,7777,5,2019,2012,2019,2024,2019,urban,118.28846740722656,255.0,-43.71153259277344,93.0
window12,42,1,2019,2008,2019,2020,2019,旅游,42.61457443237305,3486.0,-2988.385425567627,455.0
window12,42,1,2019,2008,2019,2020,2019,tour,39.501220703125,3300.0,-2853.498779296875,407.0
window12,42,1,2019,2008,2019,2020,2019,文化,40.76811981201172,2014.0,-1663.2318801879883,310.0
window12,42,1,2019,2008,2019,2020,2019,nation,41.23966979980469,1766.0,-1441.7603302001953,283.0
window12,42,1,2019,2008,2019,2020,2019,遗产,39.10611343383789,1587.0,-1311.893886566162,236.0
window12,42,1,2019,2008,2019,2020,2019,阿拉伯,33.11273956298828,881.0,-796.8872604370117,51.0
window12,42,1,2019,2008,2019,2020,2019,发展,35.301605224609375,899.0,-720.6983947753906,143.0
window12,42,1,2019,2008,2019,2020,2019,目的地,33.9411735534668,794.0,-651.0588264465332,109.0
window12,42,1,2019,2008,2019,2020,2019,world,34.13408279418945,786.0,-649.8659172058105,102.0
window12,42,1,2019,2008,2019,2020,2019,view,35.42791748046875,905.0,-636.5720825195312,233.0
window12,42,1,2019,2008,2019,2020,2019,rate,33.42848205566406,683.0,-602.5715179443359,47.0
window12,42,1,2019,2008,2019,2020,2019,city,31.709308624267578,681.0,-603.2906913757324,46.0
window12,42,1,2019,2008,2019,2020,2019,研究,35.43761444091797,734.0,-558.562385559082,140.0
window12,42,1,2019,2008,2019,2020,2019,艺术,36.055702209472656,646.0,-524.9442977905273,85.0
window12,42,1,2019,2008,2019,2020,2019,site,33.357879638671875,657.0,-520.6421203613281,103.0
window12,42,1,2019,2008,2019,2020,2019,image,32.37800598144531,662.0,-504.6219940185547,125.0
window12,42,1,2019,2008,2019,2020,2019,社会,32.39360427856445,616.0,-490.60639572143555,93.0
window12,42,1,2019,2008,2019,2020,2019,media,32.49003219604492,576.0,-485.5099678039551,58.0
window12,42,1,2019,2008,2019,2020,2019,search,34.50791931152344,632.0,-482.49208068847656,115.0
window12,42,1,2019,2008,2019,2020,2019,work,32.90549850463867,529.0,-461.0945014953613,35.0
window12,42,1,2019,2008,2019,2020,2019,中国,31.927846908569336,537.0,-365.07215309143066,140.0
window12,42,1,2019,2008,2019,2020,2019,国家,31.090261459350586,492.0,-361.9097385406494,99.0
window12,42,1,2019,2008,2019,2020,2019,影响,32.4936408996582,466.0,-337.5063591003418,96.0
window12,42,1,2019,2008,2019,2020,2019,挑战,30.508581161499023,476.0,-339.491418838501,106.0
window12,42,1,2019,2008,2019,2020,2019,text,32.05815887451172,415.0,-330.9418411254883,52.0
window12,42,1,2019,2008,2019,2020,2019,challenges,30.375587463378906,451.0,-314.6244125366211,106.0
window12,42,1,2019,2008,2019,2020,2019,east,14.308366775512695,405.0,-317.6916332244873,73.0
window12,42,1,2019,2008,2019,2020,2019,gene,27.812541961669922,329.0,-300.1874580383301,1.0
window12,42,1,2019,2008,2019,2020,2019,chinese,26.074790954589844,359.0,-300.92520904541016,32.0
window12,42,1,2019,2008,2019,2020,2019,land,28.371740341186523,380.0,-298.6282596588135,53.0
window12,42,1,2019,2008,2019,2020,2019,社交媒体,29.292678833007812,379.0,-288.7073211669922,61.0
window12,42,1,2019,2008,2019,2020,2019,应用,30.11835289001465,336.0,-286.88164710998535,19.0
window12,42,1,2019,2008,2019,2020,2019,power,29.40218734741211,328.0,-280.5978126525879,18.0
window12,42,1,2019,2008,2019,2020,2019,可持续,27.427764892578125,389.0,-282.5722351074219,79.0
window12,42,1,2019,2008,2019,2020,2019,经济,31.368160247802734,346.0,-278.63183975219727,36.0
window12,42,1,2019,2008,2019,2020,2019,road,29.639217376708984,434.0,-265.360782623291,139.0
window12,42,1,2019,2008,2019,2020,2019,经验,27.585641860961914,321.0,-267.4143581390381,26.0
window12,42,1,2019,2008,2019,2020,2019,管理,31.405378341674805,317.0,-256.5946216583252,29.0
window12,42,1,2019,2008,2019,2020,2019,全球,28.19103240966797,357.0,-257.80896759033203,71.0
window12,42,1,2019,2008,2019,2020,2019,学习,31.585912704467773,368.0,-248.41408729553223,88.0
window12,42,1,2019,2008,2019,2020,2019,change,28.569067001342773,327.0,-249.43093299865723,49.0
window12,42,1,2019,2008,2019,2020,2019,视角,30.242887496948242,368.0,-244.75711250305176,93.0
window12,42,1,2019,2008,2019,2020,2019,遗产旅行,23.591201782226562,285.0,-248.40879821777344,13.0
window12,42,1,2019,2008,2019,2020,2019,地方,29.81112289428711,319.0,-232.1888771057129,57.0
window12,42,1,2019,2008,2019,2020,2019,soft,26.11265754699707,313.0,-233.88734245300293,53.0
window12,42,1,2019,2008,2019,2020,2019,action,14.108077049255371,263.0,-242.89192295074463,6.0
window12,42,1,2019,2008,2019,2020,2019,real,28.529401779174805,322.0,-223.4705982208252,70.0
window12,42,1,2019,2008,2019,2020,2019,state,22.930389404296875,277.0,-229.06961059570312,25.0
window12,42,1,2019,2008,2019,2020,2019,diplomacy,29.929811477661133,333.0,-220.07018852233887,83.0
window12,42,1,2019,2008,2019,2020,2019,mental,30.681224822998047,344.0,-217.31877517700195,96.0
window12,42,1,2019,2008,2019,2020,2019,丝绸之路,27.89734649658203,434.0,-219.10265350341797,187.0
window12,42,1,2019,2008,2019,2020,2019,post,26.562326431274414,341.0,-218.4376735687256,96.0
window12,42,1,2019,2008,2019,2020,2019,formation,30.04901695251465,316.0,-213.95098304748535,72.0
window12,42,1,2019,2008,2019,2020,2019,游客,25.62814712524414,304.0,-218.37185287475586,60.0
window12,42,1,2019,2008,2019,2020,2019,branding,25.00279426574707,239.0,-214.99720573425293,-1.0
window12,42,1,2019,2008,2019,2020,2019,relations,28.102909088134766,247.0,-211.89709091186523,7.0
window12,42,1,2019,2008,2019,2020,2019,place,15.913383483886719,285.0,-222.08661651611328,47.0
window12,42,1,2019,2008,2019,2020,2019,role,28.54416275024414,315.0,-208.45583724975586,78.0
window12,42,1,2019,2008,2019,2020,2019,conflict,28.75194549560547,255.0,-207.24805450439453,19.0
window12,42,1,2019,2008,2019,2020,2019,案例研究,25.510234832763672,237.0,-210.48976516723633,1.0
window12,42,1,2019,2008,2019,2020,2019,原真性,28.063600540161133,264.0,-199.93639945983887,36.0
window12,42,1,2019,2008,2019,2020,2019,time,29.178213119506836,382.0,-197.82178688049316,155.0
window12,42,1,2019,2008,2019,2020,2019,product,22.462841033935547,212.0,-202.53715896606445,-13.0
window12,42,1,2019,2008,2019,2020,2019,africa,25.430192947387695,227.0,-193.5698070526123,8.0
window12,42,1,2019,2008,2019,2020,2019,sites,27.19591522216797,246.0,-190.80408477783203,28.0
window12,42,1,2019,2008,2019,2020,2019,language,12.574748039245605,220.0,-198.4252519607544,9.0
window12,42,1,2019,2008,2019,2020,2019,brand,22.408218383789062,233.0,-185.59178161621094,25.0
window12,42,1,2019,2008,2019,2020,2019,silk,26.63751983642578,373.0,-177.36248016357422,169.0
window12,42,1,2019,2008,2019,2020,2019,plan,14.107205390930176,213.0,-187.89279460906982,11.0
window12,42,1,2019,2008,2019,2020,2019,可持续发展,25.27853775024414,212.0,-172.72146224975586,14.0
window12,42,1,2019,2008,2019,2020,2019,the middle east,17.082569122314453,221.0,-178.91743087768555,25.0
window12,42,1,2019,2008,2019,2020,2019,carrying,20.011449813842773,211.0,-174.98855018615723,16.0
window12,42,1,2019,2008,2019,2020,2019,效果,28.30625343322754,271.0,-166.69374656677246,76.0
window12,42,1,2019,2008,2019,2020,2019,分析,26.018901824951172,212.0,-165.98109817504883,20.0
window12,42,1,2019,2008,2019,2020,2019,reality,26.479534149169922,209.0,-164.52046585083008,18.0
window12,42,1,2019,2008,2019,2020,2019,content,23.797000885009766,210.0,-166.20299911499023,20.0
window12,42,1,2019,2008,2019,2020,2019,middle east,19.562763214111328,203.0,-169.43723678588867,14.0
window12,42,1,2019,2008,2019,2020,2019,服务,28.023653030395508,179.0,-159.9763469696045,-9.0
window12,42,1,2019,2008,2019,2020,2019,source,25.92283821105957,213.0,-161.07716178894043,26.0
window12,42,1,2019,2008,2019,2020,2019,carrying capacity,19.75874900817871,202.0,-166.2412509918213,16.0
window12,42,1,2019,2008,2019,2020,2019,数字,27.99190902709961,322.0,-157.0080909729004,137.0
window12,42,1,2019,2008,2019,2020,2019,in the middle,20.793373107910156,190.0,-161.20662689208984,8.0
window12,42,1,2019,2008,2019,2020,2019,系统综述,26.364192962646484,222.0,-155.63580703735352,40.0
window12,42,1,2019,2008,2019,2020,2019,实践,27.317279815673828,169.0,-150.68272018432617,-9.0
window12,42,1,2019,2008,2019,2020,2019,graph,25.595827102661133,179.0,-150.40417289733887,3.0
window12,42,1,2019,2008,2019,2020,2019,outbound,9.818078994750977,176.0,-166.18192100524902,0.0
window12,42,1,2019,2008,2019,2020,2019,语境,26.715198516845703,209.0,-148.2848014831543,34.0
window12,42,1,2019,2008,2019,2020,2019,框架,22.376861572265625,221.0,-149.62313842773438,49.0
window12,42,1,2019,2008,2019,2020,2019,al jazeera,25.96521759033203,181.0,-145.03478240966797,10.0
window12,42,1,2019,2008,2019,2020,2019,jazeera,25.96521759033203,181.0,-145.03478240966797,10.0
window12,42,1,2019,2008,2019,2020,2019,流程,27.83667755126953,194.0,-141.16332244873047,25.0
window12,42,1,2019,2008,2019,2020,2019,belt,27.11524772644043,236.0,-138.88475227355957,70.0
window12,42,1,2019,2008,2019,2020,2019,in the middle east,20.31688117980957,181.0,-144.68311882019043,16.0
window12,42,1,2019,2008,2019,2020,2019,政策,24.339027404785156,161.0,-140.66097259521484,-4.0
window12,42,1,2019,2008,2019,2020,2019,软实力,24.191261291503906,175.0,-140.8087387084961,10.0
window12,42,1,2019,2008,2019,2020,2019,marketing,24.660734176635742,217.0,-139.33926582336426,53.0
window12,42,1,2019,2008,2019,2020,2019,religious,26.591794967651367,153.0,-136.40820503234863,-10.0
window12,42,1,2019,2008,2019,2020,2019,country,25.092432022094727,144.0,-136.90756797790527,-18.0
window12,42,1,2019,2008,2019,2020,2019,islam,28.28668975830078,166.0,-133.71331024169922,4.0
window12,42,1,2019,2008,2019,2020,2019,urban,22.704753875732422,187.0,-139.29524612426758,25.0
window12,42,3,2019,2008,2019,2022,2019,旅游,72.92456817626953,4242.0,-2958.0754318237305,1211.0
window12,42,3,2019,2008,2019,2022,2019,tour,68.9443359375,3857.0,-2824.0556640625,964.0
window12,42,3,2019,2008,2019,2022,2019,文化,70.62579345703125,2521.0,-1633.3742065429688,817.0
window12,42,3,2019,2008,2019,2022,2019,nation,71.25309753417969,2266.0,-1411.7469024658203,783.0
window12,42,3,2019,2008,2019,2022,2019,遗产,68.52008819580078,1698.0,-1282.4799118041992,347.0
window12,42,3,2019,2008,2019,2022,2019,阿拉伯,60.68720245361328,784.0,-769.3127975463867,-46.0
window12,42,3,2019,2008,2019,2022,2019,发展,63.610191345214844,907.0,-692.3898086547852,151.0
window12,42,3,2019,2008,2019,2022,2019,目的地,61.8287239074707,1036.0,-623.1712760925293,351.0
window12,42,3,2019,2008,2019,2022,2019,world,62.08040237426758,627.0,-621.9195976257324,-57.0
window12,42,3,2019,2008,2019,2022,2019,view,63.77986145019531,1100.0,-608.2201385498047,428.0
window12,42,3,2019,2008,2019,2022,2019,rate,61.14218521118164,894.0,-574.8578147888184,258.0
window12,42,3,2019,2008,2019,2022,2019,city,58.83338165283203,755.0,-576.166618347168,120.0
window12,42,3,2019,2008,2019,2022,2019,研究,63.810604095458984,901.0,-530.189395904541,307.0
window12,42,3,2019,2008,2019,2022,2019,艺术,64.62299346923828,992.0,-496.3770065307617,431.0
window12,42,3,2019,2008,2019,2022,2019,site,61.069393157958984,670.0,-492.930606842041,116.0
window12,42,3,2019,2008,2019,2022,2019,image,59.752437591552734,783.0,-477.24756240844727,246.0
window12,42,3,2019,2008,2019,2022,2019,社会,59.76547622680664,727.0,-463.23452377319336,204.0
window12,42,3,2019,2008,2019,2022,2019,media,59.899139404296875,588.0,-458.1008605957031,70.0
window12,42,3,2019,2008,2019,2022,2019,search,62.59815979003906,797.0,-454.40184020996094,280.0
window12,42,3,2019,2008,2019,2022,2019,work,60.454795837402344,623.0,-433.54520416259766,129.0
window12,42,3,2019,2008,2019,2022,2019,中国,59.179141998291016,600.0,-337.820858001709,203.0
window12,42,3,2019,2008,2019,2022,2019,国家,58.04560089111328,523.0,-334.9543991088867,130.0
window12,42,3,2019,2008,2019,2022,2019,影响,59.93989562988281,563.0,-310.0601043701172,193.0
window12,42,3,2019,2008,2019,2022,2019,挑战,57.26010513305664,597.0,-312.73989486694336,227.0
window12,42,3,2019,2008,2019,2022,2019,text,59.35786437988281,565.0,-303.6421356201172,202.0
window12,42,3,2019,2008,2019,2022,2019,challenges,57.08698654174805,553.0,-287.91301345825195,208.0
window12,42,3,2019,2008,2019,2022,2019,east,33.74026107788086,419.0,-298.25973892211914,87.0
window12,42,3,2019,2008,2019,2022,2019,gene,53.571537017822266,406.0,-274.42846298217773,78.0
window12,42,3,2019,2008,2019,2022,2019,chinese,51.1546630859375,325.0,-275.8453369140625,-2.0
window12,42,3,2019,2008,2019,2022,2019,land,54.34279251098633,380.0,-272.6572074890137,53.0
window12,42,3,2019,2008,2019,2022,2019,社交媒体,55.61705017089844,452.0,-262.38294982910156,134.0
window12,42,3,2019,2008,2019,2022,2019,应用,56.740631103515625,470.0,-260.2593688964844,153.0
window12,42,3,2019,2008,2019,2022,2019,power,55.77655792236328,334.0,-254.22344207763672,24.0
window12,42,3,2019,2008,2019,2022,2019,可持续,53.042388916015625,443.0,-256.9576110839844,133.0
window12,42,3,2019,2008,2019,2022,2019,经济,58.437744140625,467.0,-251.562255859375,157.0
window12,42,3,2019,2008,2019,2022,2019,road,56.11554718017578,555.0,-238.88445281982422,260.0
window12,42,3,2019,2008,2019,2022,2019,经验,53.26565170288086,403.0,-241.73434829711914,108.0
window12,42,3,2019,2008,2019,2022,2019,管理,58.49607467651367,413.0,-229.50392532348633,125.0
window12,42,3,2019,2008,2019,2022,2019,全球,54.10070037841797,377.0,-231.89929962158203,91.0
window12,42,3,2019,2008,2019,2022,2019,学习,58.74687957763672,564.0,-221.25312042236328,284.0
window12,42,3,2019,2008,2019,2022,2019,change,54.6324348449707,386.0,-223.3675651550293,108.0
window12,42,3,2019,2008,2019,2022,2019,视角,56.92655944824219,504.0,-218.0734405517578,229.0
window12,42,3,2019,2008,2019,2022,2019,遗产旅行,47.665340423583984,324.0,-224.33465957641602,52.0
window12,42,3,2019,2008,2019,2022,2019,地方,56.34581756591797,271.0,-205.65418243408203,9.0
window12,42,3,2019,2008,2019,2022,2019,soft,51.23395919799805,268.0,-208.76604080200195,8.0
window12,42,3,2019,2008,2019,2022,2019,action,33.42831802368164,281.0,-223.57168197631836,24.0
window12,42,3,2019,2008,2019,2022,2019,real,54.58897399902344,378.0,-197.41102600097656,126.0
window12,42,3,2019,2008,2019,2022,2019,state,46.700294494628906,261.0,-205.2997055053711,9.0
window12,42,3,2019,2008,2019,2022,2019,diplomacy,56.52353286743164,422.0,-193.47646713256836,172.0
window12,42,3,2019,2008,2019,2022,2019,mental,57.52428436279297,323.0,-190.47571563720703,75.0
window12,42,3,2019,2008,2019,2022,2019,丝绸之路,53.74366760253906,543.0,-193.25633239746094,296.0
window12,42,3,2019,2008,2019,2022,2019,post,51.86360168457031,461.0,-193.1363983154297,216.0
window12,42,3,2019,2008,2019,2022,2019,formation,56.669612884521484,430.0,-187.33038711547852,186.0
window12,42,3,2019,2008,2019,2022,2019,游客,50.556251525878906,347.0,-193.4437484741211,103.0
window12,42,3,2019,2008,2019,2022,2019,branding,49.68545150756836,366.0,-190.31454849243164,126.0
window12,42,3,2019,2008,2019,2022,2019,relations,54.002628326416016,183.0,-185.99737167358398,-57.0
window12,42,3,2019,2008,2019,2022,2019,place,36.26756286621094,252.0,-201.73243713378906,14.0
window12,42,3,2019,2008,2019,2022,2019,role,54.60453414916992,445.0,-182.39546585083008,208.0
window12,42,3,2019,2008,2019,2022,2019,conflict,54.90324783325195,245.0,-181.09675216674805,9.0
window12,42,3,2019,2008,2019,2022,2019,案例研究,50.372798919677734,228.0,-185.62720108032227,-8.0
window12,42,3,2019,2008,2019,2022,2019,原真性,53.9617805480957,418.0,-174.0382194519043,190.0
window12,42,3,2019,2008,2019,2022,2019,time,55.50614929199219,443.0,-171.4938507080078,216.0
window12,42,3,2019,2008,2019,2022,2019,product,46.02931594848633,226.0,-178.97068405151367,1.0
window12,42,3,2019,2008,2019,2022,2019,africa,50.27635192871094,242.0,-168.72364807128906,23.0
window12,42,3,2019,2008,2019,2022,2019,sites,52.78138732910156,289.0,-165.21861267089844,71.0
window12,42,3,2019,2008,2019,2022,2019,language,30.980276107788086,215.0,-180.0197238922119,4.0
window12,42,3,2019,2008,2019,2022,2019,brand,45.981475830078125,328.0,-162.01852416992188,120.0
window12,42,3,2019,2008,2019,2022,2019,silk,52.00725173950195,466.0,-151.99274826049805,262.0
window12,42,3,2019,2008,2019,2022,2019,plan,33.44415283203125,244.0,-168.55584716796875,42.0
window12,42,3,2019,2008,2019,2022,2019,可持续发展,50.06959915161133,279.0,-147.93040084838867,81.0
window12,42,3,2019,2008,2019,2022,2019,the middle east,38.10225296020508,236.0,-157.89774703979492,40.0
window12,42,3,2019,2008,2019,2022,2019,carrying,42.48393630981445,93.0,-152.51606369018555,-102.0
window12,42,3,2019,2008,2019,2022,2019,效果,54.2974739074707,328.0,-140.7025260925293,133.0
window12,42,3,2019,2008,2019,2022,2019,分析,51.11134719848633,212.0,-140.88865280151367,20.0
window12,42,3,2019,2008,2019,2022,2019,reality,51.77556228637695,256.0,-139.22443771362305,65.0
window12,42,3,2019,2008,2019,2022,2019,content,47.9903564453125,255.0,-142.0096435546875,65.0
window12,42,3,2019,2008,2019,2022,2019,middle east,41.840084075927734,197.0,-147.15991592407227,8.0
window12,42,3,2019,2008,2019,2022,2019,服务,53.91096115112305,153.0,-134.08903884887695,-35.0
window12,42,3,2019,2008,2019,2022,2019,source,50.986026763916016,163.0,-136.01397323608398,-24.0
window12,42,3,2019,2008,2019,2022,2019,carrying capacity,42.11581039428711,84.0,-143.8841896057129,-102.0
window12,42,3,2019,2008,2019,2022,2019,数字,53.863616943359375,626.0,-131.13638305664062,441.0
window12,42,3,2019,2008,2019,2022,2019,in the middle,43.660743713378906,174.0,-138.3392562866211,-8.0
window12,42,3,2019,2008,2019,2022,2019,系统综述,51.60561752319336,229.0,-130.39438247680664,47.0
window12,42,3,2019,2008,2019,2022,2019,实践,52.934730529785156,230.0,-125.06526947021484,52.0
window12,42,3,2019,2008,2019,2022,2019,graph,50.52158737182617,223.0,-125.47841262817383,47.0
window12,42,3,2019,2008,2019,2022,2019,outbound,26.411998748779297,108.0,-149.5880012512207,-68.0
window12,42,3,2019,2008,2019,2022,2019,语境,52.099788665771484,258.0,-122.90021133422852,83.0
window12,42,3,2019,2008,2019,2022,2019,框架,45.93163299560547,263.0,-126.06836700439453,91.0
window12,42,3,2019,2008,2019,2022,2019,al jazeera,51.07341766357422,138.0,-119.92658233642578,-33.0
window12,42,3,2019,2008,2019,2022,2019,jazeera,51.07341766357422,138.0,-119.92658233642578,-33.0
window12,42,3,2019,2008,2019,2022,2019,流程,53.65678405761719,221.0,-115.34321594238281,52.0
window12,42,3,2019,2008,2019,2022,2019,belt,52.67790603637695,328.0,-113.32209396362305,162.0
window12,42,3,2019,2008,2019,2022,2019,in the middle east,42.97080612182617,190.0,-122.02919387817383,25.0
window12,42,3,2019,2008,2019,2022,2019,政策,48.7607536315918,255.0,-116.2392463684082,90.0
window12,42,3,2019,2008,2019,2022,2019,软实力,48.56989669799805,177.0,-116.43010330200195,12.0
window12,42,3,2019,2008,2019,2022,2019,marketing,49.21335220336914,345.0,-114.78664779663086,181.0
window12,42,3,2019,2008,2019,2022,2019,religious,51.941864013671875,227.0,-111.05813598632812,64.0
window12,42,3,2019,2008,2019,2022,2019,country,49.83303451538086,254.0,-112.16696548461914,92.0
window12,42,3,2019,2008,2019,2022,2019,islam,54.285953521728516,119.0,-107.71404647827148,-43.0
window12,42,3,2019,2008,2019,2022,2019,urban,46.41520690917969,252.0,-115.58479309082031,90.0
window12,42,5,2019,2008,2019,2024,2019,旅游,94.27481842041016,5508.0,-2936.72518157959,2477.0
window12,42,5,2019,2008,2019,2024,2019,tour,90.51927185058594,4819.0,-2802.480728149414,1926.0
window12,42,5,2019,2008,2019,2024,2019,文化,92.12548828125,3099.0,-1611.87451171875,1395.0
window12,42,5,2019,2008,2019,2024,2019,nation,92.72466278076172,2652.0,-1390.2753372192383,1169.0
window12,42,5,2019,2008,2019,2024,2019,遗产,90.13917541503906,1984.0,-1260.860824584961,633.0
window12,42,5,2019,2008,2019,2024,2019,阿拉伯,82.60263061523438,1033.0,-747.3973693847656,203.0
window12,42,5,2019,2008,2019,2024,2019,发展,85.44789123535156,1136.0,-670.5521087646484,380.0
window12,42,5,2019,2008,2019,2024,2019,目的地,83.72718048095703,1258.0,-601.272819519043,573.0
window12,42,5,2019,2008,2019,2024,2019,world,83.97017669677734,645.0,-600.0298233032227,-39.0
window12,42,5,2019,2008,2019,2024,2019,view,85.61222839355469,1119.0,-586.3877716064453,447.0
window12,42,5,2019,2008,2019,2024,2019,rate,83.05672454833984,1324.0,-552.9432754516602,688.0
window12,42,5,2019,2008,2019,2024,2019,city,80.79505157470703,938.0,-554.204948425293,303.0
window12,42,5,2019,2008,2019,2024,2019,研究,85.64767456054688,1258.0,-508.3523254394531,664.0
window12,42,5,2019,2008,2019,2024,2019,艺术,86.43071746826172,1274.0,-474.5692825317383,713.0
window12,42,5,2019,2008,2019,2024,2019,site,82.99285888671875,537.0,-471.00714111328125,-17.0
window12,42,5,2019,2008,2019,2024,2019,image,81.7032470703125,952.0,-455.2967529296875,415.0
window12,42,5,2019,2008,2019,2024,2019,社会,81.71306610107422,939.0,-441.2869338989258,416.0
window12,42,5,2019,2008,2019,2024,2019,media,81.84549713134766,821.0,-436.15450286865234,303.0
window12,42,5,2019,2008,2019,2024,2019,search,84.47929382324219,976.0,-432.5207061767578,459.0
window12,42,5,2019,2008,2019,2024,2019,work,82.38847351074219,684.0,-411.6115264892578,190.0
window12,42,5,2019,2008,2019,2024,2019,中国,81.1511459350586,774.0,-315.8488540649414,377.0
window12,42,5,2019,2008,2019,2024,2019,国家,80.03462219238281,564.0,-312.9653778076172,171.0
window12,42,5,2019,2008,2019,2024,2019,影响,81.8969497680664,699.0,-288.1030502319336,329.0
window12,42,5,2019,2008,2019,2024,2019,挑战,79.25997924804688,666.0,-290.7400207519531,296.0
window12,42,5,2019,2008,2019,2024,2019,text,81.3274154663086,804.0,-281.6725845336914,441.0
window12,42,5,2019,2008,2019,2024,2019,challenges,79.09122467041016,633.0,-265.90877532958984,288.0
window12,42,5,2019,2008,2019,2024,2019,east,54.816471099853516,343.0,-277.1835289001465,11.0
window12,42,5,2019,2008,2019,2024,2019,gene,75.58917236328125,796.0,-252.41082763671875,468.0
window12,42,5,2019,2008,2019,2024,2019,chinese,73.15496826171875,424.0,-253.84503173828125,97.0
window12,42,5,2019,2008,2019,2024,2019,land,76.36109924316406,340.0,-250.63890075683594,13.0
window12,42,5,2019,2008,2019,2024,2019,社交媒体,77.63528442382812,677.0,-240.36471557617188,359.0
window12,42,5,2019,2008,2019,2024,2019,应用,78.74927520751953,495.0,-238.25072479248047,178.0
window12,42,5,2019,2008,2019,2024,2019,power,77.7975082397461,386.0,-232.2024917602539,76.0
window12,42,5,2019,2008,2019,2024,2019,可持续,75.05919647216797,589.0,-234.94080352783203,279.0
window12,42,5,2019,2008,2019,2024,2019,经济,80.426025390625,564.0,-229.573974609375,254.0
window12,42,5,2019,2008,2019,2024,2019,road,78.14006042480469,490.0,-216.8599395751953,195.0
window12,42,5,2019,2008,2019,2024,2019,经验,75.28486633300781,473.0,-219.7151336669922,178.0
window12,42,5,2019,2008,2019,2024,2019,管理,80.4862289428711,480.0,-207.5137710571289,192.0
window12,42,5,2019,2008,2019,2024,2019,全球,76.1210708618164,358.0,-209.8789291381836,72.0
window12,42,5,2019,2008,2019,2024,2019,学习,80.73567199707031,568.0,-199.2643280029297,288.0
window12,42,5,2019,2008,2019,2024,2019,change,76.65658569335938,426.0,-201.34341430664062,148.0
window12,42,5,2019,2008,2019,2024,2019,视角,78.93910217285156,668.0,-196.06089782714844,393.0
window12,42,5,2019,2008,2019,2024,2019,遗产旅行,69.6053466796875,378.0,-202.3946533203125,106.0
window12,42,5,2019,2008,2019,2024,2019,地方,78.36619567871094,273.0,-183.63380432128906,11.0
window12,42,5,2019,2008,2019,2024,2019,soft,73.2441635131836,276.0,-186.7558364868164,16.0
window12,42,5,2019,2008,2019,2024,2019,action,54.475006103515625,350.0,-202.52499389648438,93.0
window12,42,5,2019,2008,2019,2024,2019,real,76.61705017089844,541.0,-175.38294982910156,289.0
window12,42,5,2019,2008,2019,2024,2019,state,68.60514068603516,305.0,-183.39485931396484,53.0
window12,42,5,2019,2008,2019,2024,2019,diplomacy,78.5487060546875,494.0,-171.4512939453125,244.0
window12,42,5,2019,2008,2019,2024,2019,mental,79.53058624267578,264.0,-168.46941375732422,16.0
window12,42,5,2019,2008,2019,2024,2019,丝绸之路,75.78191375732422,522.0,-171.21808624267578,275.0
window12,42,5,2019,2008,2019,2024,2019,post,73.88069152832031,546.0,-171.1193084716797,301.0
window12,42,5,2019,2008,2019,2024,2019,formation,78.68678283691406,506.0,-165.31321716308594,262.0
window12,42,5,2019,2008,2019,2024,2019,游客,72.55796813964844,376.0,-171.44203186035156,132.0
window12,42,5,2019,2008,2019,2024,2019,branding,71.67672729492188,314.0,-168.32327270507812,74.0
window12,42,5,2019,2008,2019,2024,2019,relations,76.03113555908203,179.0,-163.96886444091797,-61.0
window12,42,5,2019,2008,2019,2024,2019,place,57.5823860168457,221.0,-180.4176139831543,-17.0
window12,42,5,2019,2008,2019,2024,2019,role,76.63044738769531,649.0,-160.3695526123047,412.0
window12,42,5,2019,2008,2019,2024,2019,conflict,76.9336929321289,174.0,-159.0663070678711,-62.0
window12,42,5,2019,2008,2019,2024,2019,案例研究,72.36495971679688,316.0,-163.63504028320312,80.0
window12,42,5,2019,2008,2019,2024,2019,原真性,75.99533081054688,445.0,-152.00466918945312,217.0
window12,42,5,2019,2008,2019,2024,2019,time,77.54159545898438,391.0,-149.45840454101562,164.0
window12,42,5,2019,2008,2019,2024,2019,product,67.91263580322266,334.0,-157.08736419677734,109.0
window12,42,5,2019,2008,2019,2024,2019,africa,72.27283477783203,242.0,-146.72716522216797,23.0
window12,42,5,2019,2008,2019,2024,2019,sites,74.81934356689453,210.0,-143.18065643310547,-8.0
window12,42,5,2019,2008,2019,2024,2019,language,51.76325607299805,369.0,-159.23674392700195,158.0
window12,42,5,2019,2008,2019,2024,2019,brand,67.87449645996094,297.0,-140.12550354003906,89.0
window12,42,5,2019,2008,2019,2024,2019,silk,74.04057312011719,429.0,-129.9594268798828,225.0
window12,42,5,2019,2008,2019,2024,2019,plan,54.49868392944336,254.0,-147.50131607055664,52.0
window12,42,5,2019,2008,2019,2024,2019,可持续发展,72.06499481201172,371.0,-125.93500518798828,173.0
window12,42,5,2019,2008,2019,2024,2019,the middle east,59.57685089111328,129.0,-136.42314910888672,-67.0
window12,42,5,2019,2008,2019,2024,2019,carrying,64.22750854492188,81.0,-130.77249145507812,-114.0
window12,42,5,2019,2008,2019,2024,2019,效果,76.33089447021484,339.0,-118.66910552978516,144.0
window12,42,5,2019,2008,2019,2024,2019,分析,73.12234497070312,253.0,-118.87765502929688,61.0
window12,42,5,2019,2008,2019,2024,2019,reality,73.80175018310547,383.0,-117.19824981689453,192.0
window12,42,5,2019,2008,2019,2024,2019,content,69.94992065429688,369.0,-120.05007934570312,179.0
window12,42,5,2019,2008,2019,2024,2019,middle east,63.55752944946289,79.0,-125.44247055053711,-110.0
window12,42,5,2019,2008,2019,2024,2019,服务,75.94534301757812,317.0,-112.05465698242188,129.0
window12,42,5,2019,2008,2019,2024,2019,source,72.99895477294922,163.0,-114.00104522705078,-24.0
window12,42,5,2019,2008,2019,2024,2019,carrying capacity,63.842193603515625,81.0,-122.15780639648438,-105.0
window12,42,5,2019,2008,2019,2024,2019,数字,75.89652252197266,985.0,-109.10347747802734,800.0
window12,42,5,2019,2008,2019,2024,2019,in the middle,65.47154998779297,90.0,-116.52845001220703,-92.0
window12,42,5,2019,2008,2019,2024,2019,系统综述,73.62639617919922,195.0,-108.37360382080078,13.0
window12,42,5,2019,2008,2019,2024,2019,实践,74.96644592285156,227.0,-103.03355407714844,49.0
window12,42,5,2019,2008,2019,2024,2019,graph,72.52581024169922,396.0,-103.47418975830078,220.0
window12,42,5,2019,2008,2019,2024,2019,outbound,46.590492248535156,54.0,-129.40950775146484,-122.0
window12,42,5,2019,2008,2019,2024,2019,语境,74.12678527832031,281.0,-100.87321472167969,106.0
window12,42,5,2019,2008,2019,2024,2019,框架,67.8206558227539,335.0,-104.1793441772461,163.0
window12,42,5,2019,2008,2019,2024,2019,al jazeera,73.0986328125,48.0,-97.9013671875,-123.0
window12,42,5,2019,2008,2019,2024,2019,jazeera,73.0986328125,65.0,-97.9013671875,-106.0
window12,42,5,2019,2008,2019,2024,2019,流程,75.69200897216797,180.0,-93.30799102783203,11.0
window12,42,5,2019,2008,2019,2024,2019,belt,74.7176742553711,269.0,-91.2823257446289,103.0
window12,42,5,2019,2008,2019,2024,2019,in the middle east,64.75285339355469,97.0,-100.24714660644531,-68.0
window12,42,5,2019,2008,2019,2024,2019,政策,70.73787689208984,254.0,-94.26212310791016,89.0
window12,42,5,2019,2008,2019,2024,2019,软实力,70.55052947998047,175.0,-94.44947052001953,10.0
window12,42,5,2019,2008,2019,2024,2019,marketing,71.19864654541016,544.0,-92.80135345458984,380.0
window12,42,5,2019,2008,2019,2024,2019,religious,73.97297668457031,247.0,-89.02702331542969,84.0
window12,42,5,2019,2008,2019,2024,2019,country,71.83381652832031,255.0,-90.16618347167969,93.0
window12,42,5,2019,2008,2019,2024,2019,islam,76.32492065429688,102.0,-85.67507934570312,-60.0
window12,42,5,2019,2008,2019,2024,2019,urban,68.32441711425781,255.0,-93.67558288574219,93.0
window12,123,1,2019,2008,2019,2020,2019,旅游,40.13589096069336,3486.0,-2990.8641090393066,455.0
window12,123,1,2019,2008,2019,2020,2019,tour,37.38605880737305,3300.0,-2855.613941192627,407.0
window12,123,1,2019,2008,2019,2020,2019,文化,38.003902435302734,2014.0,-1665.9960975646973,310.0
window12,123,1,2019,2008,2019,2020,2019,nation,38.24131774902344,1766.0,-1444.7586822509766,283.0
window12,123,1,2019,2008,2019,2020,2019,遗产,36.364295959472656,1587.0,-1314.6357040405273,236.0
window12,123,1,2019,2008,2019,2020,2019,阿拉伯,30.887208938598633,881.0,-799.1127910614014,51.0
window12,123,1,2019,2008,2019,2020,2019,发展,32.64291000366211,899.0,-723.3570899963379,143.0
window12,123,1,2019,2008,2019,2020,2019,目的地,31.395042419433594,794.0,-653.6049575805664,109.0
window12,123,1,2019,2008,2019,2020,2019,world,31.566991806030273,786.0,-652.4330081939697,102.0
window12,123,1,2019,2008,2019,2020,2019,view,32.65876388549805,905.0,-639.341236114502,233.0
window12,123,1,2019,2008,2019,2020,2019,rate,30.928890228271484,683.0,-605.0711097717285,47.0
window12,123,1,2019,2008,2019,2020,2019,city,29.48452377319336,681.0,-605.5154762268066,46.0
window12,123,1,2019,2008,2019,2020,2019,研究,32.539485931396484,734.0,-561.4605140686035,140.0
window12,123,1,2019,2008,2019,2020,2019,艺术,33.004539489746094,646.0,-527.9954605102539,85.0
window12,123,1,2019,2008,2019,2020,2019,site,30.733734130859375,657.0,-523.2662658691406,103.0
window12,123,1,2019,2008,2019,2020,2019,image,29.911779403686523,662.0,-507.0882205963135,125.0
window12,123,1,2019,2008,2019,2020,2019,社会,29.927194595336914,616.0,-493.0728054046631,93.0
window12,123,1,2019,2008,2019,2020,2019,media,29.99251937866211,576.0,-488.0074806213379,58.0
window12,123,1,2019,2008,2019,2020,2019,search,31.63990592956543,632.0,-485.36009407043457,115.0
window12,123,1,2019,2008,2019,2020,2019,work,30.31085205078125,529.0,-463.68914794921875,35.0
window12,123,1,2019,2008,2019,2020,2019,中国,29.280231475830078,537.0,-367.7197685241699,140.0
window12,123,1,2019,2008,2019,2020,2019,国家,28.58951187133789,492.0,-364.4104881286621,99.0
window12,123,1,2019,2008,2019,2020,2019,影响,29.701196670532227,466.0,-340.2988033294678,96.0
window12,123,1,2019,2008,2019,2020,2019,挑战,28.064937591552734,476.0,-341.93506240844727,106.0
window12,123,1,2019,2008,2019,2020,2019,text,29.32513999938965,415.0,-333.67486000061035,52.0
window12,123,1,2019,2008,2019,2020,2019,challenges,27.89689064025879,451.0,-317.1031093597412,106.0
window12,123,1,2019,2008,2019,2020,2019,east,13.658602714538574,405.0,-318.3413972854614,73.0
window12,123,1,2019,2008,2019,2020,2019,gene,25.723846435546875,329.0,-302.2761535644531,1.0
window12,123,1,2019,2008,2019,2020,2019,chinese,24.225971221923828,359.0,-302.7740287780762,32.0
window12,123,1,2019,2008,2019,2020,2019,land,26.1983642578125,380.0,-300.8016357421875,53.0
window12,123,1,2019,2008,2019,2020,2019,社交媒体,26.933116912841797,379.0,-291.0668830871582,61.0
window12,123,1,2019,2008,2019,2020,2019,应用,27.62908935546875,336.0,-289.37091064453125,19.0
window12,123,1,2019,2008,2019,2020,2019,power,26.98335075378418,328.0,-283.0166492462158,18.0
window12,123,1,2019,2008,2019,2020,2019,可持续,25.36380958557129,389.0,-284.6361904144287,79.0
window12,123,1,2019,2008,2019,2020,2019,经济,28.639225006103516,346.0,-281.3607749938965,36.0
window12,123,1,2019,2008,2019,2020,2019,road,27.10619354248047,434.0,-267.89380645751953,139.0
window12,123,1,2019,2008,2019,2020,2019,经验,25.46571922302246,321.0,-269.53428077697754,26.0
window12,123,1,2019,2008,2019,2020,2019,管理,28.603235244750977,317.0,-259.396764755249,29.0
window12,123,1,2019,2008,2019,2020,2019,全球,25.967994689941406,357.0,-260.0320053100586,71.0
window12,123,1,2019,2008,2019,2020,2019,学习,28.711610794067383,368.0,-251.28838920593262,88.0
window12,123,1,2019,2008,2019,2020,2019,change,26.241119384765625,327.0,-251.75888061523438,49.0
window12,123,1,2019,2008,2019,2020,2019,视角,27.609130859375,368.0,-247.390869140625,93.0
window12,123,1,2019,2008,2019,2020,2019,遗产旅行,21.93279266357422,285.0,-250.06720733642578,13.0
window12,123,1,2019,2008,2019,2020,2019,地方,27.205900192260742,319.0,-234.79409980773926,57.0
window12,123,1,2019,2008,2019,2020,2019,soft,24.105640411376953,313.0,-235.89435958862305,53.0
window12,123,1,2019,2008,2019,2020,2019,action,13.526313781738281,263.0,-243.47368621826172,6.0
window12,123,1,2019,2008,2019,2020,2019,real,26.12975311279297,322.0,-225.87024688720703,70.0
window12,123,1,2019,2008,2019,2020,2019,state,21.403135299682617,277.0,-230.59686470031738,25.0
window12,123,1,2019,2008,2019,2020,2019,diplomacy,27.224620819091797,333.0,-222.7753791809082,83.0
window12,123,1,2019,2008,2019,2020,2019,mental,27.90328598022461,344.0,-220.0967140197754,96.0
window12,123,1,2019,2008,2019,2020,2019,丝绸之路,25.498558044433594,434.0,-221.5014419555664,187.0
window12,123,1,2019,2008,2019,2020,2019,post,24.465267181396484,341.0,-220.53473281860352,96.0
window12,123,1,2019,2008,2019,2020,2019,formation,27.36516761779785,316.0,-216.63483238220215,72.0
window12,123,1,2019,2008,2019,2020,2019,游客,23.66411781311035,304.0,-220.33588218688965,60.0
window12,123,1,2019,2008,2019,2020,2019,branding,23.086254119873047,239.0,-216.91374588012695,-1.0
window12,123,1,2019,2008,2019,2020,2019,relations,25.748401641845703,247.0,-214.2515983581543,7.0
window12,123,1,2019,2008,2019,2020,2019,place,15.074298858642578,285.0,-222.92570114135742,47.0
window12,123,1,2019,2008,2019,2020,2019,role,26.127166748046875,315.0,-210.87283325195312,78.0
window12,123,1,2019,2008,2019,2020,2019,conflict,26.257516860961914,255.0,-209.7424831390381,19.0
window12,123,1,2019,2008,2019,2020,2019,案例研究,23.606609344482422,237.0,-212.39339065551758,1.0
window12,123,1,2019,2008,2019,2020,2019,原真性,25.649595260620117,264.0,-202.35040473937988,36.0
window12,123,1,2019,2008,2019,2020,2019,time,26.525375366210938,382.0,-200.47462463378906,155.0
window12,123,1,2019,2008,2019,2020,2019,product,20.968326568603516,212.0,-204.03167343139648,-13.0
window12,123,1,2019,2008,2019,2020,2019,africa,23.465341567993164,227.0,-195.53465843200684,8.0
window12,123,1,2019,2008,2019,2020,2019,sites,24.825984954833984,246.0,-193.17401504516602,28.0
window12,123,1,2019,2008,2019,2020,2019,language,12.07882308959961,220.0,-198.9211769104004,9.0
window12,123,1,2019,2008,2019,2020,2019,brand,20.793533325195312,233.0,-187.2064666748047,25.0
window12,123,1,2019,2008,2019,2020,2019,silk,24.32239532470703,373.0,-179.67760467529297,169.0
window12,123,1,2019,2008,2019,2020,2019,plan,13.451804161071777,213.0,-188.54819583892822,11.0
window12,123,1,2019,2008,2019,2020,2019,可持续发展,23.28203582763672,212.0,-174.71796417236328,14.0
window12,123,1,2019,2008,2019,2020,2019,the middle east,15.925093650817871,221.0,-180.07490634918213,25.0
window12,123,1,2019,2008,2019,2020,2019,carrying,18.650676727294922,211.0,-176.34932327270508,16.0
window12,123,1,2019,2008,2019,2020,2019,效果,25.776456832885742,271.0,-169.22354316711426,76.0
window12,123,1,2019,2008,2019,2020,2019,分析,23.892688751220703,212.0,-168.1073112487793,20.0
window12,123,1,2019,2008,2019,2020,2019,reality,24.21211814880371,209.0,-166.7878818511963,18.0
window12,123,1,2019,2008,2019,2020,2019,content,21.928943634033203,210.0,-168.0710563659668,20.0
window12,123,1,2019,2008,2019,2020,2019,middle east,18.155899047851562,203.0,-170.84410095214844,14.0
window12,123,1,2019,2008,2019,2020,2019,服务,25.516550064086914,179.0,-162.4834499359131,-9.0
window12,123,1,2019,2008,2019,2020,2019,source,23.773239135742188,213.0,-163.2267608642578,26.0
window12,123,1,2019,2008,2019,2020,2019,carrying capacity,18.39926528930664,202.0,-167.60073471069336,16.0
window12,123,1,2019,2008,2019,2020,2019,数字,25.49381446838379,322.0,-159.5061855316162,137.0
window12,123,1,2019,2008,2019,2020,2019,in the middle,19.23564910888672,190.0,-162.76435089111328,8.0
window12,123,1,2019,2008,2019,2020,2019,系统综述,24.127540588378906,222.0,-157.8724594116211,40.0
window12,123,1,2019,2008,2019,2020,2019,实践,24.904672622680664,169.0,-153.09532737731934,-9.0
window12,123,1,2019,2008,2019,2020,2019,graph,23.492603302001953,179.0,-152.50739669799805,3.0
window12,123,1,2019,2008,2019,2020,2019,outbound,9.284993171691895,176.0,-166.7150068283081,0.0
window12,123,1,2019,2008,2019,2020,2019,语境,24.390872955322266,209.0,-150.60912704467773,34.0
window12,123,1,2019,2008,2019,2020,2019,框架,20.7513370513916,221.0,-151.2486629486084,49.0
window12,123,1,2019,2008,2019,2020,2019,al jazeera,23.67551612854004,181.0,-147.32448387145996,10.0
window12,123,1,2019,2008,2019,2020,2019,jazeera,23.67551612854004,181.0,-147.32448387145996,10.0
window12,123,1,2019,2008,2019,2020,2019,流程,25.30040168762207,194.0,-143.69959831237793,25.0
window12,123,1,2019,2008,2019,2020,2019,belt,24.624296188354492,236.0,-141.3757038116455,70.0
window12,123,1,2019,2008,2019,2020,2019,in the middle east,18.761743545532227,181.0,-146.23825645446777,16.0
window12,123,1,2019,2008,2019,2020,2019,政策,22.361379623413086,161.0,-142.6386203765869,-4.0
window12,123,1,2019,2008,2019,2020,2019,软实力,22.16324806213379,175.0,-142.8367519378662,10.0
window12,123,1,2019,2008,2019,2020,2019,marketing,22.644596099853516,217.0,-141.35540390014648,53.0
window12,123,1,2019,2008,2019,2020,2019,religious,24.211708068847656,153.0,-138.78829193115234,-10.0
window12,123,1,2019,2008,2019,2020,2019,country,22.97394561767578,144.0,-139.02605438232422,-18.0
window12,123,1,2019,2008,2019,2020,2019,islam,25.62220573425293,166.0,-136.37779426574707,4.0
window12,123,1,2019,2008,2019,2020,2019,urban,20.985618591308594,187.0,-141.0143814086914,25.0
window12,123,3,2019,2008,2019,2022,2019,旅游,67.98101806640625,4242.0,-2963.0189819335938,1211.0
window12,123,3,2019,2008,2019,2022,2019,tour,64.498291015625,3857.0,-2828.501708984375,964.0
window12,123,3,2019,2008,2019,2022,2019,文化,65.34478759765625,2521.0,-1638.6552124023438,817.0
window12,123,3,2019,2008,2019,2022,2019,nation,65.66724395751953,2266.0,-1417.3327560424805,783.0
window12,123,3,2019,2008,2019,2022,2019,遗产,63.2770881652832,1698.0,-1287.7229118347168,347.0
window12,123,3,2019,2008,2019,2022,2019,阿拉伯,56.15188980102539,784.0,-773.8481101989746,-46.0
window12,123,3,2019,2008,2019,2022,2019,发展,58.494117736816406,907.0,-697.5058822631836,151.0
window12,123,3,2019,2008,2019,2022,2019,目的地,56.86038589477539,1036.0,-628.1396141052246,351.0
window12,123,3,2019,2008,2019,2022,2019,world,57.0856819152832,627.0,-626.9143180847168,-57.0
window12,123,3,2019,2008,2019,2022,2019,view,58.52155685424805,1100.0,-613.478443145752,428.0
window12,123,3,2019,2008,2019,2022,2019,rate,56.240421295166016,894.0,-579.759578704834,258.0
window12,123,3,2019,2008,2019,2022,2019,city,54.30214309692383,755.0,-580.6978569030762,120.0
window12,123,3,2019,2008,2019,2022,2019,研究,58.38032531738281,901.0,-535.6196746826172,307.0
window12,123,3,2019,2008,2019,2022,2019,艺术,58.993736267089844,992.0,-502.00626373291016,431.0
window12,123,3,2019,2008,2019,2022,2019,site,55.999210357666016,670.0,-498.000789642334,116.0
window12,123,3,2019,2008,2019,2022,2019,image,54.896507263183594,783.0,-482.1034927368164,246.0
window12,123,3,2019,2008,2019,2022,2019,社会,54.91279220581055,727.0,-468.08720779418945,204.0
window12,123,3,2019,2008,2019,2022,2019,media,55.00373077392578,588.0,-462.9962692260742,70.0
window12,123,3,2019,2008,2019,2022,2019,search,57.20662307739258,797.0,-459.7933769226074,280.0
window12,123,3,2019,2008,2019,2022,2019,work,55.43153381347656,623.0,-438.56846618652344,129.0
window12,123,3,2019,2008,2019,2022,2019,中国,54.07842254638672,600.0,-342.9215774536133,203.0
window12,123,3,2019,2008,2019,2022,2019,国家,53.14286804199219,523.0,-339.8571319580078,130.0
window12,123,3,2019,2008,2019,2022,2019,影响,54.647850036621094,563.0,-315.3521499633789,193.0
window12,123,3,2019,2008,2019,2022,2019,挑战,52.43449401855469,597.0,-317.5655059814453,227.0
window12,123,3,2019,2008,2019,2022,2019,text,54.14419937133789,565.0,-308.8558006286621,202.0
window12,123,3,2019,2008,2019,2022,2019,challenges,52.213130950927734,553.0,-292.78686904907227,208.0
window12,123,3,2019,2008,2019,2022,2019,east,31.420833587646484,419.0,-300.5791664123535,87.0
window12,123,3,2019,2008,2019,2022,2019,gene,49.22634506225586,406.0,-278.77365493774414,78.0
window12,123,3,2019,2008,2019,2022,2019,chinese,47.13679122924805,325.0,-279.86320877075195,-2.0
window12,123,3,2019,2008,2019,2022,2019,land,49.88284683227539,380.0,-277.1171531677246,53.0
window12,123,3,2019,2008,2019,2022,2019,社交媒体,50.902679443359375,452.0,-267.0973205566406,134.0
window12,123,3,2019,2008,2019,2022,2019,应用,51.85310363769531,470.0,-265.1468963623047,153.0
window12,123,3,2019,2008,2019,2022,2019,power,50.979183197021484,334.0,-259.0208168029785,24.0
window12,123,3,2019,2008,2019,2022,2019,可持续,48.73079299926758,443.0,-261.2692070007324,133.0
window12,123,3,2019,2008,2019,2022,2019,经济,53.2291145324707,467.0,-256.7708854675293,157.0
window12,123,3,2019,2008,2019,2022,2019,road,51.15938949584961,555.0,-243.8406105041504,260.0
window12,123,3,2019,2008,2019,2022,2019,经验,48.87744140625,403.0,-246.12255859375,108.0
window12,123,3,2019,2008,2019,2022,2019,管理,53.18798828125,413.0,-234.81201171875,125.0
window12,123,3,2019,2008,2019,2022,2019,全球,49.57368469238281,377.0,-236.4263153076172,91.0
window12,123,3,2019,2008,2019,2022,2019,学习,53.34016036987305,564.0,-226.65983963012695,284.0
window12,123,3,2019,2008,2019,2022,2019,change,49.96023178100586,386.0,-228.03976821899414,108.0
window12,123,3,2019,2008,2019,2022,2019,视角,51.84151077270508,504.0,-223.15848922729492,229.0
window12,123,3,2019,2008,2019,2022,2019,遗产旅行,43.907230377197266,324.0,-228.09276962280273,52.0
window12,123,3,2019,2008,2019,2022,2019,地方,51.29673767089844,271.0,-210.70326232910156,9.0
window12,123,3,2019,2008,2019,2022,2019,soft,46.99567413330078,268.0,-213.00432586669922,8.0
window12,123,3,2019,2008,2019,2022,2019,action,31.222026824951172,281.0,-225.77797317504883,24.0
window12,123,3,2019,2008,2019,2022,2019,real,49.81735610961914,378.0,-202.18264389038086,126.0
window12,123,3,2019,2008,2019,2022,2019,state,43.128910064697266,261.0,-208.87108993530273,9.0
window12,123,3,2019,2008,2019,2022,2019,diplomacy,51.334205627441406,422.0,-198.6657943725586,172.0
window12,123,3,2019,2008,2019,2022,2019,mental,52.24739456176758,323.0,-195.75260543823242,75.0
window12,123,3,2019,2008,2019,2022,2019,丝绸之路,48.962562561035156,543.0,-198.03743743896484,296.0
window12,123,3,2019,2008,2019,2022,2019,post,47.50282669067383,461.0,-197.49717330932617,216.0
window12,123,3,2019,2008,2019,2022,2019,formation,51.51656723022461,430.0,-192.4834327697754,186.0
window12,123,3,2019,2008,2019,2022,2019,游客,46.37713623046875,347.0,-197.62286376953125,103.0
window12,123,3,2019,2008,2019,2022,2019,branding,45.56855010986328,366.0,-194.43144989013672,126.0
window12,123,3,2019,2008,2019,2022,2019,relations,49.2922248840332,183.0,-190.7077751159668,-57.0
window12,123,3,2019,2008,2019,2022,2019,place,33.67463302612305,252.0,-204.32536697387695,14.0
window12,123,3,2019,2008,2019,2022,2019,role,49.8122673034668,445.0,-187.1877326965332,208.0
window12,123,3,2019,2008,2019,2022,2019,conflict,50.00153350830078,245.0,-185.99846649169922,9.0
window12,123,3,2019,2008,2019,2022,2019,案例研究,46.28181838989258,228.0,-189.71818161010742,-8.0
window12,123,3,2019,2008,2019,2022,2019,原真性,49.166324615478516,418.0,-178.83367538452148,190.0
window12,123,3,2019,2008,2019,2022,2019,time,50.38394546508789,443.0,-176.6160545349121,216.0
window12,123,3,2019,2008,2019,2022,2019,product,42.50446701049805,226.0,-182.49553298950195,1.0
window12,123,3,2019,2008,2019,2022,2019,africa,46.09793472290039,242.0,-172.9020652770996,23.0
window12,123,3,2019,2008,2019,2022,2019,sites,48.036983489990234,289.0,-169.96301651000977,71.0
window12,123,3,2019,2008,2019,2022,2019,language,28.916576385498047,215.0,-182.08342361450195,4.0
window12,123,3,2019,2008,2019,2022,2019,brand,42.283931732177734,328.0,-165.71606826782227,120.0
window12,123,3,2019,2008,2019,2022,2019,silk,47.33679962158203,466.0,-156.66320037841797,262.0
window12,123,3,2019,2008,2019,2022,2019,plan,31.132598876953125,244.0,-170.86740112304688,42.0
window12,123,3,2019,2008,2019,2022,2019,可持续发展,45.84688186645508,279.0,-152.15311813354492,81.0
window12,123,3,2019,2008,2019,2022,2019,the middle east,35.044403076171875,236.0,-160.95559692382812,40.0
window12,123,3,2019,2008,2019,2022,2019,carrying,39.142208099365234,93.0,-155.85779190063477,-102.0
window12,123,3,2019,2008,2019,2022,2019,效果,49.347412109375,328.0,-145.652587890625,133.0
window12,123,3,2019,2008,2019,2022,2019,分析,46.71126937866211,212.0,-145.2887306213379,20.0
window12,123,3,2019,2008,2019,2022,2019,reality,47.17571258544922,256.0,-143.82428741455078,65.0
window12,123,3,2019,2008,2019,2022,2019,content,43.937957763671875,255.0,-146.06204223632812,65.0
window12,123,3,2019,2008,2019,2022,2019,middle east,38.428871154785156,197.0,-150.57112884521484,8.0
window12,123,3,2019,2008,2019,2022,2019,服务,48.990421295166016,153.0,-139.00957870483398,-35.0
window12,123,3,2019,2008,2019,2022,2019,source,46.55103302001953,163.0,-140.44896697998047,-24.0
window12,123,3,2019,2008,2019,2022,2019,carrying capacity,38.775367736816406,84.0,-147.2246322631836,-102.0
window12,123,3,2019,2008,2019,2022,2019,数字,48.95689010620117,626.0,-136.04310989379883,441.0
window12,123,3,2019,2008,2019,2022,2019,in the middle,40.03660202026367,174.0,-141.96339797973633,-8.0
window12,123,3,2019,2008,2019,2022,2019,系统综述,47.05165481567383,229.0,-134.94834518432617,47.0
window12,123,3,2019,2008,2019,2022,2019,实践,48.14165115356445,230.0,-129.85834884643555,52.0
window12,123,3,2019,2008,2019,2022,2019,graph,46.15232467651367,223.0,-129.84767532348633,47.0
window12,123,3,2019,2008,2019,2022,2019,outbound,24.29743194580078,108.0,-151.70256805419922,-68.0
window12,123,3,2019,2008,2019,2022,2019,语境,47.42543411254883,258.0,-127.57456588745117,83.0
window12,123,3,2019,2008,2019,2022,2019,框架,42.222190856933594,263.0,-129.7778091430664,91.0
window12,123,3,2019,2008,2019,2022,2019,al jazeera,46.43691635131836,138.0,-124.56308364868164,-33.0
window12,123,3,2019,2008,2019,2022,2019,jazeera,46.43691635131836,138.0,-124.56308364868164,-33.0
window12,123,3,2019,2008,2019,2022,2019,流程,48.69612503051758,221.0,-120.30387496948242,52.0
window12,123,3,2019,2008,2019,2022,2019,belt,47.76886749267578,328.0,-118.23113250732422,162.0
window12,123,3,2019,2008,2019,2022,2019,in the middle east,39.34834289550781,190.0,-125.65165710449219,25.0
window12,123,3,2019,2008,2019,2022,2019,政策,44.55915832519531,255.0,-120.44084167480469,90.0
window12,123,3,2019,2008,2019,2022,2019,软实力,44.291812896728516,177.0,-120.70818710327148,12.0
window12,123,3,2019,2008,2019,2022,2019,marketing,44.96018600463867,345.0,-119.03981399536133,181.0
window12,123,3,2019,2008,2019,2022,2019,religious,47.1865119934082,227.0,-115.8134880065918,64.0
window12,123,3,2019,2008,2019,2022,2019,country,45.43627166748047,254.0,-116.56372833251953,92.0
window12,123,3,2019,2008,2019,2022,2019,islam,49.14960861206055,119.0,-112.85039138793945,-43.0
window12,123,3,2019,2008,2019,2022,2019,urban,42.573612213134766,252.0,-119.42638778686523,90.0
window12,123,5,2019,2008,2019,2024,2019,旅游,89.41543579101562,5508.0,-2941.5845642089844,2477.0
window12,123,5,2019,2008,2019,2024,2019,tour,86.0516128540039,4819.0,-2806.948387145996,1926.0
window12,123,5,2019,2008,2019,2024,2019,文化,86.90765380859375,3099.0,-1617.0923461914062,1395.0
window12,123,5,2019,2008,2019,2024,2019,nation,87.23223114013672,2652.0,-1395.7677688598633,1169.0
window12,123,5,2019,2008,2019,2024,2019,遗产,84.91419982910156,1984.0,-1266.0858001708984,633.0
window12,123,5,2019,2008,2019,2024,2019,阿拉伯,77.8899917602539,1033.0,-752.1100082397461,203.0
window12,123,5,2019,2008,2019,2024,2019,发展,80.23746490478516,1136.0,-675.7625350952148,380.0
window12,123,5,2019,2008,2019,2024,2019,目的地,78.61833953857422,1258.0,-606.3816604614258,573.0
window12,123,5,2019,2008,2019,2024,2019,world,78.84192657470703,645.0,-605.158073425293,-39.0
window12,123,5,2019,2008,2019,2024,2019,view,80.26834106445312,1119.0,-591.7316589355469,447.0
window12,123,5,2019,2008,2019,2024,2019,rate,77.99768829345703,1324.0,-558.002311706543,688.0
window12,123,5,2019,2008,2019,2024,2019,city,76.04486846923828,938.0,-558.9551315307617,303.0
window12,123,5,2019,2008,2019,2024,2019,研究,80.13712310791016,1258.0,-513.8628768920898,664.0
window12,123,5,2019,2008,2019,2024,2019,艺术,80.74694061279297,1274.0,-480.25305938720703,713.0
window12,123,5,2019,2008,2019,2024,2019,site,77.76651763916016,537.0,-476.23348236083984,-17.0
window12,123,5,2019,2008,2019,2024,2019,image,76.6560287475586,952.0,-460.3439712524414,415.0
window12,123,5,2019,2008,2019,2024,2019,社会,76.66984558105469,939.0,-446.3301544189453,416.0
window12,123,5,2019,2008,2019,2024,2019,media,76.76334381103516,821.0,-441.23665618896484,303.0
window12,123,5,2019,2008,2019,2024,2019,search,78.976318359375,976.0,-438.023681640625,459.0
window12,123,5,2019,2008,2019,2024,2019,work,77.19466400146484,684.0,-416.80533599853516,190.0
window12,123,5,2019,2008,2019,2024,2019,中国,75.84773254394531,774.0,-321.1522674560547,377.0
window12,123,5,2019,2008,2019,2024,2019,国家,74.89884948730469,564.0,-318.1011505126953,171.0
window12,123,5,2019,2008,2019,2024,2019,影响,76.42442321777344,699.0,-293.57557678222656,329.0
window12,123,5,2019,2008,2019,2024,2019,挑战,74.18082427978516,666.0,-295.81917572021484,296.0
window12,123,5,2019,2008,2019,2024,2019,text,75.91712951660156,804.0,-287.08287048339844,441.0
window12,123,5,2019,2008,2019,2024,2019,challenges,73.9594955444336,633.0,-271.0405044555664,288.0
window12,123,5,2019,2008,2019,2024,2019,east,51.64039611816406,343.0,-280.35960388183594,11.0
window12,123,5,2019,2008,2019,2024,2019,gene,70.89553833007812,796.0,-257.1044616699219,468.0
window12,123,5,2019,2008,2019,2024,2019,chinese,68.72775268554688,424.0,-258.2722473144531,97.0
window12,123,5,2019,2008,2019,2024,2019,land,71.5723876953125,340.0,-255.4276123046875,13.0
window12,123,5,2019,2008,2019,2024,2019,社交媒体,72.62439727783203,677.0,-245.37560272216797,359.0
window12,123,5,2019,2008,2019,2024,2019,应用,73.59516143798828,495.0,-243.40483856201172,178.0
window12,123,5,2019,2008,2019,2024,2019,power,72.7069091796875,386.0,-237.2930908203125,76.0
window12,123,5,2019,2008,2019,2024,2019,可持续,70.38568878173828,589.0,-239.61431121826172,279.0
window12,123,5,2019,2008,2019,2024,2019,经济,74.99677276611328,564.0,-235.00322723388672,254.0
window12,123,5,2019,2008,2019,2024,2019,road,72.89771270751953,490.0,-222.10228729248047,195.0
window12,123,5,2019,2008,2019,2024,2019,经验,70.54019165039062,473.0,-224.45980834960938,178.0
window12,123,5,2019,2008,2019,2024,2019,管理,74.9592056274414,480.0,-213.0407943725586,192.0
window12,123,5,2019,2008,2019,2024,2019,全球,71.2590560913086,358.0,-214.7409439086914,72.0
window12,123,5,2019,2008,2019,2024,2019,学习,75.1166000366211,568.0,-204.8833999633789,288.0
window12,123,5,2019,2008,2019,2024,2019,change,71.66213989257812,426.0,-206.33786010742188,148.0
window12,123,5,2019,2008,2019,2024,2019,视角,73.59195709228516,668.0,-201.40804290771484,393.0
window12,123,5,2019,2008,2019,2024,2019,遗产旅行,65.34842681884766,378.0,-206.65157318115234,106.0
window12,123,5,2019,2008,2019,2024,2019,地方,73.03883361816406,273.0,-188.96116638183594,11.0
window12,123,5,2019,2008,2019,2024,2019,soft,68.59607696533203,276.0,-191.40392303466797,16.0
window12,123,5,2019,2008,2019,2024,2019,action,51.42097091674805,350.0,-205.57902908325195,93.0
window12,123,5,2019,2008,2019,2024,2019,real,71.5210189819336,541.0,-180.4789810180664,289.0
window12,123,5,2019,2008,2019,2024,2019,state,64.51415252685547,305.0,-187.48584747314453,53.0
window12,123,5,2019,2008,2019,2024,2019,diplomacy,73.08351135253906,494.0,-176.91648864746094,244.0
window12,123,5,2019,2008,2019,2024,2019,mental,74.00848388671875,264.0,-173.99151611328125,16.0
window12,123,5,2019,2008,2019,2024,2019,丝绸之路,70.64933013916016,522.0,-176.35066986083984,275.0
window12,123,5,2019,2008,2019,2024,2019,post,69.12583923339844,546.0,-175.87416076660156,301.0
window12,123,5,2019,2008,2019,2024,2019,formation,73.26470184326172,506.0,-170.73529815673828,262.0
window12,123,5,2019,2008,2019,2024,2019,游客,67.95182037353516,376.0,-176.04817962646484,132.0
window12,123,5,2019,2008,2019,2024,2019,branding,67.1090316772461,314.0,-172.8909683227539,74.0
window12,123,5,2019,2008,2019,2024,2019,relations,70.98108673095703,179.0,-169.01891326904297,-61.0
window12,123,5,2019,2008,2019,2024,2019,place,54.20307922363281,221.0,-183.7969207763672,-17.0
window12,123,5,2019,2008,2019,2024,2019,role,71.51506805419922,649.0,-165.48493194580078,412.0
window12,123,5,2019,2008,2019,2024,2019,conflict,71.71479034423828,174.0,-164.28520965576172,-62.0
window12,123,5,2019,2008,2019,2024,2019,案例研究,67.84465026855469,316.0,-168.1553497314453,80.0
window12,123,5,2019,2008,2019,2024,2019,原真性,70.85708618164062,445.0,-157.14291381835938,217.0
window12,123,5,2019,2008,2019,2024,2019,time,72.11483764648438,391.0,-154.88516235351562,164.0
window12,123,5,2019,2008,2019,2024,2019,product,63.851749420166016,334.0,-161.14825057983398,109.0
window12,123,5,2019,2008,2019,2024,2019,africa,67.66063690185547,242.0,-151.33936309814453,23.0
window12,123,5,2019,2008,2019,2024,2019,sites,69.69657135009766,210.0,-148.30342864990234,-8.0
window12,123,5,2019,2008,2019,2024,2019,language,48.78842544555664,369.0,-162.21157455444336,158.0
window12,123,5,2019,2008,2019,2024,2019,brand,63.63404083251953,297.0,-144.36595916748047,89.0
window12,123,5,2019,2008,2019,2024,2019,silk,68.97115325927734,429.0,-135.02884674072266,225.0
window12,123,5,2019,2008,2019,2024,2019,plan,51.33595275878906,254.0,-150.66404724121094,52.0
window12,123,5,2019,2008,2019,2024,2019,可持续发展,67.40208435058594,371.0,-130.59791564941406,173.0
window12,123,5,2019,2008,2019,2024,2019,the middle east,55.762290954589844,129.0,-140.23770904541016,-67.0
window12,123,5,2019,2008,2019,2024,2019,carrying,60.25395202636719,81.0,-134.7460479736328,-114.0
window12,123,5,2019,2008,2019,2024,2019,效果,71.04691314697266,339.0,-123.95308685302734,144.0
window12,123,5,2019,2008,2019,2024,2019,分析,68.307861328125,253.0,-123.692138671875,61.0
window12,123,5,2019,2008,2019,2024,2019,reality,68.80036926269531,383.0,-122.19963073730469,192.0
window12,123,5,2019,2008,2019,2024,2019,content,65.40093231201172,369.0,-124.59906768798828,179.0
window12,123,5,2019,2008,2019,2024,2019,middle east,59.49028778076172,79.0,-129.50971221923828,-110.0
window12,123,5,2019,2008,2019,2024,2019,服务,70.68022155761719,317.0,-117.31977844238281,129.0
window12,123,5,2019,2008,2019,2024,2019,source,68.14472198486328,163.0,-118.85527801513672,-24.0
window12,123,5,2019,2008,2019,2024,2019,carrying capacity,59.85913848876953,81.0,-126.14086151123047,-105.0
window12,123,5,2019,2008,2019,2024,2019,数字,70.64454650878906,985.0,-114.35545349121094,800.0
window12,123,5,2019,2008,2019,2024,2019,in the middle,61.237464904785156,90.0,-120.76253509521484,-92.0
window12,123,5,2019,2008,2019,2024,2019,系统综述,68.66845703125,195.0,-113.33154296875,13.0
window12,123,5,2019,2008,2019,2024,2019,实践,69.80304718017578,227.0,-108.19695281982422,49.0
window12,123,5,2019,2008,2019,2024,2019,graph,67.72637939453125,396.0,-108.27362060546875,220.0
window12,123,5,2019,2008,2019,2024,2019,outbound,43.38386535644531,54.0,-132.6161346435547,-122.0
window12,123,5,2019,2008,2019,2024,2019,语境,69.06009674072266,281.0,-105.93990325927734,106.0
window12,123,5,2019,2008,2019,2024,2019,框架,63.568458557128906,335.0,-108.4315414428711,163.0
window12,123,5,2019,2008,2019,2024,2019,al jazeera,68.03775024414062,48.0,-102.96224975585938,-123.0
window12,123,5,2019,2008,2019,2024,2019,jazeera,68.03775024414062,65.0,-102.96224975585938,-106.0
window12,123,5,2019,2008,2019,2024,2019,流程,70.37925720214844,180.0,-98.62074279785156,11.0
window12,123,5,2019,2008,2019,2024,2019,belt,69.42585754394531,269.0,-96.57414245605469,103.0
window12,123,5,2019,2008,2019,2024,2019,in the middle east,60.49944305419922,97.0,-104.50055694580078,-68.0
window12,123,5,2019,2008,2019,2024,2019,政策,66.05908203125,254.0,-98.94091796875,89.0
window12,123,5,2019,2008,2019,2024,2019,软实力,65.78483581542969,175.0,-99.21516418457031,10.0
window12,123,5,2019,2008,2019,2024,2019,marketing,66.48037719726562,544.0,-97.51962280273438,380.0
window12,123,5,2019,2008,2019,2024,2019,religious,68.81777954101562,247.0,-94.18222045898438,84.0
window12,123,5,2019,2008,2019,2024,2019,country,66.98518371582031,255.0,-95.01481628417969,93.0
window12,123,5,2019,2008,2019,2024,2019,islam,70.85139465332031,102.0,-91.14860534667969,-60.0
window12,123,5,2019,2008,2019,2024,2019,urban,63.9496955871582,255.0,-98.0503044128418,93.0
window12,2026,1,2019,2008,2019,2020,2019,旅游,44.87692642211914,3486.0,-2986.123073577881,455.0
window12,2026,1,2019,2008,2019,2020,2019,tour,41.167823791503906,3300.0,-2851.832176208496,407.0
window12,2026,1,2019,2008,2019,2020,2019,文化,42.773136138916016,2014.0,-1661.226863861084,310.0
window12,2026,1,2019,2008,2019,2020,2019,nation,43.25554275512695,1766.0,-1439.744457244873,283.0
window12,2026,1,2019,2008,2019,2020,2019,遗产,40.78127670288086,1587.0,-1310.2187232971191,236.0
window12,2026,1,2019,2008,2019,2020,2019,阿拉伯,33.763450622558594,881.0,-796.2365493774414,51.0
window12,2026,1,2019,2008,2019,2020,2019,发展,36.31636428833008,899.0,-719.6836357116699,143.0
window12,2026,1,2019,2008,2019,2020,2019,目的地,34.64623260498047,794.0,-650.3537673950195,109.0
window12,2026,1,2019,2008,2019,2020,2019,world,34.90581512451172,786.0,-649.0941848754883,102.0
window12,2026,1,2019,2008,2019,2020,2019,view,36.505680084228516,905.0,-635.4943199157715,233.0
window12,2026,1,2019,2008,2019,2020,2019,rate,34.114471435546875,683.0,-601.8855285644531,47.0
window12,2026,1,2019,2008,2019,2020,2019,city,32.10285949707031,681.0,-602.8971405029297,46.0
window12,2026,1,2019,2008,2019,2020,2019,研究,36.46759796142578,734.0,-557.5324020385742,140.0
window12,2026,1,2019,2008,2019,2020,2019,艺术,37.20805740356445,646.0,-523.7919425964355,85.0
window12,2026,1,2019,2008,2019,2020,2019,site,33.97450256347656,657.0,-520.0254974365234,103.0
window12,2026,1,2019,2008,2019,2020,2019,image,32.88187789916992,662.0,-504.1181221008301,125.0
window12,2026,1,2019,2008,2019,2020,2019,社会,32.963783264160156,616.0,-490.03621673583984,93.0
window12,2026,1,2019,2008,2019,2020,2019,media,33.05717849731445,576.0,-484.94282150268555,58.0
window12,2026,1,2019,2008,2019,2020,2019,search,35.354637145996094,632.0,-481.6453628540039,115.0
window12,2026,1,2019,2008,2019,2020,2019,work,33.57406997680664,529.0,-460.42593002319336,35.0
window12,2026,1,2019,2008,2019,2020,2019,中国,32.32208251953125,537.0,-364.67791748046875,140.0
window12,2026,1,2019,2008,2019,2020,2019,国家,31.37401008605957,492.0,-361.62598991394043,99.0
window12,2026,1,2019,2008,2019,2020,2019,影响,33.0126953125,466.0,-336.9873046875,96.0
window12,2026,1,2019,2008,2019,2020,2019,挑战,30.710508346557617,476.0,-339.2894916534424,106.0
window12,2026,1,2019,2008,2019,2020,2019,text,32.49981689453125,415.0,-330.50018310546875,52.0
window12,2026,1,2019,2008,2019,2020,2019,challenges,30.546165466308594,451.0,-314.4538345336914,106.0
window12,2026,1,2019,2008,2019,2020,2019,east,12.560088157653809,405.0,-319.4399118423462,73.0
window12,2026,1,2019,2008,2019,2020,2019,gene,27.58932876586914,329.0,-300.41067123413086,1.0
window12,2026,1,2019,2008,2019,2020,2019,chinese,25.540939331054688,359.0,-301.4590606689453,32.0
window12,2026,1,2019,2008,2019,2020,2019,land,28.251693725585938,380.0,-298.74830627441406,53.0
window12,2026,1,2019,2008,2019,2020,2019,社交媒体,29.282339096069336,379.0,-288.71766090393066,61.0
window12,2026,1,2019,2008,2019,2020,2019,应用,30.272794723510742,336.0,-286.72720527648926,19.0
window12,2026,1,2019,2008,2019,2020,2019,power,29.354623794555664,328.0,-280.64537620544434,18.0
window12,2026,1,2019,2008,2019,2020,2019,可持续,27.15277099609375,389.0,-282.84722900390625,79.0
window12,2026,1,2019,2008,2019,2020,2019,经济,31.718276977539062,346.0,-278.28172302246094,36.0
window12,2026,1,2019,2008,2019,2020,2019,road,29.540176391601562,434.0,-265.45982360839844,139.0
window12,2026,1,2019,2008,2019,2020,2019,经验,27.34218978881836,321.0,-267.65781021118164,26.0
window12,2026,1,2019,2008,2019,2020,2019,管理,31.743179321289062,317.0,-256.25682067871094,29.0
window12,2026,1,2019,2008,2019,2020,2019,全球,28.08132553100586,357.0,-257.91867446899414,71.0
window12,2026,1,2019,2008,2019,2020,2019,学习,31.913618087768555,368.0,-248.08638191223145,88.0
window12,2026,1,2019,2008,2019,2020,2019,change,28.465896606445312,327.0,-249.5341033935547,49.0
window12,2026,1,2019,2008,2019,2020,2019,视角,30.38446044921875,368.0,-244.61553955078125,93.0
window12,2026,1,2019,2008,2019,2020,2019,遗产旅行,22.628726959228516,285.0,-249.37127304077148,13.0
window12,2026,1,2019,2008,2019,2020,2019,地方,29.8580322265625,319.0,-232.1419677734375,57.0
window12,2026,1,2019,2008,2019,2020,2019,soft,25.57020378112793,313.0,-234.42979621887207,53.0
window12,2026,1,2019,2008,2019,2020,2019,action,12.405987739562988,263.0,-244.594012260437,6.0
window12,2026,1,2019,2008,2019,2020,2019,real,28.402667999267578,322.0,-223.59733200073242,70.0
window12,2026,1,2019,2008,2019,2020,2019,state,22.05575942993164,277.0,-229.94424057006836,25.0
window12,2026,1,2019,2008,2019,2020,2019,diplomacy,29.894207000732422,333.0,-220.10579299926758,83.0
window12,2026,1,2019,2008,2019,2020,2019,mental,30.928997039794922,344.0,-217.07100296020508,96.0
window12,2026,1,2019,2008,2019,2020,2019,丝绸之路,27.44947624206543,434.0,-219.55052375793457,187.0
window12,2026,1,2019,2008,2019,2020,2019,post,26.131481170654297,341.0,-218.8685188293457,96.0
window12,2026,1,2019,2008,2019,2020,2019,formation,30.177867889404297,316.0,-213.8221321105957,72.0
window12,2026,1,2019,2008,2019,2020,2019,游客,25.040334701538086,304.0,-218.9596652984619,60.0
window12,2026,1,2019,2008,2019,2020,2019,branding,24.243244171142578,239.0,-215.75675582885742,-1.0
window12,2026,1,2019,2008,2019,2020,2019,relations,27.92879295349121,247.0,-212.0712070465088,7.0
window12,2026,1,2019,2008,2019,2020,2019,place,14.35915756225586,285.0,-223.64084243774414,47.0
window12,2026,1,2019,2008,2019,2020,2019,role,28.491233825683594,315.0,-208.5087661743164,78.0
window12,2026,1,2019,2008,2019,2020,2019,conflict,28.63995933532715,255.0,-207.36004066467285,19.0
window12,2026,1,2019,2008,2019,2020,2019,案例研究,25.046457290649414,237.0,-210.9535427093506,1.0
window12,2026,1,2019,2008,2019,2020,2019,原真性,27.812685012817383,264.0,-200.18731498718262,36.0
window12,2026,1,2019,2008,2019,2020,2019,time,29.00493049621582,382.0,-197.99506950378418,155.0
window12,2026,1,2019,2008,2019,2020,2019,product,21.585538864135742,212.0,-203.41446113586426,-13.0
window12,2026,1,2019,2008,2019,2020,2019,africa,24.901283264160156,227.0,-194.09871673583984,8.0
window12,2026,1,2019,2008,2019,2020,2019,sites,26.641956329345703,246.0,-191.3580436706543,28.0
window12,2026,1,2019,2008,2019,2020,2019,language,10.844769477844238,220.0,-200.15523052215576,9.0
window12,2026,1,2019,2008,2019,2020,2019,brand,21.383275985717773,233.0,-186.61672401428223,25.0
window12,2026,1,2019,2008,2019,2020,2019,silk,26.019351959228516,373.0,-177.98064804077148,169.0
window12,2026,1,2019,2008,2019,2020,2019,plan,12.49522876739502,213.0,-189.50477123260498,11.0
window12,2026,1,2019,2008,2019,2020,2019,可持续发展,24.748708724975586,212.0,-173.2512912750244,14.0
window12,2026,1,2019,2008,2019,2020,2019,the middle east,15.524311065673828,221.0,-180.47568893432617,25.0
window12,2026,1,2019,2008,2019,2020,2019,carrying,18.745010375976562,211.0,-176.25498962402344,16.0
window12,2026,1,2019,2008,2019,2020,2019,效果,28.18705177307129,271.0,-166.8129482269287,76.0
window12,2026,1,2019,2008,2019,2020,2019,分析,25.614221572875977,212.0,-166.38577842712402,20.0
window12,2026,1,2019,2008,2019,2020,2019,reality,25.99736213684082,209.0,-165.00263786315918,18.0
window12,2026,1,2019,2008,2019,2020,2019,content,22.908981323242188,210.0,-167.0910186767578,20.0
window12,2026,1,2019,2008,2019,2020,2019,middle east,18.117755889892578,203.0,-170.88224411010742,14.0
window12,2026,1,2019,2008,2019,2020,2019,服务,27.859188079833984,179.0,-160.14081192016602,-9.0
window12,2026,1,2019,2008,2019,2020,2019,source,25.455001831054688,213.0,-161.5449981689453,26.0
window12,2026,1,2019,2008,2019,2020,2019,carrying capacity,18.464340209960938,202.0,-167.53565979003906,16.0
window12,2026,1,2019,2008,2019,2020,2019,数字,27.857131958007812,322.0,-157.1428680419922,137.0
window12,2026,1,2019,2008,2019,2020,2019,in the middle,19.442781448364258,190.0,-162.55721855163574,8.0
window12,2026,1,2019,2008,2019,2020,2019,系统综述,25.969228744506836,222.0,-156.03077125549316,40.0
window12,2026,1,2019,2008,2019,2020,2019,实践,27.067890167236328,169.0,-150.93210983276367,-9.0
window12,2026,1,2019,2008,2019,2020,2019,graph,25.155244827270508,179.0,-150.8447551727295,3.0
window12,2026,1,2019,2008,2019,2020,2019,outbound,8.20057201385498,176.0,-167.79942798614502,0.0
window12,2026,1,2019,2008,2019,2020,2019,语境,26.367734909057617,209.0,-148.63226509094238,34.0
window12,2026,1,2019,2008,2019,2020,2019,框架,21.51793098449707,221.0,-150.48206901550293,49.0
window12,2026,1,2019,2008,2019,2020,2019,al jazeera,25.32954978942871,181.0,-145.6704502105713,10.0
window12,2026,1,2019,2008,2019,2020,2019,jazeera,25.32954978942871,181.0,-145.6704502105713,10.0
window12,2026,1,2019,2008,2019,2020,2019,流程,27.676252365112305,194.0,-141.3237476348877,25.0
window12,2026,1,2019,2008,2019,2020,2019,belt,26.68624496459961,236.0,-139.3137550354004,70.0
window12,2026,1,2019,2008,2019,2020,2019,in the middle east,18.907238006591797,181.0,-146.0927619934082,16.0
window12,2026,1,2019,2008,2019,2020,2019,政策,23.65110206604004,161.0,-141.34889793395996,-4.0
window12,2026,1,2019,2008,2019,2020,2019,软实力,23.31291389465332,175.0,-141.68708610534668,10.0
window12,2026,1,2019,2008,2019,2020,2019,marketing,24.050949096679688,217.0,-139.9490509033203,53.0
window12,2026,1,2019,2008,2019,2020,2019,religious,26.160812377929688,153.0,-136.8391876220703,-10.0
window12,2026,1,2019,2008,2019,2020,2019,country,24.48332977294922,144.0,-137.51667022705078,-18.0
window12,2026,1,2019,2008,2019,2020,2019,islam,28.15770149230957,166.0,-133.84229850769043,4.0
window12,2026,1,2019,2008,2019,2020,2019,urban,21.863792419433594,187.0,-140.1362075805664,25.0
window12,2026,3,2019,2008,2019,2022,2019,旅游,73.59469604492188,4242.0,-2957.405303955078,1211.0
window12,2026,3,2019,2008,2019,2022,2019,tour,68.88409423828125,3857.0,-2824.1159057617188,964.0
window12,2026,3,2019,2008,2019,2022,2019,文化,71.04000854492188,2521.0,-1632.9599914550781,817.0
window12,2026,3,2019,2008,2019,2022,2019,nation,71.69506072998047,2266.0,-1411.3049392700195,783.0
window12,2026,3,2019,2008,2019,2022,2019,遗产,68.5543441772461,1698.0,-1282.445655822754,347.0
window12,2026,3,2019,2008,2019,2022,2019,阿拉伯,59.47468185424805,784.0,-770.525318145752,-46.0
window12,2026,3,2019,2008,2019,2022,2019,发展,62.87430191040039,907.0,-693.1256980895996,151.0
window12,2026,3,2019,2008,2019,2022,2019,目的地,60.710533142089844,1036.0,-624.2894668579102,351.0
window12,2026,3,2019,2008,2019,2022,2019,world,61.046546936035156,627.0,-622.9534530639648,-57.0
window12,2026,3,2019,2008,2019,2022,2019,view,63.13185119628906,1100.0,-608.8681488037109,428.0
window12,2026,3,2019,2008,2019,2022,2019,rate,60.00379943847656,894.0,-575.9962005615234,258.0
window12,2026,3,2019,2008,2019,2022,2019,city,57.31513595581055,755.0,-577.6848640441895,120.0
window12,2026,3,2019,2008,2019,2022,2019,研究,63.1137809753418,901.0,-530.8862190246582,307.0
window12,2026,3,2019,2008,2019,2022,2019,艺术,64.08232116699219,992.0,-496.9176788330078,431.0
window12,2026,3,2019,2008,2019,2022,2019,site,59.856178283691406,670.0,-494.1438217163086,116.0
window12,2026,3,2019,2008,2019,2022,2019,image,58.394962310791016,783.0,-478.605037689209,246.0
window12,2026,3,2019,2008,2019,2022,2019,社会,58.493263244628906,727.0,-464.5067367553711,204.0
window12,2026,3,2019,2008,2019,2022,2019,media,58.62489700317383,588.0,-459.3751029968262,70.0
window12,2026,3,2019,2008,2019,2022,2019,search,61.682212829589844,797.0,-455.31778717041016,280.0
window12,2026,3,2019,2008,2019,2022,2019,work,59.31370162963867,623.0,-434.6862983703613,129.0
window12,2026,3,2019,2008,2019,2022,2019,中国,57.70685577392578,600.0,-339.2931442260742,203.0
window12,2026,3,2019,2008,2019,2022,2019,国家,56.429908752441406,523.0,-336.5700912475586,130.0
window12,2026,3,2019,2008,2019,2022,2019,影响,58.63302993774414,563.0,-311.36697006225586,193.0
window12,2026,3,2019,2008,2019,2022,2019,挑战,55.542076110839844,597.0,-314.45792388916016,227.0
window12,2026,3,2019,2008,2019,2022,2019,text,57.95329284667969,565.0,-305.0467071533203,202.0
window12,2026,3,2019,2008,2019,2022,2019,challenges,55.33418273925781,553.0,-289.6658172607422,208.0
window12,2026,3,2019,2008,2019,2022,2019,east,29.057743072509766,419.0,-302.94225692749023,87.0
window12,2026,3,2019,2008,2019,2022,2019,gene,51.29633712768555,406.0,-276.70366287231445,78.0
window12,2026,3,2019,2008,2019,2022,2019,chinese,48.45412826538086,325.0,-278.54587173461914,-2.0
window12,2026,3,2019,2008,2019,2022,2019,land,52.20668411254883,380.0,-274.7933158874512,53.0
window12,2026,3,2019,2008,2019,2022,2019,社交媒体,53.63249969482422,452.0,-264.3675003051758,134.0
window12,2026,3,2019,2008,2019,2022,2019,应用,54.972999572753906,470.0,-262.0270004272461,153.0
window12,2026,3,2019,2008,2019,2022,2019,power,53.74672317504883,334.0,-256.2532768249512,24.0
window12,2026,3,2019,2008,2019,2022,2019,可持续,50.70172119140625,443.0,-259.29827880859375,133.0
window12,2026,3,2019,2008,2019,2022,2019,经济,56.92683410644531,467.0,-253.0731658935547,157.0
window12,2026,3,2019,2008,2019,2022,2019,road,54.02379608154297,555.0,-240.97620391845703,260.0
window12,2026,3,2019,2008,2019,2022,2019,经验,50.97256851196289,403.0,-244.0274314880371,108.0
window12,2026,3,2019,2008,2019,2022,2019,管理,56.97508239746094,413.0,-231.02491760253906,125.0
window12,2026,3,2019,2008,2019,2022,2019,全球,51.98914337158203,377.0,-234.01085662841797,91.0
window12,2026,3,2019,2008,2019,2022,2019,学习,57.21528625488281,564.0,-222.7847137451172,284.0
window12,2026,3,2019,2008,2019,2022,2019,change,52.53510665893555,386.0,-225.46489334106445,108.0
window12,2026,3,2019,2008,2019,2022,2019,视角,55.15446472167969,504.0,-219.8455352783203,229.0
window12,2026,3,2019,2008,2019,2022,2019,遗产旅行,44.380027770996094,324.0,-227.6199722290039,52.0
window12,2026,3,2019,2008,2019,2022,2019,地方,54.45389938354492,271.0,-207.54610061645508,9.0
window12,2026,3,2019,2008,2019,2022,2019,soft,48.54710388183594,268.0,-211.45289611816406,8.0
window12,2026,3,2019,2008,2019,2022,2019,action,28.832799911499023,281.0,-228.16720008850098,24.0
window12,2026,3,2019,2008,2019,2022,2019,real,52.46931076049805,378.0,-199.53068923950195,126.0
window12,2026,3,2019,2008,2019,2022,2019,state,43.527706146240234,261.0,-208.47229385375977,9.0
window12,2026,3,2019,2008,2019,2022,2019,diplomacy,54.52814865112305,422.0,-195.47185134887695,172.0
window12,2026,3,2019,2008,2019,2022,2019,mental,55.89751434326172,323.0,-192.10248565673828,75.0
window12,2026,3,2019,2008,2019,2022,2019,丝绸之路,51.199832916259766,543.0,-195.80016708374023,296.0
window12,2026,3,2019,2008,2019,2022,2019,post,49.33418655395508,461.0,-195.66581344604492,216.0
window12,2026,3,2019,2008,2019,2022,2019,formation,54.88970947265625,430.0,-189.11029052734375,186.0
window12,2026,3,2019,2008,2019,2022,2019,游客,47.81058120727539,347.0,-196.1894187927246,103.0
window12,2026,3,2019,2008,2019,2022,2019,branding,46.70574188232422,366.0,-193.29425811767578,126.0
window12,2026,3,2019,2008,2019,2022,2019,relations,51.823020935058594,183.0,-188.1769790649414,-57.0
window12,2026,3,2019,2008,2019,2022,2019,place,31.988147735595703,252.0,-206.0118522644043,14.0
window12,2026,3,2019,2008,2019,2022,2019,role,52.585853576660156,445.0,-184.41414642333984,208.0
window12,2026,3,2019,2008,2019,2022,2019,conflict,52.80930709838867,245.0,-183.19069290161133,9.0
window12,2026,3,2019,2008,2019,2022,2019,案例研究,47.791263580322266,228.0,-188.20873641967773,-8.0
window12,2026,3,2019,2008,2019,2022,2019,原真性,51.68579864501953,418.0,-176.31420135498047,190.0
window12,2026,3,2019,2008,2019,2022,2019,time,53.33622360229492,443.0,-173.66377639770508,216.0
window12,2026,3,2019,2008,2019,2022,2019,product,42.8571662902832,226.0,-182.1428337097168,1.0
window12,2026,3,2019,2008,2019,2022,2019,africa,47.61703872680664,242.0,-171.38296127319336,23.0
window12,2026,3,2019,2008,2019,2022,2019,sites,50.103092193603516,289.0,-167.89690780639648,71.0
window12,2026,3,2019,2008,2019,2022,2019,language,26.302947998046875,215.0,-184.69705200195312,4.0
window12,2026,3,2019,2008,2019,2022,2019,brand,42.623382568359375,328.0,-165.37661743164062,120.0
window12,2026,3,2019,2008,2019,2022,2019,silk,49.24551773071289,466.0,-154.7544822692871,262.0
window12,2026,3,2019,2008,2019,2022,2019,plan,29.02936363220215,244.0,-172.97063636779785,42.0
window12,2026,3,2019,2008,2019,2022,2019,可持续发展,47.417572021484375,279.0,-150.58242797851562,81.0
window12,2026,3,2019,2008,2019,2022,2019,the middle east,33.90041732788086,236.0,-162.09958267211914,40.0
window12,2026,3,2019,2008,2019,2022,2019,carrying,38.758243560791016,93.0,-156.24175643920898,-102.0
window12,2026,3,2019,2008,2019,2022,2019,效果,52.20757293701172,328.0,-142.79242706298828,133.0
window12,2026,3,2019,2008,2019,2022,2019,分析,48.63441848754883,212.0,-143.36558151245117,20.0
window12,2026,3,2019,2008,2019,2022,2019,reality,49.2003173828125,256.0,-141.7996826171875,65.0
window12,2026,3,2019,2008,2019,2022,2019,content,44.847381591796875,255.0,-145.15261840820312,65.0
window12,2026,3,2019,2008,2019,2022,2019,middle east,37.862327575683594,197.0,-151.1376724243164,8.0
window12,2026,3,2019,2008,2019,2022,2019,服务,51.763710021972656,153.0,-136.23628997802734,-35.0
window12,2026,3,2019,2008,2019,2022,2019,source,48.42768859863281,163.0,-138.5723114013672,-24.0
window12,2026,3,2019,2008,2019,2022,2019,carrying capacity,38.352500915527344,84.0,-147.64749908447266,-102.0
window12,2026,3,2019,2008,2019,2022,2019,数字,51.756263732910156,626.0,-133.24373626708984,441.0
window12,2026,3,2019,2008,2019,2022,2019,in the middle,39.84317398071289,174.0,-142.1568260192871,-8.0
window12,2026,3,2019,2008,2019,2022,2019,系统综述,49.14933395385742,229.0,-132.85066604614258,47.0
window12,2026,3,2019,2008,2019,2022,2019,实践,50.67750549316406,230.0,-127.32249450683594,52.0
window12,2026,3,2019,2008,2019,2022,2019,graph,48.00172424316406,223.0,-127.99827575683594,47.0
window12,2026,3,2019,2008,2019,2022,2019,outbound,21.845298767089844,108.0,-154.15470123291016,-68.0
window12,2026,3,2019,2008,2019,2022,2019,语境,49.71176528930664,258.0,-125.28823471069336,83.0
window12,2026,3,2019,2008,2019,2022,2019,框架,42.81703186035156,263.0,-129.18296813964844,91.0
window12,2026,3,2019,2008,2019,2022,2019,al jazeera,48.29924011230469,138.0,-122.70075988769531,-33.0
window12,2026,3,2019,2008,2019,2022,2019,jazeera,48.29924011230469,138.0,-122.70075988769531,-33.0
window12,2026,3,2019,2008,2019,2022,2019,流程,51.52248001098633,221.0,-117.47751998901367,52.0
window12,2026,3,2019,2008,2019,2022,2019,belt,50.18792724609375,328.0,-115.81207275390625,162.0
window12,2026,3,2019,2008,2019,2022,2019,in the middle east,39.072967529296875,190.0,-125.92703247070312,25.0
window12,2026,3,2019,2008,2019,2022,2019,政策,45.906978607177734,255.0,-119.09302139282227,90.0
window12,2026,3,2019,2008,2019,2022,2019,软实力,45.457611083984375,177.0,-119.54238891601562,12.0
window12,2026,3,2019,2008,2019,2022,2019,marketing,46.46763229370117,345.0,-117.53236770629883,181.0
window12,2026,3,2019,2008,2019,2022,2019,religious,49.44854736328125,227.0,-113.55145263671875,64.0
window12,2026,3,2019,2008,2019,2022,2019,country,47.09331512451172,254.0,-114.90668487548828,92.0
window12,2026,3,2019,2008,2019,2022,2019,islam,52.19737243652344,119.0,-109.80262756347656,-43.0
window12,2026,3,2019,2008,2019,2022,2019,urban,43.337467193603516,252.0,-118.66253280639648,90.0
window12,2026,5,2019,2008,2019,2024,2019,旅游,95.25953674316406,5508.0,-2935.740463256836,2477.0
window12,2026,5,2019,2008,2019,2024,2019,tour,90.6473159790039,4819.0,-2802.352684020996,1926.0
window12,2026,5,2019,2008,2019,2024,2019,文化,92.82420349121094,3099.0,-1611.175796508789,1395.0
window12,2026,5,2019,2008,2019,2024,2019,nation,93.4873275756836,2652.0,-1389.5126724243164,1169.0
window12,2026,5,2019,2008,2019,2024,2019,遗产,90.41041564941406,1984.0,-1260.589584350586,633.0
window12,2026,5,2019,2008,2019,2024,2019,阿拉伯,81.36255645751953,1033.0,-748.6374435424805,203.0
window12,2026,5,2019,2008,2019,2024,2019,发展,84.81295013427734,1136.0,-671.1870498657227,380.0
window12,2026,5,2019,2008,2019,2024,2019,目的地,82.64940643310547,1258.0,-602.3505935668945,573.0
window12,2026,5,2019,2008,2019,2024,2019,world,82.98577117919922,645.0,-601.0142288208008,-39.0
window12,2026,5,2019,2008,2019,2024,2019,view,85.07727813720703,1119.0,-586.922721862793,447.0
window12,2026,5,2019,2008,2019,2024,2019,rate,81.9328842163086,1324.0,-554.0671157836914,688.0
window12,2026,5,2019,2008,2019,2024,2019,city,79.19081115722656,938.0,-555.8091888427734,303.0
window12,2026,5,2019,2008,2019,2024,2019,研究,85.07575988769531,1258.0,-508.9242401123047,664.0
window12,2026,5,2019,2008,2019,2024,2019,艺术,86.04730224609375,1274.0,-474.95269775390625,713.0
window12,2026,5,2019,2008,2019,2024,2019,site,81.80288696289062,537.0,-472.1971130371094,-17.0
window12,2026,5,2019,2008,2019,2024,2019,image,80.31358337402344,952.0,-456.68641662597656,415.0
window12,2026,5,2019,2008,2019,2024,2019,社会,80.40855407714844,939.0,-442.59144592285156,416.0
window12,2026,5,2019,2008,2019,2024,2019,media,80.54620361328125,821.0,-437.45379638671875,303.0
window12,2026,5,2019,2008,2019,2024,2019,search,83.65129852294922,976.0,-433.3487014770508,459.0
window12,2026,5,2019,2008,2019,2024,2019,work,81.24775695800781,684.0,-412.7522430419922,190.0
window12,2026,5,2019,2008,2019,2024,2019,中国,79.64313507080078,774.0,-317.3568649291992,377.0
window12,2026,5,2019,2008,2019,2024,2019,国家,78.33350372314453,564.0,-314.66649627685547,171.0
window12,2026,5,2019,2008,2019,2024,2019,影响,80.59019470214844,699.0,-289.40980529785156,329.0
window12,2026,5,2019,2008,2019,2024,2019,挑战,77.42483520507812,666.0,-292.5751647949219,296.0
window12,2026,5,2019,2008,2019,2024,2019,text,79.89964294433594,804.0,-283.10035705566406,441.0
window12,2026,5,2019,2008,2019,2024,2019,challenges,77.21830749511719,633.0,-267.7816925048828,288.0
window12,2026,5,2019,2008,2019,2024,2019,east,48.58909225463867,343.0,-283.4109077453613,11.0
window12,2026,5,2019,2008,2019,2024,2019,gene,73.02810668945312,796.0,-254.97189331054688,468.0
window12,2026,5,2019,2008,2019,2024,2019,chinese,70.04163360595703,424.0,-256.95836639404297,97.0
window12,2026,5,2019,2008,2019,2024,2019,land,73.97776794433594,340.0,-253.02223205566406,13.0
window12,2026,5,2019,2008,2019,2024,2019,社交媒体,75.46754455566406,677.0,-242.53245544433594,359.0
window12,2026,5,2019,2008,2019,2024,2019,应用,76.85089874267578,495.0,-240.14910125732422,178.0
window12,2026,5,2019,2008,2019,2024,2019,power,75.59381103515625,386.0,-234.40618896484375,76.0
window12,2026,5,2019,2008,2019,2024,2019,可持续,72.4101333618164,589.0,-237.5898666381836,279.0
window12,2026,5,2019,2008,2019,2024,2019,经济,78.86145782470703,564.0,-231.13854217529297,254.0
window12,2026,5,2019,2008,2019,2024,2019,road,75.89299774169922,490.0,-219.10700225830078,195.0
window12,2026,5,2019,2008,2019,2024,2019,经验,72.69844055175781,473.0,-222.3015594482422,178.0
window12,2026,5,2019,2008,2019,2024,2019,管理,78.9186782836914,480.0,-209.0813217163086,192.0
window12,2026,5,2019,2008,2019,2024,2019,全球,73.75999450683594,358.0,-212.24000549316406,72.0
window12,2026,5,2019,2008,2019,2024,2019,学习,79.17039489746094,568.0,-200.82960510253906,288.0
window12,2026,5,2019,2008,2019,2024,2019,change,74.33782958984375,426.0,-203.66217041015625,148.0
window12,2026,5,2019,2008,2019,2024,2019,视角,77.05384826660156,668.0,-197.94615173339844,393.0
window12,2026,5,2019,2008,2019,2024,2019,遗产旅行,65.72378540039062,378.0,-206.27621459960938,106.0
window12,2026,5,2019,2008,2019,2024,2019,地方,76.33767700195312,273.0,-185.66232299804688,11.0
window12,2026,5,2019,2008,2019,2024,2019,soft,70.16680908203125,276.0,-189.83319091796875,16.0
window12,2026,5,2019,2008,2019,2024,2019,action,48.338985443115234,350.0,-208.66101455688477,93.0
window12,2026,5,2019,2008,2019,2024,2019,real,74.28026580810547,541.0,-177.71973419189453,289.0
window12,2026,5,2019,2008,2019,2024,2019,state,64.79212188720703,305.0,-187.20787811279297,53.0
window12,2026,5,2019,2008,2019,2024,2019,diplomacy,76.42693328857422,494.0,-173.57306671142578,244.0
window12,2026,5,2019,2008,2019,2024,2019,mental,77.82299041748047,264.0,-170.17700958251953,16.0
window12,2026,5,2019,2008,2019,2024,2019,丝绸之路,72.97630310058594,522.0,-174.02369689941406,275.0
window12,2026,5,2019,2008,2019,2024,2019,post,70.99928283691406,546.0,-174.00071716308594,301.0
window12,2026,5,2019,2008,2019,2024,2019,formation,76.7890396118164,506.0,-167.2109603881836,262.0
window12,2026,5,2019,2008,2019,2024,2019,游客,69.39080810546875,376.0,-174.60919189453125,132.0
window12,2026,5,2019,2008,2019,2024,2019,branding,68.22624206542969,314.0,-171.7737579345703,74.0
window12,2026,5,2019,2008,2019,2024,2019,relations,73.60924530029297,179.0,-166.39075469970703,-61.0
window12,2026,5,2019,2008,2019,2024,2019,place,51.99730682373047,221.0,-186.00269317626953,-17.0
window12,2026,5,2019,2008,2019,2024,2019,role,74.39960479736328,649.0,-162.60039520263672,412.0
window12,2026,5,2019,2008,2019,2024,2019,conflict,74.64170837402344,174.0,-161.35829162597656,-62.0
window12,2026,5,2019,2008,2019,2024,2019,案例研究,69.3568115234375,316.0,-166.6431884765625,80.0
window12,2026,5,2019,2008,2019,2024,2019,原真性,73.47740936279297,445.0,-154.52259063720703,217.0
window12,2026,5,2019,2008,2019,2024,2019,time,75.20295715332031,391.0,-151.7970428466797,164.0
window12,2026,5,2019,2008,2019,2024,2019,product,64.07208251953125,334.0,-160.92791748046875,109.0
window12,2026,5,2019,2008,2019,2024,2019,africa,69.1871566772461,242.0,-149.8128433227539,23.0
window12,2026,5,2019,2008,2019,2024,2019,sites,71.83773803710938,210.0,-146.16226196289062,-8.0
window12,2026,5,2019,2008,2019,2024,2019,language,45.38250732421875,369.0,-165.61749267578125,158.0
window12,2026,5,2019,2008,2019,2024,2019,brand,63.84794616699219,297.0,-144.1520538330078,89.0
window12,2026,5,2019,2008,2019,2024,2019,silk,70.94015502929688,429.0,-133.05984497070312,225.0
window12,2026,5,2019,2008,2019,2024,2019,plan,48.592262268066406,254.0,-153.4077377319336,52.0
window12,2026,5,2019,2008,2019,2024,2019,可持续发展,68.98360443115234,371.0,-129.01639556884766,173.0
window12,2026,5,2019,2008,2019,2024,2019,the middle east,54.215797424316406,129.0,-141.7842025756836,-67.0
window12,2026,5,2019,2008,2019,2024,2019,carrying,59.627479553222656,81.0,-135.37252044677734,-114.0
window12,2026,5,2019,2008,2019,2024,2019,效果,74.02611541748047,339.0,-120.97388458251953,144.0
window12,2026,5,2019,2008,2019,2024,2019,分析,70.27351379394531,253.0,-121.72648620605469,61.0
window12,2026,5,2019,2008,2019,2024,2019,reality,70.88580322265625,383.0,-120.11419677734375,192.0
window12,2026,5,2019,2008,2019,2024,2019,content,66.26000213623047,369.0,-123.73999786376953,179.0
window12,2026,5,2019,2008,2019,2024,2019,middle east,58.65680694580078,79.0,-130.34319305419922,-110.0
window12,2026,5,2019,2008,2019,2024,2019,服务,73.56681823730469,317.0,-114.43318176269531,129.0
window12,2026,5,2019,2008,2019,2024,2019,source,70.0630111694336,163.0,-116.9369888305664,-24.0
window12,2026,5,2019,2008,2019,2024,2019,carrying capacity,59.18579864501953,81.0,-126.81420135498047,-105.0
window12,2026,5,2019,2008,2019,2024,2019,数字,73.5568618774414,985.0,-111.4431381225586,800.0
window12,2026,5,2019,2008,2019,2024,2019,in the middle,60.84560012817383,90.0,-121.15439987182617,-92.0
window12,2026,5,2019,2008,2019,2024,2019,系统综述,70.8265609741211,195.0,-111.1734390258789,13.0
window12,2026,5,2019,2008,2019,2024,2019,实践,72.43394470214844,227.0,-105.56605529785156,49.0
window12,2026,5,2019,2008,2019,2024,2019,graph,69.60985565185547,396.0,-106.39014434814453,220.0
window12,2026,5,2019,2008,2019,2024,2019,outbound,40.040340423583984,54.0,-135.95965957641602,-122.0
window12,2026,5,2019,2008,2019,2024,2019,语境,71.42273712158203,281.0,-103.57726287841797,106.0
window12,2026,5,2019,2008,2019,2024,2019,框架,64.05796813964844,335.0,-107.94203186035156,163.0
window12,2026,5,2019,2008,2019,2024,2019,al jazeera,69.95083618164062,48.0,-101.04916381835938,-123.0
window12,2026,5,2019,2008,2019,2024,2019,jazeera,69.95083618164062,65.0,-101.04916381835938,-106.0
window12,2026,5,2019,2008,2019,2024,2019,流程,73.32081604003906,180.0,-95.67918395996094,11.0
window12,2026,5,2019,2008,2019,2024,2019,belt,71.93995666503906,269.0,-94.06004333496094,103.0
window12,2026,5,2019,2008,2019,2024,2019,in the middle east,60.01040267944336,97.0,-104.98959732055664,-68.0
window12,2026,5,2019,2008,2019,2024,2019,政策,67.39627838134766,254.0,-97.60372161865234,89.0
window12,2026,5,2019,2008,2019,2024,2019,软实力,66.93125915527344,175.0,-98.06874084472656,10.0
window12,2026,5,2019,2008,2019,2024,2019,marketing,67.99141693115234,544.0,-96.00858306884766,380.0
window12,2026,5,2019,2008,2019,2024,2019,religious,71.15827941894531,247.0,-91.84172058105469,84.0
window12,2026,5,2019,2008,2019,2024,2019,country,68.6645736694336,255.0,-93.3354263305664,93.0
window12,2026,5,2019,2008,2019,2024,2019,islam,74.03141021728516,102.0,-87.96858978271484,-60.0
window12,2026,5,2019,2008,2019,2024,2019,urban,64.63103485107422,255.0,-97.36896514892578,93.0
window12,3407,1,2019,2008,2019,2020,2019,旅游,40.084503173828125,3486.0,-2990.915496826172,455.0
window12,3407,1,2019,2008,2019,2020,2019,tour,37.33380889892578,3300.0,-2855.666191101074,407.0
window12,3407,1,2019,2008,2019,2020,2019,文化,38.22966003417969,2014.0,-1665.7703399658203,310.0
window12,3407,1,2019,2008,2019,2020,2019,nation,38.56385803222656,1766.0,-1444.4361419677734,283.0
window12,3407,1,2019,2008,2019,2020,2019,遗产,36.7272834777832,1587.0,-1314.2727165222168,236.0
window12,3407,1,2019,2008,2019,2020,2019,阿拉伯,31.295669555664062,881.0,-798.7043304443359,51.0
window12,3407,1,2019,2008,2019,2020,2019,发展,33.21657180786133,899.0,-722.7834281921387,143.0
window12,3407,1,2019,2008,2019,2020,2019,目的地,32.02210235595703,794.0,-652.977897644043,109.0
window12,3407,1,2019,2008,2019,2020,2019,world,32.179229736328125,786.0,-651.8207702636719,102.0
window12,3407,1,2019,2008,2019,2020,2019,view,33.258445739746094,905.0,-638.7415542602539,233.0
window12,3407,1,2019,2008,2019,2020,2019,rate,31.52327537536621,683.0,-604.4767246246338,47.0
window12,3407,1,2019,2008,2019,2020,2019,city,29.981718063354492,681.0,-605.0182819366455,46.0
window12,3407,1,2019,2008,2019,2020,2019,研究,33.21963882446289,734.0,-560.7803611755371,140.0
window12,3407,1,2019,2008,2019,2020,2019,艺术,33.69960021972656,646.0,-527.3003997802734,85.0
window12,3407,1,2019,2008,2019,2020,2019,site,31.42782211303711,657.0,-522.5721778869629,103.0
window12,3407,1,2019,2008,2019,2020,2019,image,30.542787551879883,662.0,-506.4572124481201,125.0
window12,3407,1,2019,2008,2019,2020,2019,社会,30.523406982421875,616.0,-492.4765930175781,93.0
window12,3407,1,2019,2008,2019,2020,2019,media,30.613422393798828,576.0,-487.3865776062012,58.0
window12,3407,1,2019,2008,2019,2020,2019,search,32.370452880859375,632.0,-484.6295471191406,115.0
window12,3407,1,2019,2008,2019,2020,2019,work,30.948925018310547,529.0,-463.05107498168945,35.0
window12,3407,1,2019,2008,2019,2020,2019,中国,30.046581268310547,537.0,-366.95341873168945,140.0
window12,3407,1,2019,2008,2019,2020,2019,国家,29.304115295410156,492.0,-363.69588470458984,99.0
window12,3407,1,2019,2008,2019,2020,2019,影响,30.494709014892578,466.0,-339.5052909851074,96.0
window12,3407,1,2019,2008,2019,2020,2019,挑战,28.765901565551758,476.0,-341.23409843444824,106.0
window12,3407,1,2019,2008,2019,2020,2019,text,30.11441421508789,415.0,-332.8855857849121,52.0
window12,3407,1,2019,2008,2019,2020,2019,challenges,28.628259658813477,451.0,-316.3717403411865,106.0
window12,3407,1,2019,2008,2019,2020,2019,east,13.009800910949707,405.0,-318.9901990890503,73.0
window12,3407,1,2019,2008,2019,2020,2019,gene,26.291812896728516,329.0,-301.7081871032715,1.0
window12,3407,1,2019,2008,2019,2020,2019,chinese,24.678010940551758,359.0,-302.32198905944824,32.0
window12,3407,1,2019,2008,2019,2020,2019,land,26.800371170043945,380.0,-300.19962882995605,53.0
window12,3407,1,2019,2008,2019,2020,2019,社交媒体,27.641820907592773,379.0,-290.3581790924072,61.0
window12,3407,1,2019,2008,2019,2020,2019,应用,28.365341186523438,336.0,-288.63465881347656,19.0
window12,3407,1,2019,2008,2019,2020,2019,power,27.746299743652344,328.0,-282.25370025634766,18.0
window12,3407,1,2019,2008,2019,2020,2019,可持续,25.92453384399414,389.0,-284.07546615600586,79.0
window12,3407,1,2019,2008,2019,2020,2019,经济,29.446840286254883,346.0,-280.5531597137451,36.0
window12,3407,1,2019,2008,2019,2020,2019,road,27.954055786132812,434.0,-267.0459442138672,139.0
window12,3407,1,2019,2008,2019,2020,2019,经验,26.061302185058594,321.0,-268.9386978149414,26.0
window12,3407,1,2019,2008,2019,2020,2019,管理,29.44884490966797,317.0,-258.55115509033203,29.0
window12,3407,1,2019,2008,2019,2020,2019,全球,26.59464454650879,357.0,-259.4053554534912,71.0
window12,3407,1,2019,2008,2019,2020,2019,学习,29.594907760620117,368.0,-250.40509223937988,88.0
window12,3407,1,2019,2008,2019,2020,2019,change,26.949159622192383,327.0,-251.05084037780762,49.0
window12,3407,1,2019,2008,2019,2020,2019,视角,28.42937469482422,368.0,-246.57062530517578,93.0
window12,3407,1,2019,2008,2019,2020,2019,遗产旅行,22.336545944213867,285.0,-249.66345405578613,13.0
window12,3407,1,2019,2008,2019,2020,2019,地方,28.039241790771484,319.0,-233.96075820922852,57.0
window12,3407,1,2019,2008,2019,2020,2019,soft,24.708234786987305,313.0,-235.2917652130127,53.0
window12,3407,1,2019,2008,2019,2020,2019,action,12.73813247680664,263.0,-244.26186752319336,6.0
window12,3407,1,2019,2008,2019,2020,2019,real,26.89035415649414,322.0,-225.10964584350586,70.0
window12,3407,1,2019,2008,2019,2020,2019,state,21.586652755737305,277.0,-230.4133472442627,25.0
window12,3407,1,2019,2008,2019,2020,2019,diplomacy,28.135900497436523,333.0,-221.86409950256348,83.0
window12,3407,1,2019,2008,2019,2020,2019,mental,28.75599479675293,344.0,-219.24400520324707,96.0
window12,3407,1,2019,2008,2019,2020,2019,丝绸之路,26.359085083007812,434.0,-220.6409149169922,187.0
window12,3407,1,2019,2008,2019,2020,2019,post,25.101266860961914,341.0,-219.8987331390381,96.0
window12,3407,1,2019,2008,2019,2020,2019,formation,28.20842933654785,316.0,-215.79157066345215,72.0
window12,3407,1,2019,2008,2019,2020,2019,游客,24.239343643188477,304.0,-219.76065635681152,60.0
window12,3407,1,2019,2008,2019,2020,2019,branding,23.68052864074707,239.0,-216.31947135925293,-1.0
window12,3407,1,2019,2008,2019,2020,2019,relations,26.49010467529297,247.0,-213.50989532470703,7.0
window12,3407,1,2019,2008,2019,2020,2019,place,14.590394973754883,285.0,-223.40960502624512,47.0
window12,3407,1,2019,2008,2019,2020,2019,role,26.86505889892578,315.0,-210.13494110107422,78.0
window12,3407,1,2019,2008,2019,2020,2019,conflict,27.07035255432129,255.0,-208.9296474456787,19.0
window12,3407,1,2019,2008,2019,2020,2019,案例研究,24.05745506286621,237.0,-211.9425449371338,1.0
window12,3407,1,2019,2008,2019,2020,2019,原真性,26.45555877685547,264.0,-201.54444122314453,36.0
window12,3407,1,2019,2008,2019,2020,2019,time,27.44524383544922,382.0,-199.55475616455078,155.0
window12,3407,1,2019,2008,2019,2020,2019,product,21.101045608520508,212.0,-203.8989543914795,-13.0
window12,3407,1,2019,2008,2019,2020,2019,africa,24.008121490478516,227.0,-194.99187850952148,8.0
window12,3407,1,2019,2008,2019,2020,2019,sites,25.691614151000977,246.0,-192.30838584899902,28.0
window12,3407,1,2019,2008,2019,2020,2019,language,11.33655834197998,220.0,-199.66344165802002,9.0
window12,3407,1,2019,2008,2019,2020,2019,brand,21.16758155822754,233.0,-186.83241844177246,25.0
window12,3407,1,2019,2008,2019,2020,2019,silk,25.168537139892578,373.0,-178.83146286010742,169.0
window12,3407,1,2019,2008,2019,2020,2019,plan,12.782934188842773,213.0,-189.21706581115723,11.0
window12,3407,1,2019,2008,2019,2020,2019,可持续发展,23.848766326904297,212.0,-174.1512336730957,14.0
window12,3407,1,2019,2008,2019,2020,2019,the middle east,15.993135452270508,221.0,-180.0068645477295,25.0
window12,3407,1,2019,2008,2019,2020,2019,carrying,18.81378173828125,211.0,-176.18621826171875,16.0
window12,3407,1,2019,2008,2019,2020,2019,效果,26.597986221313477,271.0,-168.40201377868652,76.0
window12,3407,1,2019,2008,2019,2020,2019,分析,24.5225772857666,212.0,-167.4774227142334,20.0
window12,3407,1,2019,2008,2019,2020,2019,reality,24.983062744140625,209.0,-166.01693725585938,18.0
window12,3407,1,2019,2008,2019,2020,2019,content,22.514406204223633,210.0,-167.48559379577637,20.0
window12,3407,1,2019,2008,2019,2020,2019,middle east,18.47114372253418,203.0,-170.52885627746582,14.0
window12,3407,1,2019,2008,2019,2020,2019,服务,26.337085723876953,179.0,-161.66291427612305,-9.0
window12,3407,1,2019,2008,2019,2020,2019,source,24.44761085510254,213.0,-162.55238914489746,26.0
window12,3407,1,2019,2008,2019,2020,2019,carrying capacity,18.579694747924805,202.0,-167.4203052520752,16.0
window12,3407,1,2019,2008,2019,2020,2019,数字,26.295846939086914,322.0,-158.7041530609131,137.0
window12,3407,1,2019,2008,2019,2020,2019,in the middle,19.68109703063965,190.0,-162.31890296936035,8.0
window12,3407,1,2019,2008,2019,2020,2019,系统综述,24.8411922454834,222.0,-157.1588077545166,40.0
window12,3407,1,2019,2008,2019,2020,2019,实践,25.689451217651367,169.0,-152.31054878234863,-9.0
window12,3407,1,2019,2008,2019,2020,2019,graph,24.10990333557129,179.0,-151.8900966644287,3.0
window12,3407,1,2019,2008,2019,2020,2019,outbound,9.14754867553711,176.0,-166.8524513244629,0.0
window12,3407,1,2019,2008,2019,2020,2019,语境,25.14897918701172,209.0,-149.85102081298828,34.0
window12,3407,1,2019,2008,2019,2020,2019,框架,21.05206298828125,221.0,-150.94793701171875,49.0
window12,3407,1,2019,2008,2019,2020,2019,al jazeera,24.50218963623047,181.0,-146.49781036376953,10.0
window12,3407,1,2019,2008,2019,2020,2019,jazeera,24.50218963623047,181.0,-146.49781036376953,10.0
window12,3407,1,2019,2008,2019,2020,2019,流程,26.128511428833008,194.0,-142.871488571167,25.0
window12,3407,1,2019,2008,2019,2020,2019,belt,25.512619018554688,236.0,-140.4873809814453,70.0
window12,3407,1,2019,2008,2019,2020,2019,in the middle east,19.23047637939453,181.0,-145.76952362060547,16.0
window12,3407,1,2019,2008,2019,2020,2019,政策,22.96577262878418,161.0,-142.03422737121582,-4.0
window12,3407,1,2019,2008,2019,2020,2019,软实力,22.875368118286133,175.0,-142.12463188171387,10.0
window12,3407,1,2019,2008,2019,2020,2019,marketing,23.251407623291016,217.0,-140.74859237670898,53.0
window12,3407,1,2019,2008,2019,2020,2019,religious,25.031972885131836,153.0,-137.96802711486816,-10.0
window12,3407,1,2019,2008,2019,2020,2019,country,23.667081832885742,144.0,-138.33291816711426,-18.0
window12,3407,1,2019,2008,2019,2020,2019,islam,26.51163673400879,166.0,-135.4883632659912,4.0
window12,3407,1,2019,2008,2019,2020,2019,urban,21.39119529724121,187.0,-140.6088047027588,25.0
window12,3407,3,2019,2008,2019,2022,2019,旅游,65.46881866455078,4242.0,-2965.531181335449,1211.0
window12,3407,3,2019,2008,2019,2022,2019,tour,62.00173568725586,3857.0,-2830.998264312744,964.0
window12,3407,3,2019,2008,2019,2022,2019,文化,63.227210998535156,2521.0,-1640.7727890014648,817.0
window12,3407,3,2019,2008,2019,2022,2019,nation,63.68460464477539,2266.0,-1419.3153953552246,783.0
window12,3407,3,2019,2008,2019,2022,2019,遗产,61.36915969848633,1698.0,-1289.6308403015137,347.0
window12,3407,3,2019,2008,2019,2022,2019,阿拉伯,54.42757034301758,784.0,-775.5724296569824,-46.0
window12,3407,3,2019,2008,2019,2022,2019,发展,56.954795837402344,907.0,-699.0452041625977,151.0
window12,3407,3,2019,2008,2019,2022,2019,目的地,55.430458068847656,1036.0,-629.5695419311523,351.0
window12,3407,3,2019,2008,2019,2022,2019,world,55.63011932373047,627.0,-628.3698806762695,-57.0
window12,3407,3,2019,2008,2019,2022,2019,view,57.019439697265625,1100.0,-614.9805603027344,428.0
window12,3407,3,2019,2008,2019,2022,2019,rate,54.77900695800781,894.0,-581.2209930419922,258.0
window12,3407,3,2019,2008,2019,2022,2019,city,52.7503776550293,755.0,-582.2496223449707,120.0
window12,3407,3,2019,2008,2019,2022,2019,研究,56.996788024902344,901.0,-537.0032119750977,307.0
window12,3407,3,2019,2008,2019,2022,2019,艺术,57.62052917480469,992.0,-503.3794708251953,431.0
window12,3407,3,2019,2008,2019,2022,2019,site,54.6866569519043,670.0,-499.3133430480957,116.0
window12,3407,3,2019,2008,2019,2022,2019,image,53.52137756347656,783.0,-483.47862243652344,246.0
window12,3407,3,2019,2008,2019,2022,2019,社会,53.48808288574219,727.0,-469.5119171142578,204.0
window12,3407,3,2019,2008,2019,2022,2019,media,53.612030029296875,588.0,-464.3879699707031,70.0
window12,3407,3,2019,2008,2019,2022,2019,search,55.92030715942383,797.0,-461.0796928405762,280.0
window12,3407,3,2019,2008,2019,2022,2019,work,54.05403137207031,623.0,-439.9459686279297,129.0
window12,3407,3,2019,2008,2019,2022,2019,中国,52.92242431640625,600.0,-344.07757568359375,203.0
window12,3407,3,2019,2008,2019,2022,2019,国家,51.93873596191406,523.0,-341.06126403808594,130.0
window12,3407,3,2019,2008,2019,2022,2019,影响,53.51700973510742,563.0,-316.4829902648926,193.0
window12,3407,3,2019,2008,2019,2022,2019,挑战,51.232364654541016,597.0,-318.767635345459,227.0
window12,3407,3,2019,2008,2019,2022,2019,text,53.0208625793457,565.0,-309.9791374206543,202.0
window12,3407,3,2019,2008,2019,2022,2019,challenges,51.062530517578125,553.0,-293.9374694824219,208.0
window12,3407,3,2019,2008,2019,2022,2019,east,29.043922424316406,419.0,-302.9560775756836,87.0
window12,3407,3,2019,2008,2019,2022,2019,gene,47.93833923339844,406.0,-280.06166076660156,78.0
window12,3407,3,2019,2008,2019,2022,2019,chinese,45.75590896606445,325.0,-281.24409103393555,-2.0
window12,3407,3,2019,2008,2019,2022,2019,land,48.62161636352539,380.0,-278.3783836364746,53.0
window12,3407,3,2019,2008,2019,2022,2019,社交媒体,49.76179885864258,452.0,-268.2382011413574,134.0
window12,3407,3,2019,2008,2019,2022,2019,应用,50.72197723388672,470.0,-266.2780227661133,153.0
window12,3407,3,2019,2008,2019,2022,2019,power,49.914371490478516,334.0,-260.0856285095215,24.0
window12,3407,3,2019,2008,2019,2022,2019,可持续,47.450618743896484,443.0,-262.5493812561035,133.0
window12,3407,3,2019,2008,2019,2022,2019,经济,52.160274505615234,467.0,-257.83972549438477,157.0
window12,3407,3,2019,2008,2019,2022,2019,road,50.21210861206055,555.0,-244.78789138793945,260.0
window12,3407,3,2019,2008,2019,2022,2019,经验,47.64336013793945,403.0,-247.35663986206055,108.0
window12,3407,3,2019,2008,2019,2022,2019,管理,52.17665481567383,413.0,-235.82334518432617,125.0
window12,3407,3,2019,2008,2019,2022,2019,全球,48.36089324951172,377.0,-237.63910675048828,91.0
window12,3407,3,2019,2008,2019,2022,2019,学习,52.37974166870117,564.0,-227.62025833129883,284.0
window12,3407,3,2019,2008,2019,2022,2019,change,48.852210998535156,386.0,-229.14778900146484,108.0
window12,3407,3,2019,2008,2019,2022,2019,视角,50.83476257324219,504.0,-224.1652374267578,229.0
window12,3407,3,2019,2008,2019,2022,2019,遗产旅行,42.5845832824707,324.0,-229.4154167175293,52.0
window12,3407,3,2019,2008,2019,2022,2019,地方,50.327083587646484,271.0,-211.67291641235352,9.0
window12,3407,3,2019,2008,2019,2022,2019,soft,45.84249496459961,268.0,-214.1575050354004,8.0
window12,3407,3,2019,2008,2019,2022,2019,action,28.642786026000977,281.0,-228.35721397399902,24.0
window12,3407,3,2019,2008,2019,2022,2019,real,48.79227066040039,378.0,-203.2077293395996,126.0
window12,3407,3,2019,2008,2019,2022,2019,state,41.52090072631836,261.0,-210.47909927368164,9.0
window12,3407,3,2019,2008,2019,2022,2019,diplomacy,50.47728729248047,422.0,-199.52271270751953,172.0
window12,3407,3,2019,2008,2019,2022,2019,mental,51.27711486816406,323.0,-196.72288513183594,75.0
window12,3407,3,2019,2008,2019,2022,2019,丝绸之路,48.11174774169922,543.0,-198.88825225830078,296.0
window12,3407,3,2019,2008,2019,2022,2019,post,46.38069534301758,461.0,-198.61930465698242,216.0
window12,3407,3,2019,2008,2019,2022,2019,formation,50.55579376220703,430.0,-193.44420623779297,186.0
window12,3407,3,2019,2008,2019,2022,2019,游客,45.209468841552734,347.0,-198.79053115844727,103.0
window12,3407,3,2019,2008,2019,2022,2019,branding,44.46001052856445,366.0,-195.53998947143555,126.0
window12,3407,3,2019,2008,2019,2022,2019,relations,48.25901412963867,183.0,-191.74098587036133,-57.0
window12,3407,3,2019,2008,2019,2022,2019,place,31.472787857055664,252.0,-206.52721214294434,14.0
window12,3407,3,2019,2008,2019,2022,2019,role,48.75572204589844,445.0,-188.24427795410156,208.0
window12,3407,3,2019,2008,2019,2022,2019,conflict,49.04725646972656,245.0,-186.95274353027344,9.0
window12,3407,3,2019,2008,2019,2022,2019,案例研究,44.93880081176758,228.0,-191.06119918823242,-8.0
window12,3407,3,2019,2008,2019,2022,2019,原真性,48.23189163208008,418.0,-179.76810836791992,190.0
window12,3407,3,2019,2008,2019,2022,2019,time,49.57289123535156,443.0,-177.42710876464844,216.0
window12,3407,3,2019,2008,2019,2022,2019,product,40.850955963134766,226.0,-184.14904403686523,1.0
window12,3407,3,2019,2008,2019,2022,2019,africa,44.89689254760742,242.0,-174.10310745239258,23.0
window12,3407,3,2019,2008,2019,2022,2019,sites,47.23067092895508,289.0,-170.76932907104492,71.0
window12,3407,3,2019,2008,2019,2022,2019,language,26.49905776977539,215.0,-184.5009422302246,4.0
window12,3407,3,2019,2008,2019,2022,2019,brand,40.993404388427734,328.0,-167.00659561157227,120.0
window12,3407,3,2019,2008,2019,2022,2019,silk,46.53040313720703,466.0,-157.46959686279297,262.0
window12,3407,3,2019,2008,2019,2022,2019,plan,28.752079010009766,244.0,-173.24792098999023,42.0
window12,3407,3,2019,2008,2019,2022,2019,可持续发展,44.69295883178711,279.0,-153.3070411682129,81.0
window12,3407,3,2019,2008,2019,2022,2019,the middle east,33.62580108642578,236.0,-162.37419891357422,40.0
window12,3407,3,2019,2008,2019,2022,2019,carrying,37.6796989440918,93.0,-157.3203010559082,-102.0
window12,3407,3,2019,2008,2019,2022,2019,效果,48.43301773071289,328.0,-146.5669822692871,133.0
window12,3407,3,2019,2008,2019,2022,2019,分析,45.616172790527344,212.0,-146.38382720947266,20.0
window12,3407,3,2019,2008,2019,2022,2019,reality,46.26833724975586,256.0,-144.73166275024414,65.0
window12,3407,3,2019,2008,2019,2022,2019,content,42.889678955078125,255.0,-147.11032104492188,65.0
window12,3407,3,2019,2008,2019,2022,2019,middle east,37.224365234375,197.0,-151.775634765625,8.0
window12,3407,3,2019,2008,2019,2022,2019,服务,48.088218688964844,153.0,-139.91178131103516,-35.0
window12,3407,3,2019,2008,2019,2022,2019,source,45.52765655517578,163.0,-141.47234344482422,-24.0
window12,3407,3,2019,2008,2019,2022,2019,carrying capacity,37.35637283325195,84.0,-148.64362716674805,-102.0
window12,3407,3,2019,2008,2019,2022,2019,数字,48.02922058105469,626.0,-136.9707794189453,441.0
window12,3407,3,2019,2008,2019,2022,2019,in the middle,38.95318603515625,174.0,-143.04681396484375,-8.0
window12,3407,3,2019,2008,2019,2022,2019,系统综述,46.066837310791016,229.0,-135.93316268920898,47.0
window12,3407,3,2019,2008,2019,2022,2019,实践,47.2197265625,230.0,-130.7802734375,52.0
window12,3407,3,2019,2008,2019,2022,2019,graph,45.062862396240234,223.0,-130.93713760375977,47.0
window12,3407,3,2019,2008,2019,2022,2019,outbound,23.06616973876953,108.0,-152.93383026123047,-68.0
window12,3407,3,2019,2008,2019,2022,2019,语境,46.49211883544922,258.0,-128.50788116455078,83.0
window12,3407,3,2019,2008,2019,2022,2019,框架,40.83283996582031,263.0,-131.1671600341797,91.0
window12,3407,3,2019,2008,2019,2022,2019,al jazeera,45.642677307128906,138.0,-125.3573226928711,-33.0
window12,3407,3,2019,2008,2019,2022,2019,jazeera,45.642677307128906,138.0,-125.3573226928711,-33.0
window12,3407,3,2019,2008,2019,2022,2019,流程,47.81830596923828,221.0,-121.18169403076172,52.0
window12,3407,3,2019,2008,2019,2022,2019,belt,47.01412582397461,328.0,-118.98587417602539,162.0
window12,3407,3,2019,2008,2019,2022,2019,in the middle east,38.334537506103516,190.0,-126.66546249389648,25.0
window12,3407,3,2019,2008,2019,2022,2019,政策,43.517154693603516,255.0,-121.48284530639648,90.0
window12,3407,3,2019,2008,2019,2022,2019,软实力,43.41847229003906,177.0,-121.58152770996094,12.0
window12,3407,3,2019,2008,2019,2022,2019,marketing,43.90536880493164,345.0,-120.09463119506836,181.0
window12,3407,3,2019,2008,2019,2022,2019,religious,46.355194091796875,227.0,-116.64480590820312,64.0
window12,3407,3,2019,2008,2019,2022,2019,country,44.48867416381836,254.0,-117.51132583618164,92.0
window12,3407,3,2019,2008,2019,2022,2019,islam,48.346092224121094,119.0,-113.6539077758789,-43.0
window12,3407,3,2019,2008,2019,2022,2019,urban,41.32461929321289,252.0,-120.67538070678711,90.0
window12,3407,5,2019,2008,2019,2024,2019,旅游,84.7386703491211,5508.0,-2946.261329650879,2477.0
window12,3407,5,2019,2008,2019,2024,2019,tour,81.13214874267578,4819.0,-2811.867851257324,1926.0
window12,3407,5,2019,2008,2019,2024,2019,文化,82.4310302734375,3099.0,-1621.5689697265625,1395.0
window12,3407,5,2019,2008,2019,2024,2019,nation,82.91511535644531,2652.0,-1400.0848846435547,1169.0
window12,3407,5,2019,2008,2019,2024,2019,遗产,80.50247192382812,1984.0,-1270.4975280761719,633.0
window12,3407,5,2019,2008,2019,2024,2019,阿拉伯,73.19440460205078,1033.0,-756.8055953979492,203.0
window12,3407,5,2019,2008,2019,2024,2019,发展,75.88170623779297,1136.0,-680.118293762207,380.0
window12,3407,5,2019,2008,2019,2024,2019,目的地,74.2738037109375,1258.0,-610.7261962890625,573.0
window12,3407,5,2019,2008,2019,2024,2019,world,74.48435974121094,645.0,-609.5156402587891,-39.0
window12,3407,5,2019,2008,2019,2024,2019,view,75.9524917602539,1119.0,-596.0475082397461,447.0
window12,3407,5,2019,2008,2019,2024,2019,rate,73.58174896240234,1324.0,-562.4182510375977,688.0
window12,3407,5,2019,2008,2019,2024,2019,city,71.41841888427734,938.0,-563.5815811157227,303.0
window12,3407,5,2019,2008,2019,2024,2019,研究,75.93536376953125,1258.0,-518.0646362304688,664.0
window12,3407,5,2019,2008,2019,2024,2019,艺术,76.59484100341797,1274.0,-484.40515899658203,713.0
window12,3407,5,2019,2008,2019,2024,2019,site,73.4917221069336,537.0,-480.5082778930664,-17.0
window12,3407,5,2019,2008,2019,2024,2019,image,72.2497787475586,952.0,-464.7502212524414,415.0
window12,3407,5,2019,2008,2019,2024,2019,社会,72.21217346191406,939.0,-450.78782653808594,416.0
window12,3407,5,2019,2008,2019,2024,2019,media,72.3458251953125,821.0,-445.6541748046875,303.0
window12,3407,5,2019,2008,2019,2024,2019,search,74.80223846435547,976.0,-442.19776153564453,459.0
window12,3407,5,2019,2008,2019,2024,2019,work,72.817138671875,684.0,-421.182861328125,190.0
window12,3407,5,2019,2008,2019,2024,2019,中国,71.62458801269531,774.0,-325.3754119873047,377.0
window12,3407,5,2019,2008,2019,2024,2019,国家,70.57229614257812,564.0,-322.4277038574219,171.0
window12,3407,5,2019,2008,2019,2024,2019,影响,72.26008605957031,699.0,-297.7399139404297,329.0
window12,3407,5,2019,2008,2019,2024,2019,挑战,69.81745910644531,666.0,-300.1825408935547,296.0
window12,3407,5,2019,2008,2019,2024,2019,text,71.73198699951172,804.0,-291.2680130004883,441.0
window12,3407,5,2019,2008,2019,2024,2019,challenges,69.63878631591797,633.0,-275.36121368408203,288.0
window12,3407,5,2019,2008,2019,2024,2019,east,45.3842658996582,343.0,-286.6157341003418,11.0
window12,3407,5,2019,2008,2019,2024,2019,gene,66.27600860595703,796.0,-261.72399139404297,468.0
window12,3407,5,2019,2008,2019,2024,2019,chinese,63.912418365478516,424.0,-263.0875816345215,97.0
window12,3407,5,2019,2008,2019,2024,2019,land,67.01345825195312,340.0,-259.9865417480469,13.0
window12,3407,5,2019,2008,2019,2024,2019,社交媒体,68.245361328125,677.0,-249.754638671875,359.0
window12,3407,5,2019,2008,2019,2024,2019,应用,69.27587127685547,495.0,-247.72412872314453,178.0
window12,3407,5,2019,2008,2019,2024,2019,power,68.41310119628906,386.0,-241.58689880371094,76.0
window12,3407,5,2019,2008,2019,2024,2019,可持续,65.75086975097656,589.0,-244.24913024902344,279.0
window12,3407,5,2019,2008,2019,2024,2019,经济,70.81775665283203,564.0,-239.18224334716797,254.0
window12,3407,5,2019,2008,2019,2024,2019,road,68.73885345458984,490.0,-226.26114654541016,195.0
window12,3407,5,2019,2008,2019,2024,2019,经验,65.96156311035156,473.0,-229.03843688964844,178.0
window12,3407,5,2019,2008,2019,2024,2019,管理,70.8388900756836,480.0,-217.1611099243164,192.0
window12,3407,5,2019,2008,2019,2024,2019,全球,66.73650360107422,358.0,-219.26349639892578,72.0
window12,3407,5,2019,2008,2019,2024,2019,学习,71.05870056152344,568.0,-208.94129943847656,288.0
window12,3407,5,2019,2008,2019,2024,2019,change,67.27066802978516,426.0,-210.72933197021484,148.0
window12,3407,5,2019,2008,2019,2024,2019,视角,69.4041976928711,668.0,-205.5958023071289,393.0
window12,3407,5,2019,2008,2019,2024,2019,遗产旅行,60.46757125854492,378.0,-211.53242874145508,106.0
window12,3407,5,2019,2008,2019,2024,2019,地方,68.86247253417969,273.0,-193.1375274658203,11.0
window12,3407,5,2019,2008,2019,2024,2019,soft,64.01972961425781,276.0,-195.9802703857422,16.0
window12,3407,5,2019,2008,2019,2024,2019,action,44.93702697753906,350.0,-212.06297302246094,93.0
window12,3407,5,2019,2008,2019,2024,2019,real,67.21131896972656,541.0,-184.78868103027344,289.0
window12,3407,5,2019,2008,2019,2024,2019,state,59.29498291015625,305.0,-192.70501708984375,53.0
window12,3407,5,2019,2008,2019,2024,2019,diplomacy,69.02970123291016,494.0,-180.97029876708984,244.0
window12,3407,5,2019,2008,2019,2024,2019,mental,69.88070678710938,264.0,-178.11929321289062,16.0
window12,3407,5,2019,2008,2019,2024,2019,丝绸之路,66.48690795898438,522.0,-180.51309204101562,275.0
window12,3407,5,2019,2008,2019,2024,2019,post,64.60475158691406,546.0,-180.39524841308594,301.0
window12,3407,5,2019,2008,2019,2024,2019,formation,69.10888671875,506.0,-174.89111328125,262.0
window12,3407,5,2019,2008,2019,2024,2019,游客,63.33366012573242,376.0,-180.66633987426758,132.0
window12,3407,5,2019,2008,2019,2024,2019,branding,62.52254104614258,314.0,-177.47745895385742,74.0
window12,3407,5,2019,2008,2019,2024,2019,relations,66.63729095458984,179.0,-173.36270904541016,-61.0
window12,3407,5,2019,2008,2019,2024,2019,place,48.14100646972656,221.0,-189.85899353027344,-17.0
window12,3407,5,2019,2008,2019,2024,2019,role,67.17112731933594,649.0,-169.82887268066406,412.0
window12,3407,5,2019,2008,2019,2024,2019,conflict,67.48991394042969,174.0,-168.5100860595703,-62.0
window12,3407,5,2019,2008,2019,2024,2019,案例研究,63.032630920410156,316.0,-172.96736907958984,80.0
window12,3407,5,2019,2008,2019,2024,2019,原真性,66.61355590820312,445.0,-161.38644409179688,217.0
window12,3407,5,2019,2008,2019,2024,2019,time,68.06250762939453,391.0,-158.93749237060547,164.0
window12,3407,5,2019,2008,2019,2024,2019,product,58.5617561340332,334.0,-166.4382438659668,109.0
window12,3407,5,2019,2008,2019,2024,2019,africa,62.99456787109375,242.0,-156.00543212890625,23.0
window12,3407,5,2019,2008,2019,2024,2019,sites,65.5401382446289,210.0,-152.4598617553711,-8.0
window12,3407,5,2019,2008,2019,2024,2019,language,42.51570129394531,369.0,-168.4842987060547,158.0
window12,3407,5,2019,2008,2019,2024,2019,brand,58.733890533447266,297.0,-149.26610946655273,89.0
window12,3407,5,2019,2008,2019,2024,2019,silk,64.7842788696289,429.0,-139.2157211303711,225.0
window12,3407,5,2019,2008,2019,2024,2019,plan,45.077980041503906,254.0,-156.9220199584961,52.0
window12,3407,5,2019,2008,2019,2024,2019,可持续发展,62.776756286621094,371.0,-135.2232437133789,173.0
window12,3407,5,2019,2008,2019,2024,2019,the middle east,50.58262252807617,129.0,-145.41737747192383,-67.0
window12,3407,5,2019,2008,2019,2024,2019,carrying,55.082672119140625,81.0,-139.91732788085938,-114.0
window12,3407,5,2019,2008,2019,2024,2019,效果,66.83308410644531,339.0,-128.1669158935547,144.0
window12,3407,5,2019,2008,2019,2024,2019,分析,63.78152847290039,253.0,-128.2184715270996,61.0
window12,3407,5,2019,2008,2019,2024,2019,reality,64.4969482421875,383.0,-126.5030517578125,192.0
window12,3407,5,2019,2008,2019,2024,2019,content,60.81947708129883,369.0,-129.18052291870117,179.0
window12,3407,5,2019,2008,2019,2024,2019,middle east,54.59003448486328,79.0,-134.40996551513672,-110.0
window12,3407,5,2019,2008,2019,2024,2019,服务,66.4627456665039,317.0,-121.5372543334961,129.0
window12,3407,5,2019,2008,2019,2024,2019,source,63.68941879272461,163.0,-123.31058120727539,-24.0
window12,3407,5,2019,2008,2019,2024,2019,carrying capacity,54.7282829284668,81.0,-131.2717170715332,-105.0
window12,3407,5,2019,2008,2019,2024,2019,数字,66.39795684814453,985.0,-118.60204315185547,800.0
window12,3407,5,2019,2008,2019,2024,2019,in the middle,56.50416946411133,90.0,-125.49583053588867,-92.0
window12,3407,5,2019,2008,2019,2024,2019,系统综述,64.2757339477539,195.0,-117.7242660522461,13.0
window12,3407,5,2019,2008,2019,2024,2019,实践,65.52558135986328,227.0,-112.47441864013672,49.0
window12,3407,5,2019,2008,2019,2024,2019,graph,63.1829719543457,396.0,-112.8170280456543,220.0
window12,3407,5,2019,2008,2019,2024,2019,outbound,38.62419891357422,54.0,-137.37580108642578,-122.0
window12,3407,5,2019,2008,2019,2024,2019,语境,64.73896789550781,281.0,-110.26103210449219,106.0
window12,3407,5,2019,2008,2019,2024,2019,框架,58.557838439941406,335.0,-113.4421615600586,163.0
window12,3407,5,2019,2008,2019,2024,2019,al jazeera,63.82648849487305,48.0,-107.17351150512695,-123.0
window12,3407,5,2019,2008,2019,2024,2019,jazeera,63.82648849487305,65.0,-107.17351150512695,-106.0
window12,3407,5,2019,2008,2019,2024,2019,流程,66.17423248291016,180.0,-102.82576751708984,11.0
window12,3407,5,2019,2008,2019,2024,2019,belt,65.31291198730469,269.0,-100.68708801269531,103.0
window12,3407,5,2019,2008,2019,2024,2019,in the middle east,55.827884674072266,97.0,-109.17211532592773,-68.0
window12,3407,5,2019,2008,2019,2024,2019,政策,61.50620651245117,254.0,-103.49379348754883,89.0
window12,3407,5,2019,2008,2019,2024,2019,软实力,61.4066162109375,175.0,-103.5933837890625,10.0
window12,3407,5,2019,2008,2019,2024,2019,marketing,61.92820358276367,544.0,-102.07179641723633,380.0
window12,3407,5,2019,2008,2019,2024,2019,religious,64.5969009399414,247.0,-98.4030990600586,84.0
window12,3407,5,2019,2008,2019,2024,2019,country,62.56772232055664,255.0,-99.43227767944336,93.0
window12,3407,5,2019,2008,2019,2024,2019,islam,66.74748992919922,102.0,-95.25251007080078,-60.0
window12,3407,5,2019,2008,2019,2024,2019,urban,59.103546142578125,255.0,-102.89645385742188,93.0
window12,7777,1,2019,2008,2019,2020,2019,旅游,43.30244827270508,3486.0,-2987.697551727295,455.0
window12,7777,1,2019,2008,2019,2020,2019,tour,39.59763717651367,3300.0,-2853.4023628234863,407.0
window12,7777,1,2019,2008,2019,2020,2019,文化,41.42948532104492,2014.0,-1662.570514678955,310.0
window12,7777,1,2019,2008,2019,2020,2019,nation,42.135379791259766,1766.0,-1440.8646202087402,283.0
window12,7777,1,2019,2008,2019,2020,2019,遗产,39.73525619506836,1587.0,-1311.2647438049316,236.0
window12,7777,1,2019,2008,2019,2020,2019,阿拉伯,33.025455474853516,881.0,-796.9745445251465,51.0
window12,7777,1,2019,2008,2019,2020,2019,发展,35.65604782104492,899.0,-720.3439521789551,143.0
window12,7777,1,2019,2008,2019,2020,2019,目的地,34.2645149230957,794.0,-650.7354850769043,109.0
window12,7777,1,2019,2008,2019,2020,2019,world,34.43875503540039,786.0,-649.5612449645996,102.0
window12,7777,1,2019,2008,2019,2020,2019,view,35.75764846801758,905.0,-636.2423515319824,233.0
window12,7777,1,2019,2008,2019,2020,2019,rate,33.615631103515625,683.0,-602.3843688964844,47.0
window12,7777,1,2019,2008,2019,2020,2019,city,31.62310028076172,681.0,-603.3768997192383,46.0
window12,7777,1,2019,2008,2019,2020,2019,研究,35.86353302001953,734.0,-558.1364669799805,140.0
window12,7777,1,2019,2008,2019,2020,2019,艺术,36.5000114440918,646.0,-524.4999885559082,85.0
window12,7777,1,2019,2008,2019,2020,2019,site,33.66225814819336,657.0,-520.3377418518066,103.0
window12,7777,1,2019,2008,2019,2020,2019,image,32.501686096191406,662.0,-504.4983139038086,125.0
window12,7777,1,2019,2008,2019,2020,2019,社会,32.4255485534668,616.0,-490.5744514465332,93.0
window12,7777,1,2019,2008,2019,2020,2019,media,32.57343292236328,576.0,-485.4265670776367,58.0
window12,7777,1,2019,2008,2019,2020,2019,search,34.89554214477539,632.0,-482.1044578552246,115.0
window12,7777,1,2019,2008,2019,2020,2019,work,33.00196075439453,529.0,-460.99803924560547,35.0
window12,7777,1,2019,2008,2019,2020,2019,中国,32.12894058227539,537.0,-364.8710594177246,140.0
window12,7777,1,2019,2008,2019,2020,2019,国家,31.172889709472656,492.0,-361.82711029052734,99.0
window12,7777,1,2019,2008,2019,2020,2019,影响,32.71841049194336,466.0,-337.28158950805664,96.0
window12,7777,1,2019,2008,2019,2020,2019,挑战,30.52582550048828,476.0,-339.4741744995117,106.0
window12,7777,1,2019,2008,2019,2020,2019,text,32.2540283203125,415.0,-330.7459716796875,52.0
window12,7777,1,2019,2008,2019,2020,2019,challenges,30.410810470581055,451.0,-314.58918952941895,106.0
window12,7777,1,2019,2008,2019,2020,2019,east,11.818629264831543,405.0,-320.18137073516846,73.0
window12,7777,1,2019,2008,2019,2020,2019,gene,27.519758224487305,329.0,-300.4802417755127,1.0
window12,7777,1,2019,2008,2019,2020,2019,chinese,25.57384490966797,359.0,-301.42615509033203,32.0
window12,7777,1,2019,2008,2019,2020,2019,land,28.139047622680664,380.0,-298.86095237731934,53.0
window12,7777,1,2019,2008,2019,2020,2019,社交媒体,29.238012313842773,379.0,-288.7619876861572,61.0
window12,7777,1,2019,2008,2019,2020,2019,应用,30.117656707763672,336.0,-286.8823432922363,19.0
window12,7777,1,2019,2008,2019,2020,2019,power,29.42306137084961,328.0,-280.5769386291504,18.0
window12,7777,1,2019,2008,2019,2020,2019,可持续,27.10224723815918,389.0,-282.8977527618408,79.0
window12,7777,1,2019,2008,2019,2020,2019,经济,31.494342803955078,346.0,-278.5056571960449,36.0
window12,7777,1,2019,2008,2019,2020,2019,road,29.759708404541016,434.0,-265.240291595459,139.0
window12,7777,1,2019,2008,2019,2020,2019,经验,27.302255630493164,321.0,-267.69774436950684,26.0
window12,7777,1,2019,2008,2019,2020,2019,管理,31.55677604675293,317.0,-256.44322395324707,29.0
window12,7777,1,2019,2008,2019,2020,2019,全球,27.946834564208984,357.0,-258.053165435791,71.0
window12,7777,1,2019,2008,2019,2020,2019,学习,31.786252975463867,368.0,-248.21374702453613,88.0
window12,7777,1,2019,2008,2019,2020,2019,change,28.452178955078125,327.0,-249.54782104492188,49.0
window12,7777,1,2019,2008,2019,2020,2019,视角,30.31515121459961,368.0,-244.6848487854004,93.0
window12,7777,1,2019,2008,2019,2020,2019,遗产旅行,22.937225341796875,285.0,-249.06277465820312,13.0
window12,7777,1,2019,2008,2019,2020,2019,地方,29.875436782836914,319.0,-232.1245632171631,57.0
window12,7777,1,2019,2008,2019,2020,2019,soft,25.78969383239746,313.0,-234.21030616760254,53.0
window12,7777,1,2019,2008,2019,2020,2019,action,11.685711860656738,263.0,-245.31428813934326,6.0
window12,7777,1,2019,2008,2019,2020,2019,real,28.455480575561523,322.0,-223.54451942443848,70.0
window12,7777,1,2019,2008,2019,2020,2019,state,21.964723587036133,277.0,-230.03527641296387,25.0
window12,7777,1,2019,2008,2019,2020,2019,diplomacy,30.07685661315918,333.0,-219.92314338684082,83.0
window12,7777,1,2019,2008,2019,2020,2019,mental,30.75484275817871,344.0,-217.2451572418213,96.0
window12,7777,1,2019,2008,2019,2020,2019,丝绸之路,27.912521362304688,434.0,-219.0874786376953,187.0
window12,7777,1,2019,2008,2019,2020,2019,post,26.27975082397461,341.0,-218.7202491760254,96.0
window12,7777,1,2019,2008,2019,2020,2019,formation,30.09721565246582,316.0,-213.90278434753418,72.0
window12,7777,1,2019,2008,2019,2020,2019,游客,25.247587203979492,304.0,-218.7524127960205,60.0
window12,7777,1,2019,2008,2019,2020,2019,branding,24.626789093017578,239.0,-215.37321090698242,-1.0
window12,7777,1,2019,2008,2019,2020,2019,relations,27.97922706604004,247.0,-212.02077293395996,7.0
window12,7777,1,2019,2008,2019,2020,2019,place,13.91507625579834,285.0,-224.08492374420166,47.0
window12,7777,1,2019,2008,2019,2020,2019,role,28.40688705444336,315.0,-208.59311294555664,78.0
window12,7777,1,2019,2008,2019,2020,2019,conflict,28.730375289916992,255.0,-207.269624710083,19.0
window12,7777,1,2019,2008,2019,2020,2019,案例研究,24.927751541137695,237.0,-211.0722484588623,1.0
window12,7777,1,2019,2008,2019,2020,2019,原真性,28.010501861572266,264.0,-199.98949813842773,36.0
window12,7777,1,2019,2008,2019,2020,2019,time,29.27834701538086,382.0,-197.72165298461914,155.0
window12,7777,1,2019,2008,2019,2020,2019,product,21.417648315429688,212.0,-203.5823516845703,-13.0
window12,7777,1,2019,2008,2019,2020,2019,africa,24.977859497070312,227.0,-194.0221405029297,8.0
window12,7777,1,2019,2008,2019,2020,2019,sites,27.160852432250977,246.0,-190.83914756774902,28.0
window12,7777,1,2019,2008,2019,2020,2019,language,10.179815292358398,220.0,-200.8201847076416,9.0
window12,7777,1,2019,2008,2019,2020,2019,brand,21.686025619506836,233.0,-186.31397438049316,25.0
window12,7777,1,2019,2008,2019,2020,2019,silk,26.551979064941406,373.0,-177.4480209350586,169.0
window12,7777,1,2019,2008,2019,2020,2019,plan,11.932649612426758,213.0,-190.06735038757324,11.0
window12,7777,1,2019,2008,2019,2020,2019,可持续发展,24.836633682250977,212.0,-173.16336631774902,14.0
window12,7777,1,2019,2008,2019,2020,2019,the middle east,15.734519958496094,221.0,-180.2654800415039,25.0
window12,7777,1,2019,2008,2019,2020,2019,carrying,18.965526580810547,211.0,-176.03447341918945,16.0
window12,7777,1,2019,2008,2019,2020,2019,效果,28.21712875366211,271.0,-166.7828712463379,76.0
window12,7777,1,2019,2008,2019,2020,2019,分析,25.654151916503906,212.0,-166.3458480834961,20.0
window12,7777,1,2019,2008,2019,2020,2019,reality,26.306854248046875,209.0,-164.69314575195312,18.0
window12,7777,1,2019,2008,2019,2020,2019,content,23.354568481445312,210.0,-166.6454315185547,20.0
window12,7777,1,2019,2008,2019,2020,2019,middle east,18.637191772460938,203.0,-170.36280822753906,14.0
window12,7777,1,2019,2008,2019,2020,2019,服务,27.9189453125,179.0,-160.0810546875,-9.0
window12,7777,1,2019,2008,2019,2020,2019,source,25.617521286010742,213.0,-161.38247871398926,26.0
window12,7777,1,2019,2008,2019,2020,2019,carrying capacity,18.72846221923828,202.0,-167.27153778076172,16.0
window12,7777,1,2019,2008,2019,2020,2019,数字,27.852128982543945,322.0,-157.14787101745605,137.0
window12,7777,1,2019,2008,2019,2020,2019,in the middle,20.070363998413086,190.0,-161.9296360015869,8.0
window12,7777,1,2019,2008,2019,2020,2019,系统综述,26.103647232055664,222.0,-155.89635276794434,40.0
window12,7777,1,2019,2008,2019,2020,2019,实践,27.143274307250977,169.0,-150.85672569274902,-9.0
window12,7777,1,2019,2008,2019,2020,2019,graph,25.18915367126465,179.0,-150.81084632873535,3.0
window12,7777,1,2019,2008,2019,2020,2019,outbound,7.631824016571045,176.0,-168.36817598342896,0.0
window12,7777,1,2019,2008,2019,2020,2019,语境,26.5017147064209,209.0,-148.4982852935791,34.0
window12,7777,1,2019,2008,2019,2020,2019,框架,21.551101684570312,221.0,-150.4488983154297,49.0
window12,7777,1,2019,2008,2019,2020,2019,al jazeera,25.810504913330078,181.0,-145.18949508666992,10.0
window12,7777,1,2019,2008,2019,2020,2019,jazeera,25.810504913330078,181.0,-145.18949508666992,10.0
window12,7777,1,2019,2008,2019,2020,2019,流程,27.698514938354492,194.0,-141.3014850616455,25.0
window12,7777,1,2019,2008,2019,2020,2019,belt,27.040279388427734,236.0,-138.95972061157227,70.0
window12,7777,1,2019,2008,2019,2020,2019,in the middle east,19.59590721130371,181.0,-145.4040927886963,16.0
window12,7777,1,2019,2008,2019,2020,2019,政策,23.91084861755371,161.0,-141.0891513824463,-4.0
window12,7777,1,2019,2008,2019,2020,2019,软实力,23.872440338134766,175.0,-141.12755966186523,10.0
window12,7777,1,2019,2008,2019,2020,2019,marketing,24.233182907104492,217.0,-139.7668170928955,53.0
window12,7777,1,2019,2008,2019,2020,2019,religious,26.433992385864258,153.0,-136.56600761413574,-10.0
window12,7777,1,2019,2008,2019,2020,2019,country,24.773405075073242,144.0,-137.22659492492676,-18.0
window12,7777,1,2019,2008,2019,2020,2019,islam,28.213472366333008,166.0,-133.786527633667,4.0
window12,7777,1,2019,2008,2019,2020,2019,urban,22.014158248901367,187.0,-139.98584175109863,25.0
window12,7777,3,2019,2008,2019,2022,2019,旅游,75.10509490966797,4242.0,-2955.894905090332,1211.0
window12,7777,3,2019,2008,2019,2022,2019,tour,70.22577667236328,3857.0,-2822.7742233276367,964.0
window12,7777,3,2019,2008,2019,2022,2019,文化,72.61832427978516,2521.0,-1631.3816757202148,817.0
window12,7777,3,2019,2008,2019,2022,2019,nation,73.5386962890625,2266.0,-1409.4613037109375,783.0
window12,7777,3,2019,2008,2019,2022,2019,遗产,70.369384765625,1698.0,-1280.630615234375,347.0
window12,7777,3,2019,2008,2019,2022,2019,阿拉伯,61.27721405029297,784.0,-768.722785949707,-46.0
window12,7777,3,2019,2008,2019,2022,2019,发展,64.8684310913086,907.0,-691.1315689086914,151.0
window12,7777,3,2019,2008,2019,2022,2019,目的地,62.97144317626953,1036.0,-622.0285568237305,351.0
window12,7777,3,2019,2008,2019,2022,2019,world,63.20846939086914,627.0,-620.7915306091309,-57.0
window12,7777,3,2019,2008,2019,2022,2019,view,64.99839782714844,1100.0,-607.0016021728516,428.0
window12,7777,3,2019,2008,2019,2022,2019,rate,62.077274322509766,894.0,-573.9227256774902,258.0
window12,7777,3,2019,2008,2019,2022,2019,city,59.32615661621094,755.0,-575.6738433837891,120.0
window12,7777,3,2019,2008,2019,2022,2019,研究,65.13651275634766,901.0,-528.8634872436523,307.0
window12,7777,3,2019,2008,2019,2022,2019,艺术,65.99189758300781,992.0,-495.0081024169922,431.0
window12,7777,3,2019,2008,2019,2022,2019,site,62.136253356933594,670.0,-491.8637466430664,116.0
window12,7777,3,2019,2008,2019,2022,2019,image,60.536048889160156,783.0,-476.46395111083984,246.0
window12,7777,3,2019,2008,2019,2022,2019,社会,60.42781066894531,727.0,-462.5721893310547,204.0
window12,7777,3,2019,2008,2019,2022,2019,media,60.63213348388672,588.0,-457.3678665161133,70.0
window12,7777,3,2019,2008,2019,2022,2019,search,63.81613540649414,797.0,-453.18386459350586,280.0
window12,7777,3,2019,2008,2019,2022,2019,work,61.21957015991211,623.0,-432.7804298400879,129.0
window12,7777,3,2019,2008,2019,2022,2019,中国,60.00746536254883,600.0,-336.9925346374512,203.0
window12,7777,3,2019,2008,2019,2022,2019,国家,58.67942810058594,523.0,-334.32057189941406,130.0
window12,7777,3,2019,2008,2019,2022,2019,影响,60.81690979003906,563.0,-309.18309020996094,193.0
window12,7777,3,2019,2008,2019,2022,2019,挑战,57.77374267578125,597.0,-312.22625732421875,227.0
window12,7777,3,2019,2008,2019,2022,2019,text,60.175315856933594,565.0,-302.8246841430664,202.0
window12,7777,3,2019,2008,2019,2022,2019,challenges,57.61013412475586,553.0,-287.38986587524414,208.0
window12,7777,3,2019,2008,2019,2022,2019,east,29.485157012939453,419.0,-302.51484298706055,87.0
window12,7777,3,2019,2008,2019,2022,2019,gene,53.524147033691406,406.0,-274.4758529663086,78.0
window12,7777,3,2019,2008,2019,2022,2019,chinese,50.728919982910156,325.0,-276.27108001708984,-2.0
window12,7777,3,2019,2008,2019,2022,2019,land,54.40529251098633,380.0,-272.5947074890137,53.0
window12,7777,3,2019,2008,2019,2022,2019,社交媒体,55.96002960205078,452.0,-262.0399703979492,134.0
window12,7777,3,2019,2008,2019,2022,2019,应用,57.1953010559082,470.0,-259.8046989440918,153.0
window12,7777,3,2019,2008,2019,2022,2019,power,56.221153259277344,334.0,-253.77884674072266,24.0
window12,7777,3,2019,2008,2019,2022,2019,可持续,52.925472259521484,443.0,-257.0745277404785,133.0
window12,7777,3,2019,2008,2019,2022,2019,经济,59.114524841308594,467.0,-250.8854751586914,157.0
window12,7777,3,2019,2008,2019,2022,2019,road,56.69491958618164,555.0,-238.30508041381836,260.0
window12,7777,3,2019,2008,2019,2022,2019,经验,53.20942687988281,403.0,-241.7905731201172,108.0
window12,7777,3,2019,2008,2019,2022,2019,管理,59.198055267333984,413.0,-228.80194473266602,125.0
window12,7777,3,2019,2008,2019,2022,2019,全球,54.126060485839844,377.0,-231.87393951416016,91.0
window12,7777,3,2019,2008,2019,2022,2019,学习,59.516136169433594,564.0,-220.4838638305664,284.0
window12,7777,3,2019,2008,2019,2022,2019,change,54.84346389770508,386.0,-223.15653610229492,108.0
window12,7777,3,2019,2008,2019,2022,2019,视角,57.46638107299805,504.0,-217.53361892700195,229.0
window12,7777,3,2019,2008,2019,2022,2019,遗产旅行,46.86945343017578,324.0,-225.13054656982422,52.0
window12,7777,3,2019,2008,2019,2022,2019,地方,56.84891128540039,271.0,-205.1510887145996,9.0
window12,7777,3,2019,2008,2019,2022,2019,soft,51.0338020324707,268.0,-208.9661979675293,8.0
window12,7777,3,2019,2008,2019,2022,2019,action,29.25742530822754,281.0,-227.74257469177246,24.0
window12,7777,3,2019,2008,2019,2022,2019,real,54.844688415527344,378.0,-197.15531158447266,126.0
window12,7777,3,2019,2008,2019,2022,2019,state,45.42324447631836,261.0,-206.57675552368164,9.0
window12,7777,3,2019,2008,2019,2022,2019,diplomacy,57.13234329223633,422.0,-192.86765670776367,172.0
window12,7777,3,2019,2008,2019,2022,2019,mental,58.074378967285156,323.0,-189.92562103271484,75.0
window12,7777,3,2019,2008,2019,2022,2019,丝绸之路,54.07902908325195,543.0,-192.92097091674805,296.0
window12,7777,3,2019,2008,2019,2022,2019,post,51.7374382019043,461.0,-193.2625617980957,216.0
window12,7777,3,2019,2008,2019,2022,2019,formation,57.15524673461914,430.0,-186.84475326538086,186.0
window12,7777,3,2019,2008,2019,2022,2019,游客,50.24658966064453,347.0,-193.75341033935547,103.0
window12,7777,3,2019,2008,2019,2022,2019,branding,49.345096588134766,366.0,-190.65490341186523,126.0
window12,7777,3,2019,2008,2019,2022,2019,relations,54.16645050048828,183.0,-185.83354949951172,-57.0
window12,7777,3,2019,2008,2019,2022,2019,place,32.93946838378906,252.0,-205.06053161621094,14.0
window12,7777,3,2019,2008,2019,2022,2019,role,54.771400451660156,445.0,-182.22859954833984,208.0
window12,7777,3,2019,2008,2019,2022,2019,conflict,55.23160934448242,245.0,-180.76839065551758,9.0
window12,7777,3,2019,2008,2019,2022,2019,案例研究,49.77869415283203,228.0,-186.22130584716797,-8.0
window12,7777,3,2019,2008,2019,2022,2019,原真性,54.210819244384766,418.0,-173.78918075561523,190.0
window12,7777,3,2019,2008,2019,2022,2019,time,56.00703811645508,443.0,-170.99296188354492,216.0
window12,7777,3,2019,2008,2019,2022,2019,product,44.603118896484375,226.0,-180.39688110351562,1.0
window12,7777,3,2019,2008,2019,2022,2019,africa,49.84989547729492,242.0,-169.15010452270508,23.0
window12,7777,3,2019,2008,2019,2022,2019,sites,53.00264358520508,289.0,-164.99735641479492,71.0
window12,7777,3,2019,2008,2019,2022,2019,language,26.68109703063965,215.0,-184.31890296936035,4.0
window12,7777,3,2019,2008,2019,2022,2019,brand,45.002864837646484,328.0,-162.99713516235352,120.0
window12,7777,3,2019,2008,2019,2022,2019,silk,52.12739562988281,466.0,-151.8726043701172,262.0
window12,7777,3,2019,2008,2019,2022,2019,plan,29.66599464416504,244.0,-172.33400535583496,42.0
window12,7777,3,2019,2008,2019,2022,2019,可持续发展,49.64085388183594,279.0,-148.35914611816406,81.0
window12,7777,3,2019,2008,2019,2022,2019,the middle east,35.85330581665039,236.0,-160.1466941833496,40.0
window12,7777,3,2019,2008,2019,2022,2019,carrying,40.8885612487793,93.0,-154.1114387512207,-102.0
window12,7777,3,2019,2008,2019,2022,2019,效果,54.495140075683594,328.0,-140.5048599243164,133.0
window12,7777,3,2019,2008,2019,2022,2019,分析,50.824493408203125,212.0,-141.17550659179688,20.0
window12,7777,3,2019,2008,2019,2022,2019,reality,51.76875686645508,256.0,-139.23124313354492,65.0
window12,7777,3,2019,2008,2019,2022,2019,content,47.4743537902832,255.0,-142.5256462097168,65.0
window12,7777,3,2019,2008,2019,2022,2019,middle east,40.38484191894531,197.0,-148.6151580810547,8.0
window12,7777,3,2019,2008,2019,2022,2019,服务,54.07041549682617,153.0,-133.92958450317383,-35.0
window12,7777,3,2019,2008,2019,2022,2019,source,50.771759033203125,163.0,-136.22824096679688,-24.0
window12,7777,3,2019,2008,2019,2022,2019,carrying capacity,40.523921966552734,84.0,-145.47607803344727,-102.0
window12,7777,3,2019,2008,2019,2022,2019,数字,53.97370529174805,626.0,-131.02629470825195,441.0
window12,7777,3,2019,2008,2019,2022,2019,in the middle,42.5714111328125,174.0,-139.4285888671875,-8.0
window12,7777,3,2019,2008,2019,2022,2019,系统综述,51.471961975097656,229.0,-130.52803802490234,47.0
window12,7777,3,2019,2008,2019,2022,2019,实践,52.96230697631836,230.0,-125.03769302368164,52.0
window12,7777,3,2019,2008,2019,2022,2019,graph,50.1478157043457,223.0,-125.8521842956543,47.0
window12,7777,3,2019,2008,2019,2022,2019,outbound,22.123371124267578,108.0,-153.87662887573242,-68.0
window12,7777,3,2019,2008,2019,2022,2019,语境,52.04300308227539,258.0,-122.95699691772461,83.0
window12,7777,3,2019,2008,2019,2022,2019,框架,44.794288635253906,263.0,-127.2057113647461,91.0
window12,7777,3,2019,2008,2019,2022,2019,al jazeera,51.051944732666016,138.0,-119.94805526733398,-33.0
window12,7777,3,2019,2008,2019,2022,2019,jazeera,51.051944732666016,138.0,-119.94805526733398,-33.0
window12,7777,3,2019,2008,2019,2022,2019,流程,53.75160217285156,221.0,-115.24839782714844,52.0
window12,7777,3,2019,2008,2019,2022,2019,belt,52.816837310791016,328.0,-113.18316268920898,162.0
window12,7777,3,2019,2008,2019,2022,2019,in the middle east,41.848899841308594,190.0,-123.1511001586914,25.0
window12,7777,3,2019,2008,2019,2022,2019,政策,48.284549713134766,255.0,-116.71545028686523,90.0
window12,7777,3,2019,2008,2019,2022,2019,软实力,48.23202133178711,177.0,-116.76797866821289,12.0
window12,7777,3,2019,2008,2019,2022,2019,marketing,48.755104064941406,345.0,-115.2448959350586,181.0
window12,7777,3,2019,2008,2019,2022,2019,religious,51.94500732421875,227.0,-111.05499267578125,64.0
window12,7777,3,2019,2008,2019,2022,2019,country,49.54353713989258,254.0,-112.45646286010742,92.0
window12,7777,3,2019,2008,2019,2022,2019,islam,54.48243713378906,119.0,-107.51756286621094,-43.0
window12,7777,3,2019,2008,2019,2022,2019,urban,45.48317337036133,252.0,-116.51682662963867,90.0
window12,7777,5,2019,2008,2019,2024,2019,旅游,99.67432403564453,5508.0,-2931.3256759643555,2477.0
window12,7777,5,2019,2008,2019,2024,2019,tour,94.66924285888672,4819.0,-2798.3307571411133,1926.0
window12,7777,5,2019,2008,2019,2024,2019,文化,97.12027740478516,3099.0,-1606.8797225952148,1395.0
window12,7777,5,2019,2008,2019,2024,2019,nation,98.06050109863281,2652.0,-1384.9394989013672,1169.0
window12,7777,5,2019,2008,2019,2024,2019,遗产,94.80345916748047,1984.0,-1256.1965408325195,633.0
window12,7777,5,2019,2008,2019,2024,2019,阿拉伯,85.3013916015625,1033.0,-744.6986083984375,203.0
window12,7777,5,2019,2008,2019,2024,2019,发展,89.0772476196289,1136.0,-666.9227523803711,380.0
window12,7777,5,2019,2008,2019,2024,2019,目的地,87.08556365966797,1258.0,-597.914436340332,573.0
window12,7777,5,2019,2008,2019,2024,2019,world,87.3345718383789,645.0,-596.6654281616211,-39.0
window12,7777,5,2019,2008,2019,2024,2019,view,89.21041107177734,1119.0,-582.7895889282227,447.0
window12,7777,5,2019,2008,2019,2024,2019,rate,86.14173889160156,1324.0,-549.8582611083984,688.0
window12,7777,5,2019,2008,2019,2024,2019,city,83.22885131835938,938.0,-551.7711486816406,303.0
window12,7777,5,2019,2008,2019,2024,2019,研究,89.35281372070312,1258.0,-504.6471862792969,664.0
window12,7777,5,2019,2008,2019,2024,2019,艺术,90.24462127685547,1274.0,-470.75537872314453,713.0
window12,7777,5,2019,2008,2019,2024,2019,site,86.20184326171875,537.0,-467.79815673828125,-17.0
window12,7777,5,2019,2008,2019,2024,2019,image,84.5097427368164,952.0,-452.4902572631836,415.0
window12,7777,5,2019,2008,2019,2024,2019,社会,84.3941879272461,939.0,-438.6058120727539,416.0
window12,7777,5,2019,2008,2019,2024,2019,media,84.610595703125,821.0,-433.389404296875,303.0
window12,7777,5,2019,2008,2019,2024,2019,search,87.96712493896484,976.0,-429.03287506103516,459.0
window12,7777,5,2019,2008,2019,2024,2019,work,85.23088073730469,684.0,-408.7691192626953,190.0
window12,7777,5,2019,2008,2019,2024,2019,中国,83.94436645507812,774.0,-313.0556335449219,377.0
window12,7777,5,2019,2008,2019,2024,2019,国家,82.5327377319336,564.0,-310.4672622680664,171.0
window12,7777,5,2019,2008,2019,2024,2019,影响,84.80022430419922,699.0,-285.1997756958008,329.0
window12,7777,5,2019,2008,2019,2024,2019,挑战,81.56600952148438,666.0,-288.4339904785156,296.0
window12,7777,5,2019,2008,2019,2024,2019,text,84.12042236328125,804.0,-278.87957763671875,441.0
window12,7777,5,2019,2008,2019,2024,2019,challenges,81.39005279541016,633.0,-263.60994720458984,288.0
window12,7777,5,2019,2008,2019,2024,2019,east,49.932586669921875,343.0,-282.0674133300781,11.0
window12,7777,5,2019,2008,2019,2024,2019,gene,76.99893188476562,796.0,-251.00106811523438,468.0
window12,7777,5,2019,2008,2019,2024,2019,chinese,73.96414184570312,424.0,-253.03585815429688,97.0
window12,7777,5,2019,2008,2019,2024,2019,land,77.95012664794922,340.0,-249.04987335205078,13.0
window12,7777,5,2019,2008,2019,2024,2019,社交媒体,79.62229919433594,677.0,-238.37770080566406,359.0
window12,7777,5,2019,2008,2019,2024,2019,应用,80.94519805908203,495.0,-236.05480194091797,178.0
window12,7777,5,2019,2008,2019,2024,2019,power,79.90242767333984,386.0,-230.09757232666016,76.0
window12,7777,5,2019,2008,2019,2024,2019,可持续,76.35010528564453,589.0,-233.64989471435547,279.0
window12,7777,5,2019,2008,2019,2024,2019,经济,82.99109649658203,564.0,-227.00890350341797,254.0
window12,7777,5,2019,2008,2019,2024,2019,road,80.40998840332031,490.0,-214.5900115966797,195.0
window12,7777,5,2019,2008,2019,2024,2019,经验,76.65684509277344,473.0,-218.34315490722656,178.0
window12,7777,5,2019,2008,2019,2024,2019,管理,83.07861328125,480.0,-204.92138671875,192.0
window12,7777,5,2019,2008,2019,2024,2019,全球,77.64653015136719,358.0,-208.3534698486328,72.0
window12,7777,5,2019,2008,2019,2024,2019,学习,83.4163818359375,568.0,-196.5836181640625,288.0
window12,7777,5,2019,2008,2019,2024,2019,change,78.41969299316406,426.0,-199.58030700683594,148.0
window12,7777,5,2019,2008,2019,2024,2019,视角,81.232666015625,668.0,-193.767333984375,393.0
window12,7777,5,2019,2008,2019,2024,2019,遗产旅行,69.72759246826172,378.0,-202.27240753173828,106.0
window12,7777,5,2019,2008,2019,2024,2019,地方,80.57179260253906,273.0,-181.42820739746094,11.0
window12,7777,5,2019,2008,2019,2024,2019,soft,74.29336547851562,276.0,-185.70663452148438,16.0
window12,7777,5,2019,2008,2019,2024,2019,action,49.66145706176758,350.0,-207.33854293823242,93.0
window12,7777,5,2019,2008,2019,2024,2019,real,78.41946411132812,541.0,-173.58053588867188,289.0
window12,7777,5,2019,2008,2019,2024,2019,state,68.1263656616211,305.0,-183.8736343383789,53.0
window12,7777,5,2019,2008,2019,2024,2019,diplomacy,80.87512969970703,494.0,-169.12487030029297,244.0
window12,7777,5,2019,2008,2019,2024,2019,mental,81.87928009033203,264.0,-166.12071990966797,16.0
window12,7777,5,2019,2008,2019,2024,2019,丝绸之路,77.59577178955078,522.0,-169.40422821044922,275.0
window12,7777,5,2019,2008,2019,2024,2019,post,75.05785369873047,546.0,-169.94214630126953,301.0
window12,7777,5,2019,2008,2019,2024,2019,formation,80.8978500366211,506.0,-163.1021499633789,262.0
window12,7777,5,2019,2008,2019,2024,2019,游客,73.43370819091797,376.0,-170.56629180908203,132.0
window12,7777,5,2019,2008,2019,2024,2019,branding,72.44805145263672,314.0,-167.55194854736328,74.0
window12,7777,5,2019,2008,2019,2024,2019,relations,77.6877212524414,179.0,-162.3122787475586,-61.0
window12,7777,5,2019,2008,2019,2024,2019,place,53.970245361328125,221.0,-184.02975463867188,-17.0
window12,7777,5,2019,2008,2019,2024,2019,role,78.33906555175781,649.0,-158.6609344482422,412.0
window12,7777,5,2019,2008,2019,2024,2019,conflict,78.83492279052734,174.0,-157.16507720947266,-62.0
window12,7777,5,2019,2008,2019,2024,2019,案例研究,72.92140197753906,316.0,-163.07859802246094,80.0
window12,7777,5,2019,2008,2019,2024,2019,原真性,77.73523712158203,445.0,-150.26476287841797,217.0
window12,7777,5,2019,2008,2019,2024,2019,time,79.66828918457031,391.0,-147.3317108154297,164.0
window12,7777,5,2019,2008,2019,2024,2019,product,67.21417999267578,334.0,-157.78582000732422,109.0
window12,7777,5,2019,2008,2019,2024,2019,africa,72.99828338623047,242.0,-146.00171661376953,23.0
window12,7777,5,2019,2008,2019,2024,2019,sites,76.43032836914062,210.0,-141.56967163085938,-8.0
window12,7777,5,2019,2008,2019,2024,2019,language,46.594520568847656,369.0,-164.40547943115234,158.0
window12,7777,5,2019,2008,2019,2024,2019,brand,67.65713500976562,297.0,-140.34286499023438,89.0
window12,7777,5,2019,2008,2019,2024,2019,silk,75.48030853271484,429.0,-128.51969146728516,225.0
window12,7777,5,2019,2008,2019,2024,2019,plan,50.13898849487305,254.0,-151.86101150512695,52.0
window12,7777,5,2019,2008,2019,2024,2019,可持续发展,72.76815795898438,371.0,-125.23184204101562,173.0
window12,7777,5,2019,2008,2019,2024,2019,the middle east,57.328765869140625,129.0,-138.67123413085938,-67.0
window12,7777,5,2019,2008,2019,2024,2019,carrying,63.054527282714844,81.0,-131.94547271728516,-114.0
window12,7777,5,2019,2008,2019,2024,2019,效果,78.03849792480469,339.0,-116.96150207519531,144.0
window12,7777,5,2019,2008,2019,2024,2019,分析,74.05992889404297,253.0,-117.94007110595703,61.0
window12,7777,5,2019,2008,2019,2024,2019,reality,75.08854675292969,383.0,-115.91145324707031,192.0
window12,7777,5,2019,2008,2019,2024,2019,content,70.3900146484375,369.0,-119.6099853515625,179.0
window12,7777,5,2019,2008,2019,2024,2019,middle east,62.486083984375,79.0,-126.513916015625,-110.0
window12,7777,5,2019,2008,2019,2024,2019,服务,77.57987976074219,317.0,-110.42012023925781,129.0
window12,7777,5,2019,2008,2019,2024,2019,source,74.00240325927734,163.0,-112.99759674072266,-24.0
window12,7777,5,2019,2008,2019,2024,2019,carrying capacity,62.642845153808594,81.0,-123.3571548461914,-105.0
window12,7777,5,2019,2008,2019,2024,2019,数字,77.47496032714844,985.0,-107.52503967285156,800.0
window12,7777,5,2019,2008,2019,2024,2019,in the middle,64.94416809082031,90.0,-117.05583190917969,-92.0
window12,7777,5,2019,2008,2019,2024,2019,系统综述,74.76437377929688,195.0,-107.23562622070312,13.0
window12,7777,5,2019,2008,2019,2024,2019,实践,76.38116455078125,227.0,-101.61883544921875,49.0
window12,7777,5,2019,2008,2019,2024,2019,graph,73.3202896118164,396.0,-102.6797103881836,220.0
window12,7777,5,2019,2008,2019,2024,2019,outbound,41.052886962890625,54.0,-134.94711303710938,-122.0
window12,7777,5,2019,2008,2019,2024,2019,语境,75.38430786132812,281.0,-99.61569213867188,106.0
window12,7777,5,2019,2008,2019,2024,2019,框架,67.42266845703125,335.0,-104.57733154296875,163.0
window12,7777,5,2019,2008,2019,2024,2019,al jazeera,74.30780029296875,48.0,-96.69219970703125,-123.0
window12,7777,5,2019,2008,2019,2024,2019,jazeera,74.30780029296875,65.0,-96.69219970703125,-106.0
window12,7777,5,2019,2008,2019,2024,2019,流程,77.23367309570312,180.0,-91.76632690429688,11.0
window12,7777,5,2019,2008,2019,2024,2019,belt,76.22392272949219,269.0,-89.77607727050781,103.0
window12,7777,5,2019,2008,2019,2024,2019,in the middle east,64.1329574584961,97.0,-100.8670425415039,-68.0
window12,7777,5,2019,2008,2019,2024,2019,政策,71.27873229980469,254.0,-93.72126770019531,89.0
window12,7777,5,2019,2008,2019,2024,2019,软实力,71.22223663330078,175.0,-93.77776336669922,10.0
window12,7777,5,2019,2008,2019,2024,2019,marketing,71.7950668334961,544.0,-92.2049331665039,380.0
window12,7777,5,2019,2008,2019,2024,2019,religious,75.27737426757812,247.0,-87.72262573242188,84.0
window12,7777,5,2019,2008,2019,2024,2019,country,72.65912628173828,255.0,-89.34087371826172,93.0
window12,7777,5,2019,2008,2019,2024,2019,islam,78.02169036865234,102.0,-83.97830963134766,-60.0
window12,7777,5,2019,2008,2019,2024,2019,urban,68.18644714355469,255.0,-93.81355285644531,93.0
stoch64,42,1,2019,2012,2019,2020,2019,旅游,68.86260223388672,3486.0,-2962.1373977661133,455.0
stoch64,42,1,2019,2012,2019,2020,2019,tour,65.17007446289062,3300.0,-2827.8299255371094,407.0
stoch64,42,1,2019,2012,2019,2020,2019,文化,65.0572738647461,2014.0,-1638.942726135254,310.0
stoch64,42,1,2019,2012,2019,2020,2019,nation,64.90142059326172,1766.0,-1418.0985794067383,283.0
stoch64,42,1,2019,2012,2019,2020,2019,遗产,62.17880630493164,1587.0,-1288.8211936950684,236.0
stoch64,42,1,2019,2012,2019,2020,2019,阿拉伯,53.66979217529297,881.0,-776.330207824707,51.0
stoch64,42,1,2019,2012,2019,2020,2019,发展,55.975379943847656,899.0,-700.0246200561523,143.0
stoch64,42,1,2019,2012,2019,2020,2019,目的地,53.741241455078125,794.0,-631.2587585449219,109.0
stoch64,42,1,2019,2012,2019,2020,2019,world,54.103694915771484,786.0,-629.8963050842285,102.0
stoch64,42,1,2019,2012,2019,2020,2019,view,56.02889633178711,905.0,-615.9711036682129,233.0
stoch64,42,1,2019,2012,2019,2020,2019,rate,53.18181610107422,683.0,-582.8181838989258,47.0
stoch64,42,1,2019,2012,2019,2020,2019,city,51.07482147216797,681.0,-583.925178527832,46.0
stoch64,42,1,2019,2012,2019,2020,2019,研究,55.55933380126953,734.0,-538.4406661987305,140.0
stoch64,42,1,2019,2012,2019,2020,2019,艺术,56.327392578125,646.0,-504.672607421875,85.0
stoch64,42,1,2019,2012,2019,2020,2019,site,52.52992248535156,657.0,-501.47007751464844,103.0
stoch64,42,1,2019,2012,2019,2020,2019,image,51.42396926879883,662.0,-485.5760307312012,125.0
stoch64,42,1,2019,2012,2019,2020,2019,社会,51.63572692871094,616.0,-471.36427307128906,93.0
stoch64,42,1,2019,2012,2019,2020,2019,media,51.651641845703125,576.0,-466.3483581542969,58.0
stoch64,42,1,2019,2012,2019,2020,2019,search,53.973995208740234,632.0,-463.02600479125977,115.0
stoch64,42,1,2019,2012,2019,2020,2019,work,52.19624710083008,529.0,-441.8037528991699,35.0
stoch64,42,1,2019,2012,2019,2020,2019,中国,50.02301025390625,537.0,-346.97698974609375,140.0
stoch64,42,1,2019,2012,2019,2020,2019,国家,49.02315902709961,492.0,-343.9768409729004,99.0
stoch64,42,1,2019,2012,2019,2020,2019,影响,50.72593688964844,466.0,-319.27406311035156,96.0
stoch64,42,1,2019,2012,2019,2020,2019,挑战,48.18758773803711,476.0,-321.8124122619629,106.0
stoch64,42,1,2019,2012,2019,2020,2019,text,50.09931564331055,415.0,-312.90068435668945,52.0
stoch64,42,1,2019,2012,2019,2020,2019,challenges,47.82382583618164,451.0,-297.17617416381836,106.0
stoch64,42,1,2019,2012,2019,2020,2019,east,26.346759796142578,405.0,-305.6532402038574,73.0
stoch64,42,1,2019,2012,2019,2020,2019,gene,44.45453643798828,329.0,-283.5454635620117,1.0
stoch64,42,1,2019,2012,2019,2020,2019,chinese,42.04594802856445,359.0,-284.95405197143555,32.0
stoch64,42,1,2019,2012,2019,2020,2019,land,45.22260284423828,380.0,-281.7773971557617,53.0
stoch64,42,1,2019,2012,2019,2020,2019,社交媒体,46.21735763549805,379.0,-271.78264236450195,61.0
stoch64,42,1,2019,2012,2019,2020,2019,应用,47.396080017089844,336.0,-269.60391998291016,19.0
stoch64,42,1,2019,2012,2019,2020,2019,power,46.12131881713867,328.0,-263.8786811828613,18.0
stoch64,42,1,2019,2012,2019,2020,2019,可持续,43.84373092651367,389.0,-266.1562690734863,79.0
stoch64,42,1,2019,2012,2019,2020,2019,经济,48.96297836303711,346.0,-261.0370216369629,36.0
stoch64,42,1,2019,2012,2019,2020,2019,road,46.04978561401367,434.0,-248.95021438598633,139.0
stoch64,42,1,2019,2012,2019,2020,2019,经验,43.95067596435547,321.0,-251.04932403564453,26.0
stoch64,42,1,2019,2012,2019,2020,2019,管理,48.8078727722168,317.0,-239.1921272277832,29.0
stoch64,42,1,2019,2012,2019,2020,2019,全球,44.807918548583984,357.0,-241.19208145141602,71.0
stoch64,42,1,2019,2012,2019,2020,2019,学习,48.858821868896484,368.0,-231.14117813110352,88.0
stoch64,42,1,2019,2012,2019,2020,2019,change,45.04916000366211,327.0,-232.9508399963379,49.0
stoch64,42,1,2019,2012,2019,2020,2019,视角,47.15287399291992,368.0,-227.84712600708008,93.0
stoch64,42,1,2019,2012,2019,2020,2019,遗产旅行,38.03712463378906,285.0,-233.96287536621094,13.0
stoch64,42,1,2019,2012,2019,2020,2019,地方,46.40305709838867,319.0,-215.59694290161133,57.0
stoch64,42,1,2019,2012,2019,2020,2019,soft,41.46741485595703,313.0,-218.53258514404297,53.0
stoch64,42,1,2019,2012,2019,2020,2019,action,25.871522903442383,263.0,-231.12847709655762,6.0
stoch64,42,1,2019,2012,2019,2020,2019,real,44.72792053222656,322.0,-207.27207946777344,70.0
stoch64,42,1,2019,2012,2019,2020,2019,state,37.573020935058594,277.0,-214.4269790649414,25.0
stoch64,42,1,2019,2012,2019,2020,2019,diplomacy,46.15360641479492,333.0,-203.84639358520508,83.0
stoch64,42,1,2019,2012,2019,2020,2019,mental,47.66769790649414,344.0,-200.33230209350586,96.0
stoch64,42,1,2019,2012,2019,2020,2019,丝绸之路,43.196231842041016,434.0,-203.80376815795898,187.0
stoch64,42,1,2019,2012,2019,2020,2019,post,42.06456756591797,341.0,-202.93543243408203,96.0
stoch64,42,1,2019,2012,2019,2020,2019,formation,46.730167388916016,316.0,-197.26983261108398,72.0
stoch64,42,1,2019,2012,2019,2020,2019,游客,40.75961685180664,304.0,-203.24038314819336,60.0
stoch64,42,1,2019,2012,2019,2020,2019,branding,39.6396369934082,239.0,-200.3603630065918,-1.0
stoch64,42,1,2019,2012,2019,2020,2019,relations,44.1252326965332,247.0,-195.8747673034668,7.0
stoch64,42,1,2019,2012,2019,2020,2019,place,27.834732055664062,285.0,-210.16526794433594,47.0
stoch64,42,1,2019,2012,2019,2020,2019,role,44.86521530151367,315.0,-192.13478469848633,78.0
stoch64,42,1,2019,2012,2019,2020,2019,conflict,44.823646545410156,255.0,-191.17635345458984,19.0
stoch64,42,1,2019,2012,2019,2020,2019,案例研究,41.02278137207031,237.0,-194.9772186279297,1.0
stoch64,42,1,2019,2012,2019,2020,2019,原真性,43.74277877807617,264.0,-184.25722122192383,36.0
stoch64,42,1,2019,2012,2019,2020,2019,time,44.92503356933594,382.0,-182.07496643066406,155.0
stoch64,42,1,2019,2012,2019,2020,2019,product,36.87315368652344,212.0,-188.12684631347656,-13.0
stoch64,42,1,2019,2012,2019,2020,2019,africa,40.53458786010742,227.0,-178.46541213989258,8.0
stoch64,42,1,2019,2012,2019,2020,2019,sites,42.021324157714844,246.0,-175.97867584228516,28.0
stoch64,42,1,2019,2012,2019,2020,2019,language,23.628021240234375,220.0,-187.37197875976562,9.0
stoch64,42,1,2019,2012,2019,2020,2019,brand,36.05677795410156,233.0,-171.94322204589844,25.0
stoch64,42,1,2019,2012,2019,2020,2019,silk,41.19935607910156,373.0,-162.80064392089844,169.0
stoch64,42,1,2019,2012,2019,2020,2019,plan,25.35153579711914,213.0,-176.64846420288086,11.0
stoch64,42,1,2019,2012,2019,2020,2019,可持续发展,40.17165756225586,212.0,-157.82834243774414,14.0
stoch64,42,1,2019,2012,2019,2020,2019,the middle east,28.380489349365234,221.0,-167.61951065063477,25.0
stoch64,42,1,2019,2012,2019,2020,2019,carrying,32.699466705322266,211.0,-162.30053329467773,16.0
stoch64,42,1,2019,2012,2019,2020,2019,效果,44.06278991699219,271.0,-150.9372100830078,76.0
stoch64,42,1,2019,2012,2019,2020,2019,分析,41.158626556396484,212.0,-150.84137344360352,20.0
stoch64,42,1,2019,2012,2019,2020,2019,reality,41.301002502441406,209.0,-149.6989974975586,18.0
stoch64,42,1,2019,2012,2019,2020,2019,content,37.60393142700195,210.0,-152.39606857299805,20.0
stoch64,42,1,2019,2012,2019,2020,2019,middle east,31.557661056518555,203.0,-157.44233894348145,14.0
stoch64,42,1,2019,2012,2019,2020,2019,服务,43.607452392578125,179.0,-144.39254760742188,-9.0
stoch64,42,1,2019,2012,2019,2020,2019,source,40.80722427368164,213.0,-146.19277572631836,26.0
stoch64,42,1,2019,2012,2019,2020,2019,carrying capacity,32.218353271484375,202.0,-153.78164672851562,16.0
stoch64,42,1,2019,2012,2019,2020,2019,数字,43.65088653564453,322.0,-141.34911346435547,137.0
stoch64,42,1,2019,2012,2019,2020,2019,in the middle,33.11408996582031,190.0,-148.8859100341797,8.0
stoch64,42,1,2019,2012,2019,2020,2019,系统综述,41.37179183959961,222.0,-140.6282081604004,40.0
stoch64,42,1,2019,2012,2019,2020,2019,实践,42.62483596801758,169.0,-135.37516403198242,-9.0
stoch64,42,1,2019,2012,2019,2020,2019,graph,40.4920654296875,179.0,-135.5079345703125,3.0
stoch64,42,1,2019,2012,2019,2020,2019,outbound,19.717458724975586,176.0,-156.2825412750244,0.0
stoch64,42,1,2019,2012,2019,2020,2019,语境,41.752384185791016,209.0,-133.24761581420898,34.0
stoch64,42,1,2019,2012,2019,2020,2019,框架,36.150814056396484,221.0,-135.84918594360352,49.0
stoch64,42,1,2019,2012,2019,2020,2019,al jazeera,40.17161560058594,181.0,-130.82838439941406,10.0
stoch64,42,1,2019,2012,2019,2020,2019,jazeera,40.17161560058594,181.0,-130.82838439941406,10.0
stoch64,42,1,2019,2012,2019,2020,2019,流程,43.26677322387695,194.0,-125.73322677612305,25.0
stoch64,42,1,2019,2012,2019,2020,2019,belt,41.765506744384766,236.0,-124.23449325561523,70.0
stoch64,42,1,2019,2012,2019,2020,2019,in the middle east,32.213687896728516,181.0,-132.78631210327148,16.0
stoch64,42,1,2019,2012,2019,2020,2019,政策,38.416473388671875,161.0,-126.58352661132812,-4.0
stoch64,42,1,2019,2012,2019,2020,2019,软实力,37.72196960449219,175.0,-127.27803039550781,10.0
stoch64,42,1,2019,2012,2019,2020,2019,marketing,38.94941329956055,217.0,-125.05058670043945,53.0
stoch64,42,1,2019,2012,2019,2020,2019,religious,41.2463264465332,153.0,-121.7536735534668,-10.0
stoch64,42,1,2019,2012,2019,2020,2019,country,39.32011795043945,144.0,-122.67988204956055,-18.0
stoch64,42,1,2019,2012,2019,2020,2019,islam,43.679649353027344,166.0,-118.32035064697266,4.0
stoch64,42,1,2019,2012,2019,2020,2019,urban,36.36282730102539,187.0,-125.63717269897461,25.0
stoch64,42,3,2019,2012,2019,2022,2019,旅游,106.3388442993164,4242.0,-2924.6611557006836,1211.0
stoch64,42,3,2019,2012,2019,2022,2019,tour,101.89297485351562,3857.0,-2791.1070251464844,964.0
stoch64,42,3,2019,2012,2019,2022,2019,文化,101.95491790771484,2521.0,-1602.0450820922852,817.0
stoch64,42,3,2019,2012,2019,2022,2019,nation,101.83721160888672,2266.0,-1381.1627883911133,783.0
stoch64,42,3,2019,2012,2019,2022,2019,遗产,98.56755065917969,1698.0,-1252.4324493408203,347.0
stoch64,42,3,2019,2012,2019,2022,2019,阿拉伯,88.26173400878906,784.0,-741.7382659912109,-46.0
stoch64,42,3,2019,2012,2019,2022,2019,发展,91.162109375,907.0,-664.837890625,151.0
stoch64,42,3,2019,2012,2019,2022,2019,目的地,88.45935821533203,1036.0,-596.540641784668,351.0
stoch64,42,3,2019,2012,2019,2022,2019,world,88.89698028564453,627.0,-595.1030197143555,-57.0
stoch64,42,3,2019,2012,2019,2022,2019,view,91.24449920654297,1100.0,-580.755500793457,428.0
stoch64,42,3,2019,2012,2019,2022,2019,rate,87.76351928710938,894.0,-548.2364807128906,258.0
stoch64,42,3,2019,2012,2019,2022,2019,city,85.13426971435547,755.0,-549.8657302856445,120.0
stoch64,42,3,2019,2012,2019,2022,2019,研究,90.71638488769531,901.0,-503.2836151123047,307.0
stoch64,42,3,2019,2012,2019,2022,2019,艺术,91.66361999511719,992.0,-469.3363800048828,431.0
stoch64,42,3,2019,2012,2019,2022,2019,site,87.01536560058594,670.0,-466.98463439941406,116.0
stoch64,42,3,2019,2012,2019,2022,2019,image,85.63106536865234,783.0,-451.36893463134766,246.0
stoch64,42,3,2019,2012,2019,2022,2019,社会,85.87749481201172,727.0,-437.1225051879883,204.0
stoch64,42,3,2019,2012,2019,2022,2019,media,85.90848541259766,588.0,-432.09151458740234,70.0
stoch64,42,3,2019,2012,2019,2022,2019,search,88.80692291259766,797.0,-428.19307708740234,280.0
stoch64,42,3,2019,2012,2019,2022,2019,work,86.58673095703125,623.0,-407.41326904296875,129.0
stoch64,42,3,2019,2012,2019,2022,2019,中国,83.98050689697266,600.0,-313.01949310302734,203.0
stoch64,42,3,2019,2012,2019,2022,2019,国家,82.72602081298828,523.0,-310.2739791870117,130.0
stoch64,42,3,2019,2012,2019,2022,2019,影响,84.86235046386719,563.0,-285.1376495361328,193.0
stoch64,42,3,2019,2012,2019,2022,2019,挑战,81.69153594970703,597.0,-288.30846405029297,227.0
stoch64,42,3,2019,2012,2019,2022,2019,text,84.08941650390625,565.0,-278.91058349609375,202.0
stoch64,42,3,2019,2012,2019,2022,2019,challenges,81.25791931152344,553.0,-263.74208068847656,208.0
stoch64,42,3,2019,2012,2019,2022,2019,east,53.340885162353516,419.0,-278.6591148376465,87.0
stoch64,42,3,2019,2012,2019,2022,2019,gene,77.01448059082031,406.0,-250.9855194091797,78.0
stoch64,42,3,2019,2012,2019,2022,2019,chinese,73.96174621582031,325.0,-253.0382537841797,-2.0
stoch64,42,3,2019,2012,2019,2022,2019,land,77.9838638305664,380.0,-249.0161361694336,53.0
stoch64,42,3,2019,2012,2019,2022,2019,社交媒体,79.26250457763672,452.0,-238.73749542236328,134.0
stoch64,42,3,2019,2012,2019,2022,2019,应用,80.73544311523438,470.0,-236.26455688476562,153.0
stoch64,42,3,2019,2012,2019,2022,2019,power,79.1651611328125,334.0,-230.8348388671875,24.0
stoch64,42,3,2019,2012,2019,2022,2019,可持续,76.25437927246094,443.0,-233.74562072753906,133.0
stoch64,42,3,2019,2012,2019,2022,2019,经济,82.70362854003906,467.0,-227.29637145996094,157.0
stoch64,42,3,2019,2012,2019,2022,2019,road,79.11051177978516,555.0,-215.88948822021484,260.0
stoch64,42,3,2019,2012,2019,2022,2019,经验,76.40438079833984,403.0,-218.59561920166016,108.0
stoch64,42,3,2019,2012,2019,2022,2019,管理,82.53170013427734,413.0,-205.46829986572266,125.0
stoch64,42,3,2019,2012,2019,2022,2019,全球,77.48637390136719,377.0,-208.5136260986328,91.0
stoch64,42,3,2019,2012,2019,2022,2019,学习,82.61155700683594,564.0,-197.38844299316406,284.0
stoch64,42,3,2019,2012,2019,2022,2019,change,77.81903839111328,386.0,-200.18096160888672,108.0
stoch64,42,3,2019,2012,2019,2022,2019,视角,80.47577667236328,504.0,-194.52422332763672,229.0
stoch64,42,3,2019,2012,2019,2022,2019,遗产旅行,68.90776062011719,324.0,-203.0922393798828,52.0
stoch64,42,3,2019,2012,2019,2022,2019,地方,79.55335998535156,271.0,-182.44664001464844,9.0
stoch64,42,3,2019,2012,2019,2022,2019,soft,73.30855560302734,268.0,-186.69144439697266,8.0
stoch64,42,3,2019,2012,2019,2022,2019,action,52.74195861816406,281.0,-204.25804138183594,24.0
stoch64,42,3,2019,2012,2019,2022,2019,real,77.44525909423828,378.0,-174.55474090576172,126.0
stoch64,42,3,2019,2012,2019,2022,2019,state,68.25675201416016,261.0,-183.74324798583984,9.0
stoch64,42,3,2019,2012,2019,2022,2019,diplomacy,79.27501678466797,422.0,-170.72498321533203,172.0
stoch64,42,3,2019,2012,2019,2022,2019,mental,81.13277435302734,323.0,-166.86722564697266,75.0
stoch64,42,3,2019,2012,2019,2022,2019,丝绸之路,75.56755065917969,543.0,-171.4324493408203,296.0
stoch64,42,3,2019,2012,2019,2022,2019,post,74.07450103759766,461.0,-170.92549896240234,216.0
stoch64,42,3,2019,2012,2019,2022,2019,formation,79.96795654296875,430.0,-164.03204345703125,186.0
stoch64,42,3,2019,2012,2019,2022,2019,游客,72.41520690917969,347.0,-171.5847930908203,103.0
stoch64,42,3,2019,2012,2019,2022,2019,branding,71.01154327392578,366.0,-168.98845672607422,126.0
stoch64,42,3,2019,2012,2019,2022,2019,relations,76.69047546386719,183.0,-163.3095245361328,-57.0
stoch64,42,3,2019,2012,2019,2022,2019,place,55.4721794128418,252.0,-182.5278205871582,14.0
stoch64,42,3,2019,2012,2019,2022,2019,role,77.6120376586914,445.0,-159.3879623413086,208.0
stoch64,42,3,2019,2012,2019,2022,2019,conflict,77.58824157714844,245.0,-158.41175842285156,9.0
stoch64,42,3,2019,2012,2019,2022,2019,案例研究,72.70588684082031,228.0,-163.2941131591797,-8.0
stoch64,42,3,2019,2012,2019,2022,2019,原真性,76.23971557617188,418.0,-151.76028442382812,190.0
stoch64,42,3,2019,2012,2019,2022,2019,time,77.75517272949219,443.0,-149.2448272705078,216.0
stoch64,42,3,2019,2012,2019,2022,2019,product,67.3650131225586,226.0,-157.6349868774414,1.0
stoch64,42,3,2019,2012,2019,2022,2019,africa,72.1304931640625,242.0,-146.8695068359375,23.0
stoch64,42,3,2019,2012,2019,2022,2019,sites,74.10697937011719,289.0,-143.8930206298828,71.0
stoch64,42,3,2019,2012,2019,2022,2019,language,49.755455017089844,215.0,-161.24454498291016,4.0
stoch64,42,3,2019,2012,2019,2022,2019,brand,66.41046142578125,328.0,-141.58953857421875,120.0
stoch64,42,3,2019,2012,2019,2022,2019,silk,73.07365417480469,466.0,-130.9263458251953,262.0
stoch64,42,3,2019,2012,2019,2022,2019,plan,52.14815902709961,244.0,-149.8518409729004,42.0
stoch64,42,3,2019,2012,2019,2022,2019,可持续发展,71.69042205810547,279.0,-126.30957794189453,81.0
stoch64,42,3,2019,2012,2019,2022,2019,the middle east,56.38835525512695,236.0,-139.61164474487305,40.0
stoch64,42,3,2019,2012,2019,2022,2019,carrying,62.04723358154297,93.0,-132.95276641845703,-102.0
stoch64,42,3,2019,2012,2019,2022,2019,效果,76.6561050415039,328.0,-118.3438949584961,133.0
stoch64,42,3,2019,2012,2019,2022,2019,分析,72.9551010131836,212.0,-119.0448989868164,20.0
stoch64,42,3,2019,2012,2019,2022,2019,reality,73.18273162841797,256.0,-117.81726837158203,65.0
stoch64,42,3,2019,2012,2019,2022,2019,content,68.45541381835938,255.0,-121.54458618164062,65.0
stoch64,42,3,2019,2012,2019,2022,2019,middle east,60.62005615234375,197.0,-128.37994384765625,8.0
stoch64,42,3,2019,2012,2019,2022,2019,服务,76.09003448486328,153.0,-111.90996551513672,-35.0
stoch64,42,3,2019,2012,2019,2022,2019,source,72.53128051757812,163.0,-114.46871948242188,-24.0
stoch64,42,3,2019,2012,2019,2022,2019,carrying capacity,61.437747955322266,84.0,-124.56225204467773,-102.0
stoch64,42,3,2019,2012,2019,2022,2019,数字,76.1385726928711,626.0,-108.8614273071289,441.0
stoch64,42,3,2019,2012,2019,2022,2019,in the middle,62.67696762084961,174.0,-119.32303237915039,-8.0
stoch64,42,3,2019,2012,2019,2022,2019,系统综述,73.25592041015625,229.0,-108.74407958984375,47.0
stoch64,42,3,2019,2012,2019,2022,2019,实践,74.85271453857422,230.0,-103.14728546142578,52.0
stoch64,42,3,2019,2012,2019,2022,2019,graph,72.12003326416016,223.0,-103.87996673583984,47.0
stoch64,42,3,2019,2012,2019,2022,2019,outbound,44.50325393676758,108.0,-131.49674606323242,-68.0
stoch64,42,3,2019,2012,2019,2022,2019,语境,73.75179290771484,258.0,-101.24820709228516,83.0
stoch64,42,3,2019,2012,2019,2022,2019,框架,66.52791595458984,263.0,-105.47208404541016,91.0
stoch64,42,3,2019,2012,2019,2022,2019,al jazeera,71.7890625,138.0,-99.2109375,-33.0
stoch64,42,3,2019,2012,2019,2022,2019,jazeera,71.7890625,138.0,-99.2109375,-33.0
stoch64,42,3,2019,2012,2019,2022,2019,流程,75.67456817626953,221.0,-93.32543182373047,52.0
stoch64,42,3,2019,2012,2019,2022,2019,belt,73.81641387939453,328.0,-92.18358612060547,162.0
stoch64,42,3,2019,2012,2019,2022,2019,in the middle east,61.535003662109375,190.0,-103.46499633789062,25.0
stoch64,42,3,2019,2012,2019,2022,2019,政策,69.50411224365234,255.0,-95.49588775634766,90.0
stoch64,42,3,2019,2012,2019,2022,2019,软实力,68.65889739990234,177.0,-96.34110260009766,12.0
stoch64,42,3,2019,2012,2019,2022,2019,marketing,70.1788558959961,345.0,-93.8211441040039,181.0
stoch64,42,3,2019,2012,2019,2022,2019,religious,73.14337158203125,227.0,-89.85662841796875,64.0
stoch64,42,3,2019,2012,2019,2022,2019,country,70.67649841308594,254.0,-91.32350158691406,92.0
stoch64,42,3,2019,2012,2019,2022,2019,islam,76.21533966064453,119.0,-85.78466033935547,-43.0
stoch64,42,3,2019,2012,2019,2022,2019,urban,66.83680725097656,252.0,-95.16319274902344,90.0
stoch64,42,5,2019,2012,2019,2024,2019,旅游,131.6881866455078,5508.0,-2899.311813354492,2477.0
stoch64,42,5,2019,2012,2019,2024,2019,tour,127.3060302734375,4819.0,-2765.6939697265625,1926.0
stoch64,42,5,2019,2012,2019,2024,2019,文化,127.41730499267578,3099.0,-1576.5826950073242,1395.0
stoch64,42,5,2019,2012,2019,2024,2019,nation,127.31863403320312,2652.0,-1355.6813659667969,1169.0
stoch64,42,5,2019,2012,2019,2024,2019,遗产,124.08074188232422,1984.0,-1226.9192581176758,633.0
stoch64,42,5,2019,2012,2019,2024,2019,阿拉伯,113.765380859375,1033.0,-716.234619140625,203.0
stoch64,42,5,2019,2012,2019,2024,2019,发展,116.71104431152344,1136.0,-639.2889556884766,380.0
stoch64,42,5,2019,2012,2019,2024,2019,目的地,113.99314880371094,1258.0,-571.0068511962891,573.0
stoch64,42,5,2019,2012,2019,2024,2019,world,114.43402862548828,645.0,-569.5659713745117,-39.0
stoch64,42,5,2019,2012,2019,2024,2019,view,116.79987335205078,1119.0,-555.2001266479492,447.0
stoch64,42,5,2019,2012,2019,2024,2019,rate,113.28813934326172,1324.0,-522.7118606567383,688.0
stoch64,42,5,2019,2012,2019,2024,2019,city,110.61234283447266,938.0,-524.3876571655273,303.0
stoch64,42,5,2019,2012,2019,2024,2019,研究,116.2809829711914,1258.0,-477.7190170288086,664.0
stoch64,42,5,2019,2012,2019,2024,2019,艺术,117.2376937866211,1274.0,-443.7623062133789,713.0
stoch64,42,5,2019,2012,2019,2024,2019,site,112.54488372802734,537.0,-441.45511627197266,-17.0
stoch64,42,5,2019,2012,2019,2024,2019,image,111.13496398925781,952.0,-425.8650360107422,415.0
stoch64,42,5,2019,2012,2019,2024,2019,社会,111.38221740722656,939.0,-411.61778259277344,416.0
stoch64,42,5,2019,2012,2019,2024,2019,media,111.4163589477539,821.0,-406.5836410522461,303.0
stoch64,42,5,2019,2012,2019,2024,2019,search,114.36392211914062,976.0,-402.6360778808594,459.0
stoch64,42,5,2019,2012,2019,2024,2019,work,112.10745239257812,684.0,-381.8925476074219,190.0
stoch64,42,5,2019,2012,2019,2024,2019,中国,109.47904968261719,774.0,-287.5209503173828,377.0
stoch64,42,5,2019,2012,2019,2024,2019,国家,108.19525909423828,564.0,-284.8047409057617,171.0
stoch64,42,5,2019,2012,2019,2024,2019,影响,110.38127899169922,699.0,-259.6187210083008,329.0
stoch64,42,5,2019,2012,2019,2024,2019,挑战,107.13929748535156,666.0,-262.86070251464844,296.0
stoch64,42,5,2019,2012,2019,2024,2019,text,109.59490203857422,804.0,-253.40509796142578,441.0
stoch64,42,5,2019,2012,2019,2024,2019,challenges,106.7009048461914,633.0,-238.2990951538086,288.0
stoch64,42,5,2019,2012,2019,2024,2019,east,77.379638671875,343.0,-254.620361328125,11.0
stoch64,42,5,2019,2012,2019,2024,2019,gene,102.33238983154297,796.0,-225.66761016845703,468.0
stoch64,42,5,2019,2012,2019,2024,2019,chinese,99.17109680175781,424.0,-227.8289031982422,97.0
stoch64,42,5,2019,2012,2019,2024,2019,land,103.33295440673828,340.0,-223.66704559326172,13.0
stoch64,42,5,2019,2012,2019,2024,2019,社交媒体,104.65697479248047,677.0,-213.34302520751953,359.0
stoch64,42,5,2019,2012,2019,2024,2019,应用,106.16935729980469,495.0,-210.8306427001953,178.0
stoch64,42,5,2019,2012,2019,2024,2019,power,104.56300354003906,386.0,-205.43699645996094,76.0
stoch64,42,5,2019,2012,2019,2024,2019,可持续,101.55025482177734,589.0,-208.44974517822266,279.0
stoch64,42,5,2019,2012,2019,2024,2019,经济,108.18880462646484,564.0,-201.81119537353516,254.0
stoch64,42,5,2019,2012,2019,2024,2019,road,104.51625061035156,490.0,-190.48374938964844,195.0
stoch64,42,5,2019,2012,2019,2024,2019,经验,101.7094955444336,473.0,-193.2905044555664,178.0
stoch64,42,5,2019,2012,2019,2024,2019,管理,108.01951599121094,480.0,-179.98048400878906,192.0
stoch64,42,5,2019,2012,2019,2024,2019,全球,102.82752990722656,358.0,-183.17247009277344,72.0
stoch64,42,5,2019,2012,2019,2024,2019,学习,108.10584259033203,568.0,-171.89415740966797,288.0
stoch64,42,5,2019,2012,2019,2024,2019,change,103.17815399169922,426.0,-174.82184600830078,148.0
stoch64,42,5,2019,2012,2019,2024,2019,视角,105.91598510742188,668.0,-169.08401489257812,393.0
stoch64,42,5,2019,2012,2019,2024,2019,遗产旅行,93.92125701904297,378.0,-178.07874298095703,106.0
stoch64,42,5,2019,2012,2019,2024,2019,地方,104.97323608398438,273.0,-157.02676391601562,11.0
stoch64,42,5,2019,2012,2019,2024,2019,soft,98.51481628417969,276.0,-161.4851837158203,16.0
stoch64,42,5,2019,2012,2019,2024,2019,action,76.74736022949219,350.0,-180.2526397705078,93.0
stoch64,42,5,2019,2012,2019,2024,2019,real,102.80149841308594,541.0,-149.19850158691406,289.0
stoch64,42,5,2019,2012,2019,2024,2019,state,93.22650146484375,305.0,-158.77349853515625,53.0
stoch64,42,5,2019,2012,2019,2024,2019,diplomacy,104.69657897949219,494.0,-145.3034210205078,244.0
stoch64,42,5,2019,2012,2019,2024,2019,mental,106.59496307373047,264.0,-141.40503692626953,16.0
stoch64,42,5,2019,2012,2019,2024,2019,丝绸之路,100.8752212524414,522.0,-146.1247787475586,275.0
stoch64,42,5,2019,2012,2019,2024,2019,post,99.31258392333984,546.0,-145.68741607666016,301.0
stoch64,42,5,2019,2012,2019,2024,2019,formation,105.40164947509766,506.0,-138.59835052490234,262.0
stoch64,42,5,2019,2012,2019,2024,2019,游客,97.58837127685547,376.0,-146.41162872314453,132.0
stoch64,42,5,2019,2012,2019,2024,2019,branding,96.13249969482422,314.0,-143.86750030517578,74.0
stoch64,42,5,2019,2012,2019,2024,2019,relations,102.02391052246094,179.0,-137.97608947753906,-61.0
stoch64,42,5,2019,2012,2019,2024,2019,place,79.69071960449219,221.0,-158.3092803955078,-17.0
stoch64,42,5,2019,2012,2019,2024,2019,role,102.97274780273438,649.0,-134.02725219726562,412.0
stoch64,42,5,2019,2012,2019,2024,2019,conflict,102.9555435180664,174.0,-133.0444564819336,-62.0
stoch64,42,5,2019,2012,2019,2024,2019,案例研究,97.87989807128906,316.0,-138.12010192871094,80.0
stoch64,42,5,2019,2012,2019,2024,2019,原真性,101.56683349609375,445.0,-126.43316650390625,217.0
stoch64,42,5,2019,2012,2019,2024,2019,time,103.13846588134766,391.0,-123.86153411865234,164.0
stoch64,42,5,2019,2012,2019,2024,2019,product,92.29434204101562,334.0,-132.70565795898438,109.0
stoch64,42,5,2019,2012,2019,2024,2019,africa,97.2933120727539,242.0,-121.7066879272461,23.0
stoch64,42,5,2019,2012,2019,2024,2019,sites,99.36990356445312,210.0,-118.63009643554688,-8.0
stoch64,42,5,2019,2012,2019,2024,2019,language,73.55281066894531,369.0,-137.4471893310547,158.0
stoch64,42,5,2019,2012,2019,2024,2019,brand,91.3170166015625,297.0,-116.6829833984375,89.0
stoch64,42,5,2019,2012,2019,2024,2019,silk,98.30013275146484,429.0,-105.69986724853516,225.0
stoch64,42,5,2019,2012,2019,2024,2019,plan,76.1351547241211,254.0,-125.8648452758789,52.0
stoch64,42,5,2019,2012,2019,2024,2019,可持续发展,96.84158325195312,371.0,-101.15841674804688,173.0
stoch64,42,5,2019,2012,2019,2024,2019,the middle east,80.71400451660156,129.0,-115.28599548339844,-67.0
stoch64,42,5,2019,2012,2019,2024,2019,carrying,86.71672058105469,81.0,-108.28327941894531,-114.0
stoch64,42,5,2019,2012,2019,2024,2019,效果,102.00259399414062,339.0,-92.99740600585938,144.0
stoch64,42,5,2019,2012,2019,2024,2019,分析,98.16021728515625,253.0,-93.83978271484375,61.0
stoch64,42,5,2019,2012,2019,2024,2019,reality,98.40909576416016,383.0,-92.59090423583984,192.0
stoch64,42,5,2019,2012,2019,2024,2019,content,93.47579193115234,369.0,-96.52420806884766,179.0
stoch64,42,5,2019,2012,2019,2024,2019,middle east,85.22270202636719,79.0,-103.77729797363281,-110.0
stoch64,42,5,2019,2012,2019,2024,2019,服务,101.4200668334961,317.0,-86.5799331665039,129.0
stoch64,42,5,2019,2012,2019,2024,2019,source,97.72564697265625,163.0,-89.27435302734375,-24.0
stoch64,42,5,2019,2012,2019,2024,2019,carrying capacity,86.07665252685547,81.0,-99.92334747314453,-105.0
stoch64,42,5,2019,2012,2019,2024,2019,数字,101.4687728881836,985.0,-83.5312271118164,800.0
stoch64,42,5,2019,2012,2019,2024,2019,in the middle,87.405029296875,90.0,-94.594970703125,-92.0
stoch64,42,5,2019,2012,2019,2024,2019,系统综述,98.48131561279297,195.0,-83.51868438720703,13.0
stoch64,42,5,2019,2012,2019,2024,2019,实践,100.14086151123047,227.0,-77.85913848876953,49.0
stoch64,42,5,2019,2012,2019,2024,2019,graph,97.29574584960938,396.0,-78.70425415039062,220.0
stoch64,42,5,2019,2012,2019,2024,2019,outbound,67.9197006225586,54.0,-108.0802993774414,-122.0
stoch64,42,5,2019,2012,2019,2024,2019,语境,99.0000991821289,281.0,-75.9999008178711,106.0
stoch64,42,5,2019,2012,2019,2024,2019,框架,91.44022369384766,335.0,-80.55977630615234,163.0
stoch64,42,5,2019,2012,2019,2024,2019,al jazeera,96.97142028808594,48.0,-74.02857971191406,-123.0
stoch64,42,5,2019,2012,2019,2024,2019,jazeera,96.97142028808594,65.0,-74.02857971191406,-106.0
stoch64,42,5,2019,2012,2019,2024,2019,流程,100.99542999267578,180.0,-68.00457000732422,11.0
stoch64,42,5,2019,2012,2019,2024,2019,belt,99.08048248291016,269.0,-66.91951751708984,103.0
stoch64,42,5,2019,2012,2019,2024,2019,in the middle east,86.20633697509766,97.0,-78.79366302490234,-68.0
stoch64,42,5,2019,2012,2019,2024,2019,政策,94.5759506225586,254.0,-70.4240493774414,89.0
stoch64,42,5,2019,2012,2019,2024,2019,软实力,93.70347595214844,175.0,-71.29652404785156,10.0
stoch64,42,5,2019,2012,2019,2024,2019,marketing,95.27922821044922,544.0,-68.72077178955078,380.0
stoch64,42,5,2019,2012,2019,2024,2019,religious,98.37781524658203,247.0,-64.62218475341797,84.0
stoch64,42,5,2019,2012,2019,2024,2019,country,95.80508422851562,255.0,-66.19491577148438,93.0
stoch64,42,5,2019,2012,2019,2024,2019,islam,101.5606689453125,102.0,-60.4393310546875,-60.0
stoch64,42,5,2019,2012,2019,2024,2019,urban,91.77406311035156,255.0,-70.22593688964844,93.0
stoch64,123,1,2019,2012,2019,2020,2019,旅游,72.38742065429688,3486.0,-2958.612579345703,455.0
stoch64,123,1,2019,2012,2019,2020,2019,tour,67.43722534179688,3300.0,-2825.562774658203,407.0
stoch64,123,1,2019,2012,2019,2020,2019,文化,68.85923767089844,2014.0,-1635.1407623291016,310.0
stoch64,123,1,2019,2012,2019,2020,2019,nation,69.23212432861328,1766.0,-1413.7678756713867,283.0
stoch64,123,1,2019,2012,2019,2020,2019,遗产,65.8062744140625,1587.0,-1285.1937255859375,236.0
stoch64,123,1,2019,2012,2019,2020,2019,阿拉伯,55.742698669433594,881.0,-774.2573013305664,51.0
stoch64,123,1,2019,2012,2019,2020,2019,发展,59.029537200927734,899.0,-696.9704627990723,143.0
stoch64,123,1,2019,2012,2019,2020,2019,目的地,56.52293014526367,794.0,-628.4770698547363,109.0
stoch64,123,1,2019,2012,2019,2020,2019,world,56.91929244995117,786.0,-627.0807075500488,102.0
stoch64,123,1,2019,2012,2019,2020,2019,view,59.2220573425293,905.0,-612.7779426574707,233.0
stoch64,123,1,2019,2012,2019,2020,2019,rate,55.79981994628906,683.0,-580.2001800537109,47.0
stoch64,123,1,2019,2012,2019,2020,2019,city,53.07587432861328,681.0,-581.9241256713867,46.0
stoch64,123,1,2019,2012,2019,2020,2019,研究,58.947669982910156,734.0,-535.0523300170898,140.0
stoch64,123,1,2019,2012,2019,2020,2019,艺术,59.95878601074219,646.0,-501.0412139892578,85.0
stoch64,123,1,2019,2012,2019,2020,2019,site,55.345035552978516,657.0,-498.6549644470215,103.0
stoch64,123,1,2019,2012,2019,2020,2019,image,53.88886642456055,662.0,-483.11113357543945,125.0
stoch64,123,1,2019,2012,2019,2020,2019,社会,54.06776428222656,616.0,-468.93223571777344,93.0
stoch64,123,1,2019,2012,2019,2020,2019,media,54.150352478027344,576.0,-463.84964752197266,58.0
stoch64,123,1,2019,2012,2019,2020,2019,search,57.21228790283203,632.0,-459.78771209716797,115.0
stoch64,123,1,2019,2012,2019,2020,2019,work,54.856754302978516,529.0,-439.1432456970215,35.0
stoch64,123,1,2019,2012,2019,2020,2019,中国,52.678443908691406,537.0,-344.3215560913086,140.0
stoch64,123,1,2019,2012,2019,2020,2019,国家,51.39908981323242,492.0,-341.6009101867676,99.0
stoch64,123,1,2019,2012,2019,2020,2019,影响,53.59811019897461,466.0,-316.4018898010254,96.0
stoch64,123,1,2019,2012,2019,2020,2019,挑战,50.424415588378906,476.0,-319.5755844116211,106.0
stoch64,123,1,2019,2012,2019,2020,2019,text,52.8533935546875,415.0,-310.1466064453125,52.0
stoch64,123,1,2019,2012,2019,2020,2019,challenges,50.090118408203125,451.0,-294.9098815917969,106.0
stoch64,123,1,2019,2012,2019,2020,2019,east,23.961532592773438,405.0,-308.03846740722656,73.0
stoch64,123,1,2019,2012,2019,2020,2019,gene,45.960960388183594,329.0,-282.0390396118164,1.0
stoch64,123,1,2019,2012,2019,2020,2019,chinese,43.06996536254883,359.0,-283.9300346374512,32.0
stoch64,123,1,2019,2012,2019,2020,2019,land,46.89164352416992,380.0,-280.1083564758301,53.0
stoch64,123,1,2019,2012,2019,2020,2019,社交媒体,48.22477722167969,379.0,-269.7752227783203,61.0
stoch64,123,1,2019,2012,2019,2020,2019,应用,49.6374626159668,336.0,-267.3625373840332,19.0
stoch64,123,1,2019,2012,2019,2020,2019,power,48.219120025634766,328.0,-261.78087997436523,18.0
stoch64,123,1,2019,2012,2019,2020,2019,可持续,45.28447723388672,389.0,-264.7155227661133,79.0
stoch64,123,1,2019,2012,2019,2020,2019,经济,51.61050796508789,346.0,-258.3894920349121,36.0
stoch64,123,1,2019,2012,2019,2020,2019,road,48.30209732055664,434.0,-246.69790267944336,139.0
stoch64,123,1,2019,2012,2019,2020,2019,经验,45.48267364501953,321.0,-249.51732635498047,26.0
stoch64,123,1,2019,2012,2019,2020,2019,管理,51.527198791503906,317.0,-236.4728012084961,29.0
stoch64,123,1,2019,2012,2019,2020,2019,全球,46.52014923095703,357.0,-239.47985076904297,71.0
stoch64,123,1,2019,2012,2019,2020,2019,学习,51.66756057739258,368.0,-228.33243942260742,88.0
stoch64,123,1,2019,2012,2019,2020,2019,change,46.936973571777344,327.0,-231.06302642822266,49.0
stoch64,123,1,2019,2012,2019,2020,2019,视角,49.558555603027344,368.0,-225.44144439697266,93.0
stoch64,123,1,2019,2012,2019,2020,2019,遗产旅行,38.64482879638672,285.0,-233.35517120361328,13.0
stoch64,123,1,2019,2012,2019,2020,2019,地方,48.72532653808594,319.0,-213.27467346191406,57.0
stoch64,123,1,2019,2012,2019,2020,2019,soft,42.74634552001953,313.0,-217.25365447998047,53.0
stoch64,123,1,2019,2012,2019,2020,2019,action,23.592117309570312,263.0,-233.4078826904297,6.0
stoch64,123,1,2019,2012,2019,2020,2019,real,46.68867111206055,322.0,-205.31132888793945,70.0
stoch64,123,1,2019,2012,2019,2020,2019,state,37.906455993652344,277.0,-214.09354400634766,25.0
stoch64,123,1,2019,2012,2019,2020,2019,diplomacy,48.57846450805664,333.0,-201.42153549194336,83.0
stoch64,123,1,2019,2012,2019,2020,2019,mental,50.2511100769043,344.0,-197.7488899230957,96.0
stoch64,123,1,2019,2012,2019,2020,2019,丝绸之路,45.10005569458008,434.0,-201.89994430541992,187.0
stoch64,123,1,2019,2012,2019,2020,2019,post,43.487754821777344,341.0,-201.51224517822266,96.0
stoch64,123,1,2019,2012,2019,2020,2019,formation,49.14544677734375,316.0,-194.85455322265625,72.0
stoch64,123,1,2019,2012,2019,2020,2019,游客,41.94077682495117,304.0,-202.05922317504883,60.0
stoch64,123,1,2019,2012,2019,2020,2019,branding,40.72578811645508,239.0,-199.27421188354492,-1.0
stoch64,123,1,2019,2012,2019,2020,2019,relations,45.98693084716797,247.0,-194.01306915283203,7.0
stoch64,123,1,2019,2012,2019,2020,2019,place,26.481781005859375,285.0,-211.51821899414062,47.0
stoch64,123,1,2019,2012,2019,2020,2019,role,46.83354949951172,315.0,-190.16645050048828,78.0
stoch64,123,1,2019,2012,2019,2020,2019,conflict,46.90107727050781,255.0,-189.0989227294922,19.0
stoch64,123,1,2019,2012,2019,2020,2019,案例研究,42.088539123535156,237.0,-193.91146087646484,1.0
stoch64,123,1,2019,2012,2019,2020,2019,原真性,45.66204071044922,264.0,-182.33795928955078,36.0
stoch64,123,1,2019,2012,2019,2020,2019,time,47.19241714477539,382.0,-179.8075828552246,155.0
stoch64,123,1,2019,2012,2019,2020,2019,product,37.148826599121094,212.0,-187.8511734008789,-13.0
stoch64,123,1,2019,2012,2019,2020,2019,africa,41.68924331665039,227.0,-177.3107566833496,8.0
stoch64,123,1,2019,2012,2019,2020,2019,sites,43.8036994934082,246.0,-174.1963005065918,28.0
stoch64,123,1,2019,2012,2019,2020,2019,language,20.909273147583008,220.0,-190.090726852417,9.0
stoch64,123,1,2019,2012,2019,2020,2019,brand,36.553470611572266,233.0,-171.44652938842773,25.0
stoch64,123,1,2019,2012,2019,2020,2019,silk,42.862247467041016,373.0,-161.13775253295898,169.0
stoch64,123,1,2019,2012,2019,2020,2019,plan,23.503093719482422,213.0,-178.49690628051758,11.0
stoch64,123,1,2019,2012,2019,2020,2019,可持续发展,41.3514289855957,212.0,-156.6485710144043,14.0
stoch64,123,1,2019,2012,2019,2020,2019,the middle east,27.88472557067871,221.0,-168.1152744293213,25.0
stoch64,123,1,2019,2012,2019,2020,2019,carrying,32.688720703125,211.0,-162.311279296875,16.0
stoch64,123,1,2019,2012,2019,2020,2019,效果,46.09576416015625,271.0,-148.90423583984375,76.0
stoch64,123,1,2019,2012,2019,2020,2019,分析,42.547908782958984,212.0,-149.45209121704102,20.0
stoch64,123,1,2019,2012,2019,2020,2019,reality,42.88896560668945,209.0,-148.11103439331055,18.0
stoch64,123,1,2019,2012,2019,2020,2019,content,38.537200927734375,210.0,-151.46279907226562,20.0
stoch64,123,1,2019,2012,2019,2020,2019,middle east,31.643718719482422,203.0,-157.35628128051758,14.0
stoch64,123,1,2019,2012,2019,2020,2019,服务,45.58174514770508,179.0,-142.41825485229492,-9.0
stoch64,123,1,2019,2012,2019,2020,2019,source,42.21533966064453,213.0,-144.78466033935547,26.0
stoch64,123,1,2019,2012,2019,2020,2019,carrying capacity,32.20850372314453,202.0,-153.79149627685547,16.0
stoch64,123,1,2019,2012,2019,2020,2019,数字,45.6118278503418,322.0,-139.3881721496582,137.0
stoch64,123,1,2019,2012,2019,2020,2019,in the middle,33.49321746826172,190.0,-148.50678253173828,8.0
stoch64,123,1,2019,2012,2019,2020,2019,系统综述,42.90852737426758,222.0,-139.09147262573242,40.0
stoch64,123,1,2019,2012,2019,2020,2019,实践,44.42630386352539,169.0,-133.5736961364746,-9.0
stoch64,123,1,2019,2012,2019,2020,2019,graph,41.81239318847656,179.0,-134.18760681152344,3.0
stoch64,123,1,2019,2012,2019,2020,2019,outbound,16.10336685180664,176.0,-159.89663314819336,0.0
stoch64,123,1,2019,2012,2019,2020,2019,语境,43.4051628112793,209.0,-131.5948371887207,34.0
stoch64,123,1,2019,2012,2019,2020,2019,框架,36.657474517822266,221.0,-135.34252548217773,49.0
stoch64,123,1,2019,2012,2019,2020,2019,al jazeera,41.71229553222656,181.0,-129.28770446777344,10.0
stoch64,123,1,2019,2012,2019,2020,2019,jazeera,41.71229553222656,181.0,-129.28770446777344,10.0
stoch64,123,1,2019,2012,2019,2020,2019,流程,45.22875213623047,194.0,-123.77124786376953,25.0
stoch64,123,1,2019,2012,2019,2020,2019,belt,43.59184265136719,236.0,-122.40815734863281,70.0
stoch64,123,1,2019,2012,2019,2020,2019,in the middle east,32.58102798461914,181.0,-132.41897201538086,16.0
stoch64,123,1,2019,2012,2019,2020,2019,政策,39.49565887451172,161.0,-125.50434112548828,-4.0
stoch64,123,1,2019,2012,2019,2020,2019,软实力,38.85358428955078,175.0,-126.14641571044922,10.0
stoch64,123,1,2019,2012,2019,2020,2019,marketing,40.09352493286133,217.0,-123.90647506713867,53.0
stoch64,123,1,2019,2012,2019,2020,2019,religious,42.92325973510742,153.0,-120.07674026489258,-10.0
stoch64,123,1,2019,2012,2019,2020,2019,country,40.608238220214844,144.0,-121.39176177978516,-18.0
stoch64,123,1,2019,2012,2019,2020,2019,islam,45.788726806640625,166.0,-116.21127319335938,4.0
stoch64,123,1,2019,2012,2019,2020,2019,urban,37.018211364746094,187.0,-124.9817886352539,25.0
stoch64,123,3,2019,2012,2019,2022,2019,旅游,98.101318359375,4242.0,-2932.898681640625,1211.0
stoch64,123,3,2019,2012,2019,2022,2019,tour,92.97325897216797,3857.0,-2800.026741027832,964.0
stoch64,123,3,2019,2012,2019,2022,2019,文化,94.48981475830078,2521.0,-1609.5101852416992,817.0
stoch64,123,3,2019,2012,2019,2022,2019,nation,94.89573669433594,2266.0,-1388.104263305664,783.0
stoch64,123,3,2019,2012,2019,2022,2019,遗产,91.33929443359375,1698.0,-1259.6607055664062,347.0
stoch64,123,3,2019,2012,2019,2022,2019,阿拉伯,80.69371032714844,784.0,-749.3062896728516,-46.0
stoch64,123,3,2019,2012,2019,2022,2019,发展,84.23219299316406,907.0,-671.7678070068359,151.0
stoch64,123,3,2019,2012,2019,2022,2019,目的地,81.57943725585938,1036.0,-603.4205627441406,351.0
stoch64,123,3,2019,2012,2019,2022,2019,world,81.99658203125,627.0,-602.00341796875,-57.0
stoch64,123,3,2019,2012,2019,2022,2019,view,84.43238830566406,1100.0,-587.5676116943359,428.0
stoch64,123,3,2019,2012,2019,2022,2019,rate,80.79205322265625,894.0,-555.2079467773438,258.0
stoch64,123,3,2019,2012,2019,2022,2019,city,77.8450927734375,755.0,-557.1549072265625,120.0
stoch64,123,3,2019,2012,2019,2022,2019,研究,84.15711975097656,901.0,-509.84288024902344,307.0
stoch64,123,3,2019,2012,2019,2022,2019,艺术,85.22467803955078,992.0,-475.7753219604492,431.0
stoch64,123,3,2019,2012,2019,2022,2019,site,80.32633972167969,670.0,-473.6736602783203,116.0
stoch64,123,3,2019,2012,2019,2022,2019,image,78.7464599609375,783.0,-458.2535400390625,246.0
stoch64,123,3,2019,2012,2019,2022,2019,社会,78.92401123046875,727.0,-444.07598876953125,204.0
stoch64,123,3,2019,2012,2019,2022,2019,media,79.01980590820312,588.0,-438.9801940917969,70.0
stoch64,123,3,2019,2012,2019,2022,2019,search,82.32046508789062,797.0,-434.6795349121094,280.0
stoch64,123,3,2019,2012,2019,2022,2019,work,79.7761459350586,623.0,-414.2238540649414,129.0
stoch64,123,3,2019,2012,2019,2022,2019,中国,77.4654541015625,600.0,-319.5345458984375,203.0
stoch64,123,3,2019,2012,2019,2022,2019,国家,76.07176971435547,523.0,-316.92823028564453,130.0
stoch64,123,3,2019,2012,2019,2022,2019,影响,78.45499420166016,563.0,-291.54500579833984,193.0
stoch64,123,3,2019,2012,2019,2022,2019,挑战,75.01083374023438,597.0,-294.9891662597656,227.0
stoch64,123,3,2019,2012,2019,2022,2019,text,77.65324401855469,565.0,-285.3467559814453,202.0
stoch64,123,3,2019,2012,2019,2022,2019,challenges,74.6536865234375,553.0,-270.3463134765625,208.0
stoch64,123,3,2019,2012,2019,2022,2019,east,44.40826416015625,419.0,-287.59173583984375,87.0
stoch64,123,3,2019,2012,2019,2022,2019,gene,70.1065673828125,406.0,-257.8934326171875,78.0
stoch64,123,3,2019,2012,2019,2022,2019,chinese,66.88980865478516,325.0,-260.11019134521484,-2.0
stoch64,123,3,2019,2012,2019,2022,2019,land,71.1343002319336,380.0,-255.8656997680664,53.0
stoch64,123,3,2019,2012,2019,2022,2019,社交媒体,72.61814880371094,452.0,-245.38185119628906,134.0
stoch64,123,3,2019,2012,2019,2022,2019,应用,74.15899658203125,470.0,-242.84100341796875,153.0
stoch64,123,3,2019,2012,2019,2022,2019,power,72.62681579589844,334.0,-237.37318420410156,24.0
stoch64,123,3,2019,2012,2019,2022,2019,可持续,69.3595962524414,443.0,-240.6404037475586,133.0
stoch64,123,3,2019,2012,2019,2022,2019,经济,76.30987548828125,467.0,-233.69012451171875,157.0
stoch64,123,3,2019,2012,2019,2022,2019,road,72.73805236816406,555.0,-222.26194763183594,260.0
stoch64,123,3,2019,2012,2019,2022,2019,经验,69.58490753173828,403.0,-225.41509246826172,108.0
stoch64,123,3,2019,2012,2019,2022,2019,管理,76.22628021240234,413.0,-211.77371978759766,125.0
stoch64,123,3,2019,2012,2019,2022,2019,全球,70.7274398803711,377.0,-215.2725601196289,91.0
stoch64,123,3,2019,2012,2019,2022,2019,学习,76.3867416381836,564.0,-203.6132583618164,284.0
stoch64,123,3,2019,2012,2019,2022,2019,change,71.2063980102539,386.0,-206.7936019897461,108.0
stoch64,123,3,2019,2012,2019,2022,2019,视角,74.08914184570312,504.0,-200.91085815429688,229.0
stoch64,123,3,2019,2012,2019,2022,2019,遗产旅行,61.93915939331055,324.0,-210.06084060668945,52.0
stoch64,123,3,2019,2012,2019,2022,2019,地方,73.18641662597656,271.0,-188.81358337402344,9.0
stoch64,123,3,2019,2012,2019,2022,2019,soft,66.56888580322266,268.0,-193.43111419677734,8.0
stoch64,123,3,2019,2012,2019,2022,2019,action,43.96808624267578,281.0,-213.03191375732422,24.0
stoch64,123,3,2019,2012,2019,2022,2019,real,70.94522857666016,378.0,-181.05477142333984,126.0
stoch64,123,3,2019,2012,2019,2022,2019,state,61.0361328125,261.0,-190.9638671875,9.0
stoch64,123,3,2019,2012,2019,2022,2019,diplomacy,73.04582214355469,422.0,-176.9541778564453,172.0
stoch64,123,3,2019,2012,2019,2022,2019,mental,74.84053039550781,323.0,-173.1594696044922,75.0
stoch64,123,3,2019,2012,2019,2022,2019,丝绸之路,69.23285675048828,543.0,-177.76714324951172,296.0
stoch64,123,3,2019,2012,2019,2022,2019,post,67.39461517333984,461.0,-177.60538482666016,216.0
stoch64,123,3,2019,2012,2019,2022,2019,formation,73.64006042480469,430.0,-170.3599395751953,186.0
stoch64,123,3,2019,2012,2019,2022,2019,游客,65.66584014892578,347.0,-178.33415985107422,103.0
stoch64,123,3,2019,2012,2019,2022,2019,branding,64.32159423828125,366.0,-175.67840576171875,126.0
stoch64,123,3,2019,2012,2019,2022,2019,relations,70.16966247558594,183.0,-169.83033752441406,-57.0
stoch64,123,3,2019,2012,2019,2022,2019,place,47.58384323120117,252.0,-190.41615676879883,14.0
stoch64,123,3,2019,2012,2019,2022,2019,role,71.09193420410156,445.0,-165.90806579589844,208.0
stoch64,123,3,2019,2012,2019,2022,2019,conflict,71.18849182128906,245.0,-164.81150817871094,9.0
stoch64,123,3,2019,2012,2019,2022,2019,案例研究,65.78716278076172,228.0,-170.21283721923828,-8.0
stoch64,123,3,2019,2012,2019,2022,2019,原真性,69.83023071289062,418.0,-158.16976928710938,190.0
stoch64,123,3,2019,2012,2019,2022,2019,time,71.53370666503906,443.0,-155.46629333496094,216.0
stoch64,123,3,2019,2012,2019,2022,2019,product,60.163997650146484,226.0,-164.83600234985352,1.0
stoch64,123,3,2019,2012,2019,2022,2019,africa,65.37152862548828,242.0,-153.62847137451172,23.0
stoch64,123,3,2019,2012,2019,2022,2019,sites,67.80244445800781,289.0,-150.1975555419922,71.0
stoch64,123,3,2019,2012,2019,2022,2019,language,40.69901657104492,215.0,-170.30098342895508,4.0
stoch64,123,3,2019,2012,2019,2022,2019,brand,59.57012176513672,328.0,-148.42987823486328,120.0
stoch64,123,3,2019,2012,2019,2022,2019,silk,66.75563049316406,466.0,-137.24436950683594,262.0
stoch64,123,3,2019,2012,2019,2022,2019,plan,43.94679641723633,244.0,-158.05320358276367,42.0
stoch64,123,3,2019,2012,2019,2022,2019,可持续发展,64.9996566772461,279.0,-133.0003433227539,81.0
stoch64,123,3,2019,2012,2019,2022,2019,the middle east,49.461082458496094,236.0,-146.5389175415039,40.0
stoch64,123,3,2019,2012,2019,2022,2019,carrying,55.09601593017578,93.0,-139.90398406982422,-102.0
stoch64,123,3,2019,2012,2019,2022,2019,效果,70.29972076416016,328.0,-124.70027923583984,133.0
stoch64,123,3,2019,2012,2019,2022,2019,分析,66.34209442138672,212.0,-125.65790557861328,20.0
stoch64,123,3,2019,2012,2019,2022,2019,reality,66.76183319091797,256.0,-124.23816680908203,65.0
stoch64,123,3,2019,2012,2019,2022,2019,content,61.86705017089844,255.0,-128.13294982910156,65.0
stoch64,123,3,2019,2012,2019,2022,2019,middle east,53.9413948059082,197.0,-135.0586051940918,8.0
stoch64,123,3,2019,2012,2019,2022,2019,服务,69.73504638671875,153.0,-118.26495361328125,-35.0
stoch64,123,3,2019,2012,2019,2022,2019,source,65.98739624023438,163.0,-121.01260375976562,-24.0
stoch64,123,3,2019,2012,2019,2022,2019,carrying capacity,54.55028533935547,84.0,-131.44971466064453,-102.0
stoch64,123,3,2019,2012,2019,2022,2019,数字,69.76116180419922,626.0,-115.23883819580078,441.0
stoch64,123,3,2019,2012,2019,2022,2019,in the middle,56.11167907714844,174.0,-125.88832092285156,-8.0
stoch64,123,3,2019,2012,2019,2022,2019,系统综述,66.76364135742188,229.0,-115.23635864257812,47.0
stoch64,123,3,2019,2012,2019,2022,2019,实践,68.45441436767578,230.0,-109.54558563232422,52.0
stoch64,123,3,2019,2012,2019,2022,2019,graph,65.52009582519531,223.0,-110.47990417480469,47.0
stoch64,123,3,2019,2012,2019,2022,2019,outbound,34.8095588684082,108.0,-141.1904411315918,-68.0
stoch64,123,3,2019,2012,2019,2022,2019,语境,67.32247924804688,258.0,-107.67752075195312,83.0
stoch64,123,3,2019,2012,2019,2022,2019,框架,59.65998077392578,263.0,-112.34001922607422,91.0
stoch64,123,3,2019,2012,2019,2022,2019,al jazeera,65.47046661376953,138.0,-105.52953338623047,-33.0
stoch64,123,3,2019,2012,2019,2022,2019,jazeera,65.47046661376953,138.0,-105.52953338623047,-33.0
stoch64,123,3,2019,2012,2019,2022,2019,流程,69.34429931640625,221.0,-99.65570068359375,52.0
stoch64,123,3,2019,2012,2019,2022,2019,belt,67.56251525878906,328.0,-98.43748474121094,162.0
stoch64,123,3,2019,2012,2019,2022,2019,in the middle east,55.074462890625,190.0,-109.925537109375,25.0
stoch64,123,3,2019,2012,2019,2022,2019,政策,62.9395751953125,255.0,-102.0604248046875,90.0
stoch64,123,3,2019,2012,2019,2022,2019,软实力,62.25410842895508,177.0,-102.74589157104492,12.0
stoch64,123,3,2019,2012,2019,2022,2019,marketing,63.60612487792969,345.0,-100.39387512207031,181.0
stoch64,123,3,2019,2012,2019,2022,2019,religious,66.80585479736328,227.0,-96.19414520263672,64.0
stoch64,123,3,2019,2012,2019,2022,2019,country,64.20480346679688,254.0,-97.79519653320312,92.0
stoch64,123,3,2019,2012,2019,2022,2019,islam,69.97293090820312,119.0,-92.02706909179688,-43.0
stoch64,123,3,2019,2012,2019,2022,2019,urban,60.099403381347656,252.0,-101.90059661865234,90.0
stoch64,123,5,2019,2012,2019,2024,2019,旅游,112.95760345458984,5508.0,-2918.04239654541,2477.0
stoch64,123,5,2019,2012,2019,2024,2019,tour,108.116455078125,4819.0,-2784.883544921875,1926.0
stoch64,123,5,2019,2012,2019,2024,2019,文化,109.56932830810547,3099.0,-1594.4306716918945,1395.0
stoch64,123,5,2019,2012,2019,2024,2019,nation,109.95906066894531,2652.0,-1373.0409393310547,1169.0
stoch64,123,5,2019,2012,2019,2024,2019,遗产,106.5911636352539,1984.0,-1244.408836364746,633.0
stoch64,123,5,2019,2012,2019,2024,2019,阿拉伯,96.3644027709961,1033.0,-733.6355972290039,203.0
stoch64,123,5,2019,2012,2019,2024,2019,发展,99.79955291748047,1136.0,-656.2004470825195,380.0
stoch64,123,5,2019,2012,2019,2024,2019,目的地,97.2404556274414,1258.0,-587.7595443725586,573.0
stoch64,123,5,2019,2012,2019,2024,2019,world,97.64306640625,645.0,-586.35693359375,-39.0
stoch64,123,5,2019,2012,2019,2024,2019,view,99.99324798583984,1119.0,-572.0067520141602,447.0
stoch64,123,5,2019,2012,2019,2024,2019,rate,96.4737548828125,1324.0,-539.5262451171875,688.0
stoch64,123,5,2019,2012,2019,2024,2019,city,93.59827423095703,938.0,-541.401725769043,303.0
stoch64,123,5,2019,2012,2019,2024,2019,研究,99.73343658447266,1258.0,-494.26656341552734,664.0
stoch64,123,5,2019,2012,2019,2024,2019,艺术,100.76146697998047,1274.0,-460.23853302001953,713.0
stoch64,123,5,2019,2012,2019,2024,2019,site,96.02912902832031,537.0,-457.9708709716797,-17.0
stoch64,123,5,2019,2012,2019,2024,2019,image,94.48735046386719,952.0,-442.5126495361328,415.0
stoch64,123,5,2019,2012,2019,2024,2019,社会,94.65697479248047,939.0,-428.34302520751953,416.0
stoch64,123,5,2019,2012,2019,2024,2019,media,94.75239562988281,821.0,-423.2476043701172,303.0
stoch64,123,5,2019,2012,2019,2024,2019,search,97.9635238647461,976.0,-419.0364761352539,459.0
stoch64,123,5,2019,2012,2019,2024,2019,work,95.48894500732422,684.0,-398.5110549926758,190.0
stoch64,123,5,2019,2012,2019,2024,2019,中国,93.24766540527344,774.0,-303.75233459472656,377.0
stoch64,123,5,2019,2012,2019,2024,2019,国家,91.88108825683594,564.0,-301.11891174316406,171.0
stoch64,123,5,2019,2012,2019,2024,2019,影响,94.21427917480469,699.0,-275.7857208251953,329.0
stoch64,123,5,2019,2012,2019,2024,2019,挑战,90.83997344970703,666.0,-279.16002655029297,296.0
stoch64,123,5,2019,2012,2019,2024,2019,text,93.43233489990234,804.0,-269.56766510009766,441.0
stoch64,123,5,2019,2012,2019,2024,2019,challenges,90.49178314208984,633.0,-254.50821685791016,288.0
stoch64,123,5,2019,2012,2019,2024,2019,east,59.69814682006836,343.0,-272.30185317993164,11.0
stoch64,123,5,2019,2012,2019,2024,2019,gene,85.99364471435547,796.0,-242.00635528564453,468.0
stoch64,123,5,2019,2012,2019,2024,2019,chinese,82.78561401367188,424.0,-244.21438598632812,97.0
stoch64,123,5,2019,2012,2019,2024,2019,land,87.01368713378906,340.0,-239.98631286621094,13.0
stoch64,123,5,2019,2012,2019,2024,2019,社交媒体,88.48751831054688,677.0,-229.51248168945312,359.0
stoch64,123,5,2019,2012,2019,2024,2019,应用,90.00594329833984,495.0,-226.99405670166016,178.0
stoch64,123,5,2019,2012,2019,2024,2019,power,88.50045013427734,386.0,-221.49954986572266,76.0
stoch64,123,5,2019,2012,2019,2024,2019,可持续,85.25247192382812,589.0,-224.74752807617188,279.0
stoch64,123,5,2019,2012,2019,2024,2019,经济,92.1203384399414,564.0,-217.8796615600586,254.0
stoch64,123,5,2019,2012,2019,2024,2019,road,88.61669158935547,490.0,-206.38330841064453,195.0
stoch64,123,5,2019,2012,2019,2024,2019,经验,85.47901916503906,473.0,-209.52098083496094,178.0
stoch64,123,5,2019,2012,2019,2024,2019,管理,92.04119873046875,480.0,-195.95880126953125,192.0
stoch64,123,5,2019,2012,2019,2024,2019,全球,86.61317443847656,358.0,-199.38682556152344,72.0
stoch64,123,5,2019,2012,2019,2024,2019,学习,92.20105743408203,568.0,-187.79894256591797,288.0
stoch64,123,5,2019,2012,2019,2024,2019,change,87.09384155273438,426.0,-190.90615844726562,148.0
stoch64,123,5,2019,2012,2019,2024,2019,视角,89.943603515625,668.0,-185.056396484375,393.0
stoch64,123,5,2019,2012,2019,2024,2019,遗产旅行,77.81997680664062,378.0,-194.18002319335938,106.0
stoch64,123,5,2019,2012,2019,2024,2019,地方,89.05684661865234,273.0,-172.94315338134766,11.0
stoch64,123,5,2019,2012,2019,2024,2019,soft,82.48001861572266,276.0,-177.51998138427734,16.0
stoch64,123,5,2019,2012,2019,2024,2019,action,59.2459831237793,350.0,-197.7540168762207,93.0
stoch64,123,5,2019,2012,2019,2024,2019,real,86.8399429321289,541.0,-165.1600570678711,289.0
stoch64,123,5,2019,2012,2019,2024,2019,state,76.88955688476562,305.0,-175.11044311523438,53.0
stoch64,123,5,2019,2012,2019,2024,2019,diplomacy,88.9242935180664,494.0,-161.0757064819336,244.0
stoch64,123,5,2019,2012,2019,2024,2019,mental,90.6833724975586,264.0,-157.3166275024414,16.0
stoch64,123,5,2019,2012,2019,2024,2019,丝绸之路,85.15168762207031,522.0,-161.8483123779297,275.0
stoch64,123,5,2019,2012,2019,2024,2019,post,83.30619812011719,546.0,-161.6938018798828,301.0
stoch64,123,5,2019,2012,2019,2024,2019,formation,89.50360870361328,506.0,-154.49639129638672,262.0
stoch64,123,5,2019,2012,2019,2024,2019,游客,81.57616424560547,376.0,-162.42383575439453,132.0
stoch64,123,5,2019,2012,2019,2024,2019,branding,80.2325439453125,314.0,-159.7674560546875,74.0
stoch64,123,5,2019,2012,2019,2024,2019,relations,86.07083892822266,179.0,-153.92916107177734,-61.0
stoch64,123,5,2019,2012,2019,2024,2019,place,63.05073928833008,221.0,-174.94926071166992,-17.0
stoch64,123,5,2019,2012,2019,2024,2019,role,86.98280334472656,649.0,-150.01719665527344,412.0
stoch64,123,5,2019,2012,2019,2024,2019,conflict,87.08460235595703,174.0,-148.91539764404297,-62.0
stoch64,123,5,2019,2012,2019,2024,2019,案例研究,81.68617248535156,316.0,-154.31382751464844,80.0
stoch64,123,5,2019,2012,2019,2024,2019,原真性,85.73989868164062,445.0,-142.26010131835938,217.0
stoch64,123,5,2019,2012,2019,2024,2019,time,87.4336929321289,391.0,-139.5663070678711,164.0
stoch64,123,5,2019,2012,2019,2024,2019,product,76.00542449951172,334.0,-148.99457550048828,109.0
stoch64,123,5,2019,2012,2019,2024,2019,africa,81.27949523925781,242.0,-137.7205047607422,23.0
stoch64,123,5,2019,2012,2019,2024,2019,sites,83.7309341430664,210.0,-134.2690658569336,-8.0
stoch64,123,5,2019,2012,2019,2024,2019,language,55.84078598022461,369.0,-155.1592140197754,158.0
stoch64,123,5,2019,2012,2019,2024,2019,brand,75.42908477783203,297.0,-132.57091522216797,89.0
stoch64,123,5,2019,2012,2019,2024,2019,silk,82.6869888305664,429.0,-121.3130111694336,225.0
stoch64,123,5,2019,2012,2019,2024,2019,plan,59.25577926635742,254.0,-142.74422073364258,52.0
stoch64,123,5,2019,2012,2019,2024,2019,可持续发展,80.91007232666016,371.0,-117.08992767333984,173.0
stoch64,123,5,2019,2012,2019,2024,2019,the middle east,65.06291198730469,129.0,-130.9370880126953,-67.0
stoch64,123,5,2019,2012,2019,2024,2019,carrying,70.86164093017578,81.0,-124.13835906982422,-114.0
stoch64,123,5,2019,2012,2019,2024,2019,效果,86.20587921142578,339.0,-108.79412078857422,144.0
stoch64,123,5,2019,2012,2019,2024,2019,分析,82.25684356689453,253.0,-109.74315643310547,61.0
stoch64,123,5,2019,2012,2019,2024,2019,reality,82.68750762939453,383.0,-108.31249237060547,192.0
stoch64,123,5,2019,2012,2019,2024,2019,content,77.76790618896484,369.0,-112.23209381103516,179.0
stoch64,123,5,2019,2012,2019,2024,2019,middle east,69.69694519042969,79.0,-119.30305480957031,-110.0
stoch64,123,5,2019,2012,2019,2024,2019,服务,85.64656066894531,317.0,-102.35343933105469,129.0
stoch64,123,5,2019,2012,2019,2024,2019,source,81.90690612792969,163.0,-105.09309387207031,-24.0
stoch64,123,5,2019,2012,2019,2024,2019,carrying capacity,70.30709838867188,81.0,-115.69290161132812,-105.0
stoch64,123,5,2019,2012,2019,2024,2019,数字,85.67085266113281,985.0,-99.32914733886719,800.0
stoch64,123,5,2019,2012,2019,2024,2019,in the middle,71.92660522460938,90.0,-110.07339477539062,-92.0
stoch64,123,5,2019,2012,2019,2024,2019,系统综述,82.68463134765625,195.0,-99.31536865234375,13.0
stoch64,123,5,2019,2012,2019,2024,2019,实践,84.37305450439453,227.0,-93.62694549560547,49.0
stoch64,123,5,2019,2012,2019,2024,2019,graph,81.4352035522461,396.0,-94.5647964477539,220.0
stoch64,123,5,2019,2012,2019,2024,2019,outbound,49.733402252197266,54.0,-126.26659774780273,-122.0
stoch64,123,5,2019,2012,2019,2024,2019,语境,83.2451171875,281.0,-91.7548828125,106.0
stoch64,123,5,2019,2012,2019,2024,2019,框架,75.51561737060547,335.0,-96.48438262939453,163.0
stoch64,123,5,2019,2012,2019,2024,2019,al jazeera,81.4031753540039,48.0,-89.5968246459961,-123.0
stoch64,123,5,2019,2012,2019,2024,2019,jazeera,81.4031753540039,65.0,-89.5968246459961,-106.0
stoch64,123,5,2019,2012,2019,2024,2019,流程,85.25971221923828,180.0,-83.74028778076172,11.0
stoch64,123,5,2019,2012,2019,2024,2019,belt,83.49442291259766,269.0,-82.50557708740234,103.0
stoch64,123,5,2019,2012,2019,2024,2019,in the middle east,70.87339782714844,97.0,-94.12660217285156,-68.0
stoch64,123,5,2019,2012,2019,2024,2019,政策,78.84923553466797,254.0,-86.15076446533203,89.0
stoch64,123,5,2019,2012,2019,2024,2019,软实力,78.16927337646484,175.0,-86.83072662353516,10.0
stoch64,123,5,2019,2012,2019,2024,2019,marketing,79.51841735839844,544.0,-84.48158264160156,380.0
stoch64,123,5,2019,2012,2019,2024,2019,religious,82.73564910888672,247.0,-80.26435089111328,84.0
stoch64,123,5,2019,2012,2019,2024,2019,country,80.12613677978516,255.0,-81.87386322021484,93.0
stoch64,123,5,2019,2012,2019,2024,2019,islam,85.88751983642578,102.0,-76.11248016357422,-60.0
stoch64,123,5,2019,2012,2019,2024,2019,urban,75.97036743164062,255.0,-86.02963256835938,93.0
stoch64,2026,1,2019,2012,2019,2020,2019,旅游,80.50464630126953,3486.0,-2950.4953536987305,455.0
stoch64,2026,1,2019,2012,2019,2020,2019,tour,75.43035888671875,3300.0,-2817.5696411132812,407.0
stoch64,2026,1,2019,2012,2019,2020,2019,文化,76.04737091064453,2014.0,-1627.9526290893555,310.0
stoch64,2026,1,2019,2012,2019,2020,2019,nation,76.2673110961914,1766.0,-1406.7326889038086,283.0
stoch64,2026,1,2019,2012,2019,2020,2019,遗产,72.7082748413086,1587.0,-1278.2917251586914,236.0
stoch64,2026,1,2019,2012,2019,2020,2019,阿拉伯,61.940120697021484,881.0,-768.0598793029785,51.0
stoch64,2026,1,2019,2012,2019,2020,2019,发展,65.09798431396484,899.0,-690.9020156860352,143.0
stoch64,2026,1,2019,2012,2019,2020,2019,目的地,62.5391731262207,794.0,-622.4608268737793,109.0
stoch64,2026,1,2019,2012,2019,2020,2019,world,62.9000129699707,786.0,-621.0999870300293,102.0
stoch64,2026,1,2019,2012,2019,2020,2019,view,65.05570220947266,905.0,-606.9442977905273,233.0
stoch64,2026,1,2019,2012,2019,2020,2019,rate,61.650779724121094,683.0,-574.3492202758789,47.0
stoch64,2026,1,2019,2012,2019,2020,2019,city,58.9339485168457,681.0,-576.0660514831543,46.0
stoch64,2026,1,2019,2012,2019,2020,2019,研究,64.63306427001953,734.0,-529.3669357299805,140.0
stoch64,2026,1,2019,2012,2019,2020,2019,艺术,65.4949722290039,646.0,-495.5050277709961,85.0
stoch64,2026,1,2019,2012,2019,2020,2019,site,61.04533386230469,657.0,-492.9546661376953,103.0
stoch64,2026,1,2019,2012,2019,2020,2019,image,59.51449203491211,662.0,-477.4855079650879,125.0
stoch64,2026,1,2019,2012,2019,2020,2019,社会,59.593692779541016,616.0,-463.406307220459,93.0
stoch64,2026,1,2019,2012,2019,2020,2019,media,59.67962646484375,576.0,-458.32037353515625,58.0
stoch64,2026,1,2019,2012,2019,2020,2019,search,62.7353515625,632.0,-454.2646484375,115.0
stoch64,2026,1,2019,2012,2019,2020,2019,work,60.27203369140625,529.0,-433.72796630859375,35.0
stoch64,2026,1,2019,2012,2019,2020,2019,中国,57.89979553222656,537.0,-339.10020446777344,140.0
stoch64,2026,1,2019,2012,2019,2020,2019,国家,56.604644775390625,492.0,-336.3953552246094,99.0
stoch64,2026,1,2019,2012,2019,2020,2019,影响,58.66306686401367,466.0,-311.3369331359863,96.0
stoch64,2026,1,2019,2012,2019,2020,2019,挑战,55.54574203491211,476.0,-314.4542579650879,106.0
stoch64,2026,1,2019,2012,2019,2020,2019,text,57.91162109375,415.0,-305.08837890625,52.0
stoch64,2026,1,2019,2012,2019,2020,2019,challenges,55.12311935424805,451.0,-289.87688064575195,106.0
stoch64,2026,1,2019,2012,2019,2020,2019,east,27.906862258911133,405.0,-304.09313774108887,73.0
stoch64,2026,1,2019,2012,2019,2020,2019,gene,50.953861236572266,329.0,-277.04613876342773,1.0
stoch64,2026,1,2019,2012,2019,2020,2019,chinese,48.08730697631836,359.0,-278.91269302368164,32.0
stoch64,2026,1,2019,2012,2019,2020,2019,land,51.863853454589844,380.0,-275.13614654541016,53.0
stoch64,2026,1,2019,2012,2019,2020,2019,社交媒体,53.17323684692383,379.0,-264.8267631530762,61.0
stoch64,2026,1,2019,2012,2019,2020,2019,应用,54.535057067871094,336.0,-262.4649429321289,19.0
stoch64,2026,1,2019,2012,2019,2020,2019,power,53.170860290527344,328.0,-256.82913970947266,18.0
stoch64,2026,1,2019,2012,2019,2020,2019,可持续,50.202110290527344,389.0,-259.79788970947266,79.0
stoch64,2026,1,2019,2012,2019,2020,2019,经济,56.4362907409668,346.0,-253.5637092590332,36.0
stoch64,2026,1,2019,2012,2019,2020,2019,road,53.24188995361328,434.0,-241.75811004638672,139.0
stoch64,2026,1,2019,2012,2019,2020,2019,经验,50.33045196533203,321.0,-244.66954803466797,26.0
stoch64,2026,1,2019,2012,2019,2020,2019,管理,56.25627899169922,317.0,-231.74372100830078,29.0
stoch64,2026,1,2019,2012,2019,2020,2019,全球,51.287322998046875,357.0,-234.71267700195312,71.0
stoch64,2026,1,2019,2012,2019,2020,2019,学习,56.381378173828125,368.0,-223.61862182617188,88.0
stoch64,2026,1,2019,2012,2019,2020,2019,change,51.70013427734375,327.0,-226.29986572265625,49.0
stoch64,2026,1,2019,2012,2019,2020,2019,视角,54.2746467590332,368.0,-220.7253532409668,93.0
stoch64,2026,1,2019,2012,2019,2020,2019,遗产旅行,43.45549774169922,285.0,-228.54450225830078,13.0
stoch64,2026,1,2019,2012,2019,2020,2019,地方,53.407676696777344,319.0,-208.59232330322266,57.0
stoch64,2026,1,2019,2012,2019,2020,2019,soft,47.49515914916992,313.0,-212.50484085083008,53.0
stoch64,2026,1,2019,2012,2019,2020,2019,action,27.25836944580078,263.0,-229.74163055419922,6.0
stoch64,2026,1,2019,2012,2019,2020,2019,real,51.33222198486328,322.0,-200.66777801513672,70.0
stoch64,2026,1,2019,2012,2019,2020,2019,state,42.5069465637207,277.0,-209.4930534362793,25.0
stoch64,2026,1,2019,2012,2019,2020,2019,diplomacy,53.267112731933594,333.0,-196.7328872680664,83.0
stoch64,2026,1,2019,2012,2019,2020,2019,mental,54.76350402832031,344.0,-193.2364959716797,96.0
stoch64,2026,1,2019,2012,2019,2020,2019,丝绸之路,49.871517181396484,434.0,-197.12848281860352,187.0
stoch64,2026,1,2019,2012,2019,2020,2019,post,48.13138961791992,341.0,-196.86861038208008,96.0
stoch64,2026,1,2019,2012,2019,2020,2019,formation,53.679412841796875,316.0,-190.32058715820312,72.0
stoch64,2026,1,2019,2012,2019,2020,2019,游客,46.597015380859375,304.0,-197.40298461914062,60.0
stoch64,2026,1,2019,2012,2019,2020,2019,branding,45.40635681152344,239.0,-194.59364318847656,-1.0
stoch64,2026,1,2019,2012,2019,2020,2019,relations,50.56085968017578,247.0,-189.43914031982422,7.0
stoch64,2026,1,2019,2012,2019,2020,2019,place,30.44619369506836,285.0,-207.55380630493164,47.0
stoch64,2026,1,2019,2012,2019,2020,2019,role,51.335304260253906,315.0,-185.6646957397461,78.0
stoch64,2026,1,2019,2012,2019,2020,2019,conflict,51.463558197021484,255.0,-184.53644180297852,19.0
stoch64,2026,1,2019,2012,2019,2020,2019,案例研究,46.60561752319336,237.0,-189.39438247680664,1.0
stoch64,2026,1,2019,2012,2019,2020,2019,原真性,50.21865463256836,264.0,-177.78134536743164,36.0
stoch64,2026,1,2019,2012,2019,2020,2019,time,51.78120040893555,382.0,-175.21879959106445,155.0
stoch64,2026,1,2019,2012,2019,2020,2019,product,41.57440948486328,212.0,-183.42559051513672,-13.0
stoch64,2026,1,2019,2012,2019,2020,2019,africa,46.1582145690918,227.0,-172.8417854309082,8.0
stoch64,2026,1,2019,2012,2019,2020,2019,sites,48.41948699951172,246.0,-169.58051300048828,28.0
stoch64,2026,1,2019,2012,2019,2020,2019,language,24.356016159057617,220.0,-186.64398384094238,9.0
stoch64,2026,1,2019,2012,2019,2020,2019,brand,40.99761962890625,233.0,-167.00238037109375,25.0
stoch64,2026,1,2019,2012,2019,2020,2019,silk,47.3880615234375,373.0,-156.6119384765625,169.0
stoch64,2026,1,2019,2012,2019,2020,2019,plan,27.06472396850586,213.0,-174.93527603149414,11.0
stoch64,2026,1,2019,2012,2019,2020,2019,可持续发展,45.68461990356445,212.0,-152.31538009643555,14.0
stoch64,2026,1,2019,2012,2019,2020,2019,the middle east,31.997791290283203,221.0,-164.0022087097168,25.0
stoch64,2026,1,2019,2012,2019,2020,2019,carrying,36.9721565246582,211.0,-158.0278434753418,16.0
stoch64,2026,1,2019,2012,2019,2020,2019,效果,50.3621711730957,271.0,-144.6378288269043,76.0
stoch64,2026,1,2019,2012,2019,2020,2019,分析,46.81684494018555,212.0,-145.18315505981445,20.0
stoch64,2026,1,2019,2012,2019,2020,2019,reality,47.24140167236328,209.0,-143.75859832763672,18.0
stoch64,2026,1,2019,2012,2019,2020,2019,content,42.91567611694336,210.0,-147.08432388305664,20.0
stoch64,2026,1,2019,2012,2019,2020,2019,middle east,35.92738723754883,203.0,-153.07261276245117,14.0
stoch64,2026,1,2019,2012,2019,2020,2019,服务,49.81061935424805,179.0,-138.18938064575195,-9.0
stoch64,2026,1,2019,2012,2019,2020,2019,source,46.48863220214844,213.0,-140.51136779785156,26.0
stoch64,2026,1,2019,2012,2019,2020,2019,carrying capacity,36.43694305419922,202.0,-149.56305694580078,16.0
stoch64,2026,1,2019,2012,2019,2020,2019,数字,49.79103469848633,322.0,-135.20896530151367,137.0
stoch64,2026,1,2019,2012,2019,2020,2019,in the middle,37.800926208496094,190.0,-144.1990737915039,8.0
stoch64,2026,1,2019,2012,2019,2020,2019,系统综述,47.131744384765625,222.0,-134.86825561523438,40.0
stoch64,2026,1,2019,2012,2019,2020,2019,实践,48.58948516845703,169.0,-129.41051483154297,-9.0
stoch64,2026,1,2019,2012,2019,2020,2019,graph,45.962188720703125,179.0,-130.03781127929688,3.0
stoch64,2026,1,2019,2012,2019,2020,2019,outbound,19.63487434387207,176.0,-156.36512565612793,0.0
stoch64,2026,1,2019,2012,2019,2020,2019,语境,47.57167053222656,209.0,-127.42832946777344,34.0
stoch64,2026,1,2019,2012,2019,2020,2019,框架,40.79329299926758,221.0,-131.20670700073242,49.0
stoch64,2026,1,2019,2012,2019,2020,2019,al jazeera,45.980567932128906,181.0,-125.0194320678711,10.0
stoch64,2026,1,2019,2012,2019,2020,2019,jazeera,45.980567932128906,181.0,-125.0194320678711,10.0
stoch64,2026,1,2019,2012,2019,2020,2019,流程,49.29377365112305,194.0,-119.70622634887695,25.0
stoch64,2026,1,2019,2012,2019,2020,2019,belt,47.779075622558594,236.0,-118.2209243774414,70.0
stoch64,2026,1,2019,2012,2019,2020,2019,in the middle east,36.76833724975586,181.0,-128.23166275024414,16.0
stoch64,2026,1,2019,2012,2019,2020,2019,政策,43.637420654296875,161.0,-121.36257934570312,-4.0
stoch64,2026,1,2019,2012,2019,2020,2019,软实力,43.08720016479492,175.0,-121.91279983520508,10.0
stoch64,2026,1,2019,2012,2019,2020,2019,marketing,44.20207214355469,217.0,-119.79792785644531,53.0
stoch64,2026,1,2019,2012,2019,2020,2019,religious,47.04909896850586,153.0,-115.95090103149414,-10.0
stoch64,2026,1,2019,2012,2019,2020,2019,country,44.73335266113281,144.0,-117.26664733886719,-18.0
stoch64,2026,1,2019,2012,2019,2020,2019,islam,49.809661865234375,166.0,-112.19033813476562,4.0
stoch64,2026,1,2019,2012,2019,2020,2019,urban,41.108089447021484,187.0,-120.89191055297852,25.0
stoch64,2026,3,2019,2012,2019,2022,2019,旅游,114.11236572265625,4242.0,-2916.8876342773438,1211.0
stoch64,2026,3,2019,2012,2019,2022,2019,tour,108.39720916748047,3857.0,-2784.6027908325195,964.0
stoch64,2026,3,2019,2012,2019,2022,2019,文化,109.14403533935547,2521.0,-1594.8559646606445,817.0
stoch64,2026,3,2019,2012,2019,2022,2019,nation,109.40668487548828,2266.0,-1373.5933151245117,783.0
stoch64,2026,3,2019,2012,2019,2022,2019,遗产,105.38089752197266,1698.0,-1245.6191024780273,347.0
stoch64,2026,3,2019,2012,2019,2022,2019,阿拉伯,93.08988189697266,784.0,-736.9101181030273,-46.0
stoch64,2026,3,2019,2012,2019,2022,2019,发展,96.73596954345703,907.0,-659.264030456543,151.0
stoch64,2026,3,2019,2012,2019,2022,2019,目的地,93.79989624023438,1036.0,-591.2001037597656,351.0
stoch64,2026,3,2019,2012,2019,2022,2019,world,94.2155990600586,627.0,-589.7844009399414,-57.0
stoch64,2026,3,2019,2012,2019,2022,2019,view,96.69669342041016,1100.0,-575.3033065795898,428.0
stoch64,2026,3,2019,2012,2019,2022,2019,rate,92.7795181274414,894.0,-543.2204818725586,258.0
stoch64,2026,3,2019,2012,2019,2022,2019,city,89.634765625,755.0,-545.365234375,120.0
stoch64,2026,3,2019,2012,2019,2022,2019,研究,96.2225341796875,901.0,-497.7774658203125,307.0
stoch64,2026,3,2019,2012,2019,2022,2019,艺术,97.21745300292969,992.0,-463.7825469970703,431.0
stoch64,2026,3,2019,2012,2019,2022,2019,site,92.09312438964844,670.0,-461.90687561035156,116.0
stoch64,2026,3,2019,2012,2019,2022,2019,image,90.32262420654297,783.0,-446.67737579345703,246.0
stoch64,2026,3,2019,2012,2019,2022,2019,社会,90.41472625732422,727.0,-432.5852737426758,204.0
stoch64,2026,3,2019,2012,2019,2022,2019,media,90.51573944091797,588.0,-427.48426055908203,70.0
stoch64,2026,3,2019,2012,2019,2022,2019,search,94.0496597290039,797.0,-422.9503402709961,280.0
stoch64,2026,3,2019,2012,2019,2022,2019,work,91.204833984375,623.0,-402.795166015625,129.0
stoch64,2026,3,2019,2012,2019,2022,2019,中国,88.47621154785156,600.0,-308.52378845214844,203.0
stoch64,2026,3,2019,2012,2019,2022,2019,国家,86.97029876708984,523.0,-306.02970123291016,130.0
stoch64,2026,3,2019,2012,2019,2022,2019,影响,89.36729431152344,563.0,-280.63270568847656,193.0
stoch64,2026,3,2019,2012,2019,2022,2019,挑战,85.74163818359375,597.0,-284.25836181640625,227.0
stoch64,2026,3,2019,2012,2019,2022,2019,text,88.49673461914062,565.0,-274.5032653808594,202.0
stoch64,2026,3,2019,2012,2019,2022,2019,challenges,85.2551040649414,553.0,-259.7448959350586,208.0
stoch64,2026,3,2019,2012,2019,2022,2019,east,52.62700653076172,419.0,-279.3729934692383,87.0
stoch64,2026,3,2019,2012,2019,2022,2019,gene,80.3791732788086,406.0,-247.6208267211914,78.0
stoch64,2026,3,2019,2012,2019,2022,2019,chinese,77.0069351196289,325.0,-249.9930648803711,-2.0
stoch64,2026,3,2019,2012,2019,2022,2019,land,81.44672393798828,380.0,-245.55327606201172,53.0
stoch64,2026,3,2019,2012,2019,2022,2019,社交媒体,82.98461151123047,452.0,-235.01538848876953,134.0
stoch64,2026,3,2019,2012,2019,2022,2019,应用,84.57521057128906,470.0,-232.42478942871094,153.0
stoch64,2026,3,2019,2012,2019,2022,2019,power,82.98625183105469,334.0,-227.0137481689453,24.0
stoch64,2026,3,2019,2012,2019,2022,2019,可持续,79.50060272216797,443.0,-230.49939727783203,133.0
stoch64,2026,3,2019,2012,2019,2022,2019,经济,86.7938003540039,467.0,-223.2061996459961,157.0
stoch64,2026,3,2019,2012,2019,2022,2019,road,83.07696533203125,555.0,-211.92303466796875,260.0
stoch64,2026,3,2019,2012,2019,2022,2019,经验,79.65575408935547,403.0,-215.34424591064453,108.0
stoch64,2026,3,2019,2012,2019,2022,2019,管理,86.59124755859375,413.0,-201.40875244140625,125.0
stoch64,2026,3,2019,2012,2019,2022,2019,全球,80.78034973144531,377.0,-205.2196502685547,91.0
stoch64,2026,3,2019,2012,2019,2022,2019,学习,86.74089813232422,564.0,-193.25910186767578,284.0
stoch64,2026,3,2019,2012,2019,2022,2019,change,81.2699203491211,386.0,-196.7300796508789,108.0
stoch64,2026,3,2019,2012,2019,2022,2019,视角,84.28468322753906,504.0,-190.71531677246094,229.0
stoch64,2026,3,2019,2012,2019,2022,2019,遗产旅行,71.54470825195312,324.0,-200.45529174804688,52.0
stoch64,2026,3,2019,2012,2019,2022,2019,地方,83.27685546875,271.0,-178.72314453125,9.0
stoch64,2026,3,2019,2012,2019,2022,2019,soft,76.33174133300781,268.0,-183.6682586669922,8.0
stoch64,2026,3,2019,2012,2019,2022,2019,action,51.8353271484375,281.0,-205.1646728515625,24.0
stoch64,2026,3,2019,2012,2019,2022,2019,real,80.8479995727539,378.0,-171.1520004272461,126.0
stoch64,2026,3,2019,2012,2019,2022,2019,state,70.40471649169922,261.0,-181.59528350830078,9.0
stoch64,2026,3,2019,2012,2019,2022,2019,diplomacy,83.12091827392578,422.0,-166.87908172607422,172.0
stoch64,2026,3,2019,2012,2019,2022,2019,mental,84.86251068115234,323.0,-163.13748931884766,75.0
stoch64,2026,3,2019,2012,2019,2022,2019,丝绸之路,79.14375305175781,543.0,-167.8562469482422,296.0
stoch64,2026,3,2019,2012,2019,2022,2019,post,77.08567810058594,461.0,-167.91432189941406,216.0
stoch64,2026,3,2019,2012,2019,2022,2019,formation,83.59871673583984,430.0,-160.40128326416016,186.0
stoch64,2026,3,2019,2012,2019,2022,2019,游客,75.27523040771484,347.0,-168.72476959228516,103.0
stoch64,2026,3,2019,2012,2019,2022,2019,branding,73.87255096435547,366.0,-166.12744903564453,126.0
stoch64,2026,3,2019,2012,2019,2022,2019,relations,79.94587707519531,183.0,-160.0541229248047,-57.0
stoch64,2026,3,2019,2012,2019,2022,2019,place,55.82005310058594,252.0,-182.17994689941406,14.0
stoch64,2026,3,2019,2012,2019,2022,2019,role,80.85322570800781,445.0,-156.1467742919922,208.0
stoch64,2026,3,2019,2012,2019,2022,2019,conflict,81.00879669189453,245.0,-154.99120330810547,9.0
stoch64,2026,3,2019,2012,2019,2022,2019,案例研究,75.27751922607422,228.0,-160.72248077392578,-8.0
stoch64,2026,3,2019,2012,2019,2022,2019,原真性,79.55186462402344,418.0,-148.44813537597656,190.0
stoch64,2026,3,2019,2012,2019,2022,2019,time,81.3906021118164,443.0,-145.6093978881836,216.0
stoch64,2026,3,2019,2012,2019,2022,2019,product,69.29715728759766,226.0,-155.70284271240234,1.0
stoch64,2026,3,2019,2012,2019,2022,2019,africa,74.76061248779297,242.0,-144.23938751220703,23.0
stoch64,2026,3,2019,2012,2019,2022,2019,sites,77.44648742675781,289.0,-140.5535125732422,71.0
stoch64,2026,3,2019,2012,2019,2022,2019,language,48.24354934692383,215.0,-162.75645065307617,4.0
stoch64,2026,3,2019,2012,2019,2022,2019,brand,68.6384048461914,328.0,-139.3615951538086,120.0
stoch64,2026,3,2019,2012,2019,2022,2019,silk,76.23570251464844,466.0,-127.76429748535156,262.0
stoch64,2026,3,2019,2012,2019,2022,2019,plan,51.64726257324219,244.0,-150.3527374267578,42.0
stoch64,2026,3,2019,2012,2019,2022,2019,可持续发展,74.20832824707031,279.0,-123.79167175292969,81.0
stoch64,2026,3,2019,2012,2019,2022,2019,the middle east,57.80651092529297,236.0,-138.19348907470703,40.0
stoch64,2026,3,2019,2012,2019,2022,2019,carrying,63.81542205810547,93.0,-131.18457794189453,-102.0
stoch64,2026,3,2019,2012,2019,2022,2019,效果,79.7295150756836,328.0,-115.2704849243164,133.0
stoch64,2026,3,2019,2012,2019,2022,2019,分析,75.54951477050781,212.0,-116.45048522949219,20.0
stoch64,2026,3,2019,2012,2019,2022,2019,reality,76.06100463867188,256.0,-114.93899536132812,65.0
stoch64,2026,3,2019,2012,2019,2022,2019,content,70.93768310546875,255.0,-119.06231689453125,65.0
stoch64,2026,3,2019,2012,2019,2022,2019,middle east,62.580421447753906,197.0,-126.4195785522461,8.0
stoch64,2026,3,2019,2012,2019,2022,2019,服务,79.0846939086914,153.0,-108.9153060913086,-35.0
stoch64,2026,3,2019,2012,2019,2022,2019,source,75.16771697998047,163.0,-111.83228302001953,-24.0
stoch64,2026,3,2019,2012,2019,2022,2019,carrying capacity,63.178165435791016,84.0,-122.82183456420898,-102.0
stoch64,2026,3,2019,2012,2019,2022,2019,数字,79.06090545654297,626.0,-105.93909454345703,441.0
stoch64,2026,3,2019,2012,2019,2022,2019,in the middle,64.84026336669922,174.0,-117.15973663330078,-8.0
stoch64,2026,3,2019,2012,2019,2022,2019,系统综述,75.92964172363281,229.0,-106.07035827636719,47.0
stoch64,2026,3,2019,2012,2019,2022,2019,实践,77.65087890625,230.0,-100.34912109375,52.0
stoch64,2026,3,2019,2012,2019,2022,2019,graph,74.54496002197266,223.0,-101.45503997802734,47.0
stoch64,2026,3,2019,2012,2019,2022,2019,outbound,42.374488830566406,108.0,-133.6255111694336,-68.0
stoch64,2026,3,2019,2012,2019,2022,2019,语境,76.4528579711914,258.0,-98.5471420288086,83.0
stoch64,2026,3,2019,2012,2019,2022,2019,框架,68.39661407470703,263.0,-103.60338592529297,91.0
stoch64,2026,3,2019,2012,2019,2022,2019,al jazeera,74.58575439453125,138.0,-96.41424560546875,-33.0
stoch64,2026,3,2019,2012,2019,2022,2019,jazeera,74.58575439453125,138.0,-96.41424560546875,-33.0
stoch64,2026,3,2019,2012,2019,2022,2019,流程,78.48409271240234,221.0,-90.51590728759766,52.0
stoch64,2026,3,2019,2012,2019,2022,2019,belt,76.7110366821289,328.0,-89.2889633178711,162.0
stoch64,2026,3,2019,2012,2019,2022,2019,in the middle east,63.61228561401367,190.0,-101.38771438598633,25.0
stoch64,2026,3,2019,2012,2019,2022,2019,政策,71.8005142211914,255.0,-93.1994857788086,90.0
stoch64,2026,3,2019,2012,2019,2022,2019,软实力,71.15848541259766,177.0,-93.84151458740234,12.0
stoch64,2026,3,2019,2012,2019,2022,2019,marketing,72.4688949584961,345.0,-91.5311050415039,181.0
stoch64,2026,3,2019,2012,2019,2022,2019,religious,75.8467788696289,227.0,-87.1532211303711,64.0
stoch64,2026,3,2019,2012,2019,2022,2019,country,73.10491943359375,254.0,-88.89508056640625,92.0
stoch64,2026,3,2019,2012,2019,2022,2019,islam,79.0970687866211,119.0,-82.9029312133789,-43.0
stoch64,2026,3,2019,2012,2019,2022,2019,urban,68.78366088867188,252.0,-93.21633911132812,90.0
stoch64,2026,5,2019,2012,2019,2024,2019,旅游,138.410888671875,5508.0,-2892.589111328125,2477.0
stoch64,2026,5,2019,2012,2019,2024,2019,tour,132.6244659423828,4819.0,-2760.375534057617,1926.0
stoch64,2026,5,2019,2012,2019,2024,2019,文化,133.42689514160156,3099.0,-1570.5731048583984,1395.0
stoch64,2026,5,2019,2012,2019,2024,2019,nation,133.70730590820312,2652.0,-1349.2926940917969,1169.0
stoch64,2026,5,2019,2012,2019,2024,2019,遗产,129.6114959716797,1984.0,-1221.3885040283203,633.0
stoch64,2026,5,2019,2012,2019,2024,2019,阿拉伯,116.94932556152344,1033.0,-713.0506744384766,203.0
stoch64,2026,5,2019,2012,2019,2024,2019,发展,120.75432586669922,1136.0,-635.2456741333008,380.0
stoch64,2026,5,2019,2012,2019,2024,2019,目的地,117.71269226074219,1258.0,-567.2873077392578,573.0
stoch64,2026,5,2019,2012,2019,2024,2019,world,118.14436340332031,645.0,-565.8556365966797,-39.0
stoch64,2026,5,2019,2012,2019,2024,2019,view,120.72042846679688,1119.0,-551.2795715332031,447.0
stoch64,2026,5,2019,2012,2019,2024,2019,rate,116.65038299560547,1324.0,-519.3496170043945,688.0
stoch64,2026,5,2019,2012,2019,2024,2019,city,113.35606384277344,938.0,-521.6439361572266,303.0
stoch64,2026,5,2019,2012,2019,2024,2019,研究,120.24021911621094,1258.0,-473.75978088378906,664.0
stoch64,2026,5,2019,2012,2019,2024,2019,艺术,121.27498626708984,1274.0,-439.72501373291016,713.0
stoch64,2026,5,2019,2012,2019,2024,2019,site,115.94742584228516,537.0,-438.05257415771484,-17.0
stoch64,2026,5,2019,2012,2019,2024,2019,image,114.09332275390625,952.0,-422.90667724609375,415.0
stoch64,2026,5,2019,2012,2019,2024,2019,社会,114.18814086914062,939.0,-408.8118591308594,416.0
stoch64,2026,5,2019,2012,2019,2024,2019,media,114.2961196899414,821.0,-403.7038803100586,303.0
stoch64,2026,5,2019,2012,2019,2024,2019,search,117.99248504638672,976.0,-399.0075149536133,459.0
stoch64,2026,5,2019,2012,2019,2024,2019,work,115.01990509033203,684.0,-378.98009490966797,190.0
stoch64,2026,5,2019,2012,2019,2024,2019,中国,112.18060302734375,774.0,-284.81939697265625,377.0
stoch64,2026,5,2019,2012,2019,2024,2019,国家,110.59419250488281,564.0,-282.4058074951172,171.0
stoch64,2026,5,2019,2012,2019,2024,2019,影响,113.12052154541016,699.0,-256.87947845458984,329.0
stoch64,2026,5,2019,2012,2019,2024,2019,挑战,109.30128479003906,666.0,-260.69871520996094,296.0
stoch64,2026,5,2019,2012,2019,2024,2019,text,112.20780944824219,804.0,-250.7921905517578,441.0
stoch64,2026,5,2019,2012,2019,2024,2019,challenges,108.79344177246094,633.0,-236.20655822753906,288.0
stoch64,2026,5,2019,2012,2019,2024,2019,east,73.30728149414062,343.0,-258.6927185058594,11.0
stoch64,2026,5,2019,2012,2019,2024,2019,gene,103.61751556396484,796.0,-224.38248443603516,468.0
stoch64,2026,5,2019,2012,2019,2024,2019,chinese,100.01251220703125,424.0,-226.98748779296875,97.0
stoch64,2026,5,2019,2012,2019,2024,2019,land,104.75440216064453,340.0,-222.24559783935547,13.0
stoch64,2026,5,2019,2012,2019,2024,2019,社交媒体,106.3947982788086,677.0,-211.6052017211914,359.0
stoch64,2026,5,2019,2012,2019,2024,2019,应用,108.07931518554688,495.0,-208.92068481445312,178.0
stoch64,2026,5,2019,2012,2019,2024,2019,power,106.40191650390625,386.0,-203.59808349609375,76.0
stoch64,2026,5,2019,2012,2019,2024,2019,可持续,102.6842041015625,589.0,-207.3157958984375,279.0
stoch64,2026,5,2019,2012,2019,2024,2019,经济,110.42552947998047,564.0,-199.57447052001953,254.0
stoch64,2026,5,2019,2012,2019,2024,2019,road,106.50680541992188,490.0,-188.49319458007812,195.0
stoch64,2026,5,2019,2012,2019,2024,2019,经验,102.8542251586914,473.0,-192.1457748413086,178.0
stoch64,2026,5,2019,2012,2019,2024,2019,管理,110.21851348876953,480.0,-177.78148651123047,192.0
stoch64,2026,5,2019,2012,2019,2024,2019,全球,104.05402374267578,358.0,-181.94597625732422,72.0
stoch64,2026,5,2019,2012,2019,2024,2019,学习,110.3805923461914,568.0,-169.6194076538086,288.0
stoch64,2026,5,2019,2012,2019,2024,2019,change,104.58203125,426.0,-173.41796875,148.0
stoch64,2026,5,2019,2012,2019,2024,2019,视角,107.78526306152344,668.0,-167.21473693847656,393.0
stoch64,2026,5,2019,2012,2019,2024,2019,遗产旅行,94.15105438232422,378.0,-177.84894561767578,106.0
stoch64,2026,5,2019,2012,2019,2024,2019,地方,106.72237396240234,273.0,-155.27762603759766,11.0
stoch64,2026,5,2019,2012,2019,2024,2019,soft,99.31234741210938,276.0,-160.68765258789062,16.0
stoch64,2026,5,2019,2012,2019,2024,2019,action,72.43807220458984,350.0,-184.56192779541016,93.0
stoch64,2026,5,2019,2012,2019,2024,2019,real,104.14212799072266,541.0,-147.85787200927734,289.0
stoch64,2026,5,2019,2012,2019,2024,2019,state,92.90396118164062,305.0,-159.09603881835938,53.0
stoch64,2026,5,2019,2012,2019,2024,2019,diplomacy,106.5657730102539,494.0,-143.4342269897461,244.0
stoch64,2026,5,2019,2012,2019,2024,2019,mental,108.40253448486328,264.0,-139.59746551513672,16.0
stoch64,2026,5,2019,2012,2019,2024,2019,丝绸之路,102.33786010742188,522.0,-144.66213989257812,275.0
stoch64,2026,5,2019,2012,2019,2024,2019,post,100.12374114990234,546.0,-144.87625885009766,301.0
stoch64,2026,5,2019,2012,2019,2024,2019,formation,107.06666564941406,506.0,-136.93333435058594,262.0
stoch64,2026,5,2019,2012,2019,2024,2019,游客,98.18112182617188,376.0,-145.81887817382812,132.0
stoch64,2026,5,2019,2012,2019,2024,2019,branding,96.67838287353516,314.0,-143.32161712646484,74.0
stoch64,2026,5,2019,2012,2019,2024,2019,relations,103.18331909179688,179.0,-136.81668090820312,-61.0
stoch64,2026,5,2019,2012,2019,2024,2019,place,76.89824676513672,221.0,-161.10175323486328,-17.0
stoch64,2026,5,2019,2012,2019,2024,2019,role,104.1480941772461,649.0,-132.8519058227539,412.0
stoch64,2026,5,2019,2012,2019,2024,2019,conflict,104.32010650634766,174.0,-131.67989349365234,-62.0
stoch64,2026,5,2019,2012,2019,2024,2019,案例研究,98.17369842529297,316.0,-137.82630157470703,80.0
stoch64,2026,5,2019,2012,2019,2024,2019,原真性,102.77165222167969,445.0,-125.22834777832031,217.0
stoch64,2026,5,2019,2012,2019,2024,2019,time,104.73625183105469,391.0,-122.26374816894531,164.0
stoch64,2026,5,2019,2012,2019,2024,2019,product,91.70640563964844,334.0,-133.29359436035156,109.0
stoch64,2026,5,2019,2012,2019,2024,2019,africa,97.63079071044922,242.0,-121.36920928955078,23.0
stoch64,2026,5,2019,2012,2019,2024,2019,sites,100.53327941894531,210.0,-117.46672058105469,-8.0
stoch64,2026,5,2019,2012,2019,2024,2019,language,68.45405578613281,369.0,-142.5459442138672,158.0
stoch64,2026,5,2019,2012,2019,2024,2019,brand,91.01961517333984,297.0,-116.98038482666016,89.0
stoch64,2026,5,2019,2012,2019,2024,2019,silk,99.24005126953125,429.0,-104.75994873046875,225.0
stoch64,2026,5,2019,2012,2019,2024,2019,plan,72.26549530029297,254.0,-129.73450469970703,52.0
stoch64,2026,5,2019,2012,2019,2024,2019,可持续发展,97.04418182373047,371.0,-100.95581817626953,173.0
stoch64,2026,5,2019,2012,2019,2024,2019,the middle east,79.16187286376953,129.0,-116.83812713623047,-67.0
stoch64,2026,5,2019,2012,2019,2024,2019,carrying,85.75971221923828,81.0,-109.24028778076172,-114.0
stoch64,2026,5,2019,2012,2019,2024,2019,效果,102.96842956542969,339.0,-92.03157043457031,144.0
stoch64,2026,5,2019,2012,2019,2024,2019,分析,98.48905181884766,253.0,-93.51094818115234,61.0
stoch64,2026,5,2019,2012,2019,2024,2019,reality,99.04951477050781,383.0,-91.95048522949219,192.0
stoch64,2026,5,2019,2012,2019,2024,2019,content,93.52788543701172,369.0,-96.47211456298828,179.0
stoch64,2026,5,2019,2012,2019,2024,2019,middle east,84.42713165283203,79.0,-104.57286834716797,-110.0
stoch64,2026,5,2019,2012,2019,2024,2019,服务,102.2831802368164,317.0,-85.7168197631836,129.0
stoch64,2026,5,2019,2012,2019,2024,2019,source,98.08496856689453,163.0,-88.91503143310547,-24.0
stoch64,2026,5,2019,2012,2019,2024,2019,carrying capacity,85.06825256347656,81.0,-100.93174743652344,-105.0
stoch64,2026,5,2019,2012,2019,2024,2019,数字,102.2567367553711,985.0,-82.7432632446289,800.0
stoch64,2026,5,2019,2012,2019,2024,2019,in the middle,86.90719604492188,90.0,-95.09280395507812,-92.0
stoch64,2026,5,2019,2012,2019,2024,2019,系统综述,98.90573120117188,195.0,-83.09426879882812,13.0
stoch64,2026,5,2019,2012,2019,2024,2019,实践,100.7529296875,227.0,-77.2470703125,49.0
stoch64,2026,5,2019,2012,2019,2024,2019,graph,97.41435241699219,396.0,-78.58564758300781,220.0
stoch64,2026,5,2019,2012,2019,2024,2019,outbound,61.965274810791016,54.0,-114.03472518920898,-122.0
stoch64,2026,5,2019,2012,2019,2024,2019,语境,99.47113037109375,281.0,-75.52886962890625,106.0
stoch64,2026,5,2019,2012,2019,2024,2019,框架,90.7586898803711,335.0,-81.2413101196289,163.0
stoch64,2026,5,2019,2012,2019,2024,2019,al jazeera,97.47824096679688,48.0,-73.52175903320312,-123.0
stoch64,2026,5,2019,2012,2019,2024,2019,jazeera,97.47824096679688,65.0,-73.52175903320312,-106.0
stoch64,2026,5,2019,2012,2019,2024,2019,流程,101.64805603027344,180.0,-67.35194396972656,11.0
stoch64,2026,5,2019,2012,2019,2024,2019,belt,99.76119995117188,269.0,-66.23880004882812,103.0
stoch64,2026,5,2019,2012,2019,2024,2019,in the middle east,85.57585144042969,97.0,-79.42414855957031,-68.0
stoch64,2026,5,2019,2012,2019,2024,2019,政策,94.46563720703125,254.0,-70.53436279296875,89.0
stoch64,2026,5,2019,2012,2019,2024,2019,软实力,93.7833480834961,175.0,-71.2166519165039,10.0
stoch64,2026,5,2019,2012,2019,2024,2019,marketing,95.18562316894531,544.0,-68.81437683105469,380.0
stoch64,2026,5,2019,2012,2019,2024,2019,religious,98.83110809326172,247.0,-64.16889190673828,84.0
stoch64,2026,5,2019,2012,2019,2024,2019,country,95.87818908691406,255.0,-66.12181091308594,93.0
stoch64,2026,5,2019,2012,2019,2024,2019,islam,102.30879211425781,102.0,-59.69120788574219,-60.0
stoch64,2026,5,2019,2012,2019,2024,2019,urban,91.19023895263672,255.0,-70.80976104736328,93.0
stoch64,3407,1,2019,2012,2019,2020,2019,旅游,78.58926391601562,3486.0,-2952.4107360839844,455.0
stoch64,3407,1,2019,2012,2019,2020,2019,tour,73.04755401611328,3300.0,-2819.9524459838867,407.0
stoch64,3407,1,2019,2012,2019,2020,2019,文化,75.5171127319336,2014.0,-1628.4828872680664,310.0
stoch64,3407,1,2019,2012,2019,2020,2019,nation,76.29756164550781,1766.0,-1406.7024383544922,283.0
stoch64,3407,1,2019,2012,2019,2020,2019,遗产,72.53131866455078,1587.0,-1278.4686813354492,236.0
stoch64,3407,1,2019,2012,2019,2020,2019,阿拉伯,61.7313117980957,881.0,-768.2686882019043,51.0
stoch64,3407,1,2019,2012,2019,2020,2019,发展,65.6741714477539,899.0,-690.3258285522461,143.0
stoch64,3407,1,2019,2012,2019,2020,2019,目的地,63.0635986328125,794.0,-621.9364013671875,109.0
stoch64,3407,1,2019,2012,2019,2020,2019,world,63.47013473510742,786.0,-620.5298652648926,102.0
stoch64,3407,1,2019,2012,2019,2020,2019,view,65.97101593017578,905.0,-606.0289840698242,233.0
stoch64,3407,1,2019,2012,2019,2020,2019,rate,62.23396301269531,683.0,-573.7660369873047,47.0
stoch64,3407,1,2019,2012,2019,2020,2019,city,59.09878921508789,681.0,-575.9012107849121,46.0
stoch64,3407,1,2019,2012,2019,2020,2019,研究,65.8906478881836,734.0,-528.1093521118164,140.0
stoch64,3407,1,2019,2012,2019,2020,2019,艺术,67.06098175048828,646.0,-493.9390182495117,85.0
stoch64,3407,1,2019,2012,2019,2020,2019,site,61.972660064697266,657.0,-492.02733993530273,103.0
stoch64,3407,1,2019,2012,2019,2020,2019,image,60.2752799987793,662.0,-476.7247200012207,125.0
stoch64,3407,1,2019,2012,2019,2020,2019,社会,60.4129638671875,616.0,-462.5870361328125,93.0
stoch64,3407,1,2019,2012,2019,2020,2019,media,60.55268859863281,576.0,-457.4473114013672,58.0
stoch64,3407,1,2019,2012,2019,2020,2019,search,64.12606811523438,632.0,-452.8739318847656,115.0
stoch64,3407,1,2019,2012,2019,2020,2019,work,61.366424560546875,529.0,-432.6335754394531,35.0
stoch64,3407,1,2019,2012,2019,2020,2019,中国,59.300357818603516,537.0,-337.6996421813965,140.0
stoch64,3407,1,2019,2012,2019,2020,2019,国家,57.81722640991211,492.0,-335.1827735900879,99.0
stoch64,3407,1,2019,2012,2019,2020,2019,影响,60.38655471801758,466.0,-309.6134452819824,96.0
stoch64,3407,1,2019,2012,2019,2020,2019,挑战,56.754756927490234,476.0,-313.24524307250977,106.0
stoch64,3407,1,2019,2012,2019,2020,2019,text,59.567752838134766,415.0,-303.43224716186523,52.0
stoch64,3407,1,2019,2012,2019,2020,2019,challenges,56.465274810791016,451.0,-288.534725189209,106.0
stoch64,3407,1,2019,2012,2019,2020,2019,east,24.929513931274414,405.0,-307.0704860687256,73.0
stoch64,3407,1,2019,2012,2019,2020,2019,gene,51.74420166015625,329.0,-276.25579833984375,1.0
stoch64,3407,1,2019,2012,2019,2020,2019,chinese,48.43050765991211,359.0,-278.5694923400879,32.0
stoch64,3407,1,2019,2012,2019,2020,2019,land,52.80748748779297,380.0,-274.19251251220703,53.0
stoch64,3407,1,2019,2012,2019,2020,2019,社交媒体,54.42558670043945,379.0,-263.57441329956055,61.0
stoch64,3407,1,2019,2012,2019,2020,2019,应用,56.01277542114258,336.0,-260.9872245788574,19.0
stoch64,3407,1,2019,2012,2019,2020,2019,power,54.50556564331055,328.0,-255.49443435668945,18.0
stoch64,3407,1,2019,2012,2019,2020,2019,可持续,51.020668029785156,389.0,-258.97933197021484,79.0
stoch64,3407,1,2019,2012,2019,2020,2019,经济,58.29750442504883,346.0,-251.70249557495117,36.0
stoch64,3407,1,2019,2012,2019,2020,2019,road,54.731204986572266,434.0,-240.26879501342773,139.0
stoch64,3407,1,2019,2012,2019,2020,2019,经验,51.3055534362793,321.0,-243.6944465637207,26.0
stoch64,3407,1,2019,2012,2019,2020,2019,管理,58.30055618286133,317.0,-229.69944381713867,29.0
stoch64,3407,1,2019,2012,2019,2020,2019,全球,52.49360275268555,357.0,-233.50639724731445,71.0
stoch64,3407,1,2019,2012,2019,2020,2019,学习,58.53021240234375,368.0,-221.46978759765625,88.0
stoch64,3407,1,2019,2012,2019,2020,2019,change,53.07404327392578,327.0,-224.92595672607422,49.0
stoch64,3407,1,2019,2012,2019,2020,2019,视角,56.11467742919922,368.0,-218.88532257080078,93.0
stoch64,3407,1,2019,2012,2019,2020,2019,遗产旅行,43.55888366699219,285.0,-228.4411163330078,13.0
stoch64,3407,1,2019,2012,2019,2020,2019,地方,55.238311767578125,319.0,-206.76168823242188,57.0
stoch64,3407,1,2019,2012,2019,2020,2019,soft,48.36614227294922,313.0,-211.63385772705078,53.0
stoch64,3407,1,2019,2012,2019,2020,2019,action,24.62769317626953,263.0,-232.37230682373047,6.0
stoch64,3407,1,2019,2012,2019,2020,2019,real,52.916587829589844,322.0,-199.08341217041016,70.0
stoch64,3407,1,2019,2012,2019,2020,2019,state,42.53398513793945,277.0,-209.46601486206055,25.0
stoch64,3407,1,2019,2012,2019,2020,2019,diplomacy,55.201908111572266,333.0,-194.79809188842773,83.0
stoch64,3407,1,2019,2012,2019,2020,2019,mental,56.972373962402344,344.0,-191.02762603759766,96.0
stoch64,3407,1,2019,2012,2019,2020,2019,丝绸之路,51.28152847290039,434.0,-195.7184715270996,187.0
stoch64,3407,1,2019,2012,2019,2020,2019,post,49.25342559814453,341.0,-195.74657440185547,96.0
stoch64,3407,1,2019,2012,2019,2020,2019,formation,55.748435974121094,316.0,-188.2515640258789,72.0
stoch64,3407,1,2019,2012,2019,2020,2019,游客,47.47696304321289,304.0,-196.5230369567871,60.0
stoch64,3407,1,2019,2012,2019,2020,2019,branding,46.15504455566406,239.0,-193.84495544433594,-1.0
stoch64,3407,1,2019,2012,2019,2020,2019,relations,52.14353561401367,247.0,-187.85646438598633,7.0
stoch64,3407,1,2019,2012,2019,2020,2019,place,28.503568649291992,285.0,-209.496431350708,47.0
stoch64,3407,1,2019,2012,2019,2020,2019,role,53.07267761230469,315.0,-183.9273223876953,78.0
stoch64,3407,1,2019,2012,2019,2020,2019,conflict,53.249481201171875,255.0,-182.75051879882812,19.0
stoch64,3407,1,2019,2012,2019,2020,2019,案例研究,47.50599670410156,237.0,-188.49400329589844,1.0
stoch64,3407,1,2019,2012,2019,2020,2019,原真性,51.8892936706543,264.0,-176.1107063293457,36.0
stoch64,3407,1,2019,2012,2019,2020,2019,time,53.721378326416016,382.0,-173.27862167358398,155.0
stoch64,3407,1,2019,2012,2019,2020,2019,product,41.691036224365234,212.0,-183.30896377563477,-13.0
stoch64,3407,1,2019,2012,2019,2020,2019,africa,47.21650695800781,227.0,-171.7834930419922,8.0
stoch64,3407,1,2019,2012,2019,2020,2019,sites,49.90742874145508,246.0,-168.09257125854492,28.0
stoch64,3407,1,2019,2012,2019,2020,2019,language,21.657081604003906,220.0,-189.3429183959961,9.0
stoch64,3407,1,2019,2012,2019,2020,2019,brand,41.333499908447266,233.0,-166.66650009155273,25.0
stoch64,3407,1,2019,2012,2019,2020,2019,silk,48.87310028076172,373.0,-155.12689971923828,169.0
stoch64,3407,1,2019,2012,2019,2020,2019,plan,24.833702087402344,213.0,-177.16629791259766,11.0
stoch64,3407,1,2019,2012,2019,2020,2019,可持续发展,46.921592712402344,212.0,-151.07840728759766,14.0
stoch64,3407,1,2019,2012,2019,2020,2019,the middle east,30.9268798828125,221.0,-165.0731201171875,25.0
stoch64,3407,1,2019,2012,2019,2020,2019,carrying,36.74358367919922,211.0,-158.25641632080078,16.0
stoch64,3407,1,2019,2012,2019,2020,2019,效果,52.46533203125,271.0,-142.53466796875,76.0
stoch64,3407,1,2019,2012,2019,2020,2019,分析,48.32942199707031,212.0,-143.6705780029297,20.0
stoch64,3407,1,2019,2012,2019,2020,2019,reality,48.86754608154297,209.0,-142.13245391845703,18.0
stoch64,3407,1,2019,2012,2019,2020,2019,content,43.82759094238281,210.0,-146.1724090576172,20.0
stoch64,3407,1,2019,2012,2019,2020,2019,middle east,35.681365966796875,203.0,-153.31863403320312,14.0
stoch64,3407,1,2019,2012,2019,2020,2019,服务,51.914886474609375,179.0,-136.08511352539062,-9.0
stoch64,3407,1,2019,2012,2019,2020,2019,source,48.02762985229492,213.0,-138.97237014770508,26.0
stoch64,3407,1,2019,2012,2019,2020,2019,carrying capacity,36.23650360107422,202.0,-149.76349639892578,16.0
stoch64,3407,1,2019,2012,2019,2020,2019,数字,51.932220458984375,322.0,-133.06777954101562,137.0
stoch64,3407,1,2019,2012,2019,2020,2019,in the middle,37.977596282958984,190.0,-144.02240371704102,8.0
stoch64,3407,1,2019,2012,2019,2020,2019,系统综述,48.85210418701172,222.0,-133.14789581298828,40.0
stoch64,3407,1,2019,2012,2019,2020,2019,实践,50.6226806640625,169.0,-127.3773193359375,-9.0
stoch64,3407,1,2019,2012,2019,2020,2019,graph,47.54640579223633,179.0,-128.45359420776367,3.0
stoch64,3407,1,2019,2012,2019,2020,2019,outbound,16.750730514526367,176.0,-159.24926948547363,0.0
stoch64,3407,1,2019,2012,2019,2020,2019,语境,49.471744537353516,209.0,-125.52825546264648,34.0
stoch64,3407,1,2019,2012,2019,2020,2019,框架,41.483577728271484,221.0,-130.51642227172852,49.0
stoch64,3407,1,2019,2012,2019,2020,2019,al jazeera,47.66651153564453,181.0,-123.33348846435547,10.0
stoch64,3407,1,2019,2012,2019,2020,2019,jazeera,47.66651153564453,181.0,-123.33348846435547,10.0
stoch64,3407,1,2019,2012,2019,2020,2019,流程,51.587486267089844,194.0,-117.41251373291016,25.0
stoch64,3407,1,2019,2012,2019,2020,2019,belt,49.84339904785156,236.0,-116.15660095214844,70.0
stoch64,3407,1,2019,2012,2019,2020,2019,in the middle east,37.00349426269531,181.0,-127.99650573730469,16.0
stoch64,3407,1,2019,2012,2019,2020,2019,政策,44.998870849609375,161.0,-120.00112915039062,-4.0
stoch64,3407,1,2019,2012,2019,2020,2019,软实力,44.376163482666016,175.0,-120.62383651733398,10.0
stoch64,3407,1,2019,2012,2019,2020,2019,marketing,45.669864654541016,217.0,-118.33013534545898,53.0
stoch64,3407,1,2019,2012,2019,2020,2019,religious,49.041038513183594,153.0,-113.9589614868164,-10.0
stoch64,3407,1,2019,2012,2019,2020,2019,country,46.33828353881836,144.0,-115.66171646118164,-18.0
stoch64,3407,1,2019,2012,2019,2020,2019,islam,52.304542541503906,166.0,-109.6954574584961,4.0
stoch64,3407,1,2019,2012,2019,2020,2019,urban,42.03500747680664,187.0,-119.96499252319336,25.0
stoch64,3407,3,2019,2012,2019,2022,2019,旅游,114.73661041259766,4242.0,-2916.2633895874023,1211.0
stoch64,3407,3,2019,2012,2019,2022,2019,tour,108.35355377197266,3857.0,-2784.6464462280273,964.0
stoch64,3407,3,2019,2012,2019,2022,2019,文化,111.2998275756836,2521.0,-1592.7001724243164,817.0
stoch64,3407,3,2019,2012,2019,2022,2019,nation,112.23567199707031,2266.0,-1370.7643280029297,783.0
stoch64,3407,3,2019,2012,2019,2022,2019,遗产,107.90510559082031,1698.0,-1243.0948944091797,347.0
stoch64,3407,3,2019,2012,2019,2022,2019,阿拉伯,95.33989715576172,784.0,-734.6601028442383,-46.0
stoch64,3407,3,2019,2012,2019,2022,2019,发展,100.0167007446289,907.0,-655.9832992553711,151.0
stoch64,3407,3,2019,2012,2019,2022,2019,目的地,96.98455047607422,1036.0,-588.0154495239258,351.0
stoch64,3407,3,2019,2012,2019,2022,2019,world,97.45552062988281,627.0,-586.5444793701172,-57.0
stoch64,3407,3,2019,2012,2019,2022,2019,view,100.37300872802734,1100.0,-571.6269912719727,428.0
stoch64,3407,3,2019,2012,2019,2022,2019,rate,96.00141906738281,894.0,-539.9985809326172,258.0
stoch64,3407,3,2019,2012,2019,2022,2019,city,92.28077697753906,755.0,-542.7192230224609,120.0
stoch64,3407,3,2019,2012,2019,2022,2019,研究,100.31143951416016,901.0,-493.68856048583984,307.0
stoch64,3407,3,2019,2012,2019,2022,2019,艺术,101.68128967285156,992.0,-459.31871032714844,431.0
stoch64,3407,3,2019,2012,2019,2022,2019,site,95.73393249511719,670.0,-458.2660675048828,116.0
stoch64,3407,3,2019,2012,2019,2022,2019,image,93.7177963256836,783.0,-443.2822036743164,246.0
stoch64,3407,3,2019,2012,2019,2022,2019,社会,93.86709594726562,727.0,-429.1329040527344,204.0
stoch64,3407,3,2019,2012,2019,2022,2019,media,94.04077911376953,588.0,-423.95922088623047,70.0
stoch64,3407,3,2019,2012,2019,2022,2019,search,98.27139282226562,797.0,-418.7286071777344,280.0
stoch64,3407,3,2019,2012,2019,2022,2019,work,95.00325012207031,623.0,-398.9967498779297,129.0
stoch64,3407,3,2019,2012,2019,2022,2019,中国,92.6283187866211,600.0,-304.3716812133789,203.0
stoch64,3407,3,2019,2012,2019,2022,2019,国家,90.86161041259766,523.0,-302.13838958740234,130.0
stoch64,3407,3,2019,2012,2019,2022,2019,影响,93.91790771484375,563.0,-276.08209228515625,193.0
stoch64,3407,3,2019,2012,2019,2022,2019,挑战,89.60417175292969,597.0,-280.3958282470703,227.0
stoch64,3407,3,2019,2012,2019,2022,2019,text,92.9540786743164,565.0,-270.0459213256836,202.0
stoch64,3407,3,2019,2012,2019,2022,2019,challenges,89.27572631835938,553.0,-255.72427368164062,208.0
stoch64,3407,3,2019,2012,2019,2022,2019,east,50.32115173339844,419.0,-281.67884826660156,87.0
stoch64,3407,3,2019,2012,2019,2022,2019,gene,83.6187744140625,406.0,-244.3812255859375,78.0
stoch64,3407,3,2019,2012,2019,2022,2019,chinese,79.62075805664062,325.0,-247.37924194335938,-2.0
stoch64,3407,3,2019,2012,2019,2022,2019,land,84.8959732055664,380.0,-242.1040267944336,53.0
stoch64,3407,3,2019,2012,2019,2022,2019,社交媒体,86.85636138916016,452.0,-231.14363861083984,134.0
stoch64,3407,3,2019,2012,2019,2022,2019,应用,88.74562072753906,470.0,-228.25437927246094,153.0
stoch64,3407,3,2019,2012,2019,2022,2019,power,86.97177124023438,334.0,-223.02822875976562,24.0
stoch64,3407,3,2019,2012,2019,2022,2019,可持续,82.75712585449219,443.0,-227.2428741455078,133.0
stoch64,3407,3,2019,2012,2019,2022,2019,经济,91.46994018554688,467.0,-218.53005981445312,157.0
stoch64,3407,3,2019,2012,2019,2022,2019,road,87.2717056274414,555.0,-207.7282943725586,260.0
stoch64,3407,3,2019,2012,2019,2022,2019,经验,83.111572265625,403.0,-211.888427734375,108.0
stoch64,3407,3,2019,2012,2019,2022,2019,管理,91.49044036865234,413.0,-196.50955963134766,125.0
stoch64,3407,3,2019,2012,2019,2022,2019,全球,84.5377197265625,377.0,-201.4622802734375,91.0
stoch64,3407,3,2019,2012,2019,2022,2019,学习,91.77645111083984,564.0,-188.22354888916016,284.0
stoch64,3407,3,2019,2012,2019,2022,2019,change,85.25839233398438,386.0,-192.74160766601562,108.0
stoch64,3407,3,2019,2012,2019,2022,2019,视角,88.9028549194336,504.0,-186.0971450805664,229.0
stoch64,3407,3,2019,2012,2019,2022,2019,遗产旅行,73.75482177734375,324.0,-198.24517822265625,52.0
stoch64,3407,3,2019,2012,2019,2022,2019,地方,87.87312316894531,271.0,-174.1268768310547,9.0
stoch64,3407,3,2019,2012,2019,2022,2019,soft,79.61111450195312,268.0,-180.38888549804688,8.0
stoch64,3407,3,2019,2012,2019,2022,2019,action,49.95834732055664,281.0,-207.04165267944336,24.0
stoch64,3407,3,2019,2012,2019,2022,2019,real,85.09542083740234,378.0,-166.90457916259766,126.0
stoch64,3407,3,2019,2012,2019,2022,2019,state,72.45033264160156,261.0,-179.54966735839844,9.0
stoch64,3407,3,2019,2012,2019,2022,2019,diplomacy,87.86066436767578,422.0,-162.13933563232422,172.0
stoch64,3407,3,2019,2012,2019,2022,2019,mental,89.9320297241211,323.0,-158.0679702758789,75.0
stoch64,3407,3,2019,2012,2019,2022,2019,丝绸之路,83.18636322021484,543.0,-163.81363677978516,296.0
stoch64,3407,3,2019,2012,2019,2022,2019,post,80.68814086914062,461.0,-164.31185913085938,216.0
stoch64,3407,3,2019,2012,2019,2022,2019,formation,88.48329162597656,430.0,-155.51670837402344,186.0
stoch64,3407,3,2019,2012,2019,2022,2019,游客,78.5405502319336,347.0,-165.4594497680664,103.0
stoch64,3407,3,2019,2012,2019,2022,2019,branding,76.96119689941406,366.0,-163.03880310058594,126.0
stoch64,3407,3,2019,2012,2019,2022,2019,relations,84.17223358154297,183.0,-155.82776641845703,-57.0
stoch64,3407,3,2019,2012,2019,2022,2019,place,54.96302032470703,252.0,-183.03697967529297,14.0
stoch64,3407,3,2019,2012,2019,2022,2019,role,85.27497100830078,445.0,-151.72502899169922,208.0
stoch64,3407,3,2019,2012,2019,2022,2019,conflict,85.51313018798828,245.0,-150.48686981201172,9.0
stoch64,3407,3,2019,2012,2019,2022,2019,案例研究,78.53364562988281,228.0,-157.4663543701172,-8.0
stoch64,3407,3,2019,2012,2019,2022,2019,原真性,83.8961410522461,418.0,-144.1038589477539,190.0
stoch64,3407,3,2019,2012,2019,2022,2019,time,86.11389923095703,443.0,-140.88610076904297,216.0
stoch64,3407,3,2019,2012,2019,2022,2019,product,71.42356872558594,226.0,-153.57643127441406,1.0
stoch64,3407,3,2019,2012,2019,2022,2019,africa,78.22429656982422,242.0,-140.77570343017578,23.0
stoch64,3407,3,2019,2012,2019,2022,2019,sites,81.5577392578125,289.0,-136.4422607421875,71.0
stoch64,3407,3,2019,2012,2019,2022,2019,language,46.17152786254883,215.0,-164.82847213745117,4.0
stoch64,3407,3,2019,2012,2019,2022,2019,brand,71.0759506225586,328.0,-136.9240493774414,120.0
stoch64,3407,3,2019,2012,2019,2022,2019,silk,80.31990051269531,466.0,-123.68009948730469,262.0
stoch64,3407,3,2019,2012,2019,2022,2019,plan,50.29787063598633,244.0,-151.70212936401367,42.0
stoch64,3407,3,2019,2012,2019,2022,2019,可持续发展,77.88603973388672,279.0,-120.11396026611328,81.0
stoch64,3407,3,2019,2012,2019,2022,2019,the middle east,58.18244934082031,236.0,-137.8175506591797,40.0
stoch64,3407,3,2019,2012,2019,2022,2019,carrying,65.41378784179688,93.0,-129.58621215820312,-102.0
stoch64,3407,3,2019,2012,2019,2022,2019,效果,84.59487915039062,328.0,-110.40512084960938,133.0
stoch64,3407,3,2019,2012,2019,2022,2019,分析,79.59623718261719,212.0,-112.40376281738281,20.0
stoch64,3407,3,2019,2012,2019,2022,2019,reality,80.29155731201172,256.0,-110.70844268798828,65.0
stoch64,3407,3,2019,2012,2019,2022,2019,content,74.17516326904297,255.0,-115.82483673095703,65.0
stoch64,3407,3,2019,2012,2019,2022,2019,middle east,64.16094970703125,197.0,-124.83905029296875,8.0
stoch64,3407,3,2019,2012,2019,2022,2019,服务,83.94246673583984,153.0,-104.05753326416016,-35.0
stoch64,3407,3,2019,2012,2019,2022,2019,source,79.25350952148438,163.0,-107.74649047851562,-24.0
stoch64,3407,3,2019,2012,2019,2022,2019,carrying capacity,64.8031005859375,84.0,-121.1968994140625,-102.0
stoch64,3407,3,2019,2012,2019,2022,2019,数字,83.95680236816406,626.0,-101.04319763183594,441.0
stoch64,3407,3,2019,2012,2019,2022,2019,in the middle,67.02704620361328,174.0,-114.97295379638672,-8.0
stoch64,3407,3,2019,2012,2019,2022,2019,系统综述,80.2552490234375,229.0,-101.7447509765625,47.0
stoch64,3407,3,2019,2012,2019,2022,2019,实践,82.39459228515625,230.0,-95.60540771484375,52.0
stoch64,3407,3,2019,2012,2019,2022,2019,graph,78.6603775024414,223.0,-97.3396224975586,47.0
stoch64,3407,3,2019,2012,2019,2022,2019,outbound,39.84952163696289,108.0,-136.1504783630371,-68.0
stoch64,3407,3,2019,2012,2019,2022,2019,语境,81.01380157470703,258.0,-93.98619842529297,83.0
stoch64,3407,3,2019,2012,2019,2022,2019,框架,71.25206756591797,263.0,-100.74793243408203,91.0
stoch64,3407,3,2019,2012,2019,2022,2019,al jazeera,78.88275146484375,138.0,-92.11724853515625,-33.0
stoch64,3407,3,2019,2012,2019,2022,2019,jazeera,78.88275146484375,138.0,-92.11724853515625,-33.0
stoch64,3407,3,2019,2012,2019,2022,2019,流程,83.56182098388672,221.0,-85.43817901611328,52.0
stoch64,3407,3,2019,2012,2019,2022,2019,belt,81.50858306884766,328.0,-84.49141693115234,162.0
stoch64,3407,3,2019,2012,2019,2022,2019,in the middle east,65.85582733154297,190.0,-99.14417266845703,25.0
stoch64,3407,3,2019,2012,2019,2022,2019,政策,75.60458374023438,255.0,-89.39541625976562,90.0
stoch64,3407,3,2019,2012,2019,2022,2019,软实力,74.89366912841797,177.0,-90.10633087158203,12.0
stoch64,3407,3,2019,2012,2019,2022,2019,marketing,76.41209411621094,345.0,-87.58790588378906,181.0
stoch64,3407,3,2019,2012,2019,2022,2019,religious,80.5274658203125,227.0,-82.4725341796875,64.0
stoch64,3407,3,2019,2012,2019,2022,2019,country,77.2468490600586,254.0,-84.7531509399414,92.0
stoch64,3407,3,2019,2012,2019,2022,2019,islam,84.4397201538086,119.0,-77.5602798461914,-43.0
stoch64,3407,3,2019,2012,2019,2022,2019,urban,71.96107482910156,252.0,-90.03892517089844,90.0
stoch64,3407,5,2019,2012,2019,2024,2019,旅游,141.79513549804688,5508.0,-2889.204864501953,2477.0
stoch64,3407,5,2019,2012,2019,2024,2019,tour,135.25314331054688,4819.0,-2757.746856689453,1926.0
stoch64,3407,5,2019,2012,2019,2024,2019,文化,138.30902099609375,3099.0,-1565.6909790039062,1395.0
stoch64,3407,5,2019,2012,2019,2024,2019,nation,139.278564453125,2652.0,-1343.721435546875,1169.0
stoch64,3407,5,2019,2012,2019,2024,2019,遗产,134.8335723876953,1984.0,-1216.1664276123047,633.0
stoch64,3407,5,2019,2012,2019,2024,2019,阿拉伯,121.73319244384766,1033.0,-708.2668075561523,203.0
stoch64,3407,5,2019,2012,2019,2024,2019,发展,126.66292572021484,1136.0,-629.3370742797852,380.0
stoch64,3407,5,2019,2012,2019,2024,2019,目的地,123.48899841308594,1258.0,-561.5110015869141,573.0
stoch64,3407,5,2019,2012,2019,2024,2019,world,123.98255157470703,645.0,-560.017448425293,-39.0
stoch64,3407,5,2019,2012,2019,2024,2019,view,127.03754425048828,1119.0,-544.9624557495117,447.0
stoch64,3407,5,2019,2012,2019,2024,2019,rate,122.45085144042969,1324.0,-513.5491485595703,688.0
stoch64,3407,5,2019,2012,2019,2024,2019,city,118.50806427001953,938.0,-516.4919357299805,303.0
stoch64,3407,5,2019,2012,2019,2024,2019,研究,126.9820556640625,1258.0,-467.0179443359375,664.0
stoch64,3407,5,2019,2012,2019,2024,2019,艺术,128.413330078125,1274.0,-432.586669921875,713.0
stoch64,3407,5,2019,2012,2019,2024,2019,site,122.1799545288086,537.0,-431.8200454711914,-17.0
stoch64,3407,5,2019,2012,2019,2024,2019,image,120.04456329345703,952.0,-416.95543670654297,415.0
stoch64,3407,5,2019,2012,2019,2024,2019,社会,120.198486328125,939.0,-402.801513671875,416.0
stoch64,3407,5,2019,2012,2019,2024,2019,media,120.38494873046875,821.0,-397.61505126953125,303.0
stoch64,3407,5,2019,2012,2019,2024,2019,search,124.85160827636719,976.0,-392.1483917236328,459.0
stoch64,3407,5,2019,2012,2019,2024,2019,work,121.40286254882812,684.0,-372.5971374511719,190.0
stoch64,3407,5,2019,2012,2019,2024,2019,中国,118.90648651123047,774.0,-278.09351348876953,377.0
stoch64,3407,5,2019,2012,2019,2024,2019,国家,117.02578735351562,564.0,-275.9742126464844,171.0
stoch64,3407,5,2019,2012,2019,2024,2019,影响,120.2743911743164,699.0,-249.7256088256836,329.0
stoch64,3407,5,2019,2012,2019,2024,2019,挑战,115.6864013671875,666.0,-254.3135986328125,296.0
stoch64,3407,5,2019,2012,2019,2024,2019,text,119.25421905517578,804.0,-243.74578094482422,441.0
stoch64,3407,5,2019,2012,2019,2024,2019,challenges,115.33999633789062,633.0,-229.66000366210938,288.0
stoch64,3407,5,2019,2012,2019,2024,2019,east,72.26133728027344,343.0,-259.73866271972656,11.0
stoch64,3407,5,2019,2012,2019,2024,2019,gene,109.26106262207031,796.0,-218.7389373779297,468.0
stoch64,3407,5,2019,2012,2019,2024,2019,chinese,104.9269027709961,424.0,-222.0730972290039,97.0
stoch64,3407,5,2019,2012,2019,2024,2019,land,110.63874053955078,340.0,-216.36125946044922,13.0
stoch64,3407,5,2019,2012,2019,2024,2019,社交媒体,112.75303649902344,677.0,-205.24696350097656,359.0
stoch64,3407,5,2019,2012,2019,2024,2019,应用,114.77546691894531,495.0,-202.2245330810547,178.0
stoch64,3407,5,2019,2012,2019,2024,2019,power,112.88253021240234,386.0,-197.11746978759766,76.0
stoch64,3407,5,2019,2012,2019,2024,2019,可持续,108.33207702636719,589.0,-201.6679229736328,279.0
stoch64,3407,5,2019,2012,2019,2024,2019,经济,117.68303680419922,564.0,-192.31696319580078,254.0
stoch64,3407,5,2019,2012,2019,2024,2019,road,113.21247100830078,490.0,-181.78752899169922,195.0
stoch64,3407,5,2019,2012,2019,2024,2019,经验,108.71839141845703,473.0,-186.28160858154297,178.0
stoch64,3407,5,2019,2012,2019,2024,2019,管理,117.70923614501953,480.0,-170.29076385498047,192.0
stoch64,3407,5,2019,2012,2019,2024,2019,全球,110.25723266601562,358.0,-175.74276733398438,72.0
stoch64,3407,5,2019,2012,2019,2024,2019,学习,118.0169448852539,568.0,-161.9830551147461,288.0
stoch64,3407,5,2019,2012,2019,2024,2019,change,111.04058074951172,426.0,-166.95941925048828,148.0
stoch64,3407,5,2019,2012,2019,2024,2019,视角,114.95304107666016,668.0,-160.04695892333984,393.0
stoch64,3407,5,2019,2012,2019,2024,2019,遗产旅行,98.52629852294922,378.0,-173.47370147705078,106.0
stoch64,3407,5,2019,2012,2019,2024,2019,地方,113.85521697998047,273.0,-148.14478302001953,11.0
stoch64,3407,5,2019,2012,2019,2024,2019,soft,104.93488311767578,276.0,-155.06511688232422,16.0
stoch64,3407,5,2019,2012,2019,2024,2019,action,71.8571548461914,350.0,-185.1428451538086,93.0
stoch64,3407,5,2019,2012,2019,2024,2019,real,110.87193298339844,541.0,-141.12806701660156,289.0
stoch64,3407,5,2019,2012,2019,2024,2019,state,97.0744857788086,305.0,-154.9255142211914,53.0
stoch64,3407,5,2019,2012,2019,2024,2019,diplomacy,113.8500747680664,494.0,-136.1499252319336,244.0
stoch64,3407,5,2019,2012,2019,2024,2019,mental,116.05381774902344,264.0,-131.94618225097656,16.0
stoch64,3407,5,2019,2012,2019,2024,2019,丝绸之路,108.82768249511719,522.0,-138.1723175048828,275.0
stoch64,3407,5,2019,2012,2019,2024,2019,post,106.10641479492188,546.0,-138.89358520507812,301.0
stoch64,3407,5,2019,2012,2019,2024,2019,formation,114.50852966308594,506.0,-129.49147033691406,262.0
stoch64,3407,5,2019,2012,2019,2024,2019,游客,103.77047729492188,376.0,-140.22952270507812,132.0
stoch64,3407,5,2019,2012,2019,2024,2019,branding,102.0534439086914,314.0,-137.9465560913086,74.0
stoch64,3407,5,2019,2012,2019,2024,2019,relations,109.87808227539062,179.0,-130.12191772460938,-61.0
stoch64,3407,5,2019,2012,2019,2024,2019,place,77.53279876708984,221.0,-160.46720123291016,-17.0
stoch64,3407,5,2019,2012,2019,2024,2019,role,111.06275177001953,649.0,-125.93724822998047,412.0
stoch64,3407,5,2019,2012,2019,2024,2019,conflict,111.3263931274414,174.0,-124.6736068725586,-62.0
stoch64,3407,5,2019,2012,2019,2024,2019,案例研究,103.75029754638672,316.0,-132.24970245361328,80.0
stoch64,3407,5,2019,2012,2019,2024,2019,原真性,109.5879898071289,445.0,-118.4120101928711,217.0
stoch64,3407,5,2019,2012,2019,2024,2019,time,111.98184967041016,391.0,-115.01815032958984,164.0
stoch64,3407,5,2019,2012,2019,2024,2019,product,95.94283294677734,334.0,-129.05716705322266,109.0
stoch64,3407,5,2019,2012,2019,2024,2019,africa,103.42478942871094,242.0,-115.57521057128906,23.0
stoch64,3407,5,2019,2012,2019,2024,2019,sites,107.07161712646484,210.0,-110.92838287353516,-8.0
stoch64,3407,5,2019,2012,2019,2024,2019,language,67.58442687988281,369.0,-143.4155731201172,158.0
stoch64,3407,5,2019,2012,2019,2024,2019,brand,95.58551788330078,297.0,-112.41448211669922,89.0
stoch64,3407,5,2019,2012,2019,2024,2019,silk,105.7310791015625,429.0,-98.2689208984375,225.0
stoch64,3407,5,2019,2012,2019,2024,2019,plan,72.26126861572266,254.0,-129.73873138427734,52.0
stoch64,3407,5,2019,2012,2019,2024,2019,可持续发展,103.06078338623047,371.0,-94.93921661376953,173.0
stoch64,3407,5,2019,2012,2019,2024,2019,the middle east,81.20753479003906,129.0,-114.79246520996094,-67.0
stoch64,3407,5,2019,2012,2019,2024,2019,carrying,89.30095672607422,81.0,-105.69904327392578,-114.0
stoch64,3407,5,2019,2012,2019,2024,2019,效果,110.34288787841797,339.0,-84.65711212158203,144.0
stoch64,3407,5,2019,2012,2019,2024,2019,分析,104.9254379272461,253.0,-87.0745620727539,61.0
stoch64,3407,5,2019,2012,2019,2024,2019,reality,105.69398498535156,383.0,-85.30601501464844,192.0
stoch64,3407,5,2019,2012,2019,2024,2019,content,99.01268768310547,369.0,-90.98731231689453,179.0
stoch64,3407,5,2019,2012,2019,2024,2019,middle east,87.92182922363281,79.0,-101.07817077636719,-110.0
stoch64,3407,5,2019,2012,2019,2024,2019,服务,109.64137268066406,317.0,-78.35862731933594,129.0
stoch64,3407,5,2019,2012,2019,2024,2019,source,104.55867004394531,163.0,-82.44132995605469,-24.0
stoch64,3407,5,2019,2012,2019,2024,2019,carrying capacity,88.6248550415039,81.0,-97.3751449584961,-105.0
stoch64,3407,5,2019,2012,2019,2024,2019,数字,109.65487670898438,985.0,-75.34512329101562,800.0
stoch64,3407,5,2019,2012,2019,2024,2019,in the middle,91.12151336669922,90.0,-90.87848663330078,-92.0
stoch64,3407,5,2019,2012,2019,2024,2019,系统综述,105.64922332763672,195.0,-76.35077667236328,13.0
stoch64,3407,5,2019,2012,2019,2024,2019,实践,107.9701919555664,227.0,-70.0298080444336,49.0
stoch64,3407,5,2019,2012,2019,2024,2019,graph,103.9093017578125,396.0,-72.0906982421875,220.0
stoch64,3407,5,2019,2012,2019,2024,2019,outbound,60.49137878417969,54.0,-115.50862121582031,-122.0
stoch64,3407,5,2019,2012,2019,2024,2019,语境,106.47554016113281,281.0,-68.52445983886719,106.0
stoch64,3407,5,2019,2012,2019,2024,2019,框架,95.77629089355469,335.0,-76.22370910644531,163.0
stoch64,3407,5,2019,2012,2019,2024,2019,al jazeera,104.17291259765625,48.0,-66.82708740234375,-123.0
stoch64,3407,5,2019,2012,2019,2024,2019,jazeera,104.17291259765625,65.0,-66.82708740234375,-106.0
stoch64,3407,5,2019,2012,2019,2024,2019,流程,109.23345947265625,180.0,-59.76654052734375,11.0
stoch64,3407,5,2019,2012,2019,2024,2019,belt,107.02462768554688,269.0,-58.975372314453125,103.0
stoch64,3407,5,2019,2012,2019,2024,2019,in the middle east,89.82711791992188,97.0,-75.17288208007812,-68.0
stoch64,3407,5,2019,2012,2019,2024,2019,政策,100.5805435180664,254.0,-64.4194564819336,89.0
stoch64,3407,5,2019,2012,2019,2024,2019,软实力,99.81440734863281,175.0,-65.18559265136719,10.0
stoch64,3407,5,2019,2012,2019,2024,2019,marketing,101.46222686767578,544.0,-62.53777313232422,380.0
stoch64,3407,5,2019,2012,2019,2024,2019,religious,105.95662689208984,247.0,-57.043373107910156,84.0
stoch64,3407,5,2019,2012,2019,2024,2019,country,102.38108825683594,255.0,-59.61891174316406,93.0
stoch64,3407,5,2019,2012,2019,2024,2019,islam,110.18505096435547,102.0,-51.81494903564453,-60.0
stoch64,3407,5,2019,2012,2019,2024,2019,urban,96.5680160522461,255.0,-65.4319839477539,93.0
stoch64,7777,1,2019,2012,2019,2020,2019,旅游,69.1459732055664,3486.0,-2961.8540267944336,455.0
stoch64,7777,1,2019,2012,2019,2020,2019,tour,63.91808319091797,3300.0,-2829.081916809082,407.0
stoch64,7777,1,2019,2012,2019,2020,2019,文化,65.51054382324219,2014.0,-1638.4894561767578,310.0
stoch64,7777,1,2019,2012,2019,2020,2019,nation,65.90379333496094,1766.0,-1417.096206665039,283.0
stoch64,7777,1,2019,2012,2019,2020,2019,遗产,62.47330856323242,1587.0,-1288.5266914367676,236.0
stoch64,7777,1,2019,2012,2019,2020,2019,阿拉伯,52.38923645019531,881.0,-777.6107635498047,51.0
stoch64,7777,1,2019,2012,2019,2020,2019,发展,55.70439910888672,899.0,-700.2956008911133,143.0
stoch64,7777,1,2019,2012,2019,2020,2019,目的地,53.306461334228516,794.0,-631.6935386657715,109.0
stoch64,7777,1,2019,2012,2019,2020,2019,world,53.66718673706055,786.0,-630.3328132629395,102.0
stoch64,7777,1,2019,2012,2019,2020,2019,view,55.82509231567383,905.0,-616.1749076843262,233.0
stoch64,7777,1,2019,2012,2019,2020,2019,rate,52.53620147705078,683.0,-583.4637985229492,47.0
stoch64,7777,1,2019,2012,2019,2020,2019,city,49.825740814208984,681.0,-585.174259185791,46.0
stoch64,7777,1,2019,2012,2019,2020,2019,研究,55.559898376464844,734.0,-538.4401016235352,140.0
stoch64,7777,1,2019,2012,2019,2020,2019,艺术,56.46521759033203,646.0,-504.53478240966797,85.0
stoch64,7777,1,2019,2012,2019,2020,2019,site,52.13531494140625,657.0,-501.86468505859375,103.0
stoch64,7777,1,2019,2012,2019,2020,2019,image,50.67252731323242,662.0,-486.3274726867676,125.0
stoch64,7777,1,2019,2012,2019,2020,2019,社会,50.79039001464844,616.0,-472.20960998535156,93.0
stoch64,7777,1,2019,2012,2019,2020,2019,media,50.88859558105469,576.0,-467.1114044189453,58.0
stoch64,7777,1,2019,2012,2019,2020,2019,search,53.876670837402344,632.0,-463.12332916259766,115.0
stoch64,7777,1,2019,2012,2019,2020,2019,work,51.538333892822266,529.0,-442.46166610717773,35.0
stoch64,7777,1,2019,2012,2019,2020,2019,中国,49.506832122802734,537.0,-347.49316787719727,140.0
stoch64,7777,1,2019,2012,2019,2020,2019,国家,48.26105499267578,492.0,-344.7389450073242,99.0
stoch64,7777,1,2019,2012,2019,2020,2019,影响,50.33232498168945,466.0,-319.66767501831055,96.0
stoch64,7777,1,2019,2012,2019,2020,2019,挑战,47.3119010925293,476.0,-322.6880989074707,106.0
stoch64,7777,1,2019,2012,2019,2020,2019,text,49.630340576171875,415.0,-313.3696594238281,52.0
stoch64,7777,1,2019,2012,2019,2020,2019,challenges,46.99629211425781,451.0,-298.0037078857422,106.0
stoch64,7777,1,2019,2012,2019,2020,2019,east,21.666872024536133,405.0,-310.33312797546387,73.0
stoch64,7777,1,2019,2012,2019,2020,2019,gene,42.99305725097656,329.0,-285.00694274902344,1.0
stoch64,7777,1,2019,2012,2019,2020,2019,chinese,40.16914367675781,359.0,-286.8308563232422,32.0
stoch64,7777,1,2019,2012,2019,2020,2019,land,43.89164352416992,380.0,-283.1083564758301,53.0
stoch64,7777,1,2019,2012,2019,2020,2019,社交媒体,45.21290588378906,379.0,-272.78709411621094,61.0
stoch64,7777,1,2019,2012,2019,2020,2019,应用,46.53974533081055,336.0,-270.46025466918945,19.0
stoch64,7777,1,2019,2012,2019,2020,2019,power,45.24546432495117,328.0,-264.7545356750488,18.0
stoch64,7777,1,2019,2012,2019,2020,2019,可持续,42.344810485839844,389.0,-267.65518951416016,79.0
stoch64,7777,1,2019,2012,2019,2020,2019,经济,48.398590087890625,346.0,-261.6014099121094,36.0
stoch64,7777,1,2019,2012,2019,2020,2019,road,45.378761291503906,434.0,-249.6212387084961,139.0
stoch64,7777,1,2019,2012,2019,2020,2019,经验,42.5493278503418,321.0,-252.4506721496582,26.0
stoch64,7777,1,2019,2012,2019,2020,2019,管理,48.30739974975586,317.0,-239.69260025024414,29.0
stoch64,7777,1,2019,2012,2019,2020,2019,全球,43.53010559082031,357.0,-242.4698944091797,71.0
stoch64,7777,1,2019,2012,2019,2020,2019,学习,48.45298385620117,368.0,-231.54701614379883,88.0
stoch64,7777,1,2019,2012,2019,2020,2019,change,43.971195220947266,327.0,-234.02880477905273,49.0
stoch64,7777,1,2019,2012,2019,2020,2019,视角,46.464725494384766,368.0,-228.53527450561523,93.0
stoch64,7777,1,2019,2012,2019,2020,2019,遗产旅行,35.93541717529297,285.0,-236.06458282470703,13.0
stoch64,7777,1,2019,2012,2019,2020,2019,地方,45.6903190612793,319.0,-216.3096809387207,57.0
stoch64,7777,1,2019,2012,2019,2020,2019,soft,39.97785186767578,313.0,-220.02214813232422,53.0
stoch64,7777,1,2019,2012,2019,2020,2019,action,21.48118019104004,263.0,-235.51881980895996,6.0
stoch64,7777,1,2019,2012,2019,2020,2019,real,43.74789810180664,322.0,-208.25210189819336,70.0
stoch64,7777,1,2019,2012,2019,2020,2019,state,35.13786697387695,277.0,-216.86213302612305,25.0
stoch64,7777,1,2019,2012,2019,2020,2019,diplomacy,45.60459518432617,333.0,-204.39540481567383,83.0
stoch64,7777,1,2019,2012,2019,2020,2019,mental,47.05024337768555,344.0,-200.94975662231445,96.0
stoch64,7777,1,2019,2012,2019,2020,2019,丝绸之路,42.360374450683594,434.0,-204.6396255493164,187.0
stoch64,7777,1,2019,2012,2019,2020,2019,post,40.69013977050781,341.0,-204.3098602294922,96.0
stoch64,7777,1,2019,2012,2019,2020,2019,formation,46.035160064697266,316.0,-197.96483993530273,72.0
stoch64,7777,1,2019,2012,2019,2020,2019,游客,39.20196533203125,304.0,-204.79803466796875,60.0
stoch64,7777,1,2019,2012,2019,2020,2019,branding,38.068111419677734,239.0,-201.93188858032227,-1.0
stoch64,7777,1,2019,2012,2019,2020,2019,relations,43.07036590576172,247.0,-196.92963409423828,7.0
stoch64,7777,1,2019,2012,2019,2020,2019,place,24.031814575195312,285.0,-213.9681854248047,47.0
stoch64,7777,1,2019,2012,2019,2020,2019,role,43.83371353149414,315.0,-193.16628646850586,78.0
stoch64,7777,1,2019,2012,2019,2020,2019,conflict,43.95627212524414,255.0,-192.04372787475586,19.0
stoch64,7777,1,2019,2012,2019,2020,2019,案例研究,39.25920867919922,237.0,-196.74079132080078,1.0
stoch64,7777,1,2019,2012,2019,2020,2019,原真性,42.80516815185547,264.0,-185.19483184814453,36.0
stoch64,7777,1,2019,2012,2019,2020,2019,time,44.29767990112305,382.0,-182.70232009887695,155.0
stoch64,7777,1,2019,2012,2019,2020,2019,product,34.430179595947266,212.0,-190.56982040405273,-13.0
stoch64,7777,1,2019,2012,2019,2020,2019,africa,38.943603515625,227.0,-180.056396484375,8.0
stoch64,7777,1,2019,2012,2019,2020,2019,sites,41.12946701049805,246.0,-176.87053298950195,28.0
stoch64,7777,1,2019,2012,2019,2020,2019,language,19.36370849609375,220.0,-191.63629150390625,9.0
stoch64,7777,1,2019,2012,2019,2020,2019,brand,34.00774002075195,233.0,-173.99225997924805,25.0
stoch64,7777,1,2019,2012,2019,2020,2019,silk,40.22800064086914,373.0,-163.77199935913086,169.0
stoch64,7777,1,2019,2012,2019,2020,2019,plan,21.457651138305664,213.0,-180.54234886169434,11.0
stoch64,7777,1,2019,2012,2019,2020,2019,可持续发展,38.63810729980469,212.0,-159.3618927001953,14.0
stoch64,7777,1,2019,2012,2019,2020,2019,the middle east,25.520925521850586,221.0,-170.4790744781494,25.0
stoch64,7777,1,2019,2012,2019,2020,2019,carrying,30.229564666748047,211.0,-164.77043533325195,16.0
stoch64,7777,1,2019,2012,2019,2020,2019,效果,43.137115478515625,271.0,-151.86288452148438,76.0
stoch64,7777,1,2019,2012,2019,2020,2019,分析,39.7744255065918,212.0,-152.2255744934082,20.0
stoch64,7777,1,2019,2012,2019,2020,2019,reality,40.182220458984375,209.0,-150.81777954101562,18.0
stoch64,7777,1,2019,2012,2019,2020,2019,content,36.02192306518555,210.0,-153.97807693481445,20.0
stoch64,7777,1,2019,2012,2019,2020,2019,middle east,29.27007484436035,203.0,-159.72992515563965,14.0
stoch64,7777,1,2019,2012,2019,2020,2019,服务,42.655303955078125,179.0,-145.34469604492188,-9.0
stoch64,7777,1,2019,2012,2019,2020,2019,source,39.493690490722656,213.0,-147.50630950927734,26.0
stoch64,7777,1,2019,2012,2019,2020,2019,carrying capacity,29.796955108642578,202.0,-156.20304489135742,16.0
stoch64,7777,1,2019,2012,2019,2020,2019,数字,42.65882110595703,322.0,-142.34117889404297,137.0
stoch64,7777,1,2019,2012,2019,2020,2019,in the middle,31.137487411499023,190.0,-150.86251258850098,8.0
stoch64,7777,1,2019,2012,2019,2020,2019,系统综述,40.146202087402344,222.0,-141.85379791259766,40.0
stoch64,7777,1,2019,2012,2019,2020,2019,实践,41.562320709228516,169.0,-136.43767929077148,-9.0
stoch64,7777,1,2019,2012,2019,2020,2019,graph,39.07499313354492,179.0,-136.92500686645508,3.0
stoch64,7777,1,2019,2012,2019,2020,2019,outbound,15.564446449279785,176.0,-160.43555355072021,0.0
stoch64,7777,1,2019,2012,2019,2020,2019,语境,40.61480712890625,209.0,-134.38519287109375,34.0
stoch64,7777,1,2019,2012,2019,2020,2019,框架,34.12694549560547,221.0,-137.87305450439453,49.0
stoch64,7777,1,2019,2012,2019,2020,2019,al jazeera,39.11537170410156,181.0,-131.88462829589844,10.0
stoch64,7777,1,2019,2012,2019,2020,2019,jazeera,39.11537170410156,181.0,-131.88462829589844,10.0
stoch64,7777,1,2019,2012,2019,2020,2019,流程,42.28840255737305,194.0,-126.71159744262695,25.0
stoch64,7777,1,2019,2012,2019,2020,2019,belt,40.85987854003906,236.0,-125.14012145996094,70.0
stoch64,7777,1,2019,2012,2019,2020,2019,in the middle east,30.307201385498047,181.0,-134.69279861450195,16.0
stoch64,7777,1,2019,2012,2019,2020,2019,政策,36.932491302490234,161.0,-128.06750869750977,-4.0
stoch64,7777,1,2019,2012,2019,2020,2019,软实力,36.397342681884766,175.0,-128.60265731811523,10.0
stoch64,7777,1,2019,2012,2019,2020,2019,marketing,37.4838981628418,217.0,-126.5161018371582,53.0
stoch64,7777,1,2019,2012,2019,2020,2019,religious,40.197853088378906,153.0,-122.8021469116211,-10.0
stoch64,7777,1,2019,2012,2019,2020,2019,country,38.006107330322266,144.0,-123.99389266967773,-18.0
stoch64,7777,1,2019,2012,2019,2020,2019,islam,42.81174850463867,166.0,-119.18825149536133,4.0
stoch64,7777,1,2019,2012,2019,2020,2019,urban,34.52677917480469,187.0,-127.47322082519531,25.0
stoch64,7777,3,2019,2012,2019,2022,2019,旅游,102.0652847290039,4242.0,-2928.934715270996,1211.0
stoch64,7777,3,2019,2012,2019,2022,2019,tour,96.2450180053711,3857.0,-2796.754981994629,964.0
stoch64,7777,3,2019,2012,2019,2022,2019,文化,98.2594223022461,2521.0,-1605.740577697754,817.0
stoch64,7777,3,2019,2012,2019,2022,2019,nation,98.80231475830078,2266.0,-1384.1976852416992,783.0
stoch64,7777,3,2019,2012,2019,2022,2019,遗产,94.9864501953125,1698.0,-1256.0135498046875,347.0
stoch64,7777,3,2019,2012,2019,2022,2019,阿拉伯,83.58040618896484,784.0,-746.4195938110352,-46.0
stoch64,7777,3,2019,2012,2019,2022,2019,发展,87.50747680664062,907.0,-668.4925231933594,151.0
stoch64,7777,3,2019,2012,2019,2022,2019,目的地,84.81532287597656,1036.0,-600.1846771240234,351.0
stoch64,7777,3,2019,2012,2019,2022,2019,world,85.21542358398438,627.0,-598.7845764160156,-57.0
stoch64,7777,3,2019,2012,2019,2022,2019,view,87.66216278076172,1100.0,-584.3378372192383,428.0
stoch64,7777,3,2019,2012,2019,2022,2019,rate,83.90254211425781,894.0,-552.0974578857422,258.0
stoch64,7777,3,2019,2012,2019,2022,2019,city,80.70364379882812,755.0,-554.2963562011719,120.0
stoch64,7777,3,2019,2012,2019,2022,2019,研究,87.43534088134766,901.0,-506.56465911865234,307.0
stoch64,7777,3,2019,2012,2019,2022,2019,艺术,88.47672271728516,992.0,-472.52327728271484,431.0
stoch64,7777,3,2019,2012,2019,2022,2019,site,83.52904510498047,670.0,-470.47095489501953,116.0
stoch64,7777,3,2019,2012,2019,2022,2019,image,81.79045104980469,783.0,-455.2095489501953,246.0
stoch64,7777,3,2019,2012,2019,2022,2019,社会,81.89512634277344,727.0,-441.10487365722656,204.0
stoch64,7777,3,2019,2012,2019,2022,2019,media,82.02959442138672,588.0,-435.9704055786133,70.0
stoch64,7777,3,2019,2012,2019,2022,2019,search,85.55802154541016,797.0,-431.44197845458984,280.0
stoch64,7777,3,2019,2012,2019,2022,2019,work,82.78888702392578,623.0,-411.2111129760742,129.0
stoch64,7777,3,2019,2012,2019,2022,2019,中国,80.56168365478516,600.0,-316.43831634521484,203.0
stoch64,7777,3,2019,2012,2019,2022,2019,国家,79.07423400878906,523.0,-313.92576599121094,130.0
stoch64,7777,3,2019,2012,2019,2022,2019,影响,81.53872680664062,563.0,-288.4612731933594,193.0
stoch64,7777,3,2019,2012,2019,2022,2019,挑战,77.9611587524414,597.0,-292.0388412475586,227.0
stoch64,7777,3,2019,2012,2019,2022,2019,text,80.72444915771484,565.0,-282.27555084228516,202.0
stoch64,7777,3,2019,2012,2019,2022,2019,challenges,77.62017059326172,553.0,-267.3798294067383,208.0
stoch64,7777,3,2019,2012,2019,2022,2019,east,45.376304626464844,419.0,-286.62369537353516,87.0
stoch64,7777,3,2019,2012,2019,2022,2019,gene,72.80442810058594,406.0,-255.19557189941406,78.0
stoch64,7777,3,2019,2012,2019,2022,2019,chinese,69.36895751953125,325.0,-257.63104248046875,-2.0
stoch64,7777,3,2019,2012,2019,2022,2019,land,73.8884048461914,380.0,-253.1115951538086,53.0
stoch64,7777,3,2019,2012,2019,2022,2019,社交媒体,75.52178192138672,452.0,-242.47821807861328,134.0
stoch64,7777,3,2019,2012,2019,2022,2019,应用,77.09368896484375,470.0,-239.90631103515625,153.0
stoch64,7777,3,2019,2012,2019,2022,2019,power,75.6037826538086,334.0,-234.3962173461914,24.0
stoch64,7777,3,2019,2012,2019,2022,2019,可持续,72.03622436523438,443.0,-237.96377563476562,133.0
stoch64,7777,3,2019,2012,2019,2022,2019,经济,79.31468200683594,467.0,-230.68531799316406,157.0
stoch64,7777,3,2019,2012,2019,2022,2019,road,75.82992553710938,555.0,-219.17007446289062,260.0
stoch64,7777,3,2019,2012,2019,2022,2019,经验,72.30610656738281,403.0,-222.6938934326172,108.0
stoch64,7777,3,2019,2012,2019,2022,2019,管理,79.24352264404297,413.0,-208.75647735595703,125.0
stoch64,7777,3,2019,2012,2019,2022,2019,全球,73.4867172241211,377.0,-212.5132827758789,91.0
stoch64,7777,3,2019,2012,2019,2022,2019,学习,79.4476089477539,564.0,-200.5523910522461,284.0
stoch64,7777,3,2019,2012,2019,2022,2019,change,74.06916809082031,386.0,-203.9308319091797,108.0
stoch64,7777,3,2019,2012,2019,2022,2019,视角,77.07953643798828,504.0,-197.92046356201172,229.0
stoch64,7777,3,2019,2012,2019,2022,2019,遗产旅行,64.23973083496094,324.0,-207.76026916503906,52.0
stoch64,7777,3,2019,2012,2019,2022,2019,地方,76.18780517578125,271.0,-185.81219482421875,9.0
stoch64,7777,3,2019,2012,2019,2022,2019,soft,69.26203155517578,268.0,-190.73796844482422,8.0
stoch64,7777,3,2019,2012,2019,2022,2019,action,45.16324234008789,281.0,-211.8367576599121,24.0
stoch64,7777,3,2019,2012,2019,2022,2019,real,73.85173797607422,378.0,-178.14826202392578,126.0
stoch64,7777,3,2019,2012,2019,2022,2019,state,63.14983367919922,261.0,-188.85016632080078,9.0
stoch64,7777,3,2019,2012,2019,2022,2019,diplomacy,76.15472412109375,422.0,-173.84527587890625,172.0
stoch64,7777,3,2019,2012,2019,2022,2019,mental,77.7901840209961,323.0,-170.2098159790039,75.0
stoch64,7777,3,2019,2012,2019,2022,2019,丝绸之路,72.28936004638672,543.0,-174.71063995361328,296.0
stoch64,7777,3,2019,2012,2019,2022,2019,post,70.14075469970703,461.0,-174.85924530029297,216.0
stoch64,7777,3,2019,2012,2019,2022,2019,formation,76.60017395019531,430.0,-167.3998260498047,186.0
stoch64,7777,3,2019,2012,2019,2022,2019,游客,68.3195571899414,347.0,-175.6804428100586,103.0
stoch64,7777,3,2019,2012,2019,2022,2019,branding,66.96826171875,366.0,-173.03173828125,126.0
stoch64,7777,3,2019,2012,2019,2022,2019,relations,73.04095458984375,183.0,-166.95904541015625,-57.0
stoch64,7777,3,2019,2012,2019,2022,2019,place,48.73027038574219,252.0,-189.2697296142578,14.0
stoch64,7777,3,2019,2012,2019,2022,2019,role,73.93601989746094,445.0,-163.06398010253906,208.0
stoch64,7777,3,2019,2012,2019,2022,2019,conflict,74.14118957519531,245.0,-161.8588104248047,9.0
stoch64,7777,3,2019,2012,2019,2022,2019,案例研究,68.3075942993164,228.0,-167.6924057006836,-8.0
stoch64,7777,3,2019,2012,2019,2022,2019,原真性,72.78075408935547,418.0,-155.21924591064453,190.0
stoch64,7777,3,2019,2012,2019,2022,2019,time,74.63168334960938,443.0,-152.36831665039062,216.0
stoch64,7777,3,2019,2012,2019,2022,2019,product,62.27075958251953,226.0,-162.72924041748047,1.0
stoch64,7777,3,2019,2012,2019,2022,2019,africa,67.99726867675781,242.0,-151.0027313232422,23.0
stoch64,7777,3,2019,2012,2019,2022,2019,sites,70.83946990966797,289.0,-147.16053009033203,71.0
stoch64,7777,3,2019,2012,2019,2022,2019,language,42.305992126464844,215.0,-168.69400787353516,4.0
stoch64,7777,3,2019,2012,2019,2022,2019,brand,61.89643478393555,328.0,-146.10356521606445,120.0
stoch64,7777,3,2019,2012,2019,2022,2019,silk,69.75485229492188,466.0,-134.24514770507812,262.0
stoch64,7777,3,2019,2012,2019,2022,2019,plan,45.25351333618164,244.0,-156.74648666381836,42.0
stoch64,7777,3,2019,2012,2019,2022,2019,可持续发展,67.65519714355469,279.0,-130.3448028564453,81.0
stoch64,7777,3,2019,2012,2019,2022,2019,the middle east,50.96889877319336,236.0,-145.03110122680664,40.0
stoch64,7777,3,2019,2012,2019,2022,2019,carrying,57.07734680175781,93.0,-137.9226531982422,-102.0
stoch64,7777,3,2019,2012,2019,2022,2019,效果,73.19122314453125,328.0,-121.80877685546875,133.0
stoch64,7777,3,2019,2012,2019,2022,2019,分析,69.06089782714844,212.0,-122.93910217285156,20.0
stoch64,7777,3,2019,2012,2019,2022,2019,reality,69.6513442993164,256.0,-121.3486557006836,65.0
stoch64,7777,3,2019,2012,2019,2022,2019,content,64.5080337524414,255.0,-125.4919662475586,65.0
stoch64,7777,3,2019,2012,2019,2022,2019,middle east,55.94392776489258,197.0,-133.05607223510742,8.0
stoch64,7777,3,2019,2012,2019,2022,2019,服务,72.62407684326172,153.0,-115.37592315673828,-35.0
stoch64,7777,3,2019,2012,2019,2022,2019,source,68.75984191894531,163.0,-118.24015808105469,-24.0
stoch64,7777,3,2019,2012,2019,2022,2019,carrying capacity,56.548500061035156,84.0,-129.45149993896484,-102.0
stoch64,7777,3,2019,2012,2019,2022,2019,数字,72.61333465576172,626.0,-112.38666534423828,441.0
stoch64,7777,3,2019,2012,2019,2022,2019,in the middle,58.38610076904297,174.0,-123.61389923095703,-8.0
stoch64,7777,3,2019,2012,2019,2022,2019,系统综述,69.56896209716797,229.0,-112.43103790283203,47.0
stoch64,7777,3,2019,2012,2019,2022,2019,实践,71.3061752319336,230.0,-106.6938247680664,52.0
stoch64,7777,3,2019,2012,2019,2022,2019,graph,68.22195434570312,223.0,-107.77804565429688,47.0
stoch64,7777,3,2019,2012,2019,2022,2019,outbound,37.094757080078125,108.0,-138.90524291992188,-68.0
stoch64,7777,3,2019,2012,2019,2022,2019,语境,70.16246795654297,258.0,-104.83753204345703,83.0
stoch64,7777,3,2019,2012,2019,2022,2019,框架,62.02841567993164,263.0,-109.97158432006836,91.0
stoch64,7777,3,2019,2012,2019,2022,2019,al jazeera,68.42435455322266,138.0,-102.57564544677734,-33.0
stoch64,7777,3,2019,2012,2019,2022,2019,jazeera,68.42435455322266,138.0,-102.57564544677734,-33.0
stoch64,7777,3,2019,2012,2019,2022,2019,流程,72.20114135742188,221.0,-96.79885864257812,52.0
stoch64,7777,3,2019,2012,2019,2022,2019,belt,70.55779266357422,328.0,-95.44220733642578,162.0
stoch64,7777,3,2019,2012,2019,2022,2019,in the middle east,57.3726692199707,190.0,-107.6273307800293,25.0
stoch64,7777,3,2019,2012,2019,2022,2019,政策,65.64213562011719,255.0,-99.35786437988281,90.0
stoch64,7777,3,2019,2012,2019,2022,2019,软实力,65.0654067993164,177.0,-99.9345932006836,12.0
stoch64,7777,3,2019,2012,2019,2022,2019,marketing,66.31015014648438,345.0,-97.68984985351562,181.0
stoch64,7777,3,2019,2012,2019,2022,2019,religious,69.71825408935547,227.0,-93.28174591064453,64.0
stoch64,7777,3,2019,2012,2019,2022,2019,country,67.00057983398438,254.0,-94.99942016601562,92.0
stoch64,7777,3,2019,2012,2019,2022,2019,islam,72.87125396728516,119.0,-89.12874603271484,-43.0
stoch64,7777,3,2019,2012,2019,2022,2019,urban,62.58842849731445,252.0,-99.41157150268555,90.0
stoch64,7777,5,2019,2012,2019,2024,2019,旅游,120.62654876708984,5508.0,-2910.37345123291,2477.0
stoch64,7777,5,2019,2012,2019,2024,2019,tour,115.36274719238281,4819.0,-2777.637252807617,1926.0
stoch64,7777,5,2019,2012,2019,2024,2019,文化,117.26025390625,3099.0,-1586.73974609375,1395.0
stoch64,7777,5,2019,2012,2019,2024,2019,nation,117.7834701538086,2652.0,-1365.2165298461914,1169.0
stoch64,7777,5,2019,2012,2019,2024,2019,遗产,114.32657623291016,1984.0,-1236.6734237670898,633.0
stoch64,7777,5,2019,2012,2019,2024,2019,阿拉伯,103.83624267578125,1033.0,-726.1637573242188,203.0
stoch64,7777,5,2019,2012,2019,2024,2019,发展,107.52113342285156,1136.0,-648.4788665771484,380.0
stoch64,7777,5,2019,2012,2019,2024,2019,目的地,105.04466247558594,1258.0,-579.9553375244141,573.0
stoch64,7777,5,2019,2012,2019,2024,2019,world,105.41128540039062,645.0,-578.5887145996094,-39.0
stoch64,7777,5,2019,2012,2019,2024,2019,view,107.66840362548828,1119.0,-564.3315963745117,447.0
stoch64,7777,5,2019,2012,2019,2024,2019,rate,104.18605041503906,1324.0,-531.8139495849609,688.0
stoch64,7777,5,2019,2012,2019,2024,2019,city,101.17607116699219,938.0,-533.8239288330078,303.0
stoch64,7777,5,2019,2012,2019,2024,2019,研究,107.48336791992188,1258.0,-486.5166320800781,664.0
stoch64,7777,5,2019,2012,2019,2024,2019,艺术,108.44672393798828,1274.0,-452.5532760620117,713.0
stoch64,7777,5,2019,2012,2019,2024,2019,site,103.86714172363281,537.0,-450.1328582763672,-17.0
stoch64,7777,5,2019,2012,2019,2024,2019,image,102.22798919677734,952.0,-434.77201080322266,415.0
stoch64,7777,5,2019,2012,2019,2024,2019,社会,102.31436157226562,939.0,-420.6856384277344,416.0
stoch64,7777,5,2019,2012,2019,2024,2019,media,102.44721221923828,821.0,-415.5527877807617,303.0
stoch64,7777,5,2019,2012,2019,2024,2019,search,105.7611083984375,976.0,-411.2388916015625,459.0
stoch64,7777,5,2019,2012,2019,2024,2019,work,103.15827941894531,684.0,-390.8417205810547,190.0
stoch64,7777,5,2019,2012,2019,2024,2019,中国,101.11786651611328,774.0,-295.8821334838867,377.0
stoch64,7777,5,2019,2012,2019,2024,2019,国家,99.70860290527344,564.0,-293.29139709472656,171.0
stoch64,7777,5,2019,2012,2019,2024,2019,影响,102.0382080078125,699.0,-267.9617919921875,329.0
stoch64,7777,5,2019,2012,2019,2024,2019,挑战,98.65884399414062,666.0,-271.3411560058594,296.0
stoch64,7777,5,2019,2012,2019,2024,2019,text,101.2761001586914,804.0,-261.7238998413086,441.0
stoch64,7777,5,2019,2012,2019,2024,2019,challenges,98.34687805175781,633.0,-246.6531219482422,288.0
stoch64,7777,5,2019,2012,2019,2024,2019,east,66.39984893798828,343.0,-265.6001510620117,11.0
stoch64,7777,5,2019,2012,2019,2024,2019,gene,93.74634552001953,796.0,-234.25365447998047,468.0
stoch64,7777,5,2019,2012,2019,2024,2019,chinese,90.43482208251953,424.0,-236.56517791748047,97.0
stoch64,7777,5,2019,2012,2019,2024,2019,land,94.78504943847656,340.0,-232.21495056152344,13.0
stoch64,7777,5,2019,2012,2019,2024,2019,社交媒体,96.36134338378906,677.0,-221.63865661621094,359.0
stoch64,7777,5,2019,2012,2019,2024,2019,应用,97.85221862792969,495.0,-219.1477813720703,178.0
stoch64,7777,5,2019,2012,2019,2024,2019,power,96.45451354980469,386.0,-213.5454864501953,76.0
stoch64,7777,5,2019,2012,2019,2024,2019,可持续,93.01372528076172,589.0,-216.98627471923828,279.0
stoch64,7777,5,2019,2012,2019,2024,2019,经济,99.96031188964844,564.0,-210.03968811035156,254.0
stoch64,7777,5,2019,2012,2019,2024,2019,road,96.69291687011719,490.0,-198.3070831298828,195.0
stoch64,7777,5,2019,2012,2019,2024,2019,经验,93.28038787841797,473.0,-201.71961212158203,178.0
stoch64,7777,5,2019,2012,2019,2024,2019,管理,99.90515899658203,480.0,-188.09484100341797,192.0
stoch64,7777,5,2019,2012,2019,2024,2019,全球,94.41102600097656,358.0,-191.58897399902344,72.0
stoch64,7777,5,2019,2012,2019,2024,2019,学习,100.10869598388672,568.0,-179.89130401611328,288.0
stoch64,7777,5,2019,2012,2019,2024,2019,change,94.98649597167969,426.0,-183.0135040283203,148.0
stoch64,7777,5,2019,2012,2019,2024,2019,视角,97.86376953125,668.0,-177.13623046875,393.0
stoch64,7777,5,2019,2012,2019,2024,2019,遗产旅行,85.47307586669922,378.0,-186.52692413330078,106.0
stoch64,7777,5,2019,2012,2019,2024,2019,地方,97.0270767211914,273.0,-164.9729232788086,11.0
stoch64,7777,5,2019,2012,2019,2024,2019,soft,90.37476348876953,276.0,-169.62523651123047,16.0
stoch64,7777,5,2019,2012,2019,2024,2019,action,66.19313049316406,350.0,-190.80686950683594,93.0
stoch64,7777,5,2019,2012,2019,2024,2019,real,94.79569244384766,541.0,-157.20430755615234,289.0
stoch64,7777,5,2019,2012,2019,2024,2019,state,84.36784362792969,305.0,-167.6321563720703,53.0
stoch64,7777,5,2019,2012,2019,2024,2019,diplomacy,97.01982879638672,494.0,-152.98017120361328,244.0
stoch64,7777,5,2019,2012,2019,2024,2019,mental,98.54167175292969,264.0,-149.4583282470703,16.0
stoch64,7777,5,2019,2012,2019,2024,2019,丝绸之路,93.3384017944336,522.0,-153.6615982055664,275.0
stoch64,7777,5,2019,2012,2019,2024,2019,post,91.22660064697266,546.0,-153.77339935302734,301.0
stoch64,7777,5,2019,2012,2019,2024,2019,formation,97.41876220703125,506.0,-146.58123779296875,262.0
stoch64,7777,5,2019,2012,2019,2024,2019,游客,89.46404266357422,376.0,-154.53595733642578,132.0
stoch64,7777,5,2019,2012,2019,2024,2019,branding,88.16707611083984,314.0,-151.83292388916016,74.0
stoch64,7777,5,2019,2012,2019,2024,2019,relations,94.02088165283203,179.0,-145.97911834716797,-61.0
stoch64,7777,5,2019,2012,2019,2024,2019,place,69.89530944824219,221.0,-168.1046905517578,-17.0
stoch64,7777,5,2019,2012,2019,2024,2019,role,94.86885070800781,649.0,-142.1311492919922,412.0
stoch64,7777,5,2019,2012,2019,2024,2019,conflict,95.08577728271484,174.0,-140.91422271728516,-62.0
stoch64,7777,5,2019,2012,2019,2024,2019,案例研究,89.42216491699219,316.0,-146.5778350830078,80.0
stoch64,7777,5,2019,2012,2019,2024,2019,原真性,93.79238891601562,445.0,-134.20761108398438,217.0
stoch64,7777,5,2019,2012,2019,2024,2019,time,95.58248138427734,391.0,-131.41751861572266,164.0
stoch64,7777,5,2019,2012,2019,2024,2019,product,83.5045394897461,334.0,-141.4954605102539,109.0
stoch64,7777,5,2019,2012,2019,2024,2019,africa,89.14826965332031,242.0,-129.8517303466797,23.0
stoch64,7777,5,2019,2012,2019,2024,2019,sites,91.95845031738281,210.0,-126.04154968261719,-8.0
stoch64,7777,5,2019,2012,2019,2024,2019,language,63.26179504394531,369.0,-147.7382049560547,158.0
stoch64,7777,5,2019,2012,2019,2024,2019,brand,83.19290924072266,297.0,-124.80709075927734,89.0
stoch64,7777,5,2019,2012,2019,2024,2019,silk,90.91646575927734,429.0,-113.08353424072266,225.0
stoch64,7777,5,2019,2012,2019,2024,2019,plan,66.33049774169922,254.0,-135.66950225830078,52.0
stoch64,7777,5,2019,2012,2019,2024,2019,可持续发展,88.82726287841797,371.0,-109.17273712158203,173.0
stoch64,7777,5,2019,2012,2019,2024,2019,the middle east,72.26947784423828,129.0,-123.73052215576172,-67.0
stoch64,7777,5,2019,2012,2019,2024,2019,carrying,78.4053726196289,81.0,-116.5946273803711,-114.0
stoch64,7777,5,2019,2012,2019,2024,2019,效果,94.1877670288086,339.0,-100.8122329711914,144.0
stoch64,7777,5,2019,2012,2019,2024,2019,分析,90.19412231445312,253.0,-101.80587768554688,61.0
stoch64,7777,5,2019,2012,2019,2024,2019,reality,90.79846954345703,383.0,-100.20153045654297,192.0
stoch64,7777,5,2019,2012,2019,2024,2019,content,85.7910385131836,369.0,-104.2089614868164,179.0
stoch64,7777,5,2019,2012,2019,2024,2019,middle east,77.31071472167969,79.0,-111.68928527832031,-110.0
stoch64,7777,5,2019,2012,2019,2024,2019,服务,93.64889526367188,317.0,-94.35110473632812,129.0
stoch64,7777,5,2019,2012,2019,2024,2019,source,89.91789245605469,163.0,-97.08210754394531,-24.0
stoch64,7777,5,2019,2012,2019,2024,2019,carrying capacity,77.88690948486328,81.0,-108.11309051513672,-105.0
stoch64,7777,5,2019,2012,2019,2024,2019,数字,93.633056640625,985.0,-91.366943359375,800.0
stoch64,7777,5,2019,2012,2019,2024,2019,in the middle,79.7635498046875,90.0,-102.2364501953125,-92.0
stoch64,7777,5,2019,2012,2019,2024,2019,系统综述,90.70440673828125,195.0,-91.29559326171875,13.0
stoch64,7777,5,2019,2012,2019,2024,2019,实践,92.3841552734375,227.0,-85.6158447265625,49.0
stoch64,7777,5,2019,2012,2019,2024,2019,graph,89.38703155517578,396.0,-86.61296844482422,220.0
stoch64,7777,5,2019,2012,2019,2024,2019,outbound,57.894432067871094,54.0,-118.1055679321289,-122.0
stoch64,7777,5,2019,2012,2019,2024,2019,语境,91.28511047363281,281.0,-83.71488952636719,106.0
stoch64,7777,5,2019,2012,2019,2024,2019,框架,83.31415557861328,335.0,-88.68584442138672,163.0
stoch64,7777,5,2019,2012,2019,2024,2019,al jazeera,89.63882446289062,48.0,-81.36117553710938,-123.0
stoch64,7777,5,2019,2012,2019,2024,2019,jazeera,89.63882446289062,65.0,-81.36117553710938,-106.0
stoch64,7777,5,2019,2012,2019,2024,2019,流程,93.24932861328125,180.0,-75.75067138671875,11.0
stoch64,7777,5,2019,2012,2019,2024,2019,belt,91.70109558105469,269.0,-74.29890441894531,103.0
stoch64,7777,5,2019,2012,2019,2024,2019,in the middle east,78.77205657958984,97.0,-86.22794342041016,-68.0
stoch64,7777,5,2019,2012,2019,2024,2019,政策,86.8992691040039,254.0,-78.1007308959961,89.0
stoch64,7777,5,2019,2012,2019,2024,2019,软实力,86.36820220947266,175.0,-78.63179779052734,10.0
stoch64,7777,5,2019,2012,2019,2024,2019,marketing,87.54530334472656,544.0,-76.45469665527344,380.0
stoch64,7777,5,2019,2012,2019,2024,2019,religious,90.8790054321289,247.0,-72.1209945678711,84.0
stoch64,7777,5,2019,2012,2019,2024,2019,country,88.23411560058594,255.0,-73.76588439941406,93.0
stoch64,7777,5,2019,2012,2019,2024,2019,islam,93.9054183959961,102.0,-68.0945816040039,-60.0
stoch64,7777,5,2019,2012,2019,2024,2019,urban,83.88642883300781,255.0,-78.11357116699219,93.0
no_dyn_kl,42,1,2019,2012,2019,2020,2019,旅游,312.20849609375,3486.0,-2718.79150390625,455.0
no_dyn_kl,42,1,2019,2012,2019,2020,2019,tour,296.34381103515625,3300.0,-2596.6561889648438,407.0
no_dyn_kl,42,1,2019,2012,2019,2020,2019,文化,263.11572265625,2014.0,-1440.88427734375,310.0
no_dyn_kl,42,1,2019,2012,2019,2020,2019,nation,248.16148376464844,1766.0,-1234.8385162353516,283.0
no_dyn_kl,42,1,2019,2012,2019,2020,2019,遗产,235.61740112304688,1587.0,-1115.3825988769531,236.0
no_dyn_kl,42,1,2019,2012,2019,2020,2019,阿拉伯,186.65538024902344,881.0,-643.3446197509766,51.0
no_dyn_kl,42,1,2019,2012,2019,2020,2019,发展,185.5449981689453,899.0,-570.4550018310547,143.0
no_dyn_kl,42,1,2019,2012,2019,2020,2019,目的地,170.10260009765625,794.0,-514.8973999023438,109.0
no_dyn_kl,42,1,2019,2012,2019,2020,2019,world,172.9189453125,786.0,-511.0810546875,102.0
no_dyn_kl,42,1,2019,2012,2019,2020,2019,view,182.93798828125,905.0,-489.06201171875,233.0
no_dyn_kl,42,1,2019,2012,2019,2020,2019,rate,169.28201293945312,683.0,-466.7179870605469,47.0
no_dyn_kl,42,1,2019,2012,2019,2020,2019,city,164.778564453125,681.0,-470.221435546875,46.0
no_dyn_kl,42,1,2019,2012,2019,2020,2019,研究,172.6256103515625,734.0,-421.3743896484375,140.0
no_dyn_kl,42,1,2019,2012,2019,2020,2019,艺术,174.0413818359375,646.0,-386.9586181640625,85.0
no_dyn_kl,42,1,2019,2012,2019,2020,2019,site,157.6426544189453,657.0,-396.3573455810547,103.0
no_dyn_kl,42,1,2019,2012,2019,2020,2019,image,156.67063903808594,662.0,-380.32936096191406,125.0
no_dyn_kl,42,1,2019,2012,2019,2020,2019,社会,159.99505615234375,616.0,-363.00494384765625,93.0
no_dyn_kl,42,1,2019,2012,2019,2020,2019,media,158.27328491210938,576.0,-359.7267150878906,58.0
no_dyn_kl,42,1,2019,2012,2019,2020,2019,search,160.4898223876953,632.0,-356.5101776123047,115.0
no_dyn_kl,42,1,2019,2012,2019,2020,2019,work,159.54161071777344,529.0,-334.45838928222656,35.0
no_dyn_kl,42,1,2019,2012,2019,2020,2019,中国,138.14675903320312,537.0,-258.8532409667969,140.0
no_dyn_kl,42,1,2019,2012,2019,2020,2019,国家,136.88206481933594,492.0,-256.11793518066406,99.0
no_dyn_kl,42,1,2019,2012,2019,2020,2019,影响,138.76686096191406,466.0,-231.23313903808594,96.0
no_dyn_kl,42,1,2019,2012,2019,2020,2019,挑战,133.2179718017578,476.0,-236.7820281982422,106.0
no_dyn_kl,42,1,2019,2012,2019,2020,2019,text,136.1228790283203,415.0,-226.8771209716797,52.0
no_dyn_kl,42,1,2019,2012,2019,2020,2019,challenges,129.0113067626953,451.0,-215.9886932373047,106.0
no_dyn_kl,42,1,2019,2012,2019,2020,2019,east,67.9745101928711,405.0,-264.0254898071289,73.0
no_dyn_kl,42,1,2019,2012,2019,2020,2019,gene,121.00533294677734,329.0,-206.99466705322266,1.0
no_dyn_kl,42,1,2019,2012,2019,2020,2019,chinese,114.35061645507812,359.0,-212.64938354492188,32.0
no_dyn_kl,42,1,2019,2012,2019,2020,2019,land,123.09770965576172,380.0,-203.90229034423828,53.0
no_dyn_kl,42,1,2019,2012,2019,2020,2019,社交媒体,122.01167297363281,379.0,-195.9883270263672,61.0
no_dyn_kl,42,1,2019,2012,2019,2020,2019,应用,125.9748306274414,336.0,-191.0251693725586,19.0
no_dyn_kl,42,1,2019,2012,2019,2020,2019,power,118.28050994873047,328.0,-191.71949005126953,18.0
no_dyn_kl,42,1,2019,2012,2019,2020,2019,可持续,117.85298919677734,389.0,-192.14701080322266,79.0
no_dyn_kl,42,1,2019,2012,2019,2020,2019,经济,128.4264678955078,346.0,-181.5735321044922,36.0
no_dyn_kl,42,1,2019,2012,2019,2020,2019,road,112.61843872070312,434.0,-182.38156127929688,139.0
no_dyn_kl,42,1,2019,2012,2019,2020,2019,经验,116.30089569091797,321.0,-178.69910430908203,26.0
no_dyn_kl,42,1,2019,2012,2019,2020,2019,管理,124.43570709228516,317.0,-163.56429290771484,29.0
no_dyn_kl,42,1,2019,2012,2019,2020,2019,全球,118.68251037597656,357.0,-167.31748962402344,71.0
no_dyn_kl,42,1,2019,2012,2019,2020,2019,学习,121.681640625,368.0,-158.318359375,88.0
no_dyn_kl,42,1,2019,2012,2019,2020,2019,change,115.34038543701172,327.0,-162.65961456298828,49.0
no_dyn_kl,42,1,2019,2012,2019,2020,2019,视角,118.38196563720703,368.0,-156.61803436279297,93.0
no_dyn_kl,42,1,2019,2012,2019,2020,2019,遗产旅行,96.45967102050781,285.0,-175.5403289794922,13.0
no_dyn_kl,42,1,2019,2012,2019,2020,2019,地方,113.79170989990234,319.0,-148.20829010009766,57.0
no_dyn_kl,42,1,2019,2012,2019,2020,2019,soft,103.32007598876953,313.0,-156.67992401123047,53.0
no_dyn_kl,42,1,2019,2012,2019,2020,2019,action,64.99125671386719,263.0,-192.0087432861328,6.0
no_dyn_kl,42,1,2019,2012,2019,2020,2019,real,110.13311004638672,322.0,-141.86688995361328,70.0
no_dyn_kl,42,1,2019,2012,2019,2020,2019,state,99.9694595336914,277.0,-152.0305404663086,25.0
no_dyn_kl,42,1,2019,2012,2019,2020,2019,diplomacy,107.51549530029297,333.0,-142.48450469970703,83.0
no_dyn_kl,42,1,2019,2012,2019,2020,2019,mental,117.682861328125,344.0,-130.317138671875,96.0
no_dyn_kl,42,1,2019,2012,2019,2020,2019,丝绸之路,98.25819396972656,434.0,-148.74180603027344,187.0
no_dyn_kl,42,1,2019,2012,2019,2020,2019,post,103.93376922607422,341.0,-141.06623077392578,96.0
no_dyn_kl,42,1,2019,2012,2019,2020,2019,formation,113.98760986328125,316.0,-130.01239013671875,72.0
no_dyn_kl,42,1,2019,2012,2019,2020,2019,游客,100.6770248413086,304.0,-143.3229751586914,60.0
no_dyn_kl,42,1,2019,2012,2019,2020,2019,branding,95.01451873779297,239.0,-144.98548126220703,-1.0
no_dyn_kl,42,1,2019,2012,2019,2020,2019,relations,107.96063232421875,247.0,-132.03936767578125,7.0
no_dyn_kl,42,1,2019,2012,2019,2020,2019,place,71.75193786621094,285.0,-166.24806213378906,47.0
no_dyn_kl,42,1,2019,2012,2019,2020,2019,role,111.49073028564453,315.0,-125.50926971435547,78.0
no_dyn_kl,42,1,2019,2012,2019,2020,2019,conflict,107.06058502197266,255.0,-128.93941497802734,19.0
no_dyn_kl,42,1,2019,2012,2019,2020,2019,案例研究,106.48480987548828,237.0,-129.51519012451172,1.0
no_dyn_kl,42,1,2019,2012,2019,2020,2019,原真性,102.40016174316406,264.0,-125.59983825683594,36.0
no_dyn_kl,42,1,2019,2012,2019,2020,2019,time,101.03551483154297,382.0,-125.96448516845703,155.0
no_dyn_kl,42,1,2019,2012,2019,2020,2019,product,97.09122467041016,212.0,-127.90877532958984,-13.0
no_dyn_kl,42,1,2019,2012,2019,2020,2019,africa,99.92301177978516,227.0,-119.07698822021484,8.0
no_dyn_kl,42,1,2019,2012,2019,2020,2019,sites,91.94732666015625,246.0,-126.05267333984375,28.0
no_dyn_kl,42,1,2019,2012,2019,2020,2019,language,54.97294616699219,220.0,-156.0270538330078,9.0
no_dyn_kl,42,1,2019,2012,2019,2020,2019,brand,86.46611785888672,233.0,-121.53388214111328,25.0
no_dyn_kl,42,1,2019,2012,2019,2020,2019,silk,88.90585327148438,373.0,-115.09414672851562,169.0
no_dyn_kl,42,1,2019,2012,2019,2020,2019,plan,62.056793212890625,213.0,-139.94320678710938,11.0
no_dyn_kl,42,1,2019,2012,2019,2020,2019,可持续发展,96.404296875,212.0,-101.595703125,14.0
no_dyn_kl,42,1,2019,2012,2019,2020,2019,the middle east,66.9176254272461,221.0,-129.0823745727539,25.0
no_dyn_kl,42,1,2019,2012,2019,2020,2019,carrying,78.72965240478516,211.0,-116.27034759521484,16.0
no_dyn_kl,42,1,2019,2012,2019,2020,2019,效果,101.47405242919922,271.0,-93.52594757080078,76.0
no_dyn_kl,42,1,2019,2012,2019,2020,2019,分析,97.87508392333984,212.0,-94.12491607666016,20.0
no_dyn_kl,42,1,2019,2012,2019,2020,2019,reality,92.02133178710938,209.0,-98.97866821289062,18.0
no_dyn_kl,42,1,2019,2012,2019,2020,2019,content,84.63771057128906,210.0,-105.36228942871094,20.0
no_dyn_kl,42,1,2019,2012,2019,2020,2019,middle east,71.42228698730469,203.0,-117.57771301269531,14.0
no_dyn_kl,42,1,2019,2012,2019,2020,2019,服务,99.2001953125,179.0,-88.7998046875,-9.0
no_dyn_kl,42,1,2019,2012,2019,2020,2019,source,94.09857940673828,213.0,-92.90142059326172,26.0
no_dyn_kl,42,1,2019,2012,2019,2020,2019,carrying capacity,76.20216369628906,202.0,-109.79783630371094,16.0
no_dyn_kl,42,1,2019,2012,2019,2020,2019,数字,100.27449035644531,322.0,-84.72550964355469,137.0
no_dyn_kl,42,1,2019,2012,2019,2020,2019,in the middle,72.64595031738281,190.0,-109.35404968261719,8.0
no_dyn_kl,42,1,2019,2012,2019,2020,2019,系统综述,94.51818084716797,222.0,-87.48181915283203,40.0
no_dyn_kl,42,1,2019,2012,2019,2020,2019,实践,96.3086166381836,169.0,-81.6913833618164,-9.0
no_dyn_kl,42,1,2019,2012,2019,2020,2019,graph,94.6697006225586,179.0,-81.3302993774414,3.0
no_dyn_kl,42,1,2019,2012,2019,2020,2019,outbound,39.554325103759766,176.0,-136.44567489624023,0.0
no_dyn_kl,42,1,2019,2012,2019,2020,2019,语境,93.69002532958984,209.0,-81.30997467041016,34.0
no_dyn_kl,42,1,2019,2012,2019,2020,2019,框架,86.97160339355469,221.0,-85.02839660644531,49.0
no_dyn_kl,42,1,2019,2012,2019,2020,2019,al jazeera,83.8441390991211,181.0,-87.1558609008789,10.0
no_dyn_kl,42,1,2019,2012,2019,2020,2019,jazeera,83.8441390991211,181.0,-87.1558609008789,10.0
no_dyn_kl,42,1,2019,2012,2019,2020,2019,流程,96.34500122070312,194.0,-72.65499877929688,25.0
no_dyn_kl,42,1,2019,2012,2019,2020,2019,belt,86.8244857788086,236.0,-79.1755142211914,70.0
no_dyn_kl,42,1,2019,2012,2019,2020,2019,in the middle east,68.05549621582031,181.0,-96.94450378417969,16.0
no_dyn_kl,42,1,2019,2012,2019,2020,2019,政策,85.69813537597656,161.0,-79.30186462402344,-4.0
no_dyn_kl,42,1,2019,2012,2019,2020,2019,软实力,78.89398956298828,175.0,-86.10601043701172,10.0
no_dyn_kl,42,1,2019,2012,2019,2020,2019,marketing,87.75662231445312,217.0,-76.24337768554688,53.0
no_dyn_kl,42,1,2019,2012,2019,2020,2019,religious,87.87159729003906,153.0,-75.12840270996094,-10.0
no_dyn_kl,42,1,2019,2012,2019,2020,2019,country,85.64701080322266,144.0,-76.35298919677734,-18.0
no_dyn_kl,42,1,2019,2012,2019,2020,2019,islam,94.27904510498047,166.0,-67.72095489501953,4.0
no_dyn_kl,42,1,2019,2012,2019,2020,2019,urban,84.11498260498047,187.0,-77.88501739501953,25.0
no_dyn_kl,42,3,2019,2012,2019,2022,2019,旅游,344.2314147949219,4242.0,-2686.768585205078,1211.0
no_dyn_kl,42,3,2019,2012,2019,2022,2019,tour,326.1720886230469,3857.0,-2566.827911376953,964.0
no_dyn_kl,42,3,2019,2012,2019,2022,2019,文化,300.37042236328125,2521.0,-1403.6295776367188,817.0
no_dyn_kl,42,3,2019,2012,2019,2022,2019,nation,287.8958435058594,2266.0,-1195.1041564941406,783.0
no_dyn_kl,42,3,2019,2012,2019,2022,2019,遗产,274.06298828125,1698.0,-1076.93701171875,347.0
no_dyn_kl,42,3,2019,2012,2019,2022,2019,阿拉伯,221.8168487548828,784.0,-608.1831512451172,-46.0
no_dyn_kl,42,3,2019,2012,2019,2022,2019,发展,223.521484375,907.0,-532.478515625,151.0
no_dyn_kl,42,3,2019,2012,2019,2022,2019,目的地,207.28160095214844,1036.0,-477.71839904785156,351.0
no_dyn_kl,42,3,2019,2012,2019,2022,2019,world,210.19668579101562,627.0,-473.8033142089844,-57.0
no_dyn_kl,42,3,2019,2012,2019,2022,2019,view,221.1884307861328,1100.0,-450.8115692138672,428.0
no_dyn_kl,42,3,2019,2012,2019,2022,2019,rate,205.91207885742188,894.0,-430.0879211425781,258.0
no_dyn_kl,42,3,2019,2012,2019,2022,2019,city,199.5768585205078,755.0,-435.4231414794922,120.0
no_dyn_kl,42,3,2019,2012,2019,2022,2019,研究,211.3067626953125,901.0,-382.6932373046875,307.0
no_dyn_kl,42,3,2019,2012,2019,2022,2019,艺术,213.29977416992188,992.0,-347.7002258300781,431.0
no_dyn_kl,42,3,2019,2012,2019,2022,2019,site,194.5534210205078,670.0,-359.4465789794922,116.0
no_dyn_kl,42,3,2019,2012,2019,2022,2019,image,192.56124877929688,783.0,-344.4387512207031,246.0
no_dyn_kl,42,3,2019,2012,2019,2022,2019,社会,195.79566955566406,727.0,-327.20433044433594,204.0
no_dyn_kl,42,3,2019,2012,2019,2022,2019,media,194.23785400390625,588.0,-323.76214599609375,70.0
no_dyn_kl,42,3,2019,2012,2019,2022,2019,search,198.5061492919922,797.0,-318.4938507080078,280.0
no_dyn_kl,42,3,2019,2012,2019,2022,2019,work,195.9188232421875,623.0,-298.0811767578125,129.0
no_dyn_kl,42,3,2019,2012,2019,2022,2019,中国,173.7256622314453,600.0,-223.2743377685547,203.0
no_dyn_kl,42,3,2019,2012,2019,2022,2019,国家,171.6529083251953,523.0,-221.3470916748047,130.0
no_dyn_kl,42,3,2019,2012,2019,2022,2019,影响,174.87081909179688,563.0,-195.12918090820312,193.0
no_dyn_kl,42,3,2019,2012,2019,2022,2019,挑战,167.3968963623047,597.0,-202.6031036376953,227.0
no_dyn_kl,42,3,2019,2012,2019,2022,2019,text,171.79110717773438,565.0,-191.20889282226562,202.0
no_dyn_kl,42,3,2019,2012,2019,2022,2019,challenges,163.0105438232422,553.0,-181.9894561767578,208.0
no_dyn_kl,42,3,2019,2012,2019,2022,2019,east,85.15657043457031,419.0,-246.8434295654297,87.0
no_dyn_kl,42,3,2019,2012,2019,2022,2019,gene,152.39739990234375,406.0,-175.60260009765625,78.0
no_dyn_kl,42,3,2019,2012,2019,2022,2019,chinese,143.90232849121094,325.0,-183.09767150878906,-2.0
no_dyn_kl,42,3,2019,2012,2019,2022,2019,land,155.0728759765625,380.0,-171.9271240234375,53.0
no_dyn_kl,42,3,2019,2012,2019,2022,2019,社交媒体,154.8611297607422,452.0,-163.1388702392578,134.0
no_dyn_kl,42,3,2019,2012,2019,2022,2019,应用,159.67556762695312,470.0,-157.32443237304688,153.0
no_dyn_kl,42,3,2019,2012,2019,2022,2019,power,151.12086486816406,334.0,-158.87913513183594,24.0
no_dyn_kl,42,3,2019,2012,2019,2022,2019,可持续,148.82508850097656,443.0,-161.17491149902344,133.0
no_dyn_kl,42,3,2019,2012,2019,2022,2019,经济,163.30471801757812,467.0,-146.69528198242188,157.0
no_dyn_kl,42,3,2019,2012,2019,2022,2019,road,145.4060516357422,555.0,-149.5939483642578,260.0
no_dyn_kl,42,3,2019,2012,2019,2022,2019,经验,147.40756225585938,403.0,-147.59243774414062,108.0
no_dyn_kl,42,3,2019,2012,2019,2022,2019,管理,159.20811462402344,413.0,-128.79188537597656,125.0
no_dyn_kl,42,3,2019,2012,2019,2022,2019,全球,150.4178009033203,377.0,-135.5821990966797,91.0
no_dyn_kl,42,3,2019,2012,2019,2022,2019,学习,156.47738647460938,564.0,-123.52261352539062,284.0
no_dyn_kl,42,3,2019,2012,2019,2022,2019,change,147.34503173828125,386.0,-130.65496826171875,108.0
no_dyn_kl,42,3,2019,2012,2019,2022,2019,视角,151.94456481933594,504.0,-123.05543518066406,229.0
no_dyn_kl,42,3,2019,2012,2019,2022,2019,遗产旅行,123.26587677001953,324.0,-148.73412322998047,52.0
no_dyn_kl,42,3,2019,2012,2019,2022,2019,地方,146.78619384765625,271.0,-115.21380615234375,9.0
no_dyn_kl,42,3,2019,2012,2019,2022,2019,soft,132.6952667236328,268.0,-127.30473327636719,8.0
no_dyn_kl,42,3,2019,2012,2019,2022,2019,action,81.94403839111328,281.0,-175.05596160888672,24.0
no_dyn_kl,42,3,2019,2012,2019,2022,2019,real,141.89894104003906,378.0,-110.10105895996094,126.0
no_dyn_kl,42,3,2019,2012,2019,2022,2019,state,126.11101531982422,261.0,-125.88898468017578,9.0
no_dyn_kl,42,3,2019,2012,2019,2022,2019,diplomacy,140.21701049804688,422.0,-109.78298950195312,172.0
no_dyn_kl,42,3,2019,2012,2019,2022,2019,mental,151.56886291503906,323.0,-96.43113708496094,75.0
no_dyn_kl,42,3,2019,2012,2019,2022,2019,丝绸之路,128.79722595214844,543.0,-118.20277404785156,296.0
no_dyn_kl,42,3,2019,2012,2019,2022,2019,post,133.7357635498047,461.0,-111.26423645019531,216.0
no_dyn_kl,42,3,2019,2012,2019,2022,2019,formation,147.18341064453125,430.0,-96.81658935546875,186.0
no_dyn_kl,42,3,2019,2012,2019,2022,2019,游客,129.51809692382812,347.0,-114.48190307617188,103.0
no_dyn_kl,42,3,2019,2012,2019,2022,2019,branding,123.06410217285156,366.0,-116.93589782714844,126.0
no_dyn_kl,42,3,2019,2012,2019,2022,2019,relations,139.2675323486328,183.0,-100.73246765136719,-57.0
no_dyn_kl,42,3,2019,2012,2019,2022,2019,place,90.5641860961914,252.0,-147.4358139038086,14.0
no_dyn_kl,42,3,2019,2012,2019,2022,2019,role,143.32969665527344,445.0,-93.67030334472656,208.0
no_dyn_kl,42,3,2019,2012,2019,2022,2019,conflict,138.84725952148438,245.0,-97.15274047851562,9.0
no_dyn_kl,42,3,2019,2012,2019,2022,2019,案例研究,135.36370849609375,228.0,-100.63629150390625,-8.0
no_dyn_kl,42,3,2019,2012,2019,2022,2019,原真性,133.3654327392578,418.0,-94.63456726074219,190.0
no_dyn_kl,42,3,2019,2012,2019,2022,2019,time,132.71548461914062,443.0,-94.28451538085938,216.0
no_dyn_kl,42,3,2019,2012,2019,2022,2019,product,122.71296691894531,226.0,-102.28703308105469,1.0
no_dyn_kl,42,3,2019,2012,2019,2022,2019,africa,128.5559539794922,242.0,-90.44404602050781,23.0
no_dyn_kl,42,3,2019,2012,2019,2022,2019,sites,121.48582458496094,289.0,-96.51417541503906,71.0
no_dyn_kl,42,3,2019,2012,2019,2022,2019,language,70.69659423828125,215.0,-140.30340576171875,4.0
no_dyn_kl,42,3,2019,2012,2019,2022,2019,brand,111.8685073852539,328.0,-96.1314926147461,120.0
no_dyn_kl,42,3,2019,2012,2019,2022,2019,silk,117.7984848022461,466.0,-86.2015151977539,262.0
no_dyn_kl,42,3,2019,2012,2019,2022,2019,plan,79.14237976074219,244.0,-122.85762023925781,42.0
no_dyn_kl,42,3,2019,2012,2019,2022,2019,可持续发展,124.75898742675781,279.0,-73.24101257324219,81.0
no_dyn_kl,42,3,2019,2012,2019,2022,2019,the middle east,86.99945831298828,236.0,-109.00054168701172,40.0
no_dyn_kl,42,3,2019,2012,2019,2022,2019,carrying,101.69774627685547,93.0,-93.30225372314453,-102.0
no_dyn_kl,42,3,2019,2012,2019,2022,2019,效果,132.56942749023438,328.0,-62.430572509765625,133.0
no_dyn_kl,42,3,2019,2012,2019,2022,2019,分析,126.93434143066406,212.0,-65.06565856933594,20.0
no_dyn_kl,42,3,2019,2012,2019,2022,2019,reality,121.0715560913086,256.0,-69.9284439086914,65.0
no_dyn_kl,42,3,2019,2012,2019,2022,2019,content,111.1219711303711,255.0,-78.8780288696289,65.0
no_dyn_kl,42,3,2019,2012,2019,2022,2019,middle east,93.75749969482422,197.0,-95.24250030517578,8.0
no_dyn_kl,42,3,2019,2012,2019,2022,2019,服务,129.92576599121094,153.0,-58.07423400878906,-35.0
no_dyn_kl,42,3,2019,2012,2019,2022,2019,source,122.86849975585938,163.0,-64.13150024414062,-24.0
no_dyn_kl,42,3,2019,2012,2019,2022,2019,carrying capacity,98.87239074707031,84.0,-87.12760925292969,-102.0
no_dyn_kl,42,3,2019,2012,2019,2022,2019,数字,131.0523223876953,626.0,-53.94767761230469,441.0
no_dyn_kl,42,3,2019,2012,2019,2022,2019,in the middle,96.0239028930664,174.0,-85.9760971069336,-8.0
no_dyn_kl,42,3,2019,2012,2019,2022,2019,系统综述,123.6628646850586,229.0,-58.337135314941406,47.0
no_dyn_kl,42,3,2019,2012,2019,2022,2019,实践,126.30268859863281,230.0,-51.69731140136719,52.0
no_dyn_kl,42,3,2019,2012,2019,2022,2019,graph,123.20675659179688,223.0,-52.793243408203125,47.0
no_dyn_kl,42,3,2019,2012,2019,2022,2019,outbound,53.590576171875,108.0,-122.409423828125,-68.0
no_dyn_kl,42,3,2019,2012,2019,2022,2019,语境,123.04517364501953,258.0,-51.95482635498047,83.0
no_dyn_kl,42,3,2019,2012,2019,2022,2019,框架,112.34555053710938,263.0,-59.654449462890625,91.0
no_dyn_kl,42,3,2019,2012,2019,2022,2019,al jazeera,111.83116149902344,138.0,-59.16883850097656,-33.0
no_dyn_kl,42,3,2019,2012,2019,2022,2019,jazeera,111.83116149902344,138.0,-59.16883850097656,-33.0
no_dyn_kl,42,3,2019,2012,2019,2022,2019,流程,126.72265625,221.0,-42.27734375,52.0
no_dyn_kl,42,3,2019,2012,2019,2022,2019,belt,115.85650634765625,328.0,-50.14349365234375,162.0
no_dyn_kl,42,3,2019,2012,2019,2022,2019,in the middle east,90.77181243896484,190.0,-74.22818756103516,25.0
no_dyn_kl,42,3,2019,2012,2019,2022,2019,政策,112.6817855834961,255.0,-52.318214416503906,90.0
no_dyn_kl,42,3,2019,2012,2019,2022,2019,软实力,105.22882843017578,177.0,-59.77117156982422,12.0
no_dyn_kl,42,3,2019,2012,2019,2022,2019,marketing,115.12789154052734,345.0,-48.872108459472656,181.0
no_dyn_kl,42,3,2019,2012,2019,2022,2019,religious,116.6634521484375,227.0,-46.3365478515625,64.0
no_dyn_kl,42,3,2019,2012,2019,2022,2019,country,113.19509887695312,254.0,-48.804901123046875,92.0
no_dyn_kl,42,3,2019,2012,2019,2022,2019,islam,124.79485321044922,119.0,-37.20514678955078,-43.0
no_dyn_kl,42,3,2019,2012,2019,2022,2019,urban,109.67112731933594,252.0,-52.32887268066406,90.0
no_dyn_kl,42,5,2019,2012,2019,2024,2019,旅游,372.5054626464844,5508.0,-2658.4945373535156,2477.0
no_dyn_kl,42,5,2019,2012,2019,2024,2019,tour,355.1922607421875,4819.0,-2537.8077392578125,1926.0
no_dyn_kl,42,5,2019,2012,2019,2024,2019,文化,333.7256164550781,3099.0,-1370.2743835449219,1395.0
no_dyn_kl,42,5,2019,2012,2019,2024,2019,nation,322.928955078125,2652.0,-1160.071044921875,1169.0
no_dyn_kl,42,5,2019,2012,2019,2024,2019,遗产,309.4218444824219,1984.0,-1041.5781555175781,633.0
no_dyn_kl,42,5,2019,2012,2019,2024,2019,阿拉伯,257.93035888671875,1033.0,-572.0696411132812,203.0
no_dyn_kl,42,5,2019,2012,2019,2024,2019,发展,260.68438720703125,1136.0,-495.31561279296875,380.0
no_dyn_kl,42,5,2019,2012,2019,2024,2019,目的地,244.43701171875,1258.0,-440.56298828125,573.0
no_dyn_kl,42,5,2019,2012,2019,2024,2019,world,247.34825134277344,645.0,-436.65174865722656,-39.0
no_dyn_kl,42,5,2019,2012,2019,2024,2019,view,258.51129150390625,1119.0,-413.48870849609375,447.0
no_dyn_kl,42,5,2019,2012,2019,2024,2019,rate,242.86154174804688,1324.0,-393.1384582519531,688.0
no_dyn_kl,42,5,2019,2012,2019,2024,2019,city,235.85264587402344,938.0,-399.14735412597656,303.0
no_dyn_kl,42,5,2019,2012,2019,2024,2019,研究,249.00216674804688,1258.0,-344.9978332519531,664.0
no_dyn_kl,42,5,2019,2012,2019,2024,2019,艺术,251.1916961669922,1274.0,-309.8083038330078,713.0
no_dyn_kl,42,5,2019,2012,2019,2024,2019,site,231.71273803710938,537.0,-322.2872619628906,-17.0
no_dyn_kl,42,5,2019,2012,2019,2024,2019,image,229.30630493164062,952.0,-307.6936950683594,415.0
no_dyn_kl,42,5,2019,2012,2019,2024,2019,社会,232.4907989501953,939.0,-290.5092010498047,416.0
no_dyn_kl,42,5,2019,2012,2019,2024,2019,media,231.0063934326172,821.0,-286.9936065673828,303.0
no_dyn_kl,42,5,2019,2012,2019,2024,2019,search,236.0951385498047,976.0,-280.9048614501953,459.0
no_dyn_kl,42,5,2019,2012,2019,2024,2019,work,232.8471221923828,684.0,-261.1528778076172,190.0
no_dyn_kl,42,5,2019,2012,2019,2024,2019,中国,210.25872802734375,774.0,-186.74127197265625,377.0
no_dyn_kl,42,5,2019,2012,2019,2024,2019,国家,207.81253051757812,564.0,-185.18746948242188,171.0
no_dyn_kl,42,5,2019,2012,2019,2024,2019,影响,211.6407012939453,699.0,-158.3592987060547,329.0
no_dyn_kl,42,5,2019,2012,2019,2024,2019,挑战,203.23622131347656,666.0,-166.76377868652344,296.0
no_dyn_kl,42,5,2019,2012,2019,2024,2019,text,208.33901977539062,804.0,-154.66098022460938,441.0
no_dyn_kl,42,5,2019,2012,2019,2024,2019,challenges,198.68850708007812,633.0,-146.31149291992188,288.0
no_dyn_kl,42,5,2019,2012,2019,2024,2019,east,108.0814437866211,343.0,-223.9185562133789,11.0
no_dyn_kl,42,5,2019,2012,2019,2024,2019,gene,186.65859985351562,796.0,-141.34140014648438,468.0
no_dyn_kl,42,5,2019,2012,2019,2024,2019,chinese,177.04713439941406,424.0,-149.95286560058594,97.0
no_dyn_kl,42,5,2019,2012,2019,2024,2019,land,189.670166015625,340.0,-137.329833984375,13.0
no_dyn_kl,42,5,2019,2012,2019,2024,2019,社交媒体,189.83497619628906,677.0,-128.16502380371094,359.0
no_dyn_kl,42,5,2019,2012,2019,2024,2019,应用,195.1480255126953,495.0,-121.85197448730469,178.0
no_dyn_kl,42,5,2019,2012,2019,2024,2019,power,185.9803009033203,386.0,-124.01969909667969,76.0
no_dyn_kl,42,5,2019,2012,2019,2024,2019,可持续,182.78060913085938,589.0,-127.21939086914062,279.0
no_dyn_kl,42,5,2019,2012,2019,2024,2019,经济,199.37306213378906,564.0,-110.62693786621094,254.0
no_dyn_kl,42,5,2019,2012,2019,2024,2019,road,180.05322265625,490.0,-114.94677734375,195.0
no_dyn_kl,42,5,2019,2012,2019,2024,2019,经验,181.36981201171875,473.0,-113.63018798828125,178.0
no_dyn_kl,42,5,2019,2012,2019,2024,2019,管理,195.14541625976562,480.0,-92.85458374023438,192.0
no_dyn_kl,42,5,2019,2012,2019,2024,2019,全球,184.76165771484375,358.0,-101.23834228515625,72.0
no_dyn_kl,42,5,2019,2012,2019,2024,2019,学习,192.36337280273438,568.0,-87.63662719726562,288.0
no_dyn_kl,42,5,2019,2012,2019,2024,2019,change,181.70335388183594,426.0,-96.29664611816406,148.0
no_dyn_kl,42,5,2019,2012,2019,2024,2019,视角,187.15194702148438,668.0,-87.84805297851562,393.0
no_dyn_kl,42,5,2019,2012,2019,2024,2019,遗产旅行,154.0972900390625,378.0,-117.9027099609375,106.0
no_dyn_kl,42,5,2019,2012,2019,2024,2019,地方,181.57298278808594,273.0,-80.42701721191406,11.0
no_dyn_kl,42,5,2019,2012,2019,2024,2019,soft,165.2349853515625,276.0,-94.7650146484375,16.0
no_dyn_kl,42,5,2019,2012,2019,2024,2019,action,104.36044311523438,350.0,-152.63955688476562,93.0
no_dyn_kl,42,5,2019,2012,2019,2024,2019,real,175.944580078125,541.0,-76.055419921875,289.0
no_dyn_kl,42,5,2019,2012,2019,2024,2019,state,156.8253631591797,305.0,-95.17463684082031,53.0
no_dyn_kl,42,5,2019,2012,2019,2024,2019,diplomacy,174.63079833984375,494.0,-75.36920166015625,244.0
no_dyn_kl,42,5,2019,2012,2019,2024,2019,mental,186.91012573242188,264.0,-61.089874267578125,16.0
no_dyn_kl,42,5,2019,2012,2019,2024,2019,丝绸之路,161.67625427246094,522.0,-85.32374572753906,275.0
no_dyn_kl,42,5,2019,2012,2019,2024,2019,post,166.5212860107422,546.0,-78.47871398925781,301.0
no_dyn_kl,42,5,2019,2012,2019,2024,2019,formation,182.07424926757812,506.0,-61.925750732421875,262.0
no_dyn_kl,42,5,2019,2012,2019,2024,2019,游客,161.6446075439453,376.0,-82.35539245605469,132.0
no_dyn_kl,42,5,2019,2012,2019,2024,2019,branding,154.45008850097656,314.0,-85.54991149902344,74.0
no_dyn_kl,42,5,2019,2012,2019,2024,2019,relations,172.99484252929688,179.0,-67.00515747070312,-61.0
no_dyn_kl,42,5,2019,2012,2019,2024,2019,place,114.88262176513672,221.0,-123.11737823486328,-17.0
no_dyn_kl,42,5,2019,2012,2019,2024,2019,role,177.46295166015625,649.0,-59.53704833984375,412.0
no_dyn_kl,42,5,2019,2012,2019,2024,2019,conflict,172.77801513671875,174.0,-63.22198486328125,-62.0
no_dyn_kl,42,5,2019,2012,2019,2024,2019,案例研究,167.8135986328125,316.0,-68.1864013671875,80.0
no_dyn_kl,42,5,2019,2012,2019,2024,2019,原真性,166.66944885253906,445.0,-61.33055114746094,217.0
no_dyn_kl,42,5,2019,2012,2019,2024,2019,time,166.32728576660156,391.0,-60.67271423339844,164.0
no_dyn_kl,42,5,2019,2012,2019,2024,2019,product,152.97457885742188,334.0,-72.02542114257812,109.0
no_dyn_kl,42,5,2019,2012,2019,2024,2019,africa,160.53248596191406,242.0,-58.46751403808594,23.0
no_dyn_kl,42,5,2019,2012,2019,2024,2019,sites,153.4793701171875,210.0,-64.5206298828125,-8.0
no_dyn_kl,42,5,2019,2012,2019,2024,2019,language,90.99859619140625,369.0,-120.00140380859375,158.0
no_dyn_kl,42,5,2019,2012,2019,2024,2019,brand,141.24806213378906,297.0,-66.75193786621094,89.0
no_dyn_kl,42,5,2019,2012,2019,2024,2019,silk,149.25205993652344,429.0,-54.74794006347656,225.0
no_dyn_kl,42,5,2019,2012,2019,2024,2019,plan,101.26405334472656,254.0,-100.73594665527344,52.0
no_dyn_kl,42,5,2019,2012,2019,2024,2019,可持续发展,156.386474609375,371.0,-41.613525390625,173.0
no_dyn_kl,42,5,2019,2012,2019,2024,2019,the middle east,111.51245880126953,129.0,-84.48754119873047,-67.0
no_dyn_kl,42,5,2019,2012,2019,2024,2019,carrying,129.08348083496094,81.0,-65.91651916503906,-114.0
no_dyn_kl,42,5,2019,2012,2019,2024,2019,效果,165.8942108154297,339.0,-29.105789184570312,144.0
no_dyn_kl,42,5,2019,2012,2019,2024,2019,分析,159.01388549804688,253.0,-32.986114501953125,61.0
no_dyn_kl,42,5,2019,2012,2019,2024,2019,reality,152.80337524414062,383.0,-38.196624755859375,192.0
no_dyn_kl,42,5,2019,2012,2019,2024,2019,content,140.95269775390625,369.0,-49.04730224609375,179.0
no_dyn_kl,42,5,2019,2012,2019,2024,2019,middle east,120.0763168334961,79.0,-68.9236831665039,-110.0
no_dyn_kl,42,5,2019,2012,2019,2024,2019,服务,162.9459686279297,317.0,-25.054031372070312,129.0
no_dyn_kl,42,5,2019,2012,2019,2024,2019,source,154.5754852294922,163.0,-32.42451477050781,-24.0
no_dyn_kl,42,5,2019,2012,2019,2024,2019,carrying capacity,125.85325622558594,81.0,-60.14674377441406,-105.0
no_dyn_kl,42,5,2019,2012,2019,2024,2019,数字,164.15304565429688,985.0,-20.846954345703125,800.0
no_dyn_kl,42,5,2019,2012,2019,2024,2019,in the middle,123.06966400146484,90.0,-58.930335998535156,-92.0
no_dyn_kl,42,5,2019,2012,2019,2024,2019,系统综述,155.59349060058594,195.0,-26.406509399414062,13.0
no_dyn_kl,42,5,2019,2012,2019,2024,2019,实践,158.7850799560547,227.0,-19.214920043945312,49.0
no_dyn_kl,42,5,2019,2012,2019,2024,2019,graph,154.823974609375,396.0,-21.176025390625,220.0
no_dyn_kl,42,5,2019,2012,2019,2024,2019,outbound,70.35090637207031,54.0,-105.64909362792969,-122.0
no_dyn_kl,42,5,2019,2012,2019,2024,2019,语境,155.0392303466797,281.0,-19.960769653320312,106.0
no_dyn_kl,42,5,2019,2012,2019,2024,2019,框架,141.74679565429688,335.0,-30.253204345703125,163.0
no_dyn_kl,42,5,2019,2012,2019,2024,2019,al jazeera,142.44107055664062,48.0,-28.558929443359375,-123.0
no_dyn_kl,42,5,2019,2012,2019,2024,2019,jazeera,142.44107055664062,65.0,-28.558929443359375,-106.0
no_dyn_kl,42,5,2019,2012,2019,2024,2019,流程,159.40985107421875,180.0,-9.59014892578125,11.0
no_dyn_kl,42,5,2019,2012,2019,2024,2019,belt,147.2523956298828,269.0,-18.747604370117188,103.0
no_dyn_kl,42,5,2019,2012,2019,2024,2019,in the middle east,116.97171020507812,97.0,-48.028289794921875,-68.0
no_dyn_kl,42,5,2019,2012,2019,2024,2019,政策,142.86453247070312,254.0,-22.135467529296875,89.0
no_dyn_kl,42,5,2019,2012,2019,2024,2019,软实力,134.5289764404297,175.0,-30.471023559570312,10.0
no_dyn_kl,42,5,2019,2012,2019,2024,2019,marketing,145.66912841796875,544.0,-18.33087158203125,380.0
no_dyn_kl,42,5,2019,2012,2019,2024,2019,religious,147.99282836914062,247.0,-15.007171630859375,84.0
no_dyn_kl,42,5,2019,2012,2019,2024,2019,country,143.68594360351562,255.0,-18.314056396484375,93.0
no_dyn_kl,42,5,2019,2012,2019,2024,2019,islam,157.4451141357422,102.0,-4.5548858642578125,-60.0
no_dyn_kl,42,5,2019,2012,2019,2024,2019,urban,138.9486541748047,255.0,-23.051345825195312,93.0
no_dyn_kl,123,1,2019,2012,2019,2020,2019,旅游,281.2995300292969,3486.0,-2749.700469970703,455.0
no_dyn_kl,123,1,2019,2012,2019,2020,2019,tour,261.24664306640625,3300.0,-2631.7533569335938,407.0
no_dyn_kl,123,1,2019,2012,2019,2020,2019,文化,246.4785614013672,2014.0,-1457.5214385986328,310.0
no_dyn_kl,123,1,2019,2012,2019,2020,2019,nation,238.1025390625,1766.0,-1244.8974609375,283.0
no_dyn_kl,123,1,2019,2012,2019,2020,2019,遗产,223.1162109375,1587.0,-1127.8837890625,236.0
no_dyn_kl,123,1,2019,2012,2019,2020,2019,阿拉伯,174.2967987060547,881.0,-655.7032012939453,51.0
no_dyn_kl,123,1,2019,2012,2019,2020,2019,发展,179.23121643066406,899.0,-576.7687835693359,143.0
no_dyn_kl,123,1,2019,2012,2019,2020,2019,目的地,164.17965698242188,794.0,-520.8203430175781,109.0
no_dyn_kl,123,1,2019,2012,2019,2020,2019,world,166.99148559570312,786.0,-517.0085144042969,102.0
no_dyn_kl,123,1,2019,2012,2019,2020,2019,view,178.5706787109375,905.0,-493.4293212890625,233.0
no_dyn_kl,123,1,2019,2012,2019,2020,2019,rate,163.0672607421875,683.0,-472.9327392578125,47.0
no_dyn_kl,123,1,2019,2012,2019,2020,2019,city,155.69769287109375,681.0,-479.30230712890625,46.0
no_dyn_kl,123,1,2019,2012,2019,2020,2019,研究,171.23544311523438,734.0,-422.7645568847656,140.0
no_dyn_kl,123,1,2019,2012,2019,2020,2019,艺术,174.4737548828125,646.0,-386.5262451171875,85.0
no_dyn_kl,123,1,2019,2012,2019,2020,2019,site,154.4270477294922,657.0,-399.5729522705078,103.0
no_dyn_kl,123,1,2019,2012,2019,2020,2019,image,151.7372283935547,662.0,-385.2627716064453,125.0
no_dyn_kl,123,1,2019,2012,2019,2020,2019,社会,154.8526611328125,616.0,-368.1473388671875,93.0
no_dyn_kl,123,1,2019,2012,2019,2020,2019,media,153.67269897460938,576.0,-364.3273010253906,58.0
no_dyn_kl,123,1,2019,2012,2019,2020,2019,search,160.12208557128906,632.0,-356.87791442871094,115.0
no_dyn_kl,123,1,2019,2012,2019,2020,2019,work,156.06964111328125,529.0,-337.93035888671875,35.0
no_dyn_kl,123,1,2019,2012,2019,2020,2019,中国,137.61624145507812,537.0,-259.3837585449219,140.0
no_dyn_kl,123,1,2019,2012,2019,2020,2019,国家,134.86070251464844,492.0,-258.13929748535156,99.0
no_dyn_kl,123,1,2019,2012,2019,2020,2019,影响,139.92279052734375,466.0,-230.07720947265625,96.0
no_dyn_kl,123,1,2019,2012,2019,2020,2019,挑战,131.02833557128906,476.0,-238.97166442871094,106.0
no_dyn_kl,123,1,2019,2012,2019,2020,2019,text,136.8695068359375,415.0,-226.1304931640625,52.0
no_dyn_kl,123,1,2019,2012,2019,2020,2019,challenges,127.68155670166016,451.0,-217.31844329833984,106.0
no_dyn_kl,123,1,2019,2012,2019,2020,2019,east,56.0140266418457,405.0,-275.9859733581543,73.0
no_dyn_kl,123,1,2019,2012,2019,2020,2019,gene,116.46478271484375,329.0,-211.53521728515625,1.0
no_dyn_kl,123,1,2019,2012,2019,2020,2019,chinese,107.91190338134766,359.0,-219.08809661865234,32.0
no_dyn_kl,123,1,2019,2012,2019,2020,2019,land,119.26700592041016,380.0,-207.73299407958984,53.0
no_dyn_kl,123,1,2019,2012,2019,2020,2019,社交媒体,120.15855407714844,379.0,-197.84144592285156,61.0
no_dyn_kl,123,1,2019,2012,2019,2020,2019,应用,125.19203186035156,336.0,-191.80796813964844,19.0
no_dyn_kl,123,1,2019,2012,2019,2020,2019,power,117.31694030761719,328.0,-192.6830596923828,18.0
no_dyn_kl,123,1,2019,2012,2019,2020,2019,可持续,113.4858627319336,389.0,-196.5141372680664,79.0
no_dyn_kl,123,1,2019,2012,2019,2020,2019,经济,129.98683166503906,346.0,-180.01316833496094,36.0
no_dyn_kl,123,1,2019,2012,2019,2020,2019,road,113.27702331542969,434.0,-181.7229766845703,139.0
no_dyn_kl,123,1,2019,2012,2019,2020,2019,经验,112.73464965820312,321.0,-182.26535034179688,26.0
no_dyn_kl,123,1,2019,2012,2019,2020,2019,管理,127.1590347290039,317.0,-160.8409652709961,29.0
no_dyn_kl,123,1,2019,2012,2019,2020,2019,全球,116.0802230834961,357.0,-169.9197769165039,71.0
no_dyn_kl,123,1,2019,2012,2019,2020,2019,学习,125.38442993164062,368.0,-154.61557006835938,88.0
no_dyn_kl,123,1,2019,2012,2019,2020,2019,change,113.99567413330078,327.0,-164.00432586669922,49.0
no_dyn_kl,123,1,2019,2012,2019,2020,2019,视角,119.88773345947266,368.0,-155.11226654052734,93.0
no_dyn_kl,123,1,2019,2012,2019,2020,2019,遗产旅行,89.82720184326172,285.0,-182.17279815673828,13.0
no_dyn_kl,123,1,2019,2012,2019,2020,2019,地方,115.40065002441406,319.0,-146.59934997558594,57.0
no_dyn_kl,123,1,2019,2012,2019,2020,2019,soft,99.77283477783203,313.0,-160.22716522216797,53.0
no_dyn_kl,123,1,2019,2012,2019,2020,2019,action,54.65230941772461,263.0,-202.3476905822754,6.0
no_dyn_kl,123,1,2019,2012,2019,2020,2019,real,110.04893493652344,322.0,-141.95106506347656,70.0
no_dyn_kl,123,1,2019,2012,2019,2020,2019,state,92.86573028564453,277.0,-159.13426971435547,25.0
no_dyn_kl,123,1,2019,2012,2019,2020,2019,diplomacy,110.57865905761719,333.0,-139.4213409423828,83.0
no_dyn_kl,123,1,2019,2012,2019,2020,2019,mental,120.8375473022461,344.0,-127.1624526977539,96.0
no_dyn_kl,123,1,2019,2012,2019,2020,2019,丝绸之路,98.76605987548828,434.0,-148.23394012451172,187.0
no_dyn_kl,123,1,2019,2012,2019,2020,2019,post,101.43179321289062,341.0,-143.56820678710938,96.0
no_dyn_kl,123,1,2019,2012,2019,2020,2019,formation,116.4913330078125,316.0,-127.5086669921875,72.0
no_dyn_kl,123,1,2019,2012,2019,2020,2019,游客,97.12762451171875,304.0,-146.87237548828125,60.0
no_dyn_kl,123,1,2019,2012,2019,2020,2019,branding,91.2513656616211,239.0,-148.7486343383789,-1.0
no_dyn_kl,123,1,2019,2012,2019,2020,2019,relations,107.70655059814453,247.0,-132.29344940185547,7.0
no_dyn_kl,123,1,2019,2012,2019,2020,2019,place,61.46023178100586,285.0,-176.53976821899414,47.0
no_dyn_kl,123,1,2019,2012,2019,2020,2019,role,111.66879272460938,315.0,-125.33120727539062,78.0
no_dyn_kl,123,1,2019,2012,2019,2020,2019,conflict,108.21582794189453,255.0,-127.78417205810547,19.0
no_dyn_kl,123,1,2019,2012,2019,2020,2019,案例研究,102.45387268066406,237.0,-133.54612731933594,1.0
no_dyn_kl,123,1,2019,2012,2019,2020,2019,原真性,103.11905670166016,264.0,-124.88094329833984,36.0
no_dyn_kl,123,1,2019,2012,2019,2020,2019,time,104.11666107177734,382.0,-122.88333892822266,155.0
no_dyn_kl,123,1,2019,2012,2019,2020,2019,product,90.48995208740234,212.0,-134.51004791259766,-13.0
no_dyn_kl,123,1,2019,2012,2019,2020,2019,africa,96.90235137939453,227.0,-122.09764862060547,8.0
no_dyn_kl,123,1,2019,2012,2019,2020,2019,sites,92.80989074707031,246.0,-125.19010925292969,28.0
no_dyn_kl,123,1,2019,2012,2019,2020,2019,language,46.5109748840332,220.0,-164.4890251159668,9.0
no_dyn_kl,123,1,2019,2012,2019,2020,2019,brand,81.13147735595703,233.0,-126.86852264404297,25.0
no_dyn_kl,123,1,2019,2012,2019,2020,2019,silk,89.57147216796875,373.0,-114.42852783203125,169.0
no_dyn_kl,123,1,2019,2012,2019,2020,2019,plan,52.930999755859375,213.0,-149.06900024414062,11.0
no_dyn_kl,123,1,2019,2012,2019,2020,2019,可持续发展,94.16657257080078,212.0,-103.83342742919922,14.0
no_dyn_kl,123,1,2019,2012,2019,2020,2019,the middle east,58.71298599243164,221.0,-137.28701400756836,25.0
no_dyn_kl,123,1,2019,2012,2019,2020,2019,carrying,71.99072265625,211.0,-123.00927734375,16.0
no_dyn_kl,123,1,2019,2012,2019,2020,2019,效果,103.68034362792969,271.0,-91.31965637207031,76.0
no_dyn_kl,123,1,2019,2012,2019,2020,2019,分析,96.77297973632812,212.0,-95.22702026367188,20.0
no_dyn_kl,123,1,2019,2012,2019,2020,2019,reality,92.358154296875,209.0,-98.641845703125,18.0
no_dyn_kl,123,1,2019,2012,2019,2020,2019,content,81.74944305419922,210.0,-108.25055694580078,20.0
no_dyn_kl,123,1,2019,2012,2019,2020,2019,middle east,64.95454406738281,203.0,-124.04545593261719,14.0
no_dyn_kl,123,1,2019,2012,2019,2020,2019,服务,101.3956527709961,179.0,-86.6043472290039,-9.0
no_dyn_kl,123,1,2019,2012,2019,2020,2019,source,93.41094207763672,213.0,-93.58905792236328,26.0
no_dyn_kl,123,1,2019,2012,2019,2020,2019,carrying capacity,69.69630432128906,202.0,-116.30369567871094,16.0
no_dyn_kl,123,1,2019,2012,2019,2020,2019,数字,102.36673736572266,322.0,-82.63326263427734,137.0
no_dyn_kl,123,1,2019,2012,2019,2020,2019,in the middle,67.49047088623047,190.0,-114.50952911376953,8.0
no_dyn_kl,123,1,2019,2012,2019,2020,2019,系统综述,94.64137268066406,222.0,-87.35862731933594,40.0
no_dyn_kl,123,1,2019,2012,2019,2020,2019,实践,97.9312973022461,169.0,-80.0687026977539,-9.0
no_dyn_kl,123,1,2019,2012,2019,2020,2019,graph,93.79135131835938,179.0,-82.20864868164062,3.0
no_dyn_kl,123,1,2019,2012,2019,2020,2019,outbound,33.16039276123047,176.0,-142.83960723876953,0.0
no_dyn_kl,123,1,2019,2012,2019,2020,2019,语境,94.70784759521484,209.0,-80.29215240478516,34.0
no_dyn_kl,123,1,2019,2012,2019,2020,2019,框架,82.77626037597656,221.0,-89.22373962402344,49.0
no_dyn_kl,123,1,2019,2012,2019,2020,2019,al jazeera,84.99346923828125,181.0,-86.00653076171875,10.0
no_dyn_kl,123,1,2019,2012,2019,2020,2019,jazeera,84.99346923828125,181.0,-86.00653076171875,10.0
no_dyn_kl,123,1,2019,2012,2019,2020,2019,流程,99.14884185791016,194.0,-69.85115814208984,25.0
no_dyn_kl,123,1,2019,2012,2019,2020,2019,belt,89.71678161621094,236.0,-76.28321838378906,70.0
no_dyn_kl,123,1,2019,2012,2019,2020,2019,in the middle east,63.3572883605957,181.0,-101.6427116394043,16.0
no_dyn_kl,123,1,2019,2012,2019,2020,2019,政策,84.28646850585938,161.0,-80.71353149414062,-4.0
no_dyn_kl,123,1,2019,2012,2019,2020,2019,软实力,78.02590942382812,175.0,-86.97409057617188,10.0
no_dyn_kl,123,1,2019,2012,2019,2020,2019,marketing,86.62808990478516,217.0,-77.37191009521484,53.0
no_dyn_kl,123,1,2019,2012,2019,2020,2019,religious,89.79061126708984,153.0,-73.20938873291016,-10.0
no_dyn_kl,123,1,2019,2012,2019,2020,2019,country,85.4449234008789,144.0,-76.5550765991211,-18.0
no_dyn_kl,123,1,2019,2012,2019,2020,2019,islam,98.37890625,166.0,-63.62109375,4.0
no_dyn_kl,123,1,2019,2012,2019,2020,2019,urban,80.86200714111328,187.0,-81.13799285888672,25.0
no_dyn_kl,123,3,2019,2012,2019,2022,2019,旅游,267.244384765625,4242.0,-2763.755615234375,1211.0
no_dyn_kl,123,3,2019,2012,2019,2022,2019,tour,249.1482391357422,3857.0,-2643.851760864258,964.0
no_dyn_kl,123,3,2019,2012,2019,2022,2019,文化,243.0129852294922,2521.0,-1460.9870147705078,817.0
no_dyn_kl,123,3,2019,2012,2019,2022,2019,nation,238.56747436523438,2266.0,-1244.4325256347656,783.0
no_dyn_kl,123,3,2019,2012,2019,2022,2019,遗产,225.607666015625,1698.0,-1125.392333984375,347.0
no_dyn_kl,123,3,2019,2012,2019,2022,2019,阿拉伯,183.55270385742188,784.0,-646.4472961425781,-46.0
no_dyn_kl,123,3,2019,2012,2019,2022,2019,发展,190.50772094726562,907.0,-565.4922790527344,151.0
no_dyn_kl,123,3,2019,2012,2019,2022,2019,目的地,178.10411071777344,1036.0,-506.89588928222656,351.0
no_dyn_kl,123,3,2019,2012,2019,2022,2019,world,180.3321990966797,627.0,-503.6678009033203,-57.0
no_dyn_kl,123,3,2019,2012,2019,2022,2019,view,190.1540985107422,1100.0,-481.8459014892578,428.0
no_dyn_kl,123,3,2019,2012,2019,2022,2019,rate,176.50393676757812,894.0,-459.4960632324219,258.0
no_dyn_kl,123,3,2019,2012,2019,2022,2019,city,168.6754913330078,755.0,-466.3245086669922,120.0
no_dyn_kl,123,3,2019,2012,2019,2022,2019,研究,185.03636169433594,901.0,-408.96363830566406,307.0
no_dyn_kl,123,3,2019,2012,2019,2022,2019,艺术,188.08065795898438,992.0,-372.9193420410156,431.0
no_dyn_kl,123,3,2019,2012,2019,2022,2019,site,170.2688751220703,670.0,-383.7311248779297,116.0
no_dyn_kl,123,3,2019,2012,2019,2022,2019,image,166.93678283691406,783.0,-370.06321716308594,246.0
no_dyn_kl,123,3,2019,2012,2019,2022,2019,社会,169.09803771972656,727.0,-353.90196228027344,204.0
no_dyn_kl,123,3,2019,2012,2019,2022,2019,media,168.4280242919922,588.0,-349.5719757080078,70.0
no_dyn_kl,123,3,2019,2012,2019,2022,2019,search,175.83029174804688,797.0,-341.1697082519531,280.0
no_dyn_kl,123,3,2019,2012,2019,2022,2019,work,170.683349609375,623.0,-323.316650390625,129.0
no_dyn_kl,123,3,2019,2012,2019,2022,2019,中国,155.9268035888672,600.0,-241.0731964111328,203.0
no_dyn_kl,123,3,2019,2012,2019,2022,2019,国家,152.7977294921875,523.0,-240.2022705078125,130.0
no_dyn_kl,123,3,2019,2012,2019,2022,2019,影响,158.29766845703125,563.0,-211.70233154296875,193.0
no_dyn_kl,123,3,2019,2012,2019,2022,2019,挑战,149.1573028564453,597.0,-220.8426971435547,227.0
no_dyn_kl,123,3,2019,2012,2019,2022,2019,text,155.47384643554688,565.0,-207.52615356445312,202.0
no_dyn_kl,123,3,2019,2012,2019,2022,2019,challenges,146.45388793945312,553.0,-198.54611206054688,208.0
no_dyn_kl,123,3,2019,2012,2019,2022,2019,east,68.2612075805664,419.0,-263.7387924194336,87.0
no_dyn_kl,123,3,2019,2012,2019,2022,2019,gene,134.57557678222656,406.0,-193.42442321777344,78.0
no_dyn_kl,123,3,2019,2012,2019,2022,2019,chinese,125.68919372558594,325.0,-201.31080627441406,-2.0
no_dyn_kl,123,3,2019,2012,2019,2022,2019,land,137.44581604003906,380.0,-189.55418395996094,53.0
no_dyn_kl,123,3,2019,2012,2019,2022,2019,社交媒体,139.3521728515625,452.0,-178.6478271484375,134.0
no_dyn_kl,123,3,2019,2012,2019,2022,2019,应用,144.20611572265625,470.0,-172.79388427734375,153.0
no_dyn_kl,123,3,2019,2012,2019,2022,2019,power,137.3015899658203,334.0,-172.6984100341797,24.0
no_dyn_kl,123,3,2019,2012,2019,2022,2019,可持续,131.7935791015625,443.0,-178.2064208984375,133.0
no_dyn_kl,123,3,2019,2012,2019,2022,2019,经济,149.35276794433594,467.0,-160.64723205566406,157.0
no_dyn_kl,123,3,2019,2012,2019,2022,2019,road,134.3658905029297,555.0,-160.6341094970703,260.0
no_dyn_kl,123,3,2019,2012,2019,2022,2019,经验,131.43844604492188,403.0,-163.56155395507812,108.0
no_dyn_kl,123,3,2019,2012,2019,2022,2019,管理,147.18228149414062,413.0,-140.81771850585938,125.0
no_dyn_kl,123,3,2019,2012,2019,2022,2019,全球,134.7602081298828,377.0,-151.2397918701172,91.0
no_dyn_kl,123,3,2019,2012,2019,2022,2019,学习,145.97787475585938,564.0,-134.02212524414062,284.0
no_dyn_kl,123,3,2019,2012,2019,2022,2019,change,133.67088317871094,386.0,-144.32911682128906,108.0
no_dyn_kl,123,3,2019,2012,2019,2022,2019,视角,140.21304321289062,504.0,-134.78695678710938,229.0
no_dyn_kl,123,3,2019,2012,2019,2022,2019,遗产旅行,108.45653533935547,324.0,-163.54346466064453,52.0
no_dyn_kl,123,3,2019,2012,2019,2022,2019,地方,136.18907165527344,271.0,-125.81092834472656,9.0
no_dyn_kl,123,3,2019,2012,2019,2022,2019,soft,119.53897094726562,268.0,-140.46102905273438,8.0
no_dyn_kl,123,3,2019,2012,2019,2022,2019,action,67.0301284790039,281.0,-189.9698715209961,24.0
no_dyn_kl,123,3,2019,2012,2019,2022,2019,real,130.51467895507812,378.0,-121.48532104492188,126.0
no_dyn_kl,123,3,2019,2012,2019,2022,2019,state,109.63408660888672,261.0,-142.36591339111328,9.0
no_dyn_kl,123,3,2019,2012,2019,2022,2019,diplomacy,132.41041564941406,422.0,-117.58958435058594,172.0
no_dyn_kl,123,3,2019,2012,2019,2022,2019,mental,141.3800506591797,323.0,-106.61994934082031,75.0
no_dyn_kl,123,3,2019,2012,2019,2022,2019,丝绸之路,120.70992279052734,543.0,-126.29007720947266,296.0
no_dyn_kl,123,3,2019,2012,2019,2022,2019,post,121.38225555419922,461.0,-123.61774444580078,216.0
no_dyn_kl,123,3,2019,2012,2019,2022,2019,formation,137.27117919921875,430.0,-106.72882080078125,186.0
no_dyn_kl,123,3,2019,2012,2019,2022,2019,游客,116.83717346191406,347.0,-127.16282653808594,103.0
no_dyn_kl,123,3,2019,2012,2019,2022,2019,branding,111.42123413085938,366.0,-128.57876586914062,126.0
no_dyn_kl,123,3,2019,2012,2019,2022,2019,relations,128.15533447265625,183.0,-111.84466552734375,-57.0
no_dyn_kl,123,3,2019,2012,2019,2022,2019,place,75.13721466064453,252.0,-162.86278533935547,14.0
no_dyn_kl,123,3,2019,2012,2019,2022,2019,role,131.76400756835938,445.0,-105.23599243164062,208.0
no_dyn_kl,123,3,2019,2012,2019,2022,2019,conflict,129.28138732910156,245.0,-106.71861267089844,9.0
no_dyn_kl,123,3,2019,2012,2019,2022,2019,案例研究,120.6907730102539,228.0,-115.3092269897461,-8.0
no_dyn_kl,123,3,2019,2012,2019,2022,2019,原真性,124.43080139160156,418.0,-103.56919860839844,190.0
no_dyn_kl,123,3,2019,2012,2019,2022,2019,time,126.34226989746094,443.0,-100.65773010253906,216.0
no_dyn_kl,123,3,2019,2012,2019,2022,2019,product,107.11449432373047,226.0,-117.88550567626953,1.0
no_dyn_kl,123,3,2019,2012,2019,2022,2019,africa,116.36473083496094,242.0,-102.63526916503906,23.0
no_dyn_kl,123,3,2019,2012,2019,2022,2019,sites,115.01697540283203,289.0,-102.98302459716797,71.0
no_dyn_kl,123,3,2019,2012,2019,2022,2019,language,59.03826904296875,215.0,-151.96173095703125,4.0
no_dyn_kl,123,3,2019,2012,2019,2022,2019,brand,100.0732192993164,328.0,-107.9267807006836,120.0
no_dyn_kl,123,3,2019,2012,2019,2022,2019,silk,111.7393569946289,466.0,-92.2606430053711,262.0
no_dyn_kl,123,3,2019,2012,2019,2022,2019,plan,66.10494995117188,244.0,-135.89505004882812,42.0
no_dyn_kl,123,3,2019,2012,2019,2022,2019,可持续发展,114.00746154785156,279.0,-83.99253845214844,81.0
no_dyn_kl,123,3,2019,2012,2019,2022,2019,the middle east,75.30873107910156,236.0,-120.69126892089844,40.0
no_dyn_kl,123,3,2019,2012,2019,2022,2019,carrying,89.65200805664062,93.0,-105.34799194335938,-102.0
no_dyn_kl,123,3,2019,2012,2019,2022,2019,效果,125.07288360595703,328.0,-69.92711639404297,133.0
no_dyn_kl,123,3,2019,2012,2019,2022,2019,分析,116.96237182617188,212.0,-75.03762817382812,20.0
no_dyn_kl,123,3,2019,2012,2019,2022,2019,reality,113.9136734008789,256.0,-77.0863265991211,65.0
no_dyn_kl,123,3,2019,2012,2019,2022,2019,content,102.27751922607422,255.0,-87.72248077392578,65.0
no_dyn_kl,123,3,2019,2012,2019,2022,2019,middle east,83.53718566894531,197.0,-105.46281433105469,8.0
no_dyn_kl,123,3,2019,2012,2019,2022,2019,服务,122.90938568115234,153.0,-65.09061431884766,-35.0
no_dyn_kl,123,3,2019,2012,2019,2022,2019,source,114.16512298583984,163.0,-72.83487701416016,-24.0
no_dyn_kl,123,3,2019,2012,2019,2022,2019,carrying capacity,87.53419494628906,84.0,-98.46580505371094,-102.0
no_dyn_kl,123,3,2019,2012,2019,2022,2019,数字,123.6553726196289,626.0,-61.344627380371094,441.0
no_dyn_kl,123,3,2019,2012,2019,2022,2019,in the middle,87.08245849609375,174.0,-94.91754150390625,-8.0
no_dyn_kl,123,3,2019,2012,2019,2022,2019,系统综述,115.64323425292969,229.0,-66.35676574707031,47.0
no_dyn_kl,123,3,2019,2012,2019,2022,2019,实践,119.33068084716797,230.0,-58.66931915283203,52.0
no_dyn_kl,123,3,2019,2012,2019,2022,2019,graph,114.05836486816406,223.0,-61.94163513183594,47.0
no_dyn_kl,123,3,2019,2012,2019,2022,2019,outbound,46.07024002075195,108.0,-129.92975997924805,-68.0
no_dyn_kl,123,3,2019,2012,2019,2022,2019,语境,116.06045532226562,258.0,-58.939544677734375,83.0
no_dyn_kl,123,3,2019,2012,2019,2022,2019,框架,101.24981689453125,263.0,-70.75018310546875,91.0
no_dyn_kl,123,3,2019,2012,2019,2022,2019,al jazeera,107.17514038085938,138.0,-63.824859619140625,-33.0
no_dyn_kl,123,3,2019,2012,2019,2022,2019,jazeera,107.17514038085938,138.0,-63.824859619140625,-33.0
no_dyn_kl,123,3,2019,2012,2019,2022,2019,流程,120.83435821533203,221.0,-48.16564178466797,52.0
no_dyn_kl,123,3,2019,2012,2019,2022,2019,belt,112.23853302001953,328.0,-53.76146697998047,162.0
no_dyn_kl,123,3,2019,2012,2019,2022,2019,in the middle east,83.08707427978516,190.0,-81.91292572021484,25.0
no_dyn_kl,123,3,2019,2012,2019,2022,2019,政策,104.93312072753906,255.0,-60.06687927246094,90.0
no_dyn_kl,123,3,2019,2012,2019,2022,2019,软实力,99.54057312011719,177.0,-65.45942687988281,12.0
no_dyn_kl,123,3,2019,2012,2019,2022,2019,marketing,107.19974517822266,345.0,-56.800254821777344,181.0
no_dyn_kl,123,3,2019,2012,2019,2022,2019,religious,111.8260498046875,227.0,-51.1739501953125,64.0
no_dyn_kl,123,3,2019,2012,2019,2022,2019,country,106.69941711425781,254.0,-55.30058288574219,92.0
no_dyn_kl,123,3,2019,2012,2019,2022,2019,islam,120.61042785644531,119.0,-41.38957214355469,-43.0
no_dyn_kl,123,3,2019,2012,2019,2022,2019,urban,100.20193481445312,252.0,-61.798065185546875,90.0
no_dyn_kl,123,5,2019,2012,2019,2024,2019,旅游,256.4653625488281,5508.0,-2774.534637451172,2477.0
no_dyn_kl,123,5,2019,2012,2019,2024,2019,tour,241.45118713378906,4819.0,-2651.548812866211,1926.0
no_dyn_kl,123,5,2019,2012,2019,2024,2019,文化,237.96063232421875,3099.0,-1466.0393676757812,1395.0
no_dyn_kl,123,5,2019,2012,2019,2024,2019,nation,234.97706604003906,2652.0,-1248.022933959961,1169.0
no_dyn_kl,123,5,2019,2012,2019,2024,2019,遗产,224.20245361328125,1984.0,-1126.7975463867188,633.0
no_dyn_kl,123,5,2019,2012,2019,2024,2019,阿拉伯,188.5694122314453,1033.0,-641.4305877685547,203.0
no_dyn_kl,123,5,2019,2012,2019,2024,2019,发展,195.29989624023438,1136.0,-560.7001037597656,380.0
no_dyn_kl,123,5,2019,2012,2019,2024,2019,目的地,184.82667541503906,1258.0,-500.17332458496094,573.0
no_dyn_kl,123,5,2019,2012,2019,2024,2019,world,186.68580627441406,645.0,-497.31419372558594,-39.0
no_dyn_kl,123,5,2019,2012,2019,2024,2019,view,195.0546112060547,1119.0,-476.9453887939453,447.0
no_dyn_kl,123,5,2019,2012,2019,2024,2019,rate,183.2537384033203,1324.0,-452.7462615966797,688.0
no_dyn_kl,123,5,2019,2012,2019,2024,2019,city,176.03260803222656,938.0,-458.96739196777344,303.0
no_dyn_kl,123,5,2019,2012,2019,2024,2019,研究,191.02316284179688,1258.0,-402.9768371582031,664.0
no_dyn_kl,123,5,2019,2012,2019,2024,2019,艺术,193.6971435546875,1274.0,-367.3028564453125,713.0
no_dyn_kl,123,5,2019,2012,2019,2024,2019,site,178.2260284423828,537.0,-375.7739715576172,-17.0
no_dyn_kl,123,5,2019,2012,2019,2024,2019,image,175.0251922607422,952.0,-361.9748077392578,415.0
no_dyn_kl,123,5,2019,2012,2019,2024,2019,社会,176.74082946777344,939.0,-346.25917053222656,416.0
no_dyn_kl,123,5,2019,2012,2019,2024,2019,media,176.2647247314453,821.0,-341.7352752685547,303.0
no_dyn_kl,123,5,2019,2012,2019,2024,2019,search,183.222900390625,976.0,-333.777099609375,459.0
no_dyn_kl,123,5,2019,2012,2019,2024,2019,work,178.27569580078125,684.0,-315.72430419921875,190.0
no_dyn_kl,123,5,2019,2012,2019,2024,2019,中国,165.7825164794922,774.0,-231.2174835205078,377.0
no_dyn_kl,123,5,2019,2012,2019,2024,2019,国家,162.79937744140625,564.0,-230.20062255859375,171.0
no_dyn_kl,123,5,2019,2012,2019,2024,2019,影响,167.972900390625,699.0,-202.027099609375,329.0
no_dyn_kl,123,5,2019,2012,2019,2024,2019,挑战,159.4898681640625,666.0,-210.5101318359375,296.0
no_dyn_kl,123,5,2019,2012,2019,2024,2019,text,165.4446258544922,804.0,-197.5553741455078,441.0
no_dyn_kl,123,5,2019,2012,2019,2024,2019,challenges,157.1663360595703,633.0,-187.8336639404297,288.0
no_dyn_kl,123,5,2019,2012,2019,2024,2019,east,79.14100646972656,343.0,-252.85899353027344,11.0
no_dyn_kl,123,5,2019,2012,2019,2024,2019,gene,145.8927459716797,796.0,-182.1072540283203,468.0
no_dyn_kl,123,5,2019,2012,2019,2024,2019,chinese,137.40878295898438,424.0,-189.59121704101562,97.0
no_dyn_kl,123,5,2019,2012,2019,2024,2019,land,148.6031494140625,340.0,-178.3968505859375,13.0
no_dyn_kl,123,5,2019,2012,2019,2024,2019,社交媒体,150.68003845214844,677.0,-167.31996154785156,359.0
no_dyn_kl,123,5,2019,2012,2019,2024,2019,应用,155.14715576171875,495.0,-161.85284423828125,178.0
no_dyn_kl,123,5,2019,2012,2019,2024,2019,power,148.99607849121094,386.0,-161.00392150878906,76.0
no_dyn_kl,123,5,2019,2012,2019,2024,2019,可持续,143.3336181640625,589.0,-166.6663818359375,279.0
no_dyn_kl,123,5,2019,2012,2019,2024,2019,经济,160.01348876953125,564.0,-149.98651123046875,254.0
no_dyn_kl,123,5,2019,2012,2019,2024,2019,road,146.57662963867188,490.0,-148.42337036132812,195.0
no_dyn_kl,123,5,2019,2012,2019,2024,2019,经验,143.11602783203125,473.0,-151.88397216796875,178.0
no_dyn_kl,123,5,2019,2012,2019,2024,2019,管理,158.1912078857422,480.0,-129.8087921142578,192.0
no_dyn_kl,123,5,2019,2012,2019,2024,2019,全球,146.22976684570312,358.0,-139.77023315429688,72.0
no_dyn_kl,123,5,2019,2012,2019,2024,2019,学习,157.23861694335938,568.0,-122.76138305664062,288.0
no_dyn_kl,123,5,2019,2012,2019,2024,2019,change,145.50213623046875,426.0,-132.49786376953125,148.0
no_dyn_kl,123,5,2019,2012,2019,2024,2019,视角,151.8084716796875,668.0,-123.1915283203125,393.0
no_dyn_kl,123,5,2019,2012,2019,2024,2019,遗产旅行,121.18919372558594,378.0,-150.81080627441406,106.0
no_dyn_kl,123,5,2019,2012,2019,2024,2019,地方,148.1890411376953,273.0,-113.81095886230469,11.0
no_dyn_kl,123,5,2019,2012,2019,2024,2019,soft,132.1726531982422,276.0,-127.82734680175781,16.0
no_dyn_kl,123,5,2019,2012,2019,2024,2019,action,77.9250259399414,350.0,-179.0749740600586,93.0
no_dyn_kl,123,5,2019,2012,2019,2024,2019,real,142.77174377441406,541.0,-109.22825622558594,289.0
no_dyn_kl,123,5,2019,2012,2019,2024,2019,state,121.7275161743164,305.0,-130.2724838256836,53.0
no_dyn_kl,123,5,2019,2012,2019,2024,2019,diplomacy,144.9630584716797,494.0,-105.03694152832031,244.0
no_dyn_kl,123,5,2019,2012,2019,2024,2019,mental,152.95452880859375,264.0,-95.04547119140625,16.0
no_dyn_kl,123,5,2019,2012,2019,2024,2019,丝绸之路,133.96969604492188,522.0,-113.03030395507812,275.0
no_dyn_kl,123,5,2019,2012,2019,2024,2019,post,133.9818572998047,546.0,-111.01814270019531,301.0
no_dyn_kl,123,5,2019,2012,2019,2024,2019,formation,149.1952667236328,506.0,-94.80473327636719,262.0
no_dyn_kl,123,5,2019,2012,2019,2024,2019,游客,129.57742309570312,376.0,-114.42257690429688,132.0
no_dyn_kl,123,5,2019,2012,2019,2024,2019,branding,124.541259765625,314.0,-115.458740234375,74.0
no_dyn_kl,123,5,2019,2012,2019,2024,2019,relations,140.54397583007812,179.0,-99.45602416992188,-61.0
no_dyn_kl,123,5,2019,2012,2019,2024,2019,place,86.6280517578125,221.0,-151.3719482421875,-17.0
no_dyn_kl,123,5,2019,2012,2019,2024,2019,role,143.83270263671875,649.0,-93.16729736328125,412.0
no_dyn_kl,123,5,2019,2012,2019,2024,2019,conflict,141.79173278808594,174.0,-94.20826721191406,-62.0
no_dyn_kl,123,5,2019,2012,2019,2024,2019,案例研究,132.7904815673828,316.0,-103.20951843261719,80.0
no_dyn_kl,123,5,2019,2012,2019,2024,2019,原真性,137.29222106933594,445.0,-90.70777893066406,217.0
no_dyn_kl,123,5,2019,2012,2019,2024,2019,time,139.3785400390625,391.0,-87.6214599609375,164.0
no_dyn_kl,123,5,2019,2012,2019,2024,2019,product,119.2420654296875,334.0,-105.7579345703125,109.0
no_dyn_kl,123,5,2019,2012,2019,2024,2019,africa,129.045166015625,242.0,-89.954833984375,23.0
no_dyn_kl,123,5,2019,2012,2019,2024,2019,sites,128.63912963867188,210.0,-89.36087036132812,-8.0
no_dyn_kl,123,5,2019,2012,2019,2024,2019,language,69.7549819946289,369.0,-141.2450180053711,158.0
no_dyn_kl,123,5,2019,2012,2019,2024,2019,brand,113.16542053222656,297.0,-94.83457946777344,89.0
no_dyn_kl,123,5,2019,2012,2019,2024,2019,silk,125.49578857421875,429.0,-78.50421142578125,225.0
no_dyn_kl,123,5,2019,2012,2019,2024,2019,plan,77.26251983642578,254.0,-124.73748016357422,52.0
no_dyn_kl,123,5,2019,2012,2019,2024,2019,可持续发展,126.90902709960938,371.0,-71.09097290039062,173.0
no_dyn_kl,123,5,2019,2012,2019,2024,2019,the middle east,87.86066436767578,129.0,-108.13933563232422,-67.0
no_dyn_kl,123,5,2019,2012,2019,2024,2019,carrying,102.51461791992188,81.0,-92.48538208007812,-114.0
no_dyn_kl,123,5,2019,2012,2019,2024,2019,效果,137.91976928710938,339.0,-57.080230712890625,144.0
no_dyn_kl,123,5,2019,2012,2019,2024,2019,分析,129.84375,253.0,-62.15625,61.0
no_dyn_kl,123,5,2019,2012,2019,2024,2019,reality,127.37242889404297,383.0,-63.62757110595703,192.0
no_dyn_kl,123,5,2019,2012,2019,2024,2019,content,115.84313201904297,369.0,-74.15686798095703,179.0
no_dyn_kl,123,5,2019,2012,2019,2024,2019,middle east,96.80613708496094,79.0,-92.19386291503906,-110.0
no_dyn_kl,123,5,2019,2012,2019,2024,2019,服务,135.9109344482422,317.0,-52.08906555175781,129.0
no_dyn_kl,123,5,2019,2012,2019,2024,2019,source,127.3529052734375,163.0,-59.6470947265625,-24.0
no_dyn_kl,123,5,2019,2012,2019,2024,2019,carrying capacity,100.48661804199219,81.0,-85.51338195800781,-105.0
no_dyn_kl,123,5,2019,2012,2019,2024,2019,数字,136.54637145996094,985.0,-48.45362854003906,800.0
no_dyn_kl,123,5,2019,2012,2019,2024,2019,in the middle,100.67891693115234,90.0,-81.32108306884766,-92.0
no_dyn_kl,123,5,2019,2012,2019,2024,2019,系统综述,128.84353637695312,195.0,-53.156463623046875,13.0
no_dyn_kl,123,5,2019,2012,2019,2024,2019,实践,132.48048400878906,227.0,-45.51951599121094,49.0
no_dyn_kl,123,5,2019,2012,2019,2024,2019,graph,127.0921401977539,396.0,-48.907859802246094,220.0
no_dyn_kl,123,5,2019,2012,2019,2024,2019,outbound,56.45406723022461,54.0,-119.54593276977539,-122.0
no_dyn_kl,123,5,2019,2012,2019,2024,2019,语境,129.35328674316406,281.0,-45.64671325683594,106.0
no_dyn_kl,123,5,2019,2012,2019,2024,2019,框架,114.14826965332031,335.0,-57.85173034667969,163.0
no_dyn_kl,123,5,2019,2012,2019,2024,2019,al jazeera,121.1219711303711,48.0,-49.878028869628906,-123.0
no_dyn_kl,123,5,2019,2012,2019,2024,2019,jazeera,121.1219711303711,65.0,-49.878028869628906,-106.0
no_dyn_kl,123,5,2019,2012,2019,2024,2019,流程,133.9965362548828,180.0,-35.00346374511719,11.0
no_dyn_kl,123,5,2019,2012,2019,2024,2019,belt,126.0836181640625,269.0,-39.9163818359375,103.0
no_dyn_kl,123,5,2019,2012,2019,2024,2019,in the middle east,96.79046630859375,97.0,-68.20953369140625,-68.0
no_dyn_kl,123,5,2019,2012,2019,2024,2019,政策,118.44710540771484,254.0,-46.552894592285156,89.0
no_dyn_kl,123,5,2019,2012,2019,2024,2019,软实力,113.52938079833984,175.0,-51.470619201660156,10.0
no_dyn_kl,123,5,2019,2012,2019,2024,2019,marketing,120.60706329345703,544.0,-43.39293670654297,380.0
no_dyn_kl,123,5,2019,2012,2019,2024,2019,religious,125.5299301147461,247.0,-37.470069885253906,84.0
no_dyn_kl,123,5,2019,2012,2019,2024,2019,country,120.35294342041016,255.0,-41.647056579589844,93.0
no_dyn_kl,123,5,2019,2012,2019,2024,2019,islam,133.95509338378906,102.0,-28.044906616210938,-60.0
no_dyn_kl,123,5,2019,2012,2019,2024,2019,urban,113.42156982421875,255.0,-48.57843017578125,93.0
no_dyn_kl,2026,1,2019,2012,2019,2020,2019,旅游,278.59625244140625,3486.0,-2752.4037475585938,455.0
no_dyn_kl,2026,1,2019,2012,2019,2020,2019,tour,258.9246826171875,3300.0,-2634.0753173828125,407.0
no_dyn_kl,2026,1,2019,2012,2019,2020,2019,文化,242.08694458007812,2014.0,-1461.9130554199219,310.0
no_dyn_kl,2026,1,2019,2012,2019,2020,2019,nation,234.40625,1766.0,-1248.59375,283.0
no_dyn_kl,2026,1,2019,2012,2019,2020,2019,遗产,220.2163848876953,1587.0,-1130.7836151123047,236.0
no_dyn_kl,2026,1,2019,2012,2019,2020,2019,阿拉伯,172.38287353515625,881.0,-657.6171264648438,51.0
no_dyn_kl,2026,1,2019,2012,2019,2020,2019,发展,177.24497985839844,899.0,-578.7550201416016,143.0
no_dyn_kl,2026,1,2019,2012,2019,2020,2019,目的地,164.0470733642578,794.0,-520.9529266357422,109.0
no_dyn_kl,2026,1,2019,2012,2019,2020,2019,world,166.20733642578125,786.0,-517.7926635742188,102.0
no_dyn_kl,2026,1,2019,2012,2019,2020,2019,view,175.418701171875,905.0,-496.581298828125,233.0
no_dyn_kl,2026,1,2019,2012,2019,2020,2019,rate,161.857177734375,683.0,-474.142822265625,47.0
no_dyn_kl,2026,1,2019,2012,2019,2020,2019,city,154.7938232421875,681.0,-480.2061767578125,46.0
no_dyn_kl,2026,1,2019,2012,2019,2020,2019,研究,168.6687774658203,734.0,-425.3312225341797,140.0
no_dyn_kl,2026,1,2019,2012,2019,2020,2019,艺术,170.8223419189453,646.0,-390.1776580810547,85.0
no_dyn_kl,2026,1,2019,2012,2019,2020,2019,site,154.03244018554688,657.0,-399.9675598144531,103.0
no_dyn_kl,2026,1,2019,2012,2019,2020,2019,image,150.89036560058594,662.0,-386.10963439941406,125.0
no_dyn_kl,2026,1,2019,2012,2019,2020,2019,社会,152.7722930908203,616.0,-370.2277069091797,93.0
no_dyn_kl,2026,1,2019,2012,2019,2020,2019,media,151.94981384277344,576.0,-366.05018615722656,58.0
no_dyn_kl,2026,1,2019,2012,2019,2020,2019,search,158.26675415039062,632.0,-358.7332458496094,115.0
no_dyn_kl,2026,1,2019,2012,2019,2020,2019,work,153.5143585205078,529.0,-340.4856414794922,35.0
no_dyn_kl,2026,1,2019,2012,2019,2020,2019,中国,137.1382598876953,537.0,-259.8617401123047,140.0
no_dyn_kl,2026,1,2019,2012,2019,2020,2019,国家,134.40869140625,492.0,-258.59130859375,99.0
no_dyn_kl,2026,1,2019,2012,2019,2020,2019,影响,138.525146484375,466.0,-231.474853515625,96.0
no_dyn_kl,2026,1,2019,2012,2019,2020,2019,挑战,130.5794677734375,476.0,-239.4205322265625,106.0
no_dyn_kl,2026,1,2019,2012,2019,2020,2019,text,135.79685974121094,415.0,-227.20314025878906,52.0
no_dyn_kl,2026,1,2019,2012,2019,2020,2019,challenges,127.38546752929688,451.0,-217.61453247070312,106.0
no_dyn_kl,2026,1,2019,2012,2019,2020,2019,east,61.87811279296875,405.0,-270.12188720703125,73.0
no_dyn_kl,2026,1,2019,2012,2019,2020,2019,gene,116.68315124511719,329.0,-211.3168487548828,1.0
no_dyn_kl,2026,1,2019,2012,2019,2020,2019,chinese,108.9857406616211,359.0,-218.0142593383789,32.0
no_dyn_kl,2026,1,2019,2012,2019,2020,2019,land,119.1523666381836,380.0,-207.8476333618164,53.0
no_dyn_kl,2026,1,2019,2012,2019,2020,2019,社交媒体,120.33749389648438,379.0,-197.66250610351562,61.0
no_dyn_kl,2026,1,2019,2012,2019,2020,2019,应用,124.59598541259766,336.0,-192.40401458740234,19.0
no_dyn_kl,2026,1,2019,2012,2019,2020,2019,power,118.10386657714844,328.0,-191.89613342285156,18.0
no_dyn_kl,2026,1,2019,2012,2019,2020,2019,可持续,113.72242736816406,389.0,-196.27757263183594,79.0
no_dyn_kl,2026,1,2019,2012,2019,2020,2019,经济,128.77804565429688,346.0,-181.22195434570312,36.0
no_dyn_kl,2026,1,2019,2012,2019,2020,2019,road,114.73423767089844,434.0,-180.26576232910156,139.0
no_dyn_kl,2026,1,2019,2012,2019,2020,2019,经验,112.90773010253906,321.0,-182.09226989746094,26.0
no_dyn_kl,2026,1,2019,2012,2019,2020,2019,管理,126.01824951171875,317.0,-161.98175048828125,29.0
no_dyn_kl,2026,1,2019,2012,2019,2020,2019,全球,115.54366302490234,357.0,-170.45633697509766,71.0
no_dyn_kl,2026,1,2019,2012,2019,2020,2019,学习,124.49235534667969,368.0,-155.5076446533203,88.0
no_dyn_kl,2026,1,2019,2012,2019,2020,2019,change,114.12427520751953,327.0,-163.87572479248047,49.0
no_dyn_kl,2026,1,2019,2012,2019,2020,2019,视角,119.49799346923828,368.0,-155.50200653076172,93.0
no_dyn_kl,2026,1,2019,2012,2019,2020,2019,遗产旅行,92.48948669433594,285.0,-179.51051330566406,13.0
no_dyn_kl,2026,1,2019,2012,2019,2020,2019,地方,115.46066284179688,319.0,-146.53933715820312,57.0
no_dyn_kl,2026,1,2019,2012,2019,2020,2019,soft,101.36167907714844,313.0,-158.63832092285156,53.0
no_dyn_kl,2026,1,2019,2012,2019,2020,2019,action,59.97509765625,263.0,-197.02490234375,6.0
no_dyn_kl,2026,1,2019,2012,2019,2020,2019,real,110.37666320800781,322.0,-141.6233367919922,70.0
no_dyn_kl,2026,1,2019,2012,2019,2020,2019,state,93.3340835571289,277.0,-158.6659164428711,25.0
no_dyn_kl,2026,1,2019,2012,2019,2020,2019,diplomacy,111.37112426757812,333.0,-138.62887573242188,83.0
no_dyn_kl,2026,1,2019,2012,2019,2020,2019,mental,119.59796142578125,344.0,-128.40203857421875,96.0
no_dyn_kl,2026,1,2019,2012,2019,2020,2019,丝绸之路,101.25542449951172,434.0,-145.74457550048828,187.0
no_dyn_kl,2026,1,2019,2012,2019,2020,2019,post,102.42974853515625,341.0,-142.57025146484375,96.0
no_dyn_kl,2026,1,2019,2012,2019,2020,2019,formation,115.83795166015625,316.0,-128.16204833984375,72.0
no_dyn_kl,2026,1,2019,2012,2019,2020,2019,游客,98.55520629882812,304.0,-145.44479370117188,60.0
no_dyn_kl,2026,1,2019,2012,2019,2020,2019,branding,93.70623016357422,239.0,-146.29376983642578,-1.0
no_dyn_kl,2026,1,2019,2012,2019,2020,2019,relations,107.96743774414062,247.0,-132.03256225585938,7.0
no_dyn_kl,2026,1,2019,2012,2019,2020,2019,place,65.62396240234375,285.0,-172.37603759765625,47.0
no_dyn_kl,2026,1,2019,2012,2019,2020,2019,role,111.08594512939453,315.0,-125.91405487060547,78.0
no_dyn_kl,2026,1,2019,2012,2019,2020,2019,conflict,108.6047592163086,255.0,-127.3952407836914,19.0
no_dyn_kl,2026,1,2019,2012,2019,2020,2019,案例研究,101.91284942626953,237.0,-134.08715057373047,1.0
no_dyn_kl,2026,1,2019,2012,2019,2020,2019,原真性,104.0962142944336,264.0,-123.9037857055664,36.0
no_dyn_kl,2026,1,2019,2012,2019,2020,2019,time,105.26758575439453,382.0,-121.73241424560547,155.0
no_dyn_kl,2026,1,2019,2012,2019,2020,2019,product,90.43478393554688,212.0,-134.56521606445312,-13.0
no_dyn_kl,2026,1,2019,2012,2019,2020,2019,africa,97.38019561767578,227.0,-121.61980438232422,8.0
no_dyn_kl,2026,1,2019,2012,2019,2020,2019,sites,95.35216522216797,246.0,-122.64783477783203,28.0
no_dyn_kl,2026,1,2019,2012,2019,2020,2019,language,51.6535758972168,220.0,-159.3464241027832,9.0
no_dyn_kl,2026,1,2019,2012,2019,2020,2019,brand,83.29542541503906,233.0,-124.70457458496094,25.0
no_dyn_kl,2026,1,2019,2012,2019,2020,2019,silk,92.1145248413086,373.0,-111.8854751586914,169.0
no_dyn_kl,2026,1,2019,2012,2019,2020,2019,plan,57.57925796508789,213.0,-144.4207420349121,11.0
no_dyn_kl,2026,1,2019,2012,2019,2020,2019,可持续发展,94.5538101196289,212.0,-103.4461898803711,14.0
no_dyn_kl,2026,1,2019,2012,2019,2020,2019,the middle east,62.7987174987793,221.0,-133.2012825012207,25.0
no_dyn_kl,2026,1,2019,2012,2019,2020,2019,carrying,74.44729614257812,211.0,-120.55270385742188,16.0
no_dyn_kl,2026,1,2019,2012,2019,2020,2019,效果,103.48834228515625,271.0,-91.51165771484375,76.0
no_dyn_kl,2026,1,2019,2012,2019,2020,2019,分析,96.78221130371094,212.0,-95.21778869628906,20.0
no_dyn_kl,2026,1,2019,2012,2019,2020,2019,reality,93.75949096679688,209.0,-97.24050903320312,18.0
no_dyn_kl,2026,1,2019,2012,2019,2020,2019,content,84.15923309326172,210.0,-105.84076690673828,20.0
no_dyn_kl,2026,1,2019,2012,2019,2020,2019,middle east,68.87156677246094,203.0,-120.12843322753906,14.0
no_dyn_kl,2026,1,2019,2012,2019,2020,2019,服务,101.34059143066406,179.0,-86.65940856933594,-9.0
no_dyn_kl,2026,1,2019,2012,2019,2020,2019,source,94.0701904296875,213.0,-92.9298095703125,26.0
no_dyn_kl,2026,1,2019,2012,2019,2020,2019,carrying capacity,72.31201171875,202.0,-113.68798828125,16.0
no_dyn_kl,2026,1,2019,2012,2019,2020,2019,数字,101.95014953613281,322.0,-83.04985046386719,137.0
no_dyn_kl,2026,1,2019,2012,2019,2020,2019,in the middle,71.34832000732422,190.0,-110.65167999267578,8.0
no_dyn_kl,2026,1,2019,2012,2019,2020,2019,系统综述,95.07771301269531,222.0,-86.92228698730469,40.0
no_dyn_kl,2026,1,2019,2012,2019,2020,2019,实践,97.95384979248047,169.0,-80.04615020751953,-9.0
no_dyn_kl,2026,1,2019,2012,2019,2020,2019,graph,93.69020080566406,179.0,-82.30979919433594,3.0
no_dyn_kl,2026,1,2019,2012,2019,2020,2019,outbound,36.98106002807617,176.0,-139.01893997192383,0.0
no_dyn_kl,2026,1,2019,2012,2019,2020,2019,语境,95.06497955322266,209.0,-79.93502044677734,34.0
no_dyn_kl,2026,1,2019,2012,2019,2020,2019,框架,83.11534118652344,221.0,-88.88465881347656,49.0
no_dyn_kl,2026,1,2019,2012,2019,2020,2019,al jazeera,87.04524993896484,181.0,-83.95475006103516,10.0
no_dyn_kl,2026,1,2019,2012,2019,2020,2019,jazeera,87.04524993896484,181.0,-83.95475006103516,10.0
no_dyn_kl,2026,1,2019,2012,2019,2020,2019,流程,98.79584503173828,194.0,-70.20415496826172,25.0
no_dyn_kl,2026,1,2019,2012,2019,2020,2019,belt,90.98982238769531,236.0,-75.01017761230469,70.0
no_dyn_kl,2026,1,2019,2012,2019,2020,2019,in the middle east,67.3447036743164,181.0,-97.6552963256836,16.0
no_dyn_kl,2026,1,2019,2012,2019,2020,2019,政策,85.42328643798828,161.0,-79.57671356201172,-4.0
no_dyn_kl,2026,1,2019,2012,2019,2020,2019,软实力,80.61988067626953,175.0,-84.38011932373047,10.0
no_dyn_kl,2026,1,2019,2012,2019,2020,2019,marketing,87.32151794433594,217.0,-76.67848205566406,53.0
no_dyn_kl,2026,1,2019,2012,2019,2020,2019,religious,90.7533950805664,153.0,-72.2466049194336,-10.0
no_dyn_kl,2026,1,2019,2012,2019,2020,2019,country,86.63544464111328,144.0,-75.36455535888672,-18.0
no_dyn_kl,2026,1,2019,2012,2019,2020,2019,islam,98.10476684570312,166.0,-63.895233154296875,4.0
no_dyn_kl,2026,1,2019,2012,2019,2020,2019,urban,81.625244140625,187.0,-80.374755859375,25.0
no_dyn_kl,2026,3,2019,2012,2019,2022,2019,旅游,318.6279296875,4242.0,-2712.3720703125,1211.0
no_dyn_kl,2026,3,2019,2012,2019,2022,2019,tour,298.6840515136719,3857.0,-2594.315948486328,964.0
no_dyn_kl,2026,3,2019,2012,2019,2022,2019,文化,285.6224670410156,2521.0,-1418.3775329589844,817.0
no_dyn_kl,2026,3,2019,2012,2019,2022,2019,nation,279.2950439453125,2266.0,-1203.7049560546875,783.0
no_dyn_kl,2026,3,2019,2012,2019,2022,2019,遗产,264.7907409667969,1698.0,-1086.2092590332031,347.0
no_dyn_kl,2026,3,2019,2012,2019,2022,2019,阿拉伯,215.28890991210938,784.0,-614.7110900878906,-46.0
no_dyn_kl,2026,3,2019,2012,2019,2022,2019,发展,221.7723388671875,907.0,-534.2276611328125,151.0
no_dyn_kl,2026,3,2019,2012,2019,2022,2019,目的地,208.0771484375,1036.0,-476.9228515625,351.0
no_dyn_kl,2026,3,2019,2012,2019,2022,2019,world,210.29107666015625,627.0,-473.70892333984375,-57.0
no_dyn_kl,2026,3,2019,2012,2019,2022,2019,view,220.0421905517578,1100.0,-451.9578094482422,428.0
no_dyn_kl,2026,3,2019,2012,2019,2022,2019,rate,205.48826599121094,894.0,-430.51173400878906,258.0
no_dyn_kl,2026,3,2019,2012,2019,2022,2019,city,197.23524475097656,755.0,-437.76475524902344,120.0
no_dyn_kl,2026,3,2019,2012,2019,2022,2019,研究,213.5244903564453,901.0,-380.4755096435547,307.0
no_dyn_kl,2026,3,2019,2012,2019,2022,2019,艺术,215.9833984375,992.0,-345.0166015625,431.0
no_dyn_kl,2026,3,2019,2012,2019,2022,2019,site,197.76454162597656,670.0,-356.23545837402344,116.0
no_dyn_kl,2026,3,2019,2012,2019,2022,2019,image,193.91822814941406,783.0,-343.08177185058594,246.0
no_dyn_kl,2026,3,2019,2012,2019,2022,2019,社会,195.72052001953125,727.0,-327.27947998046875,204.0
no_dyn_kl,2026,3,2019,2012,2019,2022,2019,media,194.99928283691406,588.0,-323.00071716308594,70.0
no_dyn_kl,2026,3,2019,2012,2019,2022,2019,search,202.66700744628906,797.0,-314.33299255371094,280.0
no_dyn_kl,2026,3,2019,2012,2019,2022,2019,work,196.8014678955078,623.0,-297.1985321044922,129.0
no_dyn_kl,2026,3,2019,2012,2019,2022,2019,中国,179.73760986328125,600.0,-217.26239013671875,203.0
no_dyn_kl,2026,3,2019,2012,2019,2022,2019,国家,176.4116973876953,523.0,-216.5883026123047,130.0
no_dyn_kl,2026,3,2019,2012,2019,2022,2019,影响,181.4498291015625,563.0,-188.5501708984375,193.0
no_dyn_kl,2026,3,2019,2012,2019,2022,2019,挑战,172.10018920898438,597.0,-197.89981079101562,227.0
no_dyn_kl,2026,3,2019,2012,2019,2022,2019,text,178.3993377685547,565.0,-184.6006622314453,202.0
no_dyn_kl,2026,3,2019,2012,2019,2022,2019,challenges,168.71951293945312,553.0,-176.28048706054688,208.0
no_dyn_kl,2026,3,2019,2012,2019,2022,2019,east,87.94791412353516,419.0,-244.05208587646484,87.0
no_dyn_kl,2026,3,2019,2012,2019,2022,2019,gene,155.96646118164062,406.0,-172.03353881835938,78.0
no_dyn_kl,2026,3,2019,2012,2019,2022,2019,chinese,146.78775024414062,325.0,-180.21224975585938,-2.0
no_dyn_kl,2026,3,2019,2012,2019,2022,2019,land,158.89102172851562,380.0,-168.10897827148438,53.0
no_dyn_kl,2026,3,2019,2012,2019,2022,2019,社交媒体,160.72994995117188,452.0,-157.27005004882812,134.0
no_dyn_kl,2026,3,2019,2012,2019,2022,2019,应用,165.63941955566406,470.0,-151.36058044433594,153.0
no_dyn_kl,2026,3,2019,2012,2019,2022,2019,power,158.47665405273438,334.0,-151.52334594726562,24.0
no_dyn_kl,2026,3,2019,2012,2019,2022,2019,可持续,152.61912536621094,443.0,-157.38087463378906,133.0
no_dyn_kl,2026,3,2019,2012,2019,2022,2019,经济,170.69956970214844,467.0,-139.30043029785156,157.0
no_dyn_kl,2026,3,2019,2012,2019,2022,2019,road,155.05650329589844,555.0,-139.94349670410156,260.0
no_dyn_kl,2026,3,2019,2012,2019,2022,2019,经验,151.86407470703125,403.0,-143.13592529296875,108.0
no_dyn_kl,2026,3,2019,2012,2019,2022,2019,管理,167.82720947265625,413.0,-120.17279052734375,125.0
no_dyn_kl,2026,3,2019,2012,2019,2022,2019,全球,154.97586059570312,377.0,-131.02413940429688,91.0
no_dyn_kl,2026,3,2019,2012,2019,2022,2019,学习,166.3237762451172,564.0,-113.67622375488281,284.0
no_dyn_kl,2026,3,2019,2012,2019,2022,2019,change,153.74668884277344,386.0,-124.25331115722656,108.0
no_dyn_kl,2026,3,2019,2012,2019,2022,2019,视角,160.35250854492188,504.0,-114.64749145507812,229.0
no_dyn_kl,2026,3,2019,2012,2019,2022,2019,遗产旅行,127.76141357421875,324.0,-144.23858642578125,52.0
no_dyn_kl,2026,3,2019,2012,2019,2022,2019,地方,155.8485565185547,271.0,-106.15144348144531,9.0
no_dyn_kl,2026,3,2019,2012,2019,2022,2019,soft,138.77699279785156,268.0,-121.22300720214844,8.0
no_dyn_kl,2026,3,2019,2012,2019,2022,2019,action,85.80618286132812,281.0,-171.19381713867188,24.0
no_dyn_kl,2026,3,2019,2012,2019,2022,2019,real,149.74111938476562,378.0,-102.25888061523438,126.0
no_dyn_kl,2026,3,2019,2012,2019,2022,2019,state,128.04722595214844,261.0,-123.95277404785156,9.0
no_dyn_kl,2026,3,2019,2012,2019,2022,2019,diplomacy,151.54478454589844,422.0,-98.45521545410156,172.0
no_dyn_kl,2026,3,2019,2012,2019,2022,2019,mental,160.6378936767578,323.0,-87.36210632324219,75.0
no_dyn_kl,2026,3,2019,2012,2019,2022,2019,丝绸之路,139.6481475830078,543.0,-107.35185241699219,296.0
no_dyn_kl,2026,3,2019,2012,2019,2022,2019,post,140.1529998779297,461.0,-104.84700012207031,216.0
no_dyn_kl,2026,3,2019,2012,2019,2022,2019,formation,156.33319091796875,430.0,-87.66680908203125,186.0
no_dyn_kl,2026,3,2019,2012,2019,2022,2019,游客,135.4673309326172,347.0,-108.53266906738281,103.0
no_dyn_kl,2026,3,2019,2012,2019,2022,2019,branding,129.91989135742188,366.0,-110.08010864257812,126.0
no_dyn_kl,2026,3,2019,2012,2019,2022,2019,relations,146.9210662841797,183.0,-93.07893371582031,-57.0
no_dyn_kl,2026,3,2019,2012,2019,2022,2019,place,93.43840789794922,252.0,-144.56159210205078,14.0
no_dyn_kl,2026,3,2019,2012,2019,2022,2019,role,150.45513916015625,445.0,-86.54486083984375,208.0
no_dyn_kl,2026,3,2019,2012,2019,2022,2019,conflict,147.95460510253906,245.0,-88.04539489746094,9.0
no_dyn_kl,2026,3,2019,2012,2019,2022,2019,案例研究,138.86192321777344,228.0,-97.13807678222656,-8.0
no_dyn_kl,2026,3,2019,2012,2019,2022,2019,原真性,142.7548828125,418.0,-85.2451171875,190.0
no_dyn_kl,2026,3,2019,2012,2019,2022,2019,time,144.56875610351562,443.0,-82.43124389648438,216.0
no_dyn_kl,2026,3,2019,2012,2019,2022,2019,product,124.60604858398438,226.0,-100.39395141601562,1.0
no_dyn_kl,2026,3,2019,2012,2019,2022,2019,africa,134.03111267089844,242.0,-84.96888732910156,23.0
no_dyn_kl,2026,3,2019,2012,2019,2022,2019,sites,132.82513427734375,289.0,-85.17486572265625,71.0
no_dyn_kl,2026,3,2019,2012,2019,2022,2019,language,75.89065551757812,215.0,-135.10934448242188,4.0
no_dyn_kl,2026,3,2019,2012,2019,2022,2019,brand,117.07914733886719,328.0,-90.92085266113281,120.0
no_dyn_kl,2026,3,2019,2012,2019,2022,2019,silk,128.98291015625,466.0,-75.01708984375,262.0
no_dyn_kl,2026,3,2019,2012,2019,2022,2019,plan,83.47710418701172,244.0,-118.52289581298828,42.0
no_dyn_kl,2026,3,2019,2012,2019,2022,2019,可持续发展,130.88116455078125,279.0,-67.11883544921875,81.0
no_dyn_kl,2026,3,2019,2012,2019,2022,2019,the middle east,91.55384063720703,236.0,-104.44615936279297,40.0
no_dyn_kl,2026,3,2019,2012,2019,2022,2019,carrying,105.99125671386719,93.0,-89.00874328613281,-102.0
no_dyn_kl,2026,3,2019,2012,2019,2022,2019,效果,142.14527893066406,328.0,-52.85472106933594,133.0
no_dyn_kl,2026,3,2019,2012,2019,2022,2019,分析,133.68707275390625,212.0,-58.31292724609375,20.0
no_dyn_kl,2026,3,2019,2012,2019,2022,2019,reality,130.68115234375,256.0,-60.31884765625,65.0
no_dyn_kl,2026,3,2019,2012,2019,2022,2019,content,118.80606842041016,255.0,-71.19393157958984,65.0
no_dyn_kl,2026,3,2019,2012,2019,2022,2019,middle east,99.70874786376953,197.0,-89.29125213623047,8.0
no_dyn_kl,2026,3,2019,2012,2019,2022,2019,服务,139.66961669921875,153.0,-48.33038330078125,-35.0
no_dyn_kl,2026,3,2019,2012,2019,2022,2019,source,130.7121124267578,163.0,-56.28788757324219,-24.0
no_dyn_kl,2026,3,2019,2012,2019,2022,2019,carrying capacity,103.52257537841797,84.0,-82.47742462158203,-102.0
no_dyn_kl,2026,3,2019,2012,2019,2022,2019,数字,140.30047607421875,626.0,-44.69952392578125,441.0
no_dyn_kl,2026,3,2019,2012,2019,2022,2019,in the middle,103.11026763916016,174.0,-78.88973236083984,-8.0
no_dyn_kl,2026,3,2019,2012,2019,2022,2019,系统综述,132.02590942382812,229.0,-49.974090576171875,47.0
no_dyn_kl,2026,3,2019,2012,2019,2022,2019,实践,135.62294006347656,230.0,-42.37705993652344,52.0
no_dyn_kl,2026,3,2019,2012,2019,2022,2019,graph,130.08218383789062,223.0,-45.917816162109375,47.0
no_dyn_kl,2026,3,2019,2012,2019,2022,2019,outbound,58.52272033691406,108.0,-117.47727966308594,-68.0
no_dyn_kl,2026,3,2019,2012,2019,2022,2019,语境,132.1765899658203,258.0,-42.82341003417969,83.0
no_dyn_kl,2026,3,2019,2012,2019,2022,2019,框架,116.75190734863281,263.0,-55.24809265136719,91.0
no_dyn_kl,2026,3,2019,2012,2019,2022,2019,al jazeera,123.00360107421875,138.0,-47.99639892578125,-33.0
no_dyn_kl,2026,3,2019,2012,2019,2022,2019,jazeera,123.00360107421875,138.0,-47.99639892578125,-33.0
no_dyn_kl,2026,3,2019,2012,2019,2022,2019,流程,136.76805114746094,221.0,-32.23194885253906,52.0
no_dyn_kl,2026,3,2019,2012,2019,2022,2019,belt,127.86737060546875,328.0,-38.13262939453125,162.0
no_dyn_kl,2026,3,2019,2012,2019,2022,2019,in the middle east,98.39080047607422,190.0,-66.60919952392578,25.0
no_dyn_kl,2026,3,2019,2012,2019,2022,2019,政策,120.41024780273438,255.0,-44.589752197265625,90.0
no_dyn_kl,2026,3,2019,2012,2019,2022,2019,软实力,115.04524230957031,177.0,-49.95475769042969,12.0
no_dyn_kl,2026,3,2019,2012,2019,2022,2019,marketing,122.64656066894531,345.0,-41.35343933105469,181.0
no_dyn_kl,2026,3,2019,2012,2019,2022,2019,religious,127.36845397949219,227.0,-35.63154602050781,64.0
no_dyn_kl,2026,3,2019,2012,2019,2022,2019,country,122.11929321289062,254.0,-39.880706787109375,92.0
no_dyn_kl,2026,3,2019,2012,2019,2022,2019,islam,136.20594787597656,119.0,-25.794052124023438,-43.0
no_dyn_kl,2026,3,2019,2012,2019,2022,2019,urban,115.34182739257812,252.0,-46.658172607421875,90.0
no_dyn_kl,2026,5,2019,2012,2019,2024,2019,旅游,323.235107421875,5508.0,-2707.764892578125,2477.0
no_dyn_kl,2026,5,2019,2012,2019,2024,2019,tour,306.200439453125,4819.0,-2586.799560546875,1926.0
no_dyn_kl,2026,5,2019,2012,2019,2024,2019,文化,296.45953369140625,3099.0,-1407.5404663085938,1395.0
no_dyn_kl,2026,5,2019,2012,2019,2024,2019,nation,291.58416748046875,2652.0,-1191.4158325195312,1169.0
no_dyn_kl,2026,5,2019,2012,2019,2024,2019,遗产,278.9676513671875,1984.0,-1072.0323486328125,633.0
no_dyn_kl,2026,5,2019,2012,2019,2024,2019,阿拉伯,234.97830200195312,1033.0,-595.0216979980469,203.0
no_dyn_kl,2026,5,2019,2012,2019,2024,2019,发展,241.44308471679688,1136.0,-514.5569152832031,380.0
no_dyn_kl,2026,5,2019,2012,2019,2024,2019,目的地,229.12496948242188,1258.0,-455.8750305175781,573.0
no_dyn_kl,2026,5,2019,2012,2019,2024,2019,world,231.10797119140625,645.0,-452.89202880859375,-39.0
no_dyn_kl,2026,5,2019,2012,2019,2024,2019,view,239.96151733398438,1119.0,-432.0384826660156,447.0
no_dyn_kl,2026,5,2019,2012,2019,2024,2019,rate,226.63510131835938,1324.0,-409.3648986816406,688.0
no_dyn_kl,2026,5,2019,2012,2019,2024,2019,city,218.7220916748047,938.0,-416.2779083251953,303.0
no_dyn_kl,2026,5,2019,2012,2019,2024,2019,研究,234.3316192626953,1258.0,-359.6683807373047,664.0
no_dyn_kl,2026,5,2019,2012,2019,2024,2019,艺术,236.64410400390625,1274.0,-324.35589599609375,713.0
no_dyn_kl,2026,5,2019,2012,2019,2024,2019,site,219.8283233642578,537.0,-334.1716766357422,-17.0
no_dyn_kl,2026,5,2019,2012,2019,2024,2019,image,216.05003356933594,952.0,-320.94996643066406,415.0
no_dyn_kl,2026,5,2019,2012,2019,2024,2019,社会,217.6144256591797,939.0,-305.3855743408203,416.0
no_dyn_kl,2026,5,2019,2012,2019,2024,2019,media,217.0222930908203,821.0,-300.9777069091797,303.0
no_dyn_kl,2026,5,2019,2012,2019,2024,2019,search,224.51043701171875,976.0,-292.48956298828125,459.0
no_dyn_kl,2026,5,2019,2012,2019,2024,2019,work,218.74346923828125,684.0,-275.25653076171875,190.0
no_dyn_kl,2026,5,2019,2012,2019,2024,2019,中国,203.1519012451172,774.0,-193.8480987548828,377.0
no_dyn_kl,2026,5,2019,2012,2019,2024,2019,国家,199.85020446777344,564.0,-193.14979553222656,171.0
no_dyn_kl,2026,5,2019,2012,2019,2024,2019,影响,204.8560333251953,699.0,-165.1439666748047,329.0
no_dyn_kl,2026,5,2019,2012,2019,2024,2019,挑战,195.7138671875,666.0,-174.2861328125,296.0
no_dyn_kl,2026,5,2019,2012,2019,2024,2019,text,201.95262145996094,804.0,-161.04737854003906,441.0
no_dyn_kl,2026,5,2019,2012,2019,2024,2019,challenges,192.56578063964844,633.0,-152.43421936035156,288.0
no_dyn_kl,2026,5,2019,2012,2019,2024,2019,east,108.3043441772461,343.0,-223.6956558227539,11.0
no_dyn_kl,2026,5,2019,2012,2019,2024,2019,gene,179.88633728027344,796.0,-148.11366271972656,468.0
no_dyn_kl,2026,5,2019,2012,2019,2024,2019,chinese,170.67745971679688,424.0,-156.32254028320312,97.0
no_dyn_kl,2026,5,2019,2012,2019,2024,2019,land,182.79673767089844,340.0,-144.20326232910156,13.0
no_dyn_kl,2026,5,2019,2012,2019,2024,2019,社交媒体,184.8259735107422,677.0,-133.1740264892578,359.0
no_dyn_kl,2026,5,2019,2012,2019,2024,2019,应用,189.62579345703125,495.0,-127.37420654296875,178.0
no_dyn_kl,2026,5,2019,2012,2019,2024,2019,power,182.77430725097656,386.0,-127.22569274902344,76.0
no_dyn_kl,2026,5,2019,2012,2019,2024,2019,可持续,176.6206817626953,589.0,-133.3793182373047,279.0
no_dyn_kl,2026,5,2019,2012,2019,2024,2019,经济,194.66880798339844,564.0,-115.33119201660156,254.0
no_dyn_kl,2026,5,2019,2012,2019,2024,2019,road,179.64825439453125,490.0,-115.35174560546875,195.0
no_dyn_kl,2026,5,2019,2012,2019,2024,2019,经验,175.9642333984375,473.0,-119.0357666015625,178.0
no_dyn_kl,2026,5,2019,2012,2019,2024,2019,管理,192.02224731445312,480.0,-95.97775268554688,192.0
no_dyn_kl,2026,5,2019,2012,2019,2024,2019,全球,179.0646514892578,358.0,-106.93534851074219,72.0
no_dyn_kl,2026,5,2019,2012,2019,2024,2019,学习,190.6832275390625,568.0,-89.3167724609375,288.0
no_dyn_kl,2026,5,2019,2012,2019,2024,2019,change,178.0539093017578,426.0,-99.94609069824219,148.0
no_dyn_kl,2026,5,2019,2012,2019,2024,2019,视角,184.74313354492188,668.0,-90.25686645507812,393.0
no_dyn_kl,2026,5,2019,2012,2019,2024,2019,遗产旅行,151.6611328125,378.0,-120.3388671875,106.0
no_dyn_kl,2026,5,2019,2012,2019,2024,2019,地方,180.40036010742188,273.0,-81.59963989257812,11.0
no_dyn_kl,2026,5,2019,2012,2019,2024,2019,soft,163.09825134277344,276.0,-96.90174865722656,16.0
no_dyn_kl,2026,5,2019,2012,2019,2024,2019,action,106.06929016113281,350.0,-150.9307098388672,93.0
no_dyn_kl,2026,5,2019,2012,2019,2024,2019,real,174.26144409179688,541.0,-77.73855590820312,289.0
no_dyn_kl,2026,5,2019,2012,2019,2024,2019,state,151.6022491455078,305.0,-100.39775085449219,53.0
no_dyn_kl,2026,5,2019,2012,2019,2024,2019,diplomacy,176.3785400390625,494.0,-73.6214599609375,244.0
no_dyn_kl,2026,5,2019,2012,2019,2024,2019,mental,185.10467529296875,264.0,-62.89532470703125,16.0
no_dyn_kl,2026,5,2019,2012,2019,2024,2019,丝绸之路,164.4839630126953,522.0,-82.51603698730469,275.0
no_dyn_kl,2026,5,2019,2012,2019,2024,2019,post,164.5415802001953,546.0,-80.45841979980469,301.0
no_dyn_kl,2026,5,2019,2012,2019,2024,2019,formation,180.90005493164062,506.0,-63.099945068359375,262.0
no_dyn_kl,2026,5,2019,2012,2019,2024,2019,游客,159.75656127929688,376.0,-84.24343872070312,132.0
no_dyn_kl,2026,5,2019,2012,2019,2024,2019,branding,154.22254943847656,314.0,-85.77745056152344,74.0
no_dyn_kl,2026,5,2019,2012,2019,2024,2019,relations,171.4521484375,179.0,-68.5478515625,-61.0
no_dyn_kl,2026,5,2019,2012,2019,2024,2019,place,114.69859313964844,221.0,-123.30140686035156,-17.0
no_dyn_kl,2026,5,2019,2012,2019,2024,2019,role,174.91233825683594,649.0,-62.08766174316406,412.0
no_dyn_kl,2026,5,2019,2012,2019,2024,2019,conflict,172.627197265625,174.0,-63.372802734375,-62.0
no_dyn_kl,2026,5,2019,2012,2019,2024,2019,案例研究,162.9044647216797,316.0,-73.09553527832031,80.0
no_dyn_kl,2026,5,2019,2012,2019,2024,2019,原真性,167.47802734375,445.0,-60.52197265625,217.0
no_dyn_kl,2026,5,2019,2012,2019,2024,2019,time,169.52171325683594,391.0,-57.47828674316406,164.0
no_dyn_kl,2026,5,2019,2012,2019,2024,2019,product,148.0779571533203,334.0,-76.92204284667969,109.0
no_dyn_kl,2026,5,2019,2012,2019,2024,2019,africa,158.27731323242188,242.0,-60.722686767578125,23.0
no_dyn_kl,2026,5,2019,2012,2019,2024,2019,sites,157.67352294921875,210.0,-60.32647705078125,-8.0
no_dyn_kl,2026,5,2019,2012,2019,2024,2019,language,95.34555053710938,369.0,-115.65444946289062,158.0
no_dyn_kl,2026,5,2019,2012,2019,2024,2019,brand,140.80886840820312,297.0,-67.19113159179688,89.0
no_dyn_kl,2026,5,2019,2012,2019,2024,2019,silk,153.7672119140625,429.0,-50.2327880859375,225.0
no_dyn_kl,2026,5,2019,2012,2019,2024,2019,plan,103.84004211425781,254.0,-98.15995788574219,52.0
no_dyn_kl,2026,5,2019,2012,2019,2024,2019,可持续发展,155.17724609375,371.0,-42.82275390625,173.0
no_dyn_kl,2026,5,2019,2012,2019,2024,2019,the middle east,113.47314453125,129.0,-82.52685546875,-67.0
no_dyn_kl,2026,5,2019,2012,2019,2024,2019,carrying,128.99562072753906,81.0,-66.00437927246094,-114.0
no_dyn_kl,2026,5,2019,2012,2019,2024,2019,效果,166.91860961914062,339.0,-28.081390380859375,144.0
no_dyn_kl,2026,5,2019,2012,2019,2024,2019,分析,158.1107635498047,253.0,-33.88923645019531,61.0
no_dyn_kl,2026,5,2019,2012,2019,2024,2019,reality,155.35861206054688,383.0,-35.641387939453125,192.0
no_dyn_kl,2026,5,2019,2012,2019,2024,2019,content,142.95703125,369.0,-47.04296875,179.0
no_dyn_kl,2026,5,2019,2012,2019,2024,2019,middle east,122.59780883789062,79.0,-66.40219116210938,-110.0
no_dyn_kl,2026,5,2019,2012,2019,2024,2019,服务,164.45982360839844,317.0,-23.540176391601562,129.0
no_dyn_kl,2026,5,2019,2012,2019,2024,2019,source,155.21240234375,163.0,-31.78759765625,-24.0
no_dyn_kl,2026,5,2019,2012,2019,2024,2019,carrying capacity,126.45015716552734,81.0,-59.549842834472656,-105.0
no_dyn_kl,2026,5,2019,2012,2019,2024,2019,数字,165.0481719970703,985.0,-19.951828002929688,800.0
no_dyn_kl,2026,5,2019,2012,2019,2024,2019,in the middle,126.41667938232422,90.0,-55.58332061767578,-92.0
no_dyn_kl,2026,5,2019,2012,2019,2024,2019,系统综述,156.60952758789062,195.0,-25.390472412109375,13.0
no_dyn_kl,2026,5,2019,2012,2019,2024,2019,实践,160.35374450683594,227.0,-17.646255493164062,49.0
no_dyn_kl,2026,5,2019,2012,2019,2024,2019,graph,154.47840881347656,396.0,-21.521591186523438,220.0
no_dyn_kl,2026,5,2019,2012,2019,2024,2019,outbound,76.37493133544922,54.0,-99.62506866455078,-122.0
no_dyn_kl,2026,5,2019,2012,2019,2024,2019,语境,156.84884643554688,281.0,-18.151153564453125,106.0
no_dyn_kl,2026,5,2019,2012,2019,2024,2019,框架,140.4127655029297,335.0,-31.587234497070312,163.0
no_dyn_kl,2026,5,2019,2012,2019,2024,2019,al jazeera,147.68289184570312,48.0,-23.317108154296875,-123.0
no_dyn_kl,2026,5,2019,2012,2019,2024,2019,jazeera,147.68289184570312,65.0,-23.317108154296875,-106.0
no_dyn_kl,2026,5,2019,2012,2019,2024,2019,流程,161.58824157714844,180.0,-7.4117584228515625,11.0
no_dyn_kl,2026,5,2019,2012,2019,2024,2019,belt,152.74874877929688,269.0,-13.251251220703125,103.0
no_dyn_kl,2026,5,2019,2012,2019,2024,2019,in the middle east,121.49341583251953,97.0,-43.50658416748047,-68.0
no_dyn_kl,2026,5,2019,2012,2019,2024,2019,政策,144.660888671875,254.0,-20.339111328125,89.0
no_dyn_kl,2026,5,2019,2012,2019,2024,2019,软实力,139.32359313964844,175.0,-25.676406860351562,10.0
no_dyn_kl,2026,5,2019,2012,2019,2024,2019,marketing,146.94610595703125,544.0,-17.05389404296875,380.0
no_dyn_kl,2026,5,2019,2012,2019,2024,2019,religious,152.1206512451172,247.0,-10.879348754882812,84.0
no_dyn_kl,2026,5,2019,2012,2019,2024,2019,country,146.55946350097656,255.0,-15.440536499023438,93.0
no_dyn_kl,2026,5,2019,2012,2019,2024,2019,islam,161.1555938720703,102.0,-0.8444061279296875,-60.0
no_dyn_kl,2026,5,2019,2012,2019,2024,2019,urban,139.14344787597656,255.0,-22.856552124023438,93.0
no_dyn_kl,3407,1,2019,2012,2019,2020,2019,旅游,273.442626953125,3486.0,-2757.557373046875,455.0
no_dyn_kl,3407,1,2019,2012,2019,2020,2019,tour,258.29840087890625,3300.0,-2634.7015991210938,407.0
no_dyn_kl,3407,1,2019,2012,2019,2020,2019,文化,233.9831085205078,2014.0,-1470.0168914794922,310.0
no_dyn_kl,3407,1,2019,2012,2019,2020,2019,nation,223.0909881591797,1766.0,-1259.9090118408203,283.0
no_dyn_kl,3407,1,2019,2012,2019,2020,2019,遗产,211.84388732910156,1587.0,-1139.1561126708984,236.0
no_dyn_kl,3407,1,2019,2012,2019,2020,2019,阿拉伯,169.47732543945312,881.0,-660.5226745605469,51.0
no_dyn_kl,3407,1,2019,2012,2019,2020,2019,发展,169.6844024658203,899.0,-586.3155975341797,143.0
no_dyn_kl,3407,1,2019,2012,2019,2020,2019,目的地,157.13829040527344,794.0,-527.8617095947266,109.0
no_dyn_kl,3407,1,2019,2012,2019,2020,2019,world,159.2586212158203,786.0,-524.7413787841797,102.0
no_dyn_kl,3407,1,2019,2012,2019,2020,2019,view,167.10887145996094,905.0,-504.89112854003906,233.0
no_dyn_kl,3407,1,2019,2012,2019,2020,2019,rate,155.7390899658203,683.0,-480.2609100341797,47.0
no_dyn_kl,3407,1,2019,2012,2019,2020,2019,city,151.39747619628906,681.0,-483.60252380371094,46.0
no_dyn_kl,3407,1,2019,2012,2019,2020,2019,研究,158.82447814941406,734.0,-435.17552185058594,140.0
no_dyn_kl,3407,1,2019,2012,2019,2020,2019,艺术,159.7735137939453,646.0,-401.2264862060547,85.0
no_dyn_kl,3407,1,2019,2012,2019,2020,2019,site,146.40171813964844,657.0,-407.59828186035156,103.0
no_dyn_kl,3407,1,2019,2012,2019,2020,2019,image,144.96807861328125,662.0,-392.03192138671875,125.0
no_dyn_kl,3407,1,2019,2012,2019,2020,2019,社会,147.24093627929688,616.0,-375.7590637207031,93.0
no_dyn_kl,3407,1,2019,2012,2019,2020,2019,media,145.98060607910156,576.0,-372.01939392089844,58.0
no_dyn_kl,3407,1,2019,2012,2019,2020,2019,search,148.5883026123047,632.0,-368.4116973876953,115.0
no_dyn_kl,3407,1,2019,2012,2019,2020,2019,work,146.84942626953125,529.0,-347.15057373046875,35.0
no_dyn_kl,3407,1,2019,2012,2019,2020,2019,中国,129.3125762939453,537.0,-267.6874237060547,140.0
no_dyn_kl,3407,1,2019,2012,2019,2020,2019,国家,127.95613098144531,492.0,-265.0438690185547,99.0
no_dyn_kl,3407,1,2019,2012,2019,2020,2019,影响,129.57337951660156,466.0,-240.42662048339844,96.0
no_dyn_kl,3407,1,2019,2012,2019,2020,2019,挑战,124.63953399658203,476.0,-245.36046600341797,106.0
no_dyn_kl,3407,1,2019,2012,2019,2020,2019,text,127.3206558227539,415.0,-235.6793441772461,52.0
no_dyn_kl,3407,1,2019,2012,2019,2020,2019,challenges,121.05548858642578,451.0,-223.94451141357422,106.0
no_dyn_kl,3407,1,2019,2012,2019,2020,2019,east,70.41459655761719,405.0,-261.5854034423828,73.0
no_dyn_kl,3407,1,2019,2012,2019,2020,2019,gene,113.70820617675781,329.0,-214.2917938232422,1.0
no_dyn_kl,3407,1,2019,2012,2019,2020,2019,chinese,107.89108276367188,359.0,-219.10891723632812,32.0
no_dyn_kl,3407,1,2019,2012,2019,2020,2019,land,115.50942993164062,380.0,-211.49057006835938,53.0
no_dyn_kl,3407,1,2019,2012,2019,2020,2019,社交媒体,114.93148040771484,379.0,-203.06851959228516,61.0
no_dyn_kl,3407,1,2019,2012,2019,2020,2019,应用,118.21534729003906,336.0,-198.78465270996094,19.0
no_dyn_kl,3407,1,2019,2012,2019,2020,2019,power,112.03433990478516,328.0,-197.96566009521484,18.0
no_dyn_kl,3407,1,2019,2012,2019,2020,2019,可持续,110.90213012695312,389.0,-199.09786987304688,79.0
no_dyn_kl,3407,1,2019,2012,2019,2020,2019,经济,120.38367462158203,346.0,-189.61632537841797,36.0
no_dyn_kl,3407,1,2019,2012,2019,2020,2019,road,107.59800720214844,434.0,-187.40199279785156,139.0
no_dyn_kl,3407,1,2019,2012,2019,2020,2019,经验,109.56368255615234,321.0,-185.43631744384766,26.0
no_dyn_kl,3407,1,2019,2012,2019,2020,2019,管理,116.96293640136719,317.0,-171.0370635986328,29.0
no_dyn_kl,3407,1,2019,2012,2019,2020,2019,全球,111.4614486694336,357.0,-174.5385513305664,71.0
no_dyn_kl,3407,1,2019,2012,2019,2020,2019,学习,114.77392578125,368.0,-165.22607421875,88.0
no_dyn_kl,3407,1,2019,2012,2019,2020,2019,change,108.92450714111328,327.0,-169.07549285888672,49.0
no_dyn_kl,3407,1,2019,2012,2019,2020,2019,视角,111.74994659423828,368.0,-163.25005340576172,93.0
no_dyn_kl,3407,1,2019,2012,2019,2020,2019,遗产旅行,92.40406036376953,285.0,-179.59593963623047,13.0
no_dyn_kl,3407,1,2019,2012,2019,2020,2019,地方,107.86512756347656,319.0,-154.13487243652344,57.0
no_dyn_kl,3407,1,2019,2012,2019,2020,2019,soft,98.5316162109375,313.0,-161.4683837890625,53.0
no_dyn_kl,3407,1,2019,2012,2019,2020,2019,action,68.19255065917969,263.0,-188.8074493408203,6.0
no_dyn_kl,3407,1,2019,2012,2019,2020,2019,real,104.45503234863281,322.0,-147.5449676513672,70.0
no_dyn_kl,3407,1,2019,2012,2019,2020,2019,state,94.57572937011719,277.0,-157.4242706298828,25.0
no_dyn_kl,3407,1,2019,2012,2019,2020,2019,diplomacy,102.89592742919922,333.0,-147.10407257080078,83.0
no_dyn_kl,3407,1,2019,2012,2019,2020,2019,mental,110.78848266601562,344.0,-137.21151733398438,96.0
no_dyn_kl,3407,1,2019,2012,2019,2020,2019,丝绸之路,95.13334655761719,434.0,-151.8666534423828,187.0
no_dyn_kl,3407,1,2019,2012,2019,2020,2019,post,98.89791870117188,341.0,-146.10208129882812,96.0
no_dyn_kl,3407,1,2019,2012,2019,2020,2019,formation,107.70063781738281,316.0,-136.2993621826172,72.0
no_dyn_kl,3407,1,2019,2012,2019,2020,2019,游客,96.03773498535156,304.0,-147.96226501464844,60.0
no_dyn_kl,3407,1,2019,2012,2019,2020,2019,branding,91.38694763183594,239.0,-148.61305236816406,-1.0
no_dyn_kl,3407,1,2019,2012,2019,2020,2019,relations,102.41130828857422,247.0,-137.58869171142578,7.0
no_dyn_kl,3407,1,2019,2012,2019,2020,2019,place,71.10338592529297,285.0,-166.89661407470703,47.0
no_dyn_kl,3407,1,2019,2012,2019,2020,2019,role,105.19429016113281,315.0,-131.8057098388672,78.0
no_dyn_kl,3407,1,2019,2012,2019,2020,2019,conflict,101.8478012084961,255.0,-134.1521987915039,19.0
no_dyn_kl,3407,1,2019,2012,2019,2020,2019,案例研究,100.335693359375,237.0,-135.664306640625,1.0
no_dyn_kl,3407,1,2019,2012,2019,2020,2019,原真性,97.89456176757812,264.0,-130.10543823242188,36.0
no_dyn_kl,3407,1,2019,2012,2019,2020,2019,time,97.20237731933594,382.0,-129.79762268066406,155.0
no_dyn_kl,3407,1,2019,2012,2019,2020,2019,product,91.84163665771484,212.0,-133.15836334228516,-13.0
no_dyn_kl,3407,1,2019,2012,2019,2020,2019,africa,94.92976379394531,227.0,-124.07023620605469,8.0
no_dyn_kl,3407,1,2019,2012,2019,2020,2019,sites,89.42156219482422,246.0,-128.57843780517578,28.0
no_dyn_kl,3407,1,2019,2012,2019,2020,2019,language,60.533878326416016,220.0,-150.46612167358398,9.0
no_dyn_kl,3407,1,2019,2012,2019,2020,2019,brand,83.19459533691406,233.0,-124.80540466308594,25.0
no_dyn_kl,3407,1,2019,2012,2019,2020,2019,silk,86.56092834472656,373.0,-117.43907165527344,169.0
no_dyn_kl,3407,1,2019,2012,2019,2020,2019,plan,64.19242858886719,213.0,-137.8075714111328,11.0
no_dyn_kl,3407,1,2019,2012,2019,2020,2019,可持续发展,91.74128723144531,212.0,-106.25871276855469,14.0
no_dyn_kl,3407,1,2019,2012,2019,2020,2019,the middle east,65.54664611816406,221.0,-130.45335388183594,25.0
no_dyn_kl,3407,1,2019,2012,2019,2020,2019,carrying,76.0413818359375,211.0,-118.9586181640625,16.0
no_dyn_kl,3407,1,2019,2012,2019,2020,2019,效果,96.46697235107422,271.0,-98.53302764892578,76.0
no_dyn_kl,3407,1,2019,2012,2019,2020,2019,分析,92.9802017211914,212.0,-99.0197982788086,20.0
no_dyn_kl,3407,1,2019,2012,2019,2020,2019,reality,88.55680084228516,209.0,-102.44319915771484,18.0
no_dyn_kl,3407,1,2019,2012,2019,2020,2019,content,81.93193817138672,210.0,-108.06806182861328,20.0
no_dyn_kl,3407,1,2019,2012,2019,2020,2019,middle east,69.91741943359375,203.0,-119.08258056640625,14.0
no_dyn_kl,3407,1,2019,2012,2019,2020,2019,服务,94.4583969116211,179.0,-93.5416030883789,-9.0
no_dyn_kl,3407,1,2019,2012,2019,2020,2019,source,89.8982162475586,213.0,-97.1017837524414,26.0
no_dyn_kl,3407,1,2019,2012,2019,2020,2019,carrying capacity,73.79996490478516,202.0,-112.20003509521484,16.0
no_dyn_kl,3407,1,2019,2012,2019,2020,2019,数字,95.20520782470703,322.0,-89.79479217529297,137.0
no_dyn_kl,3407,1,2019,2012,2019,2020,2019,in the middle,71.26274871826172,190.0,-110.73725128173828,8.0
no_dyn_kl,3407,1,2019,2012,2019,2020,2019,系统综述,90.23109436035156,222.0,-91.76890563964844,40.0
no_dyn_kl,3407,1,2019,2012,2019,2020,2019,实践,91.77600860595703,169.0,-86.22399139404297,-9.0
no_dyn_kl,3407,1,2019,2012,2019,2020,2019,graph,90.00537872314453,179.0,-85.99462127685547,3.0
no_dyn_kl,3407,1,2019,2012,2019,2020,2019,outbound,46.00725555419922,176.0,-129.99274444580078,0.0
no_dyn_kl,3407,1,2019,2012,2019,2020,2019,语境,89.50650024414062,209.0,-85.49349975585938,34.0
no_dyn_kl,3407,1,2019,2012,2019,2020,2019,框架,82.98621368408203,221.0,-89.01378631591797,49.0
no_dyn_kl,3407,1,2019,2012,2019,2020,2019,al jazeera,81.57640075683594,181.0,-89.42359924316406,10.0
no_dyn_kl,3407,1,2019,2012,2019,2020,2019,jazeera,81.57640075683594,181.0,-89.42359924316406,10.0
no_dyn_kl,3407,1,2019,2012,2019,2020,2019,流程,91.69031524658203,194.0,-77.30968475341797,25.0
no_dyn_kl,3407,1,2019,2012,2019,2020,2019,belt,84.06702423095703,236.0,-81.93297576904297,70.0
no_dyn_kl,3407,1,2019,2012,2019,2020,2019,in the middle east,67.12153625488281,181.0,-97.87846374511719,16.0
no_dyn_kl,3407,1,2019,2012,2019,2020,2019,政策,82.36175537109375,161.0,-82.63824462890625,-4.0
no_dyn_kl,3407,1,2019,2012,2019,2020,2019,软实力,77.01217651367188,175.0,-87.98782348632812,10.0
no_dyn_kl,3407,1,2019,2012,2019,2020,2019,marketing,84.04476165771484,217.0,-79.95523834228516,53.0
no_dyn_kl,3407,1,2019,2012,2019,2020,2019,religious,84.63243865966797,153.0,-78.36756134033203,-10.0
no_dyn_kl,3407,1,2019,2012,2019,2020,2019,country,82.45848083496094,144.0,-79.54151916503906,-18.0
no_dyn_kl,3407,1,2019,2012,2019,2020,2019,islam,89.9906234741211,166.0,-72.0093765258789,4.0
no_dyn_kl,3407,1,2019,2012,2019,2020,2019,urban,80.59649658203125,187.0,-81.40350341796875,25.0
no_dyn_kl,3407,3,2019,2012,2019,2022,2019,旅游,253.1442108154297,4242.0,-2777.8557891845703,1211.0
no_dyn_kl,3407,3,2019,2012,2019,2022,2019,tour,241.351318359375,3857.0,-2651.648681640625,964.0
no_dyn_kl,3407,3,2019,2012,2019,2022,2019,文化,228.95230102539062,2521.0,-1475.0476989746094,817.0
no_dyn_kl,3407,3,2019,2012,2019,2022,2019,nation,223.10882568359375,2266.0,-1259.8911743164062,783.0
no_dyn_kl,3407,3,2019,2012,2019,2022,2019,遗产,214.29666137695312,1698.0,-1136.7033386230469,347.0
no_dyn_kl,3407,3,2019,2012,2019,2022,2019,阿拉伯,181.64324951171875,784.0,-648.3567504882812,-46.0
no_dyn_kl,3407,3,2019,2012,2019,2022,2019,发展,183.88124084472656,907.0,-572.1187591552734,151.0
no_dyn_kl,3407,3,2019,2012,2019,2022,2019,目的地,174.3665313720703,1036.0,-510.6334686279297,351.0
no_dyn_kl,3407,3,2019,2012,2019,2022,2019,world,175.91226196289062,627.0,-508.0877380371094,-57.0
no_dyn_kl,3407,3,2019,2012,2019,2022,2019,view,182.10585021972656,1100.0,-489.89414978027344,428.0
no_dyn_kl,3407,3,2019,2012,2019,2022,2019,rate,172.7950897216797,894.0,-463.2049102783203,258.0
no_dyn_kl,3407,3,2019,2012,2019,2022,2019,city,168.24827575683594,755.0,-466.75172424316406,120.0
no_dyn_kl,3407,3,2019,2012,2019,2022,2019,研究,176.51890563964844,901.0,-417.48109436035156,307.0
no_dyn_kl,3407,3,2019,2012,2019,2022,2019,艺术,177.55300903320312,992.0,-383.4469909667969,431.0
no_dyn_kl,3407,3,2019,2012,2019,2022,2019,site,166.29226684570312,670.0,-387.7077331542969,116.0
no_dyn_kl,3407,3,2019,2012,2019,2022,2019,image,164.3633575439453,783.0,-372.6366424560547,246.0
no_dyn_kl,3407,3,2019,2012,2019,2022,2019,社会,165.81997680664062,727.0,-357.1800231933594,204.0
no_dyn_kl,3407,3,2019,2012,2019,2022,2019,media,165.06195068359375,588.0,-352.93804931640625,70.0
no_dyn_kl,3407,3,2019,2012,2019,2022,2019,search,168.6215362548828,797.0,-348.3784637451172,280.0
no_dyn_kl,3407,3,2019,2012,2019,2022,2019,work,165.92596435546875,623.0,-328.07403564453125,129.0
no_dyn_kl,3407,3,2019,2012,2019,2022,2019,中国,152.59780883789062,600.0,-244.40219116210938,203.0
no_dyn_kl,3407,3,2019,2012,2019,2022,2019,国家,150.91319274902344,523.0,-242.08680725097656,130.0
no_dyn_kl,3407,3,2019,2012,2019,2022,2019,影响,153.1081085205078,563.0,-216.8918914794922,193.0
no_dyn_kl,3407,3,2019,2012,2019,2022,2019,挑战,147.9472198486328,597.0,-222.0527801513672,227.0
no_dyn_kl,3407,3,2019,2012,2019,2022,2019,text,151.1122283935547,565.0,-211.8877716064453,202.0
no_dyn_kl,3407,3,2019,2012,2019,2022,2019,challenges,145.13340759277344,553.0,-199.86659240722656,208.0
no_dyn_kl,3407,3,2019,2012,2019,2022,2019,east,91.89885711669922,419.0,-240.10114288330078,87.0
no_dyn_kl,3407,3,2019,2012,2019,2022,2019,gene,137.50729370117188,406.0,-190.49270629882812,78.0
no_dyn_kl,3407,3,2019,2012,2019,2022,2019,chinese,131.67710876464844,325.0,-195.32289123535156,-2.0
no_dyn_kl,3407,3,2019,2012,2019,2022,2019,land,139.3050537109375,380.0,-187.6949462890625,53.0
no_dyn_kl,3407,3,2019,2012,2019,2022,2019,社交媒体,139.6243438720703,452.0,-178.3756561279297,134.0
no_dyn_kl,3407,3,2019,2012,2019,2022,2019,应用,142.70361328125,470.0,-174.29638671875,153.0
no_dyn_kl,3407,3,2019,2012,2019,2022,2019,power,137.5192413330078,334.0,-172.4807586669922,24.0
no_dyn_kl,3407,3,2019,2012,2019,2022,2019,可持续,135.0234832763672,443.0,-174.9765167236328,133.0
no_dyn_kl,3407,3,2019,2012,2019,2022,2019,经济,145.24522399902344,467.0,-164.75477600097656,157.0
no_dyn_kl,3407,3,2019,2012,2019,2022,2019,road,134.24749755859375,555.0,-160.75250244140625,260.0
no_dyn_kl,3407,3,2019,2012,2019,2022,2019,经验,134.0955047607422,403.0,-160.9044952392578,108.0
no_dyn_kl,3407,3,2019,2012,2019,2022,2019,管理,142.61038208007812,413.0,-145.38961791992188,125.0
no_dyn_kl,3407,3,2019,2012,2019,2022,2019,全球,135.9608917236328,377.0,-150.0391082763672,91.0
no_dyn_kl,3407,3,2019,2012,2019,2022,2019,学习,141.0471649169922,564.0,-138.9528350830078,284.0
no_dyn_kl,3407,3,2019,2012,2019,2022,2019,change,134.3406524658203,386.0,-143.6593475341797,108.0
no_dyn_kl,3407,3,2019,2012,2019,2022,2019,视角,137.7479705810547,504.0,-137.2520294189453,229.0
no_dyn_kl,3407,3,2019,2012,2019,2022,2019,遗产旅行,117.53988647460938,324.0,-154.46011352539062,52.0
no_dyn_kl,3407,3,2019,2012,2019,2022,2019,地方,134.38809204101562,271.0,-127.61190795898438,9.0
no_dyn_kl,3407,3,2019,2012,2019,2022,2019,soft,124.34135437011719,268.0,-135.6586456298828,8.0
no_dyn_kl,3407,3,2019,2012,2019,2022,2019,action,89.84417724609375,281.0,-167.15582275390625,24.0
no_dyn_kl,3407,3,2019,2012,2019,2022,2019,real,130.75225830078125,378.0,-121.24774169921875,126.0
no_dyn_kl,3407,3,2019,2012,2019,2022,2019,state,118.446533203125,261.0,-133.553466796875,9.0
no_dyn_kl,3407,3,2019,2012,2019,2022,2019,diplomacy,130.52276611328125,422.0,-119.47723388671875,172.0
no_dyn_kl,3407,3,2019,2012,2019,2022,2019,mental,137.16717529296875,323.0,-110.83282470703125,75.0
no_dyn_kl,3407,3,2019,2012,2019,2022,2019,丝绸之路,122.91777038574219,543.0,-124.08222961425781,296.0
no_dyn_kl,3407,3,2019,2012,2019,2022,2019,post,124.8957290649414,461.0,-120.1042709350586,216.0
no_dyn_kl,3407,3,2019,2012,2019,2022,2019,formation,134.3189697265625,430.0,-109.6810302734375,186.0
no_dyn_kl,3407,3,2019,2012,2019,2022,2019,游客,121.92277526855469,347.0,-122.07722473144531,103.0
no_dyn_kl,3407,3,2019,2012,2019,2022,2019,branding,117.75560760498047,366.0,-122.24439239501953,126.0
no_dyn_kl,3407,3,2019,2012,2019,2022,2019,relations,128.776123046875,183.0,-111.223876953125,-57.0
no_dyn_kl,3407,3,2019,2012,2019,2022,2019,place,93.6551742553711,252.0,-144.3448257446289,14.0
no_dyn_kl,3407,3,2019,2012,2019,2022,2019,role,131.23202514648438,445.0,-105.76797485351562,208.0
no_dyn_kl,3407,3,2019,2012,2019,2022,2019,conflict,128.79029846191406,245.0,-107.20970153808594,9.0
no_dyn_kl,3407,3,2019,2012,2019,2022,2019,案例研究,125.04643249511719,228.0,-110.95356750488281,-8.0
no_dyn_kl,3407,3,2019,2012,2019,2022,2019,原真性,125.13037109375,418.0,-102.86962890625,190.0
no_dyn_kl,3407,3,2019,2012,2019,2022,2019,time,125.32610321044922,443.0,-101.67389678955078,216.0
no_dyn_kl,3407,3,2019,2012,2019,2022,2019,product,115.78854370117188,226.0,-109.21145629882812,1.0
no_dyn_kl,3407,3,2019,2012,2019,2022,2019,africa,120.73963928222656,242.0,-98.26036071777344,23.0
no_dyn_kl,3407,3,2019,2012,2019,2022,2019,sites,117.60682678222656,289.0,-100.39317321777344,71.0
no_dyn_kl,3407,3,2019,2012,2019,2022,2019,language,82.32706451416016,215.0,-128.67293548583984,4.0
no_dyn_kl,3407,3,2019,2012,2019,2022,2019,brand,108.941650390625,328.0,-99.058349609375,120.0
no_dyn_kl,3407,3,2019,2012,2019,2022,2019,silk,114.77706909179688,466.0,-89.22293090820312,262.0
no_dyn_kl,3407,3,2019,2012,2019,2022,2019,plan,86.47433471679688,244.0,-115.52566528320312,42.0
no_dyn_kl,3407,3,2019,2012,2019,2022,2019,可持续发展,117.97586059570312,279.0,-80.02413940429688,81.0
no_dyn_kl,3407,3,2019,2012,2019,2022,2019,the middle east,89.99990844726562,236.0,-106.00009155273438,40.0
no_dyn_kl,3407,3,2019,2012,2019,2022,2019,carrying,101.0925521850586,93.0,-93.9074478149414,-102.0
no_dyn_kl,3407,3,2019,2012,2019,2022,2019,效果,123.9317855834961,328.0,-71.0682144165039,133.0
no_dyn_kl,3407,3,2019,2012,2019,2022,2019,分析,119.48145294189453,212.0,-72.51854705810547,20.0
no_dyn_kl,3407,3,2019,2012,2019,2022,2019,reality,116.23954772949219,256.0,-74.76045227050781,65.0
no_dyn_kl,3407,3,2019,2012,2019,2022,2019,content,108.88410186767578,255.0,-81.11589813232422,65.0
no_dyn_kl,3407,3,2019,2012,2019,2022,2019,middle east,95.64790344238281,197.0,-93.35209655761719,8.0
no_dyn_kl,3407,3,2019,2012,2019,2022,2019,服务,122.07180786132812,153.0,-65.92819213867188,-35.0
no_dyn_kl,3407,3,2019,2012,2019,2022,2019,source,116.91058349609375,163.0,-70.08941650390625,-24.0
no_dyn_kl,3407,3,2019,2012,2019,2022,2019,carrying capacity,99.00677490234375,84.0,-86.99322509765625,-102.0
no_dyn_kl,3407,3,2019,2012,2019,2022,2019,数字,122.6278076171875,626.0,-62.3721923828125,441.0
no_dyn_kl,3407,3,2019,2012,2019,2022,2019,in the middle,97.68559265136719,174.0,-84.31440734863281,-8.0
no_dyn_kl,3407,3,2019,2012,2019,2022,2019,系统综述,117.45840454101562,229.0,-64.54159545898438,47.0
no_dyn_kl,3407,3,2019,2012,2019,2022,2019,实践,119.34255981445312,230.0,-58.657440185546875,52.0
no_dyn_kl,3407,3,2019,2012,2019,2022,2019,graph,116.67108154296875,223.0,-59.32891845703125,47.0
no_dyn_kl,3407,3,2019,2012,2019,2022,2019,outbound,67.8399887084961,108.0,-108.1600112915039,-68.0
no_dyn_kl,3407,3,2019,2012,2019,2022,2019,语境,117.05950164794922,258.0,-57.94049835205078,83.0
no_dyn_kl,3407,3,2019,2012,2019,2022,2019,框架,108.501953125,263.0,-63.498046875,91.0
no_dyn_kl,3407,3,2019,2012,2019,2022,2019,al jazeera,109.91980743408203,138.0,-61.08019256591797,-33.0
no_dyn_kl,3407,3,2019,2012,2019,2022,2019,jazeera,109.91980743408203,138.0,-61.08019256591797,-33.0
no_dyn_kl,3407,3,2019,2012,2019,2022,2019,流程,119.54920196533203,221.0,-49.45079803466797,52.0
no_dyn_kl,3407,3,2019,2012,2019,2022,2019,belt,112.71366882324219,328.0,-53.28633117675781,162.0
no_dyn_kl,3407,3,2019,2012,2019,2022,2019,in the middle east,93.6758041381836,190.0,-71.3241958618164,25.0
no_dyn_kl,3407,3,2019,2012,2019,2022,2019,政策,109.45012664794922,255.0,-55.54987335205078,90.0
no_dyn_kl,3407,3,2019,2012,2019,2022,2019,软实力,104.84213256835938,177.0,-60.157867431640625,12.0
no_dyn_kl,3407,3,2019,2012,2019,2022,2019,marketing,111.05901336669922,345.0,-52.94098663330078,181.0
no_dyn_kl,3407,3,2019,2012,2019,2022,2019,religious,112.84398651123047,227.0,-50.15601348876953,64.0
no_dyn_kl,3407,3,2019,2012,2019,2022,2019,country,110.03008270263672,254.0,-51.96991729736328,92.0
no_dyn_kl,3407,3,2019,2012,2019,2022,2019,islam,118.3812255859375,119.0,-43.6187744140625,-43.0
no_dyn_kl,3407,3,2019,2012,2019,2022,2019,urban,106.76306915283203,252.0,-55.23693084716797,90.0
no_dyn_kl,3407,5,2019,2012,2019,2024,2019,旅游,232.14968872070312,5508.0,-2798.850311279297,2477.0
no_dyn_kl,3407,5,2019,2012,2019,2024,2019,tour,223.88064575195312,4819.0,-2669.119354248047,1926.0
no_dyn_kl,3407,5,2019,2012,2019,2024,2019,文化,216.1337890625,3099.0,-1487.8662109375,1395.0
no_dyn_kl,3407,5,2019,2012,2019,2024,2019,nation,212.4266357421875,2652.0,-1270.5733642578125,1169.0
no_dyn_kl,3407,5,2019,2012,2019,2024,2019,遗产,206.0782928466797,1984.0,-1144.9217071533203,633.0
no_dyn_kl,3407,5,2019,2012,2019,2024,2019,阿拉伯,182.15396118164062,1033.0,-647.8460388183594,203.0
no_dyn_kl,3407,5,2019,2012,2019,2024,2019,发展,184.26026916503906,1136.0,-571.7397308349609,380.0
no_dyn_kl,3407,5,2019,2012,2019,2024,2019,目的地,177.21250915527344,1258.0,-507.78749084472656,573.0
no_dyn_kl,3407,5,2019,2012,2019,2024,2019,world,178.3461456298828,645.0,-505.6538543701172,-39.0
no_dyn_kl,3407,5,2019,2012,2019,2024,2019,view,182.98570251464844,1119.0,-489.01429748535156,447.0
no_dyn_kl,3407,5,2019,2012,2019,2024,2019,rate,175.91909790039062,1324.0,-460.0809020996094,688.0
no_dyn_kl,3407,5,2019,2012,2019,2024,2019,city,172.22496032714844,938.0,-462.77503967285156,303.0
no_dyn_kl,3407,5,2019,2012,2019,2024,2019,研究,179.01177978515625,1258.0,-414.98822021484375,664.0
no_dyn_kl,3407,5,2019,2012,2019,2024,2019,艺术,179.8500213623047,1274.0,-381.1499786376953,713.0
no_dyn_kl,3407,5,2019,2012,2019,2024,2019,site,171.1975860595703,537.0,-382.8024139404297,-17.0
no_dyn_kl,3407,5,2019,2012,2019,2024,2019,image,169.54025268554688,952.0,-367.4597473144531,415.0
no_dyn_kl,3407,5,2019,2012,2019,2024,2019,社会,170.56747436523438,939.0,-352.4325256347656,416.0
no_dyn_kl,3407,5,2019,2012,2019,2024,2019,media,170.04632568359375,821.0,-347.95367431640625,303.0
no_dyn_kl,3407,5,2019,2012,2019,2024,2019,search,173.1032257080078,976.0,-343.8967742919922,459.0
no_dyn_kl,3407,5,2019,2012,2019,2024,2019,work,170.74337768554688,684.0,-323.2566223144531,190.0
no_dyn_kl,3407,5,2019,2012,2019,2024,2019,中国,160.6829833984375,774.0,-236.3170166015625,377.0
no_dyn_kl,3407,5,2019,2012,2019,2024,2019,国家,159.22569274902344,564.0,-233.77430725097656,171.0
no_dyn_kl,3407,5,2019,2012,2019,2024,2019,影响,161.15257263183594,699.0,-208.84742736816406,329.0
no_dyn_kl,3407,5,2019,2012,2019,2024,2019,挑战,156.8434295654297,666.0,-213.1565704345703,296.0
no_dyn_kl,3407,5,2019,2012,2019,2024,2019,text,159.56182861328125,804.0,-203.43817138671875,441.0
no_dyn_kl,3407,5,2019,2012,2019,2024,2019,challenges,154.66839599609375,633.0,-190.33160400390625,288.0
no_dyn_kl,3407,5,2019,2012,2019,2024,2019,east,107.8001480102539,343.0,-224.1998519897461,11.0
no_dyn_kl,3407,5,2019,2012,2019,2024,2019,gene,148.22682189941406,796.0,-179.77317810058594,468.0
no_dyn_kl,3407,5,2019,2012,2019,2024,2019,chinese,143.29652404785156,424.0,-183.70347595214844,97.0
no_dyn_kl,3407,5,2019,2012,2019,2024,2019,land,149.73638916015625,340.0,-177.26361083984375,13.0
no_dyn_kl,3407,5,2019,2012,2019,2024,2019,社交媒体,150.1995391845703,677.0,-167.8004608154297,359.0
no_dyn_kl,3407,5,2019,2012,2019,2024,2019,应用,152.7300567626953,495.0,-164.2699432373047,178.0
no_dyn_kl,3407,5,2019,2012,2019,2024,2019,power,148.61019897460938,386.0,-161.38980102539062,76.0
no_dyn_kl,3407,5,2019,2012,2019,2024,2019,可持续,146.2018280029297,589.0,-163.7981719970703,279.0
no_dyn_kl,3407,5,2019,2012,2019,2024,2019,经济,154.92840576171875,564.0,-155.07159423828125,254.0
no_dyn_kl,3407,5,2019,2012,2019,2024,2019,road,146.12596130371094,490.0,-148.87403869628906,195.0
no_dyn_kl,3407,5,2019,2012,2019,2024,2019,经验,145.50730895996094,473.0,-149.49269104003906,178.0
no_dyn_kl,3407,5,2019,2012,2019,2024,2019,管理,152.9072723388672,480.0,-135.0927276611328,192.0
no_dyn_kl,3407,5,2019,2012,2019,2024,2019,全球,147.07363891601562,358.0,-138.92636108398438,72.0
no_dyn_kl,3407,5,2019,2012,2019,2024,2019,学习,151.74472045898438,568.0,-128.25527954101562,288.0
no_dyn_kl,3407,5,2019,2012,2019,2024,2019,change,145.91305541992188,426.0,-132.08694458007812,148.0
no_dyn_kl,3407,5,2019,2012,2019,2024,2019,视角,148.9162139892578,668.0,-126.08378601074219,393.0
no_dyn_kl,3407,5,2019,2012,2019,2024,2019,遗产旅行,131.47052001953125,378.0,-140.52947998046875,106.0
no_dyn_kl,3407,5,2019,2012,2019,2024,2019,地方,146.2102508544922,273.0,-115.78974914550781,11.0
no_dyn_kl,3407,5,2019,2012,2019,2024,2019,soft,137.49659729003906,276.0,-122.50340270996094,16.0
no_dyn_kl,3407,5,2019,2012,2019,2024,2019,action,105.9531021118164,350.0,-151.0468978881836,93.0
no_dyn_kl,3407,5,2019,2012,2019,2024,2019,real,143.0794677734375,541.0,-108.9205322265625,289.0
no_dyn_kl,3407,5,2019,2012,2019,2024,2019,state,131.95628356933594,305.0,-120.04371643066406,53.0
no_dyn_kl,3407,5,2019,2012,2019,2024,2019,diplomacy,143.21034240722656,494.0,-106.78965759277344,244.0
no_dyn_kl,3407,5,2019,2012,2019,2024,2019,mental,148.51406860351562,264.0,-99.48593139648438,16.0
no_dyn_kl,3407,5,2019,2012,2019,2024,2019,丝绸之路,136.7706756591797,522.0,-110.22932434082031,275.0
no_dyn_kl,3407,5,2019,2012,2019,2024,2019,post,138.0150604248047,546.0,-106.98493957519531,301.0
no_dyn_kl,3407,5,2019,2012,2019,2024,2019,formation,146.1725616455078,506.0,-97.82743835449219,262.0
no_dyn_kl,3407,5,2019,2012,2019,2024,2019,游客,135.4358367919922,376.0,-108.56416320800781,132.0
no_dyn_kl,3407,5,2019,2012,2019,2024,2019,branding,131.9597625732422,314.0,-108.04023742675781,74.0
no_dyn_kl,3407,5,2019,2012,2019,2024,2019,relations,141.41522216796875,179.0,-98.58477783203125,-61.0
no_dyn_kl,3407,5,2019,2012,2019,2024,2019,place,109.64627838134766,221.0,-128.35372161865234,-17.0
no_dyn_kl,3407,5,2019,2012,2019,2024,2019,role,143.4225616455078,649.0,-93.57743835449219,412.0
no_dyn_kl,3407,5,2019,2012,2019,2024,2019,conflict,141.56790161132812,174.0,-94.43209838867188,-62.0
no_dyn_kl,3407,5,2019,2012,2019,2024,2019,案例研究,137.83811950683594,316.0,-98.16188049316406,80.0
no_dyn_kl,3407,5,2019,2012,2019,2024,2019,原真性,138.5202178955078,445.0,-89.47978210449219,217.0
no_dyn_kl,3407,5,2019,2012,2019,2024,2019,time,138.91561889648438,391.0,-88.08438110351562,164.0
no_dyn_kl,3407,5,2019,2012,2019,2024,2019,product,129.66058349609375,334.0,-95.33941650390625,109.0
no_dyn_kl,3407,5,2019,2012,2019,2024,2019,africa,134.39532470703125,242.0,-84.60467529296875,23.0
no_dyn_kl,3407,5,2019,2012,2019,2024,2019,sites,132.3070831298828,210.0,-85.69291687011719,-8.0
no_dyn_kl,3407,5,2019,2012,2019,2024,2019,language,99.03644561767578,369.0,-111.96355438232422,158.0
no_dyn_kl,3407,5,2019,2012,2019,2024,2019,brand,124.10984802246094,297.0,-83.89015197753906,89.0
no_dyn_kl,3407,5,2019,2012,2019,2024,2019,silk,129.8667755126953,429.0,-74.13322448730469,225.0
no_dyn_kl,3407,5,2019,2012,2019,2024,2019,plan,103.00269317626953,254.0,-98.99730682373047,52.0
no_dyn_kl,3407,5,2019,2012,2019,2024,2019,可持续发展,132.1111297607422,371.0,-65.88887023925781,173.0
no_dyn_kl,3407,5,2019,2012,2019,2024,2019,the middle east,106.82109832763672,129.0,-89.17890167236328,-67.0
no_dyn_kl,3407,5,2019,2012,2019,2024,2019,carrying,116.97767639160156,81.0,-78.02232360839844,-114.0
no_dyn_kl,3407,5,2019,2012,2019,2024,2019,效果,137.54898071289062,339.0,-57.451019287109375,144.0
no_dyn_kl,3407,5,2019,2012,2019,2024,2019,分析,133.47857666015625,253.0,-58.52142333984375,61.0
no_dyn_kl,3407,5,2019,2012,2019,2024,2019,reality,130.9853515625,383.0,-60.0146484375,192.0
no_dyn_kl,3407,5,2019,2012,2019,2024,2019,content,124.37979125976562,369.0,-65.62020874023438,179.0
no_dyn_kl,3407,5,2019,2012,2019,2024,2019,middle east,112.29367065429688,79.0,-76.70632934570312,-110.0
no_dyn_kl,3407,5,2019,2012,2019,2024,2019,服务,135.99237060546875,317.0,-52.00762939453125,129.0
no_dyn_kl,3407,5,2019,2012,2019,2024,2019,source,131.38742065429688,163.0,-55.612579345703125,-24.0
no_dyn_kl,3407,5,2019,2012,2019,2024,2019,carrying capacity,115.15607452392578,81.0,-70.84392547607422,-105.0
no_dyn_kl,3407,5,2019,2012,2019,2024,2019,数字,136.41946411132812,985.0,-48.580535888671875,800.0
no_dyn_kl,3407,5,2019,2012,2019,2024,2019,in the middle,114.31981658935547,90.0,-67.68018341064453,-92.0
no_dyn_kl,3407,5,2019,2012,2019,2024,2019,系统综述,131.91685485839844,195.0,-50.08314514160156,13.0
no_dyn_kl,3407,5,2019,2012,2019,2024,2019,实践,133.63197326660156,227.0,-44.36802673339844,49.0
no_dyn_kl,3407,5,2019,2012,2019,2024,2019,graph,131.08822631835938,396.0,-44.911773681640625,220.0
no_dyn_kl,3407,5,2019,2012,2019,2024,2019,outbound,85.36824798583984,54.0,-90.63175201416016,-122.0
no_dyn_kl,3407,5,2019,2012,2019,2024,2019,语境,131.65725708007812,281.0,-43.342742919921875,106.0
no_dyn_kl,3407,5,2019,2012,2019,2024,2019,框架,123.65852355957031,335.0,-48.34147644042969,163.0
no_dyn_kl,3407,5,2019,2012,2019,2024,2019,al jazeera,125.67488098144531,48.0,-45.32511901855469,-123.0
no_dyn_kl,3407,5,2019,2012,2019,2024,2019,jazeera,125.67488098144531,65.0,-45.32511901855469,-106.0
no_dyn_kl,3407,5,2019,2012,2019,2024,2019,流程,133.88592529296875,180.0,-35.11407470703125,11.0
no_dyn_kl,3407,5,2019,2012,2019,2024,2019,belt,128.19277954101562,269.0,-37.807220458984375,103.0
no_dyn_kl,3407,5,2019,2012,2019,2024,2019,in the middle east,110.76636505126953,97.0,-54.23363494873047,-68.0
no_dyn_kl,3407,5,2019,2012,2019,2024,2019,政策,124.90935516357422,254.0,-40.09064483642578,89.0
no_dyn_kl,3407,5,2019,2012,2019,2024,2019,软实力,121.07556915283203,175.0,-43.92443084716797,10.0
no_dyn_kl,3407,5,2019,2012,2019,2024,2019,marketing,126.29595184326172,544.0,-37.70404815673828,380.0
no_dyn_kl,3407,5,2019,2012,2019,2024,2019,religious,128.1816864013672,247.0,-34.81831359863281,84.0
no_dyn_kl,3407,5,2019,2012,2019,2024,2019,country,125.55020904541016,255.0,-36.449790954589844,93.0
no_dyn_kl,3407,5,2019,2012,2019,2024,2019,islam,133.0222625732422,102.0,-28.977737426757812,-60.0
no_dyn_kl,3407,5,2019,2012,2019,2024,2019,urban,122.29801177978516,255.0,-39.701988220214844,93.0
no_dyn_kl,7777,1,2019,2012,2019,2020,2019,旅游,300.23236083984375,3486.0,-2730.7676391601562,455.0
no_dyn_kl,7777,1,2019,2012,2019,2020,2019,tour,283.2093505859375,3300.0,-2609.7906494140625,407.0
no_dyn_kl,7777,1,2019,2012,2019,2020,2019,文化,254.7093963623047,2014.0,-1449.2906036376953,310.0
no_dyn_kl,7777,1,2019,2012,2019,2020,2019,nation,243.4800262451172,1766.0,-1239.5199737548828,283.0
no_dyn_kl,7777,1,2019,2012,2019,2020,2019,遗产,230.0162811279297,1587.0,-1120.9837188720703,236.0
no_dyn_kl,7777,1,2019,2012,2019,2020,2019,阿拉伯,181.04608154296875,881.0,-648.9539184570312,51.0
no_dyn_kl,7777,1,2019,2012,2019,2020,2019,发展,182.14663696289062,899.0,-573.8533630371094,143.0
no_dyn_kl,7777,1,2019,2012,2019,2020,2019,目的地,168.55288696289062,794.0,-516.4471130371094,109.0
no_dyn_kl,7777,1,2019,2012,2019,2020,2019,world,170.68203735351562,786.0,-513.3179626464844,102.0
no_dyn_kl,7777,1,2019,2012,2019,2020,2019,view,178.916259765625,905.0,-493.083740234375,233.0
no_dyn_kl,7777,1,2019,2012,2019,2020,2019,rate,166.27847290039062,683.0,-469.7215270996094,47.0
no_dyn_kl,7777,1,2019,2012,2019,2020,2019,city,160.9055633544922,681.0,-474.0944366455078,46.0
no_dyn_kl,7777,1,2019,2012,2019,2020,2019,研究,170.41773986816406,734.0,-423.58226013183594,140.0
no_dyn_kl,7777,1,2019,2012,2019,2020,2019,艺术,171.41152954101562,646.0,-389.5884704589844,85.0
no_dyn_kl,7777,1,2019,2012,2019,2020,2019,site,156.63319396972656,657.0,-397.36680603027344,103.0
no_dyn_kl,7777,1,2019,2012,2019,2020,2019,image,154.23358154296875,662.0,-382.76641845703125,125.0
no_dyn_kl,7777,1,2019,2012,2019,2020,2019,社会,156.13856506347656,616.0,-366.86143493652344,93.0
no_dyn_kl,7777,1,2019,2012,2019,2020,2019,media,154.993408203125,576.0,-363.006591796875,58.0
no_dyn_kl,7777,1,2019,2012,2019,2020,2019,search,159.21347045898438,632.0,-357.7865295410156,115.0
no_dyn_kl,7777,1,2019,2012,2019,2020,2019,work,155.7720489501953,529.0,-338.2279510498047,35.0
no_dyn_kl,7777,1,2019,2012,2019,2020,2019,中国,137.5900115966797,537.0,-259.4099884033203,140.0
no_dyn_kl,7777,1,2019,2012,2019,2020,2019,国家,135.54042053222656,492.0,-257.45957946777344,99.0
no_dyn_kl,7777,1,2019,2012,2019,2020,2019,影响,137.8779754638672,466.0,-232.1220245361328,96.0
no_dyn_kl,7777,1,2019,2012,2019,2020,2019,挑战,131.6648406982422,476.0,-238.3351593017578,106.0
no_dyn_kl,7777,1,2019,2012,2019,2020,2019,text,135.33932495117188,415.0,-227.66067504882812,52.0
no_dyn_kl,7777,1,2019,2012,2019,2020,2019,challenges,127.89920043945312,451.0,-217.10079956054688,106.0
no_dyn_kl,7777,1,2019,2012,2019,2020,2019,east,69.32749938964844,405.0,-262.67250061035156,73.0
no_dyn_kl,7777,1,2019,2012,2019,2020,2019,gene,118.93948364257812,329.0,-209.06051635742188,1.0
no_dyn_kl,7777,1,2019,2012,2019,2020,2019,chinese,112.41886138916016,359.0,-214.58113861083984,32.0
no_dyn_kl,7777,1,2019,2012,2019,2020,2019,land,120.96443939208984,380.0,-206.03556060791016,53.0
no_dyn_kl,7777,1,2019,2012,2019,2020,2019,社交媒体,121.00841522216797,379.0,-196.99158477783203,61.0
no_dyn_kl,7777,1,2019,2012,2019,2020,2019,应用,124.61167907714844,336.0,-192.38832092285156,19.0
no_dyn_kl,7777,1,2019,2012,2019,2020,2019,power,118.37484741210938,328.0,-191.62515258789062,18.0
no_dyn_kl,7777,1,2019,2012,2019,2020,2019,可持续,115.79456329345703,389.0,-194.20543670654297,79.0
no_dyn_kl,7777,1,2019,2012,2019,2020,2019,经济,127.51918029785156,346.0,-182.48081970214844,36.0
no_dyn_kl,7777,1,2019,2012,2019,2020,2019,road,114.37921905517578,434.0,-180.62078094482422,139.0
no_dyn_kl,7777,1,2019,2012,2019,2020,2019,经验,114.41719055175781,321.0,-180.5828094482422,26.0
no_dyn_kl,7777,1,2019,2012,2019,2020,2019,管理,124.101318359375,317.0,-163.898681640625,29.0
no_dyn_kl,7777,1,2019,2012,2019,2020,2019,全球,116.3912582397461,357.0,-169.6087417602539,71.0
no_dyn_kl,7777,1,2019,2012,2019,2020,2019,学习,122.2186050415039,368.0,-157.7813949584961,88.0
no_dyn_kl,7777,1,2019,2012,2019,2020,2019,change,114.27545166015625,327.0,-163.72454833984375,49.0
no_dyn_kl,7777,1,2019,2012,2019,2020,2019,视角,118.17152404785156,368.0,-156.82847595214844,93.0
no_dyn_kl,7777,1,2019,2012,2019,2020,2019,遗产旅行,95.68841552734375,285.0,-176.31158447265625,13.0
no_dyn_kl,7777,1,2019,2012,2019,2020,2019,地方,114.10198974609375,319.0,-147.89801025390625,57.0
no_dyn_kl,7777,1,2019,2012,2019,2020,2019,soft,102.73612976074219,313.0,-157.2638702392578,53.0
no_dyn_kl,7777,1,2019,2012,2019,2020,2019,action,66.57936096191406,263.0,-190.42063903808594,6.0
no_dyn_kl,7777,1,2019,2012,2019,2020,2019,real,109.74862670898438,322.0,-142.25137329101562,70.0
no_dyn_kl,7777,1,2019,2012,2019,2020,2019,state,97.05432891845703,277.0,-154.94567108154297,25.0
no_dyn_kl,7777,1,2019,2012,2019,2020,2019,diplomacy,109.64005279541016,333.0,-140.35994720458984,83.0
no_dyn_kl,7777,1,2019,2012,2019,2020,2019,mental,117.09575653076172,344.0,-130.90424346923828,96.0
no_dyn_kl,7777,1,2019,2012,2019,2020,2019,丝绸之路,100.88867950439453,434.0,-146.11132049560547,187.0
no_dyn_kl,7777,1,2019,2012,2019,2020,2019,post,103.10292053222656,341.0,-141.89707946777344,96.0
no_dyn_kl,7777,1,2019,2012,2019,2020,2019,formation,113.7461166381836,316.0,-130.2538833618164,72.0
no_dyn_kl,7777,1,2019,2012,2019,2020,2019,游客,99.8426742553711,304.0,-144.1573257446289,60.0
no_dyn_kl,7777,1,2019,2012,2019,2020,2019,branding,95.13027954101562,239.0,-144.86972045898438,-1.0
no_dyn_kl,7777,1,2019,2012,2019,2020,2019,relations,107.32193756103516,247.0,-132.67806243896484,7.0
no_dyn_kl,7777,1,2019,2012,2019,2020,2019,place,70.96917724609375,285.0,-167.03082275390625,47.0
no_dyn_kl,7777,1,2019,2012,2019,2020,2019,role,110.0394058227539,315.0,-126.9605941772461,78.0
no_dyn_kl,7777,1,2019,2012,2019,2020,2019,conflict,107.30696105957031,255.0,-128.6930389404297,19.0
no_dyn_kl,7777,1,2019,2012,2019,2020,2019,案例研究,103.465576171875,237.0,-132.534423828125,1.0
no_dyn_kl,7777,1,2019,2012,2019,2020,2019,原真性,103.07621765136719,264.0,-124.92378234863281,36.0
no_dyn_kl,7777,1,2019,2012,2019,2020,2019,time,103.47050476074219,382.0,-123.52949523925781,155.0
no_dyn_kl,7777,1,2019,2012,2019,2020,2019,product,93.7806396484375,212.0,-131.2193603515625,-13.0
no_dyn_kl,7777,1,2019,2012,2019,2020,2019,africa,98.187744140625,227.0,-120.812255859375,8.0
no_dyn_kl,7777,1,2019,2012,2019,2020,2019,sites,94.68306732177734,246.0,-123.31693267822266,28.0
no_dyn_kl,7777,1,2019,2012,2019,2020,2019,language,57.88802719116211,220.0,-153.1119728088379,9.0
no_dyn_kl,7777,1,2019,2012,2019,2020,2019,brand,85.46326446533203,233.0,-122.53673553466797,25.0
no_dyn_kl,7777,1,2019,2012,2019,2020,2019,silk,91.41114044189453,373.0,-112.58885955810547,169.0
no_dyn_kl,7777,1,2019,2012,2019,2020,2019,plan,62.75571823120117,213.0,-139.24428176879883,11.0
no_dyn_kl,7777,1,2019,2012,2019,2020,2019,可持续发展,94.75733184814453,212.0,-103.24266815185547,14.0
no_dyn_kl,7777,1,2019,2012,2019,2020,2019,the middle east,66.19803619384766,221.0,-129.80196380615234,25.0
no_dyn_kl,7777,1,2019,2012,2019,2020,2019,carrying,77.37033081054688,211.0,-117.62966918945312,16.0
no_dyn_kl,7777,1,2019,2012,2019,2020,2019,效果,101.20443725585938,271.0,-93.79556274414062,76.0
no_dyn_kl,7777,1,2019,2012,2019,2020,2019,分析,96.22420501708984,212.0,-95.77579498291016,20.0
no_dyn_kl,7777,1,2019,2012,2019,2020,2019,reality,92.73463439941406,209.0,-98.26536560058594,18.0
no_dyn_kl,7777,1,2019,2012,2019,2020,2019,content,84.85379028320312,210.0,-105.14620971679688,20.0
no_dyn_kl,7777,1,2019,2012,2019,2020,2019,middle east,71.3830337524414,203.0,-117.6169662475586,14.0
no_dyn_kl,7777,1,2019,2012,2019,2020,2019,服务,99.0401611328125,179.0,-88.9598388671875,-9.0
no_dyn_kl,7777,1,2019,2012,2019,2020,2019,source,93.34506225585938,213.0,-93.65493774414062,26.0
no_dyn_kl,7777,1,2019,2012,2019,2020,2019,carrying capacity,75.02108764648438,202.0,-110.97891235351562,16.0
no_dyn_kl,7777,1,2019,2012,2019,2020,2019,数字,99.54972839355469,322.0,-85.45027160644531,137.0
no_dyn_kl,7777,1,2019,2012,2019,2020,2019,in the middle,73.18036651611328,190.0,-108.81963348388672,8.0
no_dyn_kl,7777,1,2019,2012,2019,2020,2019,系统综述,93.84510803222656,222.0,-88.15489196777344,40.0
no_dyn_kl,7777,1,2019,2012,2019,2020,2019,实践,95.84220886230469,169.0,-82.15779113769531,-9.0
no_dyn_kl,7777,1,2019,2012,2019,2020,2019,graph,92.87589263916016,179.0,-83.12410736083984,3.0
no_dyn_kl,7777,1,2019,2012,2019,2020,2019,outbound,42.68220520019531,176.0,-133.3177947998047,0.0
no_dyn_kl,7777,1,2019,2012,2019,2020,2019,语境,93.31163787841797,209.0,-81.68836212158203,34.0
no_dyn_kl,7777,1,2019,2012,2019,2020,2019,框架,84.4896469116211,221.0,-87.5103530883789,49.0
no_dyn_kl,7777,1,2019,2012,2019,2020,2019,al jazeera,85.77009582519531,181.0,-85.22990417480469,10.0
no_dyn_kl,7777,1,2019,2012,2019,2020,2019,jazeera,85.77009582519531,181.0,-85.22990417480469,10.0
no_dyn_kl,7777,1,2019,2012,2019,2020,2019,流程,95.93798065185547,194.0,-73.06201934814453,25.0
no_dyn_kl,7777,1,2019,2012,2019,2020,2019,belt,88.76509094238281,236.0,-77.23490905761719,70.0
no_dyn_kl,7777,1,2019,2012,2019,2020,2019,in the middle east,68.86180877685547,181.0,-96.13819122314453,16.0
no_dyn_kl,7777,1,2019,2012,2019,2020,2019,政策,85.02828979492188,161.0,-79.97171020507812,-4.0
no_dyn_kl,7777,1,2019,2012,2019,2020,2019,软实力,80.25555419921875,175.0,-84.74444580078125,10.0
no_dyn_kl,7777,1,2019,2012,2019,2020,2019,marketing,86.69204711914062,217.0,-77.30795288085938,53.0
no_dyn_kl,7777,1,2019,2012,2019,2020,2019,religious,88.70711517333984,153.0,-74.29288482666016,-10.0
no_dyn_kl,7777,1,2019,2012,2019,2020,2019,country,85.59562683105469,144.0,-76.40437316894531,-18.0
no_dyn_kl,7777,1,2019,2012,2019,2020,2019,islam,94.69401550292969,166.0,-67.30598449707031,4.0
no_dyn_kl,7777,1,2019,2012,2019,2020,2019,urban,82.30386352539062,187.0,-79.69613647460938,25.0
no_dyn_kl,7777,3,2019,2012,2019,2022,2019,旅游,298.4107971191406,4242.0,-2732.5892028808594,1211.0
no_dyn_kl,7777,3,2019,2012,2019,2022,2019,tour,280.13592529296875,3857.0,-2612.8640747070312,964.0
no_dyn_kl,7777,3,2019,2012,2019,2022,2019,文化,264.27972412109375,2521.0,-1439.7202758789062,817.0
no_dyn_kl,7777,3,2019,2012,2019,2022,2019,nation,257.6271667480469,2266.0,-1225.3728332519531,783.0
no_dyn_kl,7777,3,2019,2012,2019,2022,2019,遗产,244.14950561523438,1698.0,-1106.8504943847656,347.0
no_dyn_kl,7777,3,2019,2012,2019,2022,2019,阿拉伯,197.47691345214844,784.0,-632.5230865478516,-46.0
no_dyn_kl,7777,3,2019,2012,2019,2022,2019,发展,202.22396850585938,907.0,-553.7760314941406,151.0
no_dyn_kl,7777,3,2019,2012,2019,2022,2019,目的地,189.85272216796875,1036.0,-495.14727783203125,351.0
no_dyn_kl,7777,3,2019,2012,2019,2022,2019,world,191.6895294189453,627.0,-492.3104705810547,-57.0
no_dyn_kl,7777,3,2019,2012,2019,2022,2019,view,199.69683837890625,1100.0,-472.30316162109375,428.0
no_dyn_kl,7777,3,2019,2012,2019,2022,2019,rate,187.00782775878906,894.0,-448.99217224121094,258.0
no_dyn_kl,7777,3,2019,2012,2019,2022,2019,city,180.01100158691406,755.0,-454.98899841308594,120.0
no_dyn_kl,7777,3,2019,2012,2019,2022,2019,研究,193.17359924316406,901.0,-400.82640075683594,307.0
no_dyn_kl,7777,3,2019,2012,2019,2022,2019,艺术,194.6651611328125,992.0,-366.3348388671875,431.0
no_dyn_kl,7777,3,2019,2012,2019,2022,2019,site,179.43380737304688,670.0,-374.5661926269531,116.0
no_dyn_kl,7777,3,2019,2012,2019,2022,2019,image,175.90281677246094,783.0,-361.09718322753906,246.0
no_dyn_kl,7777,3,2019,2012,2019,2022,2019,社会,177.18038940429688,727.0,-345.8196105957031,204.0
no_dyn_kl,7777,3,2019,2012,2019,2022,2019,media,176.4983367919922,588.0,-341.5016632080078,70.0
no_dyn_kl,7777,3,2019,2012,2019,2022,2019,search,182.9243927001953,797.0,-334.0756072998047,280.0
no_dyn_kl,7777,3,2019,2012,2019,2022,2019,work,177.58673095703125,623.0,-316.41326904296875,129.0
no_dyn_kl,7777,3,2019,2012,2019,2022,2019,中国,161.6983642578125,600.0,-235.3016357421875,203.0
no_dyn_kl,7777,3,2019,2012,2019,2022,2019,国家,158.8311767578125,523.0,-234.1688232421875,130.0
no_dyn_kl,7777,3,2019,2012,2019,2022,2019,影响,162.50408935546875,563.0,-207.49591064453125,193.0
no_dyn_kl,7777,3,2019,2012,2019,2022,2019,挑战,154.78207397460938,597.0,-215.21792602539062,227.0
no_dyn_kl,7777,3,2019,2012,2019,2022,2019,text,159.84413146972656,565.0,-203.15586853027344,202.0
no_dyn_kl,7777,3,2019,2012,2019,2022,2019,challenges,151.4568634033203,553.0,-193.5431365966797,208.0
no_dyn_kl,7777,3,2019,2012,2019,2022,2019,east,80.59929656982422,419.0,-251.40070343017578,87.0
no_dyn_kl,7777,3,2019,2012,2019,2022,2019,gene,140.50491333007812,406.0,-187.49508666992188,78.0
no_dyn_kl,7777,3,2019,2012,2019,2022,2019,chinese,132.7676544189453,325.0,-194.2323455810547,-2.0
no_dyn_kl,7777,3,2019,2012,2019,2022,2019,land,142.91427612304688,380.0,-184.08572387695312,53.0
no_dyn_kl,7777,3,2019,2012,2019,2022,2019,社交媒体,144.25189208984375,452.0,-173.74810791015625,134.0
no_dyn_kl,7777,3,2019,2012,2019,2022,2019,应用,148.25180053710938,470.0,-168.74819946289062,153.0
no_dyn_kl,7777,3,2019,2012,2019,2022,2019,power,142.25234985351562,334.0,-167.74765014648438,24.0
no_dyn_kl,7777,3,2019,2012,2019,2022,2019,可持续,137.33172607421875,443.0,-172.66827392578125,133.0
no_dyn_kl,7777,3,2019,2012,2019,2022,2019,经济,152.2224578857422,467.0,-157.7775421142578,157.0
no_dyn_kl,7777,3,2019,2012,2019,2022,2019,road,139.1915740966797,555.0,-155.8084259033203,260.0
no_dyn_kl,7777,3,2019,2012,2019,2022,2019,经验,136.36691284179688,403.0,-158.63308715820312,108.0
no_dyn_kl,7777,3,2019,2012,2019,2022,2019,管理,149.3092498779297,413.0,-138.6907501220703,125.0
no_dyn_kl,7777,3,2019,2012,2019,2022,2019,全球,138.70782470703125,377.0,-147.29217529296875,91.0
no_dyn_kl,7777,3,2019,2012,2019,2022,2019,学习,147.92506408691406,564.0,-132.07493591308594,284.0
no_dyn_kl,7777,3,2019,2012,2019,2022,2019,change,137.5107879638672,386.0,-140.4892120361328,108.0
no_dyn_kl,7777,3,2019,2012,2019,2022,2019,视角,142.8633575439453,504.0,-132.1366424560547,229.0
no_dyn_kl,7777,3,2019,2012,2019,2022,2019,遗产旅行,115.5666732788086,324.0,-156.4333267211914,52.0
no_dyn_kl,7777,3,2019,2012,2019,2022,2019,地方,138.8521270751953,271.0,-123.14787292480469,9.0
no_dyn_kl,7777,3,2019,2012,2019,2022,2019,soft,124.69418334960938,268.0,-135.30581665039062,8.0
no_dyn_kl,7777,3,2019,2012,2019,2022,2019,action,78.01739501953125,281.0,-178.98260498046875,24.0
no_dyn_kl,7777,3,2019,2012,2019,2022,2019,real,133.53848266601562,378.0,-118.46151733398438,126.0
no_dyn_kl,7777,3,2019,2012,2019,2022,2019,state,115.32313537597656,261.0,-136.67686462402344,9.0
no_dyn_kl,7777,3,2019,2012,2019,2022,2019,diplomacy,135.15371704101562,422.0,-114.84628295898438,172.0
no_dyn_kl,7777,3,2019,2012,2019,2022,2019,mental,142.24305725097656,323.0,-105.75694274902344,75.0
no_dyn_kl,7777,3,2019,2012,2019,2022,2019,丝绸之路,125.33285522460938,543.0,-121.66714477539062,296.0
no_dyn_kl,7777,3,2019,2012,2019,2022,2019,post,125.4531478881836,461.0,-119.5468521118164,216.0
no_dyn_kl,7777,3,2019,2012,2019,2022,2019,formation,138.65713500976562,430.0,-105.34286499023438,186.0
no_dyn_kl,7777,3,2019,2012,2019,2022,2019,游客,121.5363540649414,347.0,-122.4636459350586,103.0
no_dyn_kl,7777,3,2019,2012,2019,2022,2019,branding,116.84026336669922,366.0,-123.15973663330078,126.0
no_dyn_kl,7777,3,2019,2012,2019,2022,2019,relations,130.8711700439453,183.0,-109.12882995605469,-57.0
no_dyn_kl,7777,3,2019,2012,2019,2022,2019,place,84.16293334960938,252.0,-153.83706665039062,14.0
no_dyn_kl,7777,3,2019,2012,2019,2022,2019,role,133.62074279785156,445.0,-103.37925720214844,208.0
no_dyn_kl,7777,3,2019,2012,2019,2022,2019,conflict,131.63726806640625,245.0,-104.36273193359375,9.0
no_dyn_kl,7777,3,2019,2012,2019,2022,2019,案例研究,124.11223602294922,228.0,-111.88776397705078,-8.0
no_dyn_kl,7777,3,2019,2012,2019,2022,2019,原真性,127.18067169189453,418.0,-100.81932830810547,190.0
no_dyn_kl,7777,3,2019,2012,2019,2022,2019,time,128.79945373535156,443.0,-98.20054626464844,216.0
no_dyn_kl,7777,3,2019,2012,2019,2022,2019,product,111.80986022949219,226.0,-113.19013977050781,1.0
no_dyn_kl,7777,3,2019,2012,2019,2022,2019,africa,119.65340423583984,242.0,-99.34659576416016,23.0
no_dyn_kl,7777,3,2019,2012,2019,2022,2019,sites,118.9205551147461,289.0,-99.0794448852539,71.0
no_dyn_kl,7777,3,2019,2012,2019,2022,2019,language,69.1717300415039,215.0,-141.8282699584961,4.0
no_dyn_kl,7777,3,2019,2012,2019,2022,2019,brand,105.1440200805664,328.0,-102.8559799194336,120.0
no_dyn_kl,7777,3,2019,2012,2019,2022,2019,silk,115.31991577148438,466.0,-88.68008422851562,262.0
no_dyn_kl,7777,3,2019,2012,2019,2022,2019,plan,75.04110717773438,244.0,-126.95889282226562,42.0
no_dyn_kl,7777,3,2019,2012,2019,2022,2019,可持续发展,116.42613983154297,279.0,-81.57386016845703,81.0
no_dyn_kl,7777,3,2019,2012,2019,2022,2019,the middle east,82.22354125976562,236.0,-113.77645874023438,40.0
no_dyn_kl,7777,3,2019,2012,2019,2022,2019,carrying,95.1753921508789,93.0,-99.8246078491211,-102.0
no_dyn_kl,7777,3,2019,2012,2019,2022,2019,效果,125.4989242553711,328.0,-69.5010757446289,133.0
no_dyn_kl,7777,3,2019,2012,2019,2022,2019,分析,118.51199340820312,212.0,-73.48800659179688,20.0
no_dyn_kl,7777,3,2019,2012,2019,2022,2019,reality,116.13935852050781,256.0,-74.86064147949219,65.0
no_dyn_kl,7777,3,2019,2012,2019,2022,2019,content,106.26859283447266,255.0,-83.73140716552734,65.0
no_dyn_kl,7777,3,2019,2012,2019,2022,2019,middle east,89.71981048583984,197.0,-99.28018951416016,8.0
no_dyn_kl,7777,3,2019,2012,2019,2022,2019,服务,123.24710083007812,153.0,-64.75289916992188,-35.0
no_dyn_kl,7777,3,2019,2012,2019,2022,2019,source,115.94446563720703,163.0,-71.05553436279297,-24.0
no_dyn_kl,7777,3,2019,2012,2019,2022,2019,carrying capacity,92.87065124511719,84.0,-93.12934875488281,-102.0
no_dyn_kl,7777,3,2019,2012,2019,2022,2019,数字,123.60177612304688,626.0,-61.398223876953125,441.0
no_dyn_kl,7777,3,2019,2012,2019,2022,2019,in the middle,92.7005386352539,174.0,-89.2994613647461,-8.0
no_dyn_kl,7777,3,2019,2012,2019,2022,2019,系统综述,116.83206176757812,229.0,-65.16793823242188,47.0
no_dyn_kl,7777,3,2019,2012,2019,2022,2019,实践,119.583984375,230.0,-58.416015625,52.0
no_dyn_kl,7777,3,2019,2012,2019,2022,2019,graph,115.00098419189453,223.0,-60.99901580810547,47.0
no_dyn_kl,7777,3,2019,2012,2019,2022,2019,outbound,53.92091369628906,108.0,-122.07908630371094,-68.0
no_dyn_kl,7777,3,2019,2012,2019,2022,2019,语境,116.69869232177734,258.0,-58.301307678222656,83.0
no_dyn_kl,7777,3,2019,2012,2019,2022,2019,框架,103.87959289550781,263.0,-68.12040710449219,91.0
no_dyn_kl,7777,3,2019,2012,2019,2022,2019,al jazeera,109.2884521484375,138.0,-61.7115478515625,-33.0
no_dyn_kl,7777,3,2019,2012,2019,2022,2019,jazeera,109.2884521484375,138.0,-61.7115478515625,-33.0
no_dyn_kl,7777,3,2019,2012,2019,2022,2019,流程,120.12712860107422,221.0,-48.87287139892578,52.0
no_dyn_kl,7777,3,2019,2012,2019,2022,2019,belt,113.06034851074219,328.0,-52.93965148925781,162.0
no_dyn_kl,7777,3,2019,2012,2019,2022,2019,in the middle east,88.29843139648438,190.0,-76.70156860351562,25.0
no_dyn_kl,7777,3,2019,2012,2019,2022,2019,政策,106.76116180419922,255.0,-58.23883819580078,90.0
no_dyn_kl,7777,3,2019,2012,2019,2022,2019,软实力,102.48973846435547,177.0,-62.51026153564453,12.0
no_dyn_kl,7777,3,2019,2012,2019,2022,2019,marketing,108.53328704833984,345.0,-55.466712951660156,181.0
no_dyn_kl,7777,3,2019,2012,2019,2022,2019,religious,112.42805480957031,227.0,-50.57194519042969,64.0
no_dyn_kl,7777,3,2019,2012,2019,2022,2019,country,108.07707214355469,254.0,-53.92292785644531,92.0
no_dyn_kl,7777,3,2019,2012,2019,2022,2019,islam,119.43480682373047,119.0,-42.56519317626953,-43.0
no_dyn_kl,7777,3,2019,2012,2019,2022,2019,urban,102.42516326904297,252.0,-59.57483673095703,90.0
no_dyn_kl,7777,5,2019,2012,2019,2024,2019,旅游,302.2151794433594,5508.0,-2728.7848205566406,2477.0
no_dyn_kl,7777,5,2019,2012,2019,2024,2019,tour,285.4844665527344,4819.0,-2607.5155334472656,1926.0
no_dyn_kl,7777,5,2019,2012,2019,2024,2019,文化,275.0587158203125,3099.0,-1428.9412841796875,1395.0
no_dyn_kl,7777,5,2019,2012,2019,2024,2019,nation,270.505126953125,2652.0,-1212.494873046875,1169.0
no_dyn_kl,7777,5,2019,2012,2019,2024,2019,遗产,258.2269592285156,1984.0,-1092.7730407714844,633.0
no_dyn_kl,7777,5,2019,2012,2019,2024,2019,阿拉伯,215.6317901611328,1033.0,-614.3682098388672,203.0
no_dyn_kl,7777,5,2019,2012,2019,2024,2019,发展,221.4535675048828,1136.0,-534.5464324951172,380.0
no_dyn_kl,7777,5,2019,2012,2019,2024,2019,目的地,210.242919921875,1258.0,-474.757080078125,573.0
no_dyn_kl,7777,5,2019,2012,2019,2024,2019,world,211.8708953857422,645.0,-472.1291046142578,-39.0
no_dyn_kl,7777,5,2019,2012,2019,2024,2019,view,219.3419647216797,1119.0,-452.6580352783203,447.0
no_dyn_kl,7777,5,2019,2012,2019,2024,2019,rate,207.3271026611328,1324.0,-428.6728973388672,688.0
no_dyn_kl,7777,5,2019,2012,2019,2024,2019,city,200.0298614501953,938.0,-434.9701385498047,303.0
no_dyn_kl,7777,5,2019,2012,2019,2024,2019,研究,213.94430541992188,1258.0,-380.0556945800781,664.0
no_dyn_kl,7777,5,2019,2012,2019,2024,2019,艺术,215.5432891845703,1274.0,-345.4567108154297,713.0
no_dyn_kl,7777,5,2019,2012,2019,2024,2019,site,200.92620849609375,537.0,-353.07379150390625,-17.0
no_dyn_kl,7777,5,2019,2012,2019,2024,2019,image,197.10427856445312,952.0,-339.8957214355469,415.0
no_dyn_kl,7777,5,2019,2012,2019,2024,2019,社会,198.0808868408203,939.0,-324.9191131591797,416.0
no_dyn_kl,7777,5,2019,2012,2019,2024,2019,media,197.6109619140625,821.0,-320.3890380859375,303.0
no_dyn_kl,7777,5,2019,2012,2019,2024,2019,search,204.61117553710938,976.0,-312.3888244628906,459.0
no_dyn_kl,7777,5,2019,2012,2019,2024,2019,work,198.77603149414062,684.0,-295.2239685058594,190.0
no_dyn_kl,7777,5,2019,2012,2019,2024,2019,中国,184.43809509277344,774.0,-212.56190490722656,377.0
no_dyn_kl,7777,5,2019,2012,2019,2024,2019,国家,181.32164001464844,564.0,-211.67835998535156,171.0
no_dyn_kl,7777,5,2019,2012,2019,2024,2019,影响,185.43411254882812,699.0,-184.56588745117188,329.0
no_dyn_kl,7777,5,2019,2012,2019,2024,2019,挑战,177.31715393066406,666.0,-192.68284606933594,296.0
no_dyn_kl,7777,5,2019,2012,2019,2024,2019,text,182.81365966796875,804.0,-180.18634033203125,441.0
no_dyn_kl,7777,5,2019,2012,2019,2024,2019,challenges,174.26687622070312,633.0,-170.73312377929688,288.0
no_dyn_kl,7777,5,2019,2012,2019,2024,2019,east,96.7572250366211,343.0,-235.2427749633789,11.0
no_dyn_kl,7777,5,2019,2012,2019,2024,2019,gene,162.66445922851562,796.0,-165.33554077148438,468.0
no_dyn_kl,7777,5,2019,2012,2019,2024,2019,chinese,154.46292114257812,424.0,-172.53707885742188,97.0
no_dyn_kl,7777,5,2019,2012,2019,2024,2019,land,165.20620727539062,340.0,-161.79379272460938,13.0
no_dyn_kl,7777,5,2019,2012,2019,2024,2019,社交媒体,167.0837860107422,677.0,-150.9162139892578,359.0
no_dyn_kl,7777,5,2019,2012,2019,2024,2019,应用,171.1750030517578,495.0,-145.8249969482422,178.0
no_dyn_kl,7777,5,2019,2012,2019,2024,2019,power,165.39866638183594,386.0,-144.60133361816406,76.0
no_dyn_kl,7777,5,2019,2012,2019,2024,2019,可持续,159.51712036132812,589.0,-150.48287963867188,279.0
no_dyn_kl,7777,5,2019,2012,2019,2024,2019,经济,175.50730895996094,564.0,-134.49269104003906,254.0
no_dyn_kl,7777,5,2019,2012,2019,2024,2019,road,162.8056182861328,490.0,-132.1943817138672,195.0
no_dyn_kl,7777,5,2019,2012,2019,2024,2019,经验,158.74478149414062,473.0,-136.25521850585938,178.0
no_dyn_kl,7777,5,2019,2012,2019,2024,2019,管理,172.88975524902344,480.0,-115.11024475097656,192.0
no_dyn_kl,7777,5,2019,2012,2019,2024,2019,全球,161.2220916748047,358.0,-124.77790832519531,72.0
no_dyn_kl,7777,5,2019,2012,2019,2024,2019,学习,171.75823974609375,568.0,-108.24176025390625,288.0
no_dyn_kl,7777,5,2019,2012,2019,2024,2019,change,160.447021484375,426.0,-117.552978515625,148.0
no_dyn_kl,7777,5,2019,2012,2019,2024,2019,视角,166.3610382080078,668.0,-108.63896179199219,393.0
no_dyn_kl,7777,5,2019,2012,2019,2024,2019,遗产旅行,136.9875030517578,378.0,-135.0124969482422,106.0
no_dyn_kl,7777,5,2019,2012,2019,2024,2019,地方,162.4473419189453,273.0,-99.55265808105469,11.0
no_dyn_kl,7777,5,2019,2012,2019,2024,2019,soft,147.1328887939453,276.0,-112.86711120605469,16.0
no_dyn_kl,7777,5,2019,2012,2019,2024,2019,action,94.0838851928711,350.0,-162.9161148071289,93.0
no_dyn_kl,7777,5,2019,2012,2019,2024,2019,real,156.77081298828125,541.0,-95.22918701171875,289.0
no_dyn_kl,7777,5,2019,2012,2019,2024,2019,state,136.00575256347656,305.0,-115.99424743652344,53.0
no_dyn_kl,7777,5,2019,2012,2019,2024,2019,diplomacy,159.14984130859375,494.0,-90.85015869140625,244.0
no_dyn_kl,7777,5,2019,2012,2019,2024,2019,mental,165.95741271972656,264.0,-82.04258728027344,16.0
no_dyn_kl,7777,5,2019,2012,2019,2024,2019,丝绸之路,148.92257690429688,522.0,-98.07742309570312,275.0
no_dyn_kl,7777,5,2019,2012,2019,2024,2019,post,148.07333374023438,546.0,-96.92666625976562,301.0
no_dyn_kl,7777,5,2019,2012,2019,2024,2019,formation,162.3292999267578,506.0,-81.67070007324219,262.0
no_dyn_kl,7777,5,2019,2012,2019,2024,2019,游客,143.8478240966797,376.0,-100.15217590332031,132.0
no_dyn_kl,7777,5,2019,2012,2019,2024,2019,branding,139.13095092773438,314.0,-100.86904907226562,74.0
no_dyn_kl,7777,5,2019,2012,2019,2024,2019,relations,154.0184783935547,179.0,-85.98152160644531,-61.0
no_dyn_kl,7777,5,2019,2012,2019,2024,2019,place,101.40776062011719,221.0,-136.5922393798828,-17.0
no_dyn_kl,7777,5,2019,2012,2019,2024,2019,role,156.7594451904297,649.0,-80.24055480957031,412.0
no_dyn_kl,7777,5,2019,2012,2019,2024,2019,conflict,155.13525390625,174.0,-80.86474609375,-62.0
no_dyn_kl,7777,5,2019,2012,2019,2024,2019,案例研究,145.95468139648438,316.0,-90.04531860351562,80.0
no_dyn_kl,7777,5,2019,2012,2019,2024,2019,原真性,150.60671997070312,445.0,-77.39328002929688,217.0
no_dyn_kl,7777,5,2019,2012,2019,2024,2019,time,152.78306579589844,391.0,-74.21693420410156,164.0
no_dyn_kl,7777,5,2019,2012,2019,2024,2019,product,132.32595825195312,334.0,-92.67404174804688,109.0
no_dyn_kl,7777,5,2019,2012,2019,2024,2019,africa,141.8526153564453,242.0,-77.14738464355469,23.0
no_dyn_kl,7777,5,2019,2012,2019,2024,2019,sites,142.42129516601562,210.0,-75.57870483398438,-8.0
no_dyn_kl,7777,5,2019,2012,2019,2024,2019,language,84.52210235595703,369.0,-126.47789764404297,158.0
no_dyn_kl,7777,5,2019,2012,2019,2024,2019,brand,126.29303741455078,297.0,-81.70696258544922,89.0
no_dyn_kl,7777,5,2019,2012,2019,2024,2019,silk,138.65000915527344,429.0,-65.34999084472656,225.0
no_dyn_kl,7777,5,2019,2012,2019,2024,2019,plan,91.28800964355469,254.0,-110.71199035644531,52.0
no_dyn_kl,7777,5,2019,2012,2019,2024,2019,可持续发展,138.6985626220703,371.0,-59.30143737792969,173.0
no_dyn_kl,7777,5,2019,2012,2019,2024,2019,the middle east,100.7083511352539,129.0,-95.2916488647461,-67.0
no_dyn_kl,7777,5,2019,2012,2019,2024,2019,carrying,115.12451171875,81.0,-79.87548828125,-114.0
no_dyn_kl,7777,5,2019,2012,2019,2024,2019,效果,149.02455139160156,339.0,-45.97544860839844,144.0
no_dyn_kl,7777,5,2019,2012,2019,2024,2019,分析,141.09112548828125,253.0,-50.90887451171875,61.0
no_dyn_kl,7777,5,2019,2012,2019,2024,2019,reality,139.23388671875,383.0,-51.76611328125,192.0
no_dyn_kl,7777,5,2019,2012,2019,2024,2019,content,128.27980041503906,369.0,-61.72019958496094,179.0
no_dyn_kl,7777,5,2019,2012,2019,2024,2019,middle east,109.71419525146484,79.0,-79.28580474853516,-110.0
no_dyn_kl,7777,5,2019,2012,2019,2024,2019,服务,146.7386474609375,317.0,-41.2613525390625,129.0
no_dyn_kl,7777,5,2019,2012,2019,2024,2019,source,138.65406799316406,163.0,-48.34593200683594,-24.0
no_dyn_kl,7777,5,2019,2012,2019,2024,2019,carrying capacity,112.75401306152344,81.0,-73.24598693847656,-105.0
no_dyn_kl,7777,5,2019,2012,2019,2024,2019,数字,147.02027893066406,985.0,-37.97972106933594,800.0
no_dyn_kl,7777,5,2019,2012,2019,2024,2019,in the middle,113.40340423583984,90.0,-68.59659576416016,-92.0
no_dyn_kl,7777,5,2019,2012,2019,2024,2019,系统综述,139.73287963867188,195.0,-42.267120361328125,13.0
no_dyn_kl,7777,5,2019,2012,2019,2024,2019,实践,142.85574340820312,227.0,-35.144256591796875,49.0
no_dyn_kl,7777,5,2019,2012,2019,2024,2019,graph,137.47889709472656,396.0,-38.52110290527344,220.0
no_dyn_kl,7777,5,2019,2012,2019,2024,2019,outbound,67.86392211914062,54.0,-108.13607788085938,-122.0
no_dyn_kl,7777,5,2019,2012,2019,2024,2019,语境,139.79013061523438,281.0,-35.209869384765625,106.0
no_dyn_kl,7777,5,2019,2012,2019,2024,2019,框架,124.86312866210938,335.0,-47.136871337890625,163.0
no_dyn_kl,7777,5,2019,2012,2019,2024,2019,al jazeera,132.37823486328125,48.0,-38.62176513671875,-123.0
no_dyn_kl,7777,5,2019,2012,2019,2024,2019,jazeera,132.37823486328125,65.0,-38.62176513671875,-106.0
no_dyn_kl,7777,5,2019,2012,2019,2024,2019,流程,143.613525390625,180.0,-25.386474609375,11.0
no_dyn_kl,7777,5,2019,2012,2019,2024,2019,belt,136.56776428222656,269.0,-29.432235717773438,103.0
no_dyn_kl,7777,5,2019,2012,2019,2024,2019,in the middle east,108.79061126708984,97.0,-56.209388732910156,-68.0
no_dyn_kl,7777,5,2019,2012,2019,2024,2019,政策,128.93960571289062,254.0,-36.060394287109375,89.0
no_dyn_kl,7777,5,2019,2012,2019,2024,2019,软实力,124.83210754394531,175.0,-40.16789245605469,10.0
no_dyn_kl,7777,5,2019,2012,2019,2024,2019,marketing,130.79454040527344,544.0,-33.20545959472656,380.0
no_dyn_kl,7777,5,2019,2012,2019,2024,2019,religious,135.65135192871094,247.0,-27.348648071289062,84.0
no_dyn_kl,7777,5,2019,2012,2019,2024,2019,country,130.64317321777344,255.0,-31.356826782226562,93.0
no_dyn_kl,7777,5,2019,2012,2019,2024,2019,islam,143.18435668945312,102.0,-18.815643310546875,-60.0
no_dyn_kl,7777,5,2019,2012,2019,2024,2019,urban,123.72618865966797,255.0,-38.27381134033203,93.0
