doi,title,year,venue,is_oa,pdf_url,download_status
10.1080/14766825.2018.1530876,Tourism in the Arab world: an industry perspective,2018,Journal of Tourism and Cultural Change,False,,pending
10.21608/jaauth.2019.76472,Digital Heritage Applications and its Impact on Cultural Tourism,2019,Journal of Association of Arab Universities for Tourism and Hospitality,True,,pending
10.21608/jaauth.2020.23576.1004,Urban Primacy; Historical Cities; Cultural Tourism; Rehabilitation; Historical City of Zabid.,2020,Journal of Association of Arab Universities for Tourism and Hospitality,True,https://jaauth.journals.ekb.eg/article_94934_bedbf43a18c991e55b9bf0a9d67580d3.pdf,skip:blocked_host
10.21608/jaauth.2014.57571,Applications of Augmented Reality in cultural tourism: The case of Bibliotheca Alexandrina,2014,Journal of Association of Arab Universities for Tourism and Hospitality,True,https://jaauth.journals.ekb.eg/article_57571_b835d52f0b6a7230f1cd8d26d0eaa823.pdf,skip:blocked_host
10.21608/jaauth.2016.49696,The Role of Tunis Village in Fayoum Governorate as a Cultural Tourism Model,2016,Journal of Association of Arab Universities for Tourism and Hospitality,True,https://jaauth.journals.ekb.eg/article_49696_4eb863e6bba9784ebff11b5da091aa58.pdf,skip:blocked_host
10.21608/jaauth.2014.54041,The Impact of Tourism on The Cultural Identity at The Age of Globalization Egyptian Perspective,2014,Journal of Association of Arab Universities for Tourism and Hospitality,True,https://jaauth.journals.ekb.eg/article_54041_a96cbc49e98ea441ea1e66cdbe4957fa.pdf,skip:blocked_host
10.21608/jaauth.2021.76990.1181,Methods of Promoting Sustainable Cultural Heritage Tourism: Empirical Study: Abu Mina Archaeological Site in Alexandria,2021,Journal of Association of Arab Universities for Tourism and Hospitality,True,https://jaauth.journals.ekb.eg/article_177153_b6f4b83eb4cb0002f8b5d0ae03a66aeb.pdf,skip:blocked_host
10.21608/jaauth.2020.40470.1065,The Role of Heritage Hotels in the Development of Creative Cultural Tourism: The case study of Egypt,2020,Journal of Association of Arab Universities for Tourism and Hospitality,True,https://jaauth.journals.ekb.eg/article_113039_4968279abfdd96230b6fee8608448ed7.pdf,skip:blocked_host
10.21608/jaauth.2016.49965,The Influence of Cultural Values' Variations on the Service Customization: Evidence from Egyptian Tourism &amp; Hospitality Sector,2016,Journal of Association of Arab Universities for Tourism and Hospitality,True,https://jaauth.journals.ekb.eg/article_49965_2ddef1e65bc49ce61fbf52485d382cb6.pdf,skip:blocked_host
10.21608/jaauth.2022.125977.1315,Motivations And Attitudes of Egyptian Divers in Underwater Cultural Heritage Sites,2022,Journal of Association of Arab Universities for Tourism and Hospitality,True,,pending
10.21608/jaauth.2019.76469,"An Experience of Presenting Cultural Attractions and Tourism Services Using Google Maps Technology in Matrouh Governorate, Egypt",2019,Journal of Association of Arab Universities for Tourism and Hospitality,True,,pending
10.30892/gtg.31314-537,ADVANCES IN CULTURAL TOURISM: TWO EXAMPLES FROM THE EMIRATE OF ABU DHABI (UAE),2020,GeoJournal of Tourism and Geosites,True,https://doi.org/10.30892/gtg.31314-537,ok
10.21608/jaauth.2023.225385.1490,Protecting the Cultural Identity of Employees in the Tourism Field in Light of the Digital Age (Applied on Al-Balqa University Students),2023,Journal of Association of Arab Universities for Tourism and Hospitality,True,https://jaauth.journals.ekb.eg/article_312344_ae2155771e3e59586969176bb9c70523.pdf,skip:blocked_host
10.21608/jaauth.2024.333094.1625,Beyond the Symbol: The Cultural Significance of New Kingdom Royal Monograms,2024,Journal of Association of Arab Universities for Tourism and Hospitality,True,,pending
10.21608/jaauth.2024.289782.1578,How does cultural tourism promotion enhance inbound tourist movement? The pivotal role of Egyptian embassies abroad,2024,Journal of Association of Arab Universities for Tourism and Hospitality,True,,pending
10.21608/jaauth.2026.451311.1738,Impact of Immersive Sound and Light Shows Experience on Enhancing Visitors&amp;#039; Satisfaction and the Cultural Tourism: A Case Study of Qaitbay Citadel,2026,Journal of Association of Arab Universities for Tourism and Hospitality,True,,pending
10.1016/j.culher.2018.06.005,The destruction of cultural heritage and international tourism: The case of the Arab countries,2018,Journal of Cultural Heritage,False,,pending
10.21608/jaauth.2014.57687,Cultural Exchange Between Egypt and The Ancient Near East During the Pre and Early Dynastic Periods,2014,Journal of Association of Arab Universities for Tourism and Hospitality,True,https://jaauth.journals.ekb.eg/article_57687_860c44065166b42b269556a64fcfe461.pdf,skip:blocked_host
10.21608/jaauth.2025.439841.1721,The Effect of the Integration between the Ministry of Tourism and the Ministry of Antiquities in Promoting the Cultural Tourism Product,2025,Journal of Association of Arab Universities for Tourism and Hospitality,True,,pending
10.21608/jaauth.2020.51915.1092,The Celebration of Mūlid Sīdī al-cIryān (Saint Barsum the Naked) from an Intangible Cultural Heritage Perspective,2020,Journal of Association of Arab Universities for Tourism and Hospitality,True,https://jaauth.journals.ekb.eg/article_132339_8d7a7c078a9331669ebc14cabda10313.pdf,skip:blocked_host
10.1108/ijcthr-01-2015-0003,"Cultural issues in tourism, hospitality and leisure in the Arab/Muslim world",2015,"International Journal of Culture, Tourism and Hospitality Research",False,,pending
10.1093/oso/9780190876036.003.0010,“Curating the Mellah”,2018,Social Currents in North Africa,False,,pending
10.21608/jaauth.2025.389619.1688,Tattooing as a Cultural Heritage among Ancient Egyptian Thought through the Ages and Modern Technologies,2025,Journal of Association of Arab Universities for Tourism and Hospitality,True,,pending
10.21608/jaauth.2023.224575.1486,Cultural heritage authenticity: Effects on place attachment and revisit intention through the mediating role of tourist experience,2023,Journal of Association of Arab Universities for Tourism and Hospitality,True,https://jaauth.journals.ekb.eg/article_312870_5a91e35a2f1d1b9fdcc2fe655433794a.pdf,skip:blocked_host
10.4324/9780203790601-22,The cultural tourism market: a cultural tourism typology,2014,Cultural Tourism,False,,pending
10.21608/jaauth.2014.57539,"Modifying the legislative structure for the protection of monuments to serve the cultural, economic and tourist importance of the monument",2014,Journal of Association of Arab Universities for Tourism and Hospitality,True,https://jaauth.journals.ekb.eg/article_57539_579f977c955a0894e36457ee6e5880e4.pdf,skip:blocked_host
10.21608/jaauth.2024.278001.1563,The cultural and political activity of the Albanian community in Egypt 1878 -1912 A.D and its role in tourist attraction,2024,Journal of Association of Arab Universities for Tourism and Hospitality,True,https://jaauth.journals.ekb.eg/article_349268_7327833a2f50a86918372514039a1203.pdf,skip:blocked_host
10.2307/jj.28209953.16,Arab Politics and Tourism:,2010,Tourism and Political Change,False,,pending
10.21608/jaauth.2022.127665.1324,Tourism Leadership by Emotional Intelligence as an Instrument for Arab Tourism Integration,2022,Journal of Association of Arab Universities for Tourism and Hospitality,True,https://jaauth.journals.ekb.eg/article_245790_3f4997948cb92b974b6ff89a3f4098f1.pdf,skip:blocked_host
10.5040/9780755610884.ch-006,Still Searching for The Arab Present Cultural Tense: Arab Cultural Studies,2010,Cultural Encounters in the Arab World,False,,pending
10.21608/jaauth.2026.461035.1744,Orange Economy and Its Role in Enhancing the Cultural Identity of the Egyptian Tourist Destination,2026,Journal of Association of Arab Universities for Tourism and Hospitality,True,,pending
10.4324/9780203790601-25,Cultural tourism products,2014,Cultural Tourism,False,,pending
10.21608/jaauth.2022.115752.1286,The Importance of Cultural Events on Improving The Image of Egypt as a Tourist Destination “The Procession of Transferring the Royal Mummies to the Museum of Civilization”,2022,Journal of Association of Arab Universities for Tourism and Hospitality,True,https://jaauth.journals.ekb.eg/article_216561_7807801964732e6cd784cb4d226f15b6.pdf,skip:blocked_host
10.21608/jaauth.2021.56250.1112,Studying The Impact of Applying Sustainable Marketing Practices for Traditional Crafts in Siwa Oasis on its Employees; Performance: The Moderating Role of Crafts and Cultural Orientation,2021,Journal of Association of Arab Universities for Tourism and Hospitality,True,https://jaauth.journals.ekb.eg/article_207165_0a33692c6567fbcf7aa0cbe47ce1fd1a.pdf,skip:blocked_host
10.21608/jaauth.2025.438530.1717,The Role of Innovative Modern Technology and Digital Transformation in Reviving Egypt's Cultural Heritage and Historical Insights (Case Study of the Grand Egyptian Museum).,2025,Journal of Association of Arab Universities for Tourism and Hospitality,True,https://jaauth.journals.ekb.eg/article_468267_d74eeab10e527443708d94b945501c0a.pdf,skip:blocked_host
10.2307/1354420,Arab Women Arab Wars,1994,Cultural Critique,False,,pending
10.1556/9789634547983.2,Cultural tourism products and tourism attractions,2022,"Cultural, creative and culinary tourism",False,,pending
10.4324/9780203790601-13,Introduction: defining cultural tourism,2014,Cultural Tourism,False,,pending
10.21608/jaauth.2022.129786.1334,Analyzing the Trends of the Inter-Arab Tourism Movement,2022,Journal of Association of Arab Universities for Tourism and Hospitality,True,https://jaauth.journals.ekb.eg/article_244235_92b05a12941deea4072bc1002aed40f6.pdf,skip:blocked_host
10.2307/jj.22730609.13,Tunisian Tourism:,2017,Tourism in the Arab World,False,,pending
10.23912/9781910158814-3432,Egypt’s Tourism Industry and the Arab Spring,2017,Tourism,True,https://strathprints.strath.ac.uk/58369/1/Tomazos_TPC_2017_Egypts_tourism_industry_and_the_arab_spring.pdf,ok
10.24093/awejtls/vol6no3.6,Cultural Mediation in Tourism Translation: Saudi Arabia as a Case Study,2022,Arab World English Journal For Translation and Literary Studies,False,,pending
10.21608/jaauth.2022.130141.1336,Analysis of indicators of global tourism competitiveness and their impact on the development of inter-Arab tourism (a field study),2022,Journal of Association of Arab Universities for Tourism and Hospitality,True,https://jaauth.journals.ekb.eg/article_245164_8e99997976e0ae0329da04c38c2997bf.pdf,skip:blocked_host
10.4324/9780203790601-14,Challenges in achieving sustainable cultural tourism,2014,Cultural Tourism,False,,pending
10.4324/9780203402825-28,Indigenous cultural tourism,2003,Issues in Cultural Tourism Studies,False,,pending
10.4324/9780203402825-9,Reconceptualising cultural tourism,2003,Issues in Cultural Tourism Studies,False,,pending
10.4324/9781315767697-21,Sustainable cultural tourism,2015,Issues in Cultural Tourism Studies,False,,pending
10.4324/9780203722268-4,Event Tourism and Cultural Tourism: Issues &amp; Debates: An Introduction,2013,Event Tourism and Cultural Tourism,False,,pending
10.2307/jj.22730609.5,Tourism Development and Governance:,2017,Tourism in the Arab World,False,,pending
10.4324/9780080455471-13,Cultural tourism attractions and environmental performance,2006,International Cultural Tourism,False,,pending
10.4337/9781789905441.00007,Actors in cultural tourism practices,2021,Rethinking Cultural Tourism,True,https://www.elgaronline.com/downloadpdf/9781789905434.00007.pdf,fail:rescue
10.5040/9780755611157.ch-001,Introduction,2012,Arab Cultural Studies,False,,pending
10.5040/9780755611157.ch-002,History in Arab Media Studies: A Speculative Cultural History,2012,Arab Cultural Studies,False,,pending
10.21608/jaauth.2021.65542.1142,The Impact of Insta Tourism on Tourism Decision Making of Generation Y,2021,Journal of Association of Arab Universities for Tourism and Hospitality,True,https://jaauth.journals.ekb.eg/article_159153_d9ef1f2a64221346e3cae8bf5ad3554e.pdf,skip:blocked_host
10.4324/9781315767697-13,The geography of cultural tourism,2015,Issues in Cultural Tourism Studies,False,,pending
10.4337/9781789905441.00011,Emerging research agendas in cultural tourism,2021,Rethinking Cultural Tourism,False,,pending
10.4324/9780203402825-39,Cultural tourism and urban regeneration,2003,Issues in Cultural Tourism Studies,False,,pending
10.4324/9780203120958-37,Souvenirs and cultural tourism,2013,The Routledge Handbook of Cultural Tourism,False,,pending
10.4337/9781789905441.00008,The changing contexts of cultural tourism,2021,Rethinking Cultural Tourism,False,,pending
10.21608/jaauth.2007.68515,Empowering women through ICT in Tourism,2007,Journal of Association of Arab Universities for Tourism and Hospitality,True,https://jaauth.journals.ekb.eg/article_68515_7988e5471b3995d7b349be4bac84a63a.pdf,skip:blocked_host
10.4324/9780203402825-17,"Cultural tourism, interpretation and representation",2003,Issues in Cultural Tourism Studies,False,,pending
10.4324/9781315767697-17,Ethnic and minority cultural tourism,2015,Issues in Cultural Tourism Studies,False,,pending
10.4324/9780203402825-10,The impacts of cultural tourism,2003,Issues in Cultural Tourism Studies,False,,pending
10.4337/9781789905441.00009,The consequences of cultural tourism practices,2021,Rethinking Cultural Tourism,False,,pending
10.4324/9781315258720-29,From Cultural Tourism to Cultural E-Tourism: Issues and Challenges to Economic Valuation in the Information Era,2016,Cultural Tourism and Sustainable Local Development,False,,pending
10.4324/9781315767697-14,The politics of cultural tourism,2015,Issues in Cultural Tourism Studies,False,,pending
10.1016/s0261-5177(03)00138-9,Cultural tourism: the partnership between tourism and cultural heritage management,2004,Tourism Management,False,,pending
10.21608/jaauth.2020.27638.1006,The Politicisation of Early Egyptian Tourism,2020,Journal of Association of Arab Universities for Tourism and Hospitality,True,https://jaauth.journals.ekb.eg/article_95087_7150c2f712aea36dfc05c7e1f5ed01e6.pdf,skip:blocked_host
10.21608/jaauth.2023.187218.1418,THE IMPORTANCE OF APPLYING EQUESTRIAN TOURISM TO DEVELOP SPORT TOURISM INDUSTRY IN EGYPT,1999,Journal of Association of Arab Universities for Tourism and Hospitality,True,https://jaauth.journals.ekb.eg/article_292368_2eda2928d15103b2376b11b762c04cb8.pdf,skip:blocked_host
10.4324/9780203869857-20,The future of cultural tourism,2009,Issues in Cultural Tourism Studies,False,,pending
10.4324/9780080455471-24,Intelligent information interactions for cultural tourism destinations,2006,International Cultural Tourism,False,,pending
10.4324/9780203402825-16,Cultural tourism development in Scandinavia,2003,Issues in Cultural Tourism Studies,False,,pending
10.21608/jaauth.2017.50042,Is Islam with or against Tourism? Halal Tourism Perception; Definition and Requirements,2017,Journal of Association of Arab Universities for Tourism and Hospitality,True,https://jaauth.journals.ekb.eg/article_50042_d9b78ee64075f6372bcc10fbb19d9d23.pdf,skip:blocked_host
10.21608/jaauth.2013.148148,The development of slow tourism as a new pattern of Tourism: A case study of tourism companies in Alexandria,2013,Journal of Association of Arab Universities for Tourism and Hospitality,True,https://jaauth.journals.ekb.eg/article_148148_42f0c6b5c32817571b9ef7de14799339.pdf,skip:blocked_host
10.5772/62661,Interaction between Cultural/Creative Tourism and Tourism/Cultural Heritage Industries,2016,Tourism - From Empirical Research Towards Practical Application,True,https://www.intechopen.com/citation-pdf-url/50292,ok
10.1007/978-3-319-01669-6_799-1,United Arab Emirates Tourism,2023,Encyclopedia of Tourism,False,,pending
10.4324/9780080455471-7,Heritage and cultural tourism: a marketing-focused approach,2006,International Cultural Tourism,False,,pending
10.4324/9780203869857-16,"The arts, festivals and cultural tourism",2009,Issues in Cultural Tourism Studies,False,,pending
10.4324/9781315767697-20,The growth of experiential cultural tourism,2015,Issues in Cultural Tourism Studies,False,,pending
10.1556/9789634547983.1,Cultural and creative tourism,2022,"Cultural, creative and culinary tourism",False,,pending
10.4324/9780203869857-13,The politics of global cultural tourism,2009,Issues in Cultural Tourism Studies,False,,pending
10.4324/9780367201777-1,"Cultural sustainability, tourism, and development",2021,"Cultural Sustainability, Tourism and Development",False,,pending
10.2307/jj.22730550.7,CULTURAL HERITAGE AND TOURISM,2020,Cultural Heritage and Tourism,True,https://d-nb.info/1226243924/04,ok
10.4324/9780203120958-36,"Tourism, anthropology and cultural conﬁguration",2013,The Routledge Handbook of Cultural Tourism,False,,pending
10.4324/9780203402825-6,A framework for cultural tourism studies,2003,Issues in Cultural Tourism Studies,False,,pending
10.4324/9780203402825-13,European cultural tourism: integration and identity,2003,Issues in Cultural Tourism Studies,False,,pending
10.21608/jaauth.2021.63956.1138,Domestic Tourism challenges: Tourist misbehavior,2021,Journal of Association of Arab Universities for Tourism and Hospitality,True,https://jaauth.journals.ekb.eg/article_154209_39a0a6fe8757d9f81c010bf6b5a45f4a.pdf,skip:blocked_host
10.4337/9781789905441.00006,Cultural tourism as a dynamic social practice,2021,Rethinking Cultural Tourism,True,https://www.elgaronline.com/downloadpdf/9781789905434.00006.pdf,ok
10.4324/9781315767697-12,Demand and motivation for cultural tourism,2015,Issues in Cultural Tourism Studies,False,,pending
10.21608/jaauth.2007.68510,The Role of Heritage Tourism in developing tourism demand in Alexandria : Case Study - The House of Sayed Darwish in Kom Al-Dikka Heritage Area,2007,Journal of Association of Arab Universities for Tourism and Hospitality,True,https://jaauth.journals.ekb.eg/article_68510_8824f433c89df09178847293465f672d.pdf,skip:blocked_host
10.1080/17438730903469813,Usage of the concept of culture and heritage in the United Arab Emirates – an analysis of Sharjah heritage area,2010,Journal of Heritage Tourism,False,,pending
10.21608/ijhth.2019.35104,Travel Information Sources among United Arab Emirates Travellers,2019,"International Journal of Heritage, Tourism and Hospitality",True,https://ijhth.journals.ekb.eg/article_35104_08a5f7c7d32964023daf96c084326e1a.pdf,skip:blocked_host
10.21608/ijhth.2019.35109,Denominations of the Egyptian God Ha,2019,"International Journal of Heritage, Tourism and Hospitality",True,https://ijhth.journals.ekb.eg/article_35109_5591fda83dc4bf88f1cb31940cec0bb6.pdf,skip:blocked_host
10.21608/ijhth.2021.204192,Arab Tourist Behavior in the Egyptian Tourist Destination,2021,"International Journal of Heritage, Tourism and Hospitality",True,https://ijhth.journals.ekb.eg/article_204192_869dfe6c849a3b7872db21e54e32daa4.pdf,skip:blocked_host
10.4324/9780429203916-17,Experiential heritage tourism designing in the United Arab Emirates,2020,The Routledge Handbook of Tourism Experience Management and Marketing,False,,pending
10.1080/1743873x.2019.1632319,Exploring Arab and Western visitors’ interpretive experiences at an Omani heritage site: does one size fit all?,2019,Journal of Heritage Tourism,False,,pending
10.1080/1743873x.2020.1719117,"Determinants of theatre, dance, and art museum attendance in the United Arab Emirates",2020,Journal of Heritage Tourism,False,,pending
10.21608/jaauth.2015.67444,Virtual Reality: A Technological Tool for Preserving Built Heritage,2015,Journal of Association of Arab Universities for Tourism and Hospitality,True,https://jaauth.journals.ekb.eg/article_67444_8d739f731f27040894980a364c8b05f7.pdf,skip:blocked_host
10.21608/jaauth.2014.57677,Natural factors affecting some archaeological heritage sites in Egypt,2014,Journal of Association of Arab Universities for Tourism and Hospitality,True,https://jaauth.journals.ekb.eg/article_57677_91f53a0898b221b06cbe92d905a72c8f.pdf,skip:blocked_host
10.21608/jaauth.2024.341523.1636,The TAPLINE as a Model for Developing Industrial Heritage Tourism in Saudi Arabia,2024,Journal of Association of Arab Universities for Tourism and Hospitality,True,https://jaauth.journals.ekb.eg/article_399786_19e7a3befe7fb0f3b1c3ff0b3242a609.pdf,skip:blocked_host
10.21608/ijhth.2025.355957.1060,Egyptian Anthroponomy based on ImA: A New Survey,2024,"International Journal of Heritage, Tourism and Hospitality",True,https://ijhth.journals.ekb.eg/article_413158_f5dfd2a85c9053fe50124d7b50725760.pdf,skip:blocked_host
10.21608/ijhth.2025.338898.1058,The Epithets and Roles of the God Shepsy,2024,"International Journal of Heritage, Tourism and Hospitality",True,,pending
10.21608/ijhth.2017.30207,Critical Analysis and Current Challenges Facing HRIS Adoption in Arab Countries - the Case of Saudi Arabia,2017,"International Journal of Heritage, Tourism and Hospitality",True,https://ijhth.journals.ekb.eg/article_30207_c04674ec70d1d3a805b422a8943e802a.pdf,skip:blocked_host
10.3390/heritage5030128,The Comparative Analysis for the New Approach to Three Tourism-Oriented Heritage Districts in the United Arab Emirates,2022,Heritage,True,https://www.mdpi.com/2571-9408/5/3/128/pdf?version=1662032604,skip:blocked_host
10.21608/jaauth.2021.94035.1235,"The Role of Heritage Hotels in Increasing Tourist Flow Rates in Cairo, Egypt",2021,Journal of Association of Arab Universities for Tourism and Hospitality,True,https://jaauth.journals.ekb.eg/article_204211_061b6e37123f08d3368b6ef260179ee3.pdf,skip:blocked_host
10.21608/ijhth.2021.192191,The Iconography of Goddess Tjenenet from the Middle Kingdom to the Late Period,2021,"International Journal of Heritage, Tourism and Hospitality",True,https://ijhth.journals.ekb.eg/article_192191_a7996ff700761269dfbf469fb76117b5.pdf,skip:blocked_host
10.21608/jaauth.2016.48024,CUSTOMER PERCEPTIONS OF HOSPITALITY SERVICES AT SOME HERITAGE SITES IN EGYPT,2016,Journal of Association of Arab Universities for Tourism and Hospitality,True,https://jaauth.journals.ekb.eg/article_48024_67eb036734a23532c107d73b2c62a4c3.pdf,skip:blocked_host
10.21608/sis.2024.293626.1168,Arab Sasanian Coins for Abd al Malk b. Abd Allah b. Amir (66-67 AH/ 686-687 AD) in Bishapur,2024,"Journal of Tourism, Hotels and Heritage",True,https://sjs.journals.ekb.eg/article_362638_265d4d295036e190d3cf9c53372dcde0.pdf,skip:blocked_host
10.21608/jaauth.2022.158679.1390,The role of sports events in preserving heritage and promote sports tourism ( applying to equestrian sport),2022,Journal of Association of Arab Universities for Tourism and Hospitality,True,https://jaauth.journals.ekb.eg/article_270644_15eabf7b784b6a378693b2a9d91d6b34.pdf,skip:blocked_host
10.21608/jaauth.2018.47939,The Impact of Digital Business Re-engineering on the Tourism Organizations Administrative Performance Case Study: Saudi Authority for Tourism and National Heritage,2018,Journal of Association of Arab Universities for Tourism and Hospitality,True,https://jaauth.journals.ekb.eg/article_47939_5e87231a83fa5437155d8e3df0c3193c.pdf,skip:blocked_host
10.21608/ijhth.2019.35114,Goddess Nekhbet Scenes on Royal Monuments during the Fifth and Sixth Dynasties,2019,"International Journal of Heritage, Tourism and Hospitality",True,https://ijhth.journals.ekb.eg/article_35114_06448090d40c45ad8086d7ffbb8ab874.pdf,skip:blocked_host
10.21608/sis.2024.294945.1169,Arab Sasanian Dirham in The Name of Abd Allah b. Amir in in Fars Mints (66-67 AH/661-664 AD),2024,"Journal of Tourism, Hotels and Heritage",True,,pending
10.21608/ijhth.2023.371357,"Unpublished Akhmimc coffin of Nesmin son Irheru, one of Hurghada museum's collections",2023,"International Journal of Heritage, Tourism and Hospitality",True,,pending
10.21608/ijhth.2019.35107,The Economics of the Egyptian Stock Market and the Financing of Tourism and Hospitality Projects: A Comparative Study of some Arab Stock Markets,2019,"International Journal of Heritage, Tourism and Hospitality",True,https://ijhth.journals.ekb.eg/article_35107_938013d42945735bd89b4ffc0a14458f.pdf,skip:blocked_host
10.21608/jaauth.2025.354307.1659,"The Vanishing Heritage: An In-depth Study of Disappearing Archaeological Sites in Kafr El-Sheikh, Egypt",2025,Journal of Association of Arab Universities for Tourism and Hospitality,True,,pending
10.21608/jaauth.2017.50037,The effect of Underground Water on Heritage Sites (A case Study on Graeco-Roman Cemeteries in Alexandria),2017,Journal of Association of Arab Universities for Tourism and Hospitality,True,https://jaauth.journals.ekb.eg/article_50037_0c604f6552213dc9a203fa650f0a92f4.pdf,skip:blocked_host
10.21608/jaauth.2020.39676.1062,Praying Beads and Praying Ropes in Coptic Art in the Context of Coptic Heritage,2020,Journal of Association of Arab Universities for Tourism and Hospitality,True,https://jaauth.journals.ekb.eg/article_112581_bfcf05e5c9cd485a78c48885dff78856.pdf,skip:blocked_host
10.21608/jaauth.2022.106887.1268,Development of Heritage Tourism in Egypt and The Strategy of Including it on The Tourist Map: Applying to St. Catherine Area,2022,Journal of Association of Arab Universities for Tourism and Hospitality,True,https://jaauth.journals.ekb.eg/article_215208_1bf27a930560601724082e7652ef3b9f.pdf,skip:blocked_host
10.21608/jaauth.2021.106687.1267,A Neglected Built Heritage: The Museum of the Suez Canal Authority in Port Said,2021,Journal of Association of Arab Universities for Tourism and Hospitality,True,https://jaauth.journals.ekb.eg/article_210712_988347bb0cfda9ca4116dab7842df449.pdf,skip:blocked_host
10.21608/jaauth.2019.196205,Reconstructing the Ancient Caravan Route of Darb Al-Arbain in Greco-Roman Egypt: Heritage Value and Tourism Potential,2019,Journal of Association of Arab Universities for Tourism and Hospitality,True,https://jaauth.journals.ekb.eg/article_196205_d634d3f27feb66fc7d54cb21d05c40b2.pdf,skip:blocked_host
10.21608/jaauth.2025.439718.1720,The Role of Participatory Tourism in Managing Abu Mena Archaeological Site in Mariout (Community Protection of Heritage): An Analytical Field Study,2025,Journal of Association of Arab Universities for Tourism and Hospitality,True,,pending
10.21608/sis.2024.320994.1180,Ibis Mummy Containers During Late Period in the Ancient Egyptian Agriculture Museum,2024,"Journal of Tourism, Hotels and Heritage",True,https://sjs.journals.ekb.eg/article_395205_b9b0ef315be79face77d50ed5134c36c.pdf,skip:blocked_host
10.21608/jaauth.2026.466813.1748,The Traditional Practices Related to Henna in Egypt : The Siwan Community as a Case Study and Applying Henna traditions in the Heritage Tourism,2026,Journal of Association of Arab Universities for Tourism and Hospitality,True,,pending
10.30965/9783657766260_004,"Ottomania: Boy Love, Incest, and the Arab Spring",2015,"Essays on Heritage, Tourism and Society in the MENA Region",False,,pending
10.21608/jaauth.2021.94727.1237,The Impact of the Application of Precautionary Measures for the Corona Virus on the Demand of Customers to Heritage Cafes,2021,Journal of Association of Arab Universities for Tourism and Hospitality,True,https://jaauth.journals.ekb.eg/article_198543_42310f8fb375aa995b775f7177ac03bf.pdf,skip:blocked_host
10.1080/1743873x.2015.1082576,"Heritage, heritage tourism and climate change",2015,Journal of Heritage Tourism,False,,pending
10.1080/1743873x.2014.903610,Heritage tourism,2014,Journal of Heritage Tourism,False,,pending
10.1080/17438731003696339,"The heritage-scape: UNESCO, World Heritage, and tourism",2010,Journal of Heritage Tourism,False,,pending
10.2307/jj.26932055.7,Approaches to Industrial Heritage Tourism,2015,Industrial Heritage Tourism,False,,pending
10.4337/9781789903522.00012,Heritage tourism rescalings,2020,A Research Agenda for Heritage Tourism,False,,pending
10.21832/9781845416256-010,"7 The Heritage, Screen and Literary Tourism Nexus within Tourism",2017,"Heritage, Screen and Literary Tourism",False,,pending
10.5040/9798216415442.ch-4,Tourism: The Heritage-Scape’s Ritual Interaction,2008,The Heritage-scape,False,,pending
10.1080/1743873x.2016.1196901,Industrial heritage tourism,2016,Journal of Heritage Tourism,False,,pending
10.1007/978-3-031-58029-1_4,"Heritage Tourism, Education Challenges, and Representations of the Past: Insights from the United Arab Emirates",2024,"Geography of Time, Place, Movement and Networks, Volume 2",False,,pending
10.21608/jaauth.2025.402386.1697,The Impact of Interpretation of Tour Guide on the Tourist's Memorable Experience and Loyalty to Upper Egypt’s Heritage Sites,2025,Journal of Association of Arab Universities for Tourism and Hospitality,True,,pending
10.2307/jj.22730685.8,China’s Tourism and Heritage Tourism Development,2017,Heritage Tourism in China,False,,pending
10.4324/9780203855416-14,Heritage Tourism Merchandise,2010,Sustainable Marketing of Cultural and Heritage Tourism,False,,pending
10.4337/9781789903522.00008,Heritage tourism: shifting paradigms,2020,A Research Agenda for Heritage Tourism,False,,pending
10.1080/1743873x.2014.904320,"Sport, heritage, and tourism",2014,Journal of Heritage Tourism,False,,pending
10.4324/9780203701881-9,Creating heritage for tourism,2018,Creating Heritage for Tourism,False,,pending
10.21608/jaauth.2018.53973,"The impact of revolutions and political transformations on archeology and heritage during the modern and contemporary history of Egypt ""The Scientific Society as Model""",2018,Journal of Association of Arab Universities for Tourism and Hospitality,True,https://jaauth.journals.ekb.eg/article_53973_fbb837a45a6a66f41e5f7d09abb35c33.pdf,skip:blocked_host
10.4324/9780203701881-5,"Constructing heritage, shaping tourism",2018,Creating Heritage for Tourism,False,,pending
10.4324/9780203074619-25,Heritage tourism in Africa,2013,Heritage and Tourism,False,,pending
10.1108/eb058358,Challenging the present approach to heritage tourism: Is tourism to heritage places heritage tourism?,2001,Tourism Review,False,,pending
10.4337/9781789903522.00016,Heritage tourism: politics matters,2020,A Research Agenda for Heritage Tourism,False,,pending
10.4324/9780203583685-28,‘Mobile heritage’: motor vehicle heritage tourism in the United Kingdom,2013,Contemporary Issues in Cultural Heritage Tourism,False,,pending
10.4324/9780203068564-17,Who Consumes the Heritage Product? Implications for European Heritage Tourism,2013,Building A New Heritage (RLE Tourism),False,,pending
10.1016/0261-5177(89)90030-7,Heritage management for heritage tourism,1989,Tourism Management,False,,pending
10.1080/1743873x.2012.660943,Negotiating authenticity: Cathar heritage tourism,2012,Journal of Heritage Tourism,False,,pending
10.1080/1743873x.2020.1835924,"‘Quixotic’ tourism? Safety, ease, and heritage in post-COVID world tourism",2020,Journal of Heritage Tourism,False,,pending
10.1080/1743873x.2014.995151,The semiotics of heritage tourism,2015,Journal of Heritage Tourism,False,,pending
10.1080/1743873x.2013.807266,"Dark tourism, thanatourism, and dissonance in heritage tourism management: new directions in contemporary tourism research",2013,Journal of Heritage Tourism,False,,pending
10.1080/1743873x.2011.597651,Southeast Colorado heritage tourism,2011,Journal of Heritage Tourism,False,,pending
10.2167/jht031b.0,Thailand Tourism,2008,Journal of Heritage Tourism,False,,pending
10.2307/jj.22730668.12,"The Heritage, Screen and Literary Tourism Nexus within Tourism Marketing",2017,"Heritage, Screen and Literary Tourism",False,,pending
10.21832/9781845416256-007,"4 Heritage, Screen and Literary Tourism Development",2017,"Heritage, Screen and Literary Tourism",False,,pending
10.2307/jj.26932055.10,Perceptions of Attractiveness for Salt Heritage Tourism,2015,Industrial Heritage Tourism,False,,pending
10.1080/1743873x.2018.1529869,Heritage and tourism in China,2018,Journal of Heritage Tourism,False,,pending
10.21608/jaauth.2025.370716.1708,King Abdulaziz bin Abdulrahman Al Saud’s Visit to Alexandria in 1946: A Historical and Analytical Study on the Utilization of Diplomatic Heritage in Inter Tourism between the Kingdom of Saudi Arabia and Egypt.,2025,Journal of Association of Arab Universities for Tourism and Hospitality,True,https://jaauth.journals.ekb.eg/article_460777_3cd85bc94d12b76595e3f7e8617766dc.pdf,skip:blocked_host
10.5040/9798216415442.ch-1,Mediating World Heritage: Authenticity and Fields of Production in Tourism and Heritage,2008,The Heritage-scape,False,,pending
10.1080/1743873x.2011.601887,Heritage tourism in southeast Asia,2012,Journal of Heritage Tourism,False,,pending
10.4324/9780203701881-1,Heritage for tourism,2018,Creating Heritage for Tourism,False,,pending
10.2307/jj.26932055.8,A Framework for Approaching Industrial Heritage Tourism,2015,Industrial Heritage Tourism,False,,pending
10.4324/9780203074619-13,Heritage tourism and its representations,2013,Heritage and Tourism,False,,pending
10.21832/9781845416256-009,"6 Heritage, Screen and Literary Tourism Consumption",2017,"Heritage, Screen and Literary Tourism",False,,pending
10.1080/1743873x.2016.1265972,Editorial: heritage trails and tourism,2017,Journal of Heritage Tourism,False,,pending
10.4337/9781789903522.00022,Heritage tourism: the experiential turn,2020,A Research Agenda for Heritage Tourism,False,,pending
10.2167/jht027b.0,Planning the Past: Heritage Tourism and Post-Colonial Politics at Port Royal,2008,Journal of Heritage Tourism,False,,pending
10.1080/1743873x.2014.988159,Rethinking slavery heritage tourism,2015,Journal of Heritage Tourism,False,,pending
10.4324/9780203855416-7,Marketing of Heritage Tourism,2010,Sustainable Marketing of Cultural and Heritage Tourism,False,,pending
10.1080/1743873x.2015.1055648,Railway heritage and tourism: global perspectives,2015,Journal of Heritage Tourism,False,,pending
10.1080/17438731003737562,Coach fellas: heritage and tourism in Ireland,2010,Journal of Heritage Tourism,False,,pending
10.1080/1743873x.2013.807974,"Heritage and tourism: place, encounter, engagement",2013,Journal of Heritage Tourism,False,,pending
10.1080/1743873x.2014.914656,Contemporary issues in cultural heritage tourism,2015,Journal of Heritage Tourism,False,,pending
10.21608/ijmsac.2022.278619,Towards a Strategic Methodology for Developing Heritage and Archaeological Sites to Support Tourism A Comparative study between Local and Arab Experiences,2022,International Journal of Multidisciplinary Studies in Architecture and Cultural Heritage,True,https://ijmsac.journals.ekb.eg/article_278619_38a1fc62d9ea394aeb0c98e52c98f047.pdf,skip:blocked_host
10.1080/1743873x.2019.1581788,Cultural heritage and Indigenous tourism,2019,Journal of Heritage Tourism,True,,pending
10.1080/1743873x.2011.558756,Sustainable marketing of cultural and heritage tourism,2011,Journal of Heritage Tourism,False,,pending
10.2307/2642120,Sino-Arab Relations,1966,Asian Survey,False,,pending
10.53833/xzcl9938,Sino-Arab Cooperation and Its Impact on Human Rights in the Arab Region,2022,Rowaq Arabi - رواق عربي,True,https://rowaq.cihrs.org/wp-content/uploads/2022/12/Ahmed-Khalifa-and-Rokaya-Selim-En-Arab-Chinese-Cooperation-and-its-Impact-on-Human-Rights-in-the-Arab-Region-Rowaq-Arabi-27-3.pdf,ok
10.1017/cbo9780511598791.004,Sino-Arab peaceful co-existence,1979,"The Middle East in China's Foreign Policy, 1949–1977",False,,pending
10.21608/jaauth.2015.67451,A Proposed Tourism Marketing Model for Tourism Destinations during Crisis,2015,Journal of Association of Arab Universities for Tourism and Hospitality,True,https://jaauth.journals.ekb.eg/article_67451_c516106b3f7b28e5f313ccab21bdc675.pdf,skip:blocked_host
10.21608/jaauth.2017.49937,"Responsible Tourism Development: A Case of Siwa, Egypt",2017,Journal of Association of Arab Universities for Tourism and Hospitality,True,https://jaauth.journals.ekb.eg/article_49937_e535d480eef402451378efaf8f9f3f46.pdf,skip:blocked_host
10.21608/jaauth.2008.68347,Optimization of Tourism Development in Egypt by Examining the Tourism Development Experience in UAE,2008,Journal of Association of Arab Universities for Tourism and Hospitality,True,https://jaauth.journals.ekb.eg/article_68347_c1c560ca726464b34a29d89d65790cbf.pdf,skip:blocked_host
10.21608/jaauth.2014.54017,The importance of Nile Cruise Tourism and the possibility of diversifying tourism product in Egypt,2014,Journal of Association of Arab Universities for Tourism and Hospitality,True,https://jaauth.journals.ekb.eg/article_54017_3b0e7882b0e809bb9af58b552de46b40.pdf,skip:blocked_host
10.21608/jaauth.2022.149128.1375,Tourism development in Ihnasiya / Beni Suef,2022,Journal of Association of Arab Universities for Tourism and Hospitality,True,https://jaauth.journals.ekb.eg/article_247968_f5c0a6400fe34bd090a68b004b9eca1b.pdf,skip:blocked_host
10.4324/9780203073124-9,Sino–Middle East relations: an overview,2012,CHINA AND THE MIDDLE EAST,False,,pending
10.21608/jaauth.2019.56897,EVALUATING THE RELATIONAL TOURISM EXPERIENCE IN CAIRO,2019,Journal of Association of Arab Universities for Tourism and Hospitality,True,https://jaauth.journals.ekb.eg/article_56897_88f3cdd3b2c5d5635d90c98abf7c4c33.pdf,skip:blocked_host
10.1007/978-3-319-01669-6_539-1,"United Arab Emirates, tourism",2015,Encyclopedia of Tourism,False,,pending
10.21608/jaauth.2006.203825,An Effective Strategy to Reduce Tourism Crimes,2006,Journal of Association of Arab Universities for Tourism and Hospitality,True,https://jaauth.journals.ekb.eg/article_203825_3e3b5ff1ddd8960fca53ec8385edb149.pdf,skip:blocked_host
10.21608/jaauth.2021.90809.1226,The Competitiveness of the United Arab Emirates Tourist Destination and the lessons learned in the Arab World,2021,Journal of Association of Arab Universities for Tourism and Hospitality,True,https://jaauth.journals.ekb.eg/article_192879_c5fc5a589f85cd50393a541ea26c55e4.pdf,skip:blocked_host
10.21608/jaauth.2021.66615.1155,"Favourable Sustainable Tourism Development in Al-Juhfa, Saudi Arabia",2021,Journal of Association of Arab Universities for Tourism and Hospitality,True,https://jaauth.journals.ekb.eg/article_160584_256934d00e05e8368c6952d6d20ef8d8.pdf,skip:blocked_host
10.21608/jaauth.2020.31704.1028,Artificial Intelligence in Egyptian Tourism Companies: Implementation and Perception,2020,Journal of Association of Arab Universities for Tourism and Hospitality,True,https://jaauth.journals.ekb.eg/article_94939_d89ade51377b4b9927deb8a98625f966.pdf,skip:blocked_host
10.21608/jaauth.2008.68270,The role of knowledge management in the tourism field,2008,Journal of Association of Arab Universities for Tourism and Hospitality,True,https://jaauth.journals.ekb.eg/article_68270_e4aa0bb4c331fd9c9f371b0c12083e10.pdf,skip:blocked_host
10.21608/jaauth.2014.57579,Stakeholders’ Perspectives on Internship Process in Tourism Higher Education,2014,Journal of Association of Arab Universities for Tourism and Hospitality,True,https://jaauth.journals.ekb.eg/article_57579_8d32114366669ea6a25c376913fa5f03.pdf,skip:blocked_host
10.21608/jaauth.2021.52240.1094,Developing the Nature based Tourism in Minia Governorate: An Analysis of Tourism Potentials and Constraints,2021,Journal of Association of Arab Universities for Tourism and Hospitality,True,https://jaauth.journals.ekb.eg/article_134497_6755e2d8eccd8d62a9a6d0aa21de3dcb.pdf,skip:blocked_host
10.1386/jciaw_00011_1,The Sino-Russian strategic understanding on the Arab uprisings: Motivations and implications,2019,Journal of Contemporary Iraq &amp; the Arab World,False,,pending
10.21608/jaauth.2016.53949,MICE Tourism in Egypt: Opportunities and challenges,2016,Journal of Association of Arab Universities for Tourism and Hospitality,True,https://jaauth.journals.ekb.eg/article_53949_c4141994d6c63398ab5a85990749d373.pdf,skip:blocked_host
10.21608/jaauth.2016.48019,ANALYSING THE SOCIAL MEDIA MARKETING CONTENT OF LEADING ARAB AIRPORTS,2016,Journal of Association of Arab Universities for Tourism and Hospitality,True,https://jaauth.journals.ekb.eg/article_48019_615940b96cbd6724650c28081166358d.pdf,skip:blocked_host
10.21608/jaauth.2016.49877,Tourism Development in the area of Meidum/Benisuef,2016,Journal of Association of Arab Universities for Tourism and Hospitality,False,,pending
10.21608/jaauth.2018.54009,Women Empowerment in The Tourism Sector ; Female Tour Guide in Egypt,2018,Journal of Association of Arab Universities for Tourism and Hospitality,True,https://jaauth.journals.ekb.eg/article_54009_67409abc9d28ad88c1433a8618e1981b.pdf,skip:blocked_host
10.21608/jaauth.2021.62962.1134,The Post-COVID-19 new normal tourism: Concerns and criteria,2021,Journal of Association of Arab Universities for Tourism and Hospitality,True,https://jaauth.journals.ekb.eg/article_154236_2d2357ec966b140b218d1ee857f10c46.pdf,skip:blocked_host
10.1108/978-1-78756-679-820191002,The Spirit of Silk Road: The Impact of Medieval Chinese–Arab Relations on the Contemporary Bilateral Sino–Arab Relations,2019,The New Silk Road Leads through the Arab Peninsula: Mastering Global Business and Innovation,False,,pending
10.1016/0160-7383(76)90096-7,Third conference of Arab tourism ministers,1976,Annals of Tourism Research,False,,pending
10.21832/9781845416157-011,10. Tunisian Tourism: At the Eye of an Arab Spring Storm,2017,Tourism in the Arab World,False,,pending
10.21608/jaauth.2007.68348,Desert tourism development in Egypt by application on the Western desert,2007,Journal of Association of Arab Universities for Tourism and Hospitality,True,https://jaauth.journals.ekb.eg/article_68348_28ef6833c43b3ba0426eb5112307804c.pdf,skip:blocked_host
10.21608/jaauth.2021.79271.1189,The Impact of The Corona Virus on Tourism in Egypt,2021,Journal of Association of Arab Universities for Tourism and Hospitality,True,https://jaauth.journals.ekb.eg/article_178835_73908299a3df0ec89cda64ac2054c7d9.pdf,skip:blocked_host
10.21608/jaauth.2018.53976,Sustainable transport to contribute to sustainable tourism development,2018,Journal of Association of Arab Universities for Tourism and Hospitality,True,https://jaauth.journals.ekb.eg/article_53976_8dfa74986cac9065d3276e5f8f08c690.pdf,skip:blocked_host
10.21608/jaauth.2022.130135.1335,Promoting Egypt as a Luxurious Tourism Destination,2022,Journal of Association of Arab Universities for Tourism and Hospitality,True,,pending
10.21608/jaauth.2021.80994.1192,Towards Best Tourism Practices for Responsible Dolphin Watching in Red Sea,2021,Journal of Association of Arab Universities for Tourism and Hospitality,True,https://jaauth.journals.ekb.eg/article_182258_6070e9b289c3c6607e6f69d8bfb618bf.pdf,skip:blocked_host
10.21608/jaauth.2024.267615.1549,Goat,2024,Journal of Association of Arab Universities for Tourism and Hospitality,True,,pending
10.21832/9781845416157-006,5. Tourism Sustainability Planning in the ‘Arab World’: Insights from Egypt,2017,Tourism in the Arab World,False,,pending
10.1515/caas-2022-2007,التعاون الصيني العربي في مجال الفضاء: الفرص والتحديات / Sino-Arab Space Cooperation: Opportunities and Challenges,2022,Chinese and Arab Studies,True,https://www.degruyter.com/document/doi/10.1515/caas-2022-2007/pdf,fail:notpdf0
10.21608/jaauth.2025.345735.1646,Strategic vision for sustainable tourism development in Behbeit El Hagara,2025,Journal of Association of Arab Universities for Tourism and Hospitality,True,,pending
10.21608/jaauth.2007.61425,The role of psychology in determining human behavior and its impact on tourism in application to tourism Agencies,2007,Journal of Association of Arab Universities for Tourism and Hospitality,True,https://jaauth.journals.ekb.eg/article_61425_c3ab8e82ad768c7b4ee8d1ce6af9c6a3.pdf,skip:blocked_host
10.21608/jaauth.2014.57547,"Using SWOT based on tourism survey to develop a strategy for tourism marketing for Abha city, Saudi Arabia",2014,Journal of Association of Arab Universities for Tourism and Hospitality,True,https://jaauth.journals.ekb.eg/article_57547_b840bd38387554d99f8b5b6accbd1b3c.pdf,skip:blocked_host
10.21608/jaauth.2014.57562,"Tourism Higher Education Institutions Integration in the Tourism Industry Innovation: A Quadruple Helix Approach : The Case of the Faculty of Tourism and Hotels, Alexandria University",2014,Journal of Association of Arab Universities for Tourism and Hospitality,True,https://jaauth.journals.ekb.eg/article_57562_d3f3311ff0abdbddda274c775e4e6df1.pdf,skip:blocked_host
10.21608/jaauth.2023.251063.1524,Evaluating the sustainability of tourism in destinations to face climate changes,2023,Journal of Association of Arab Universities for Tourism and Hospitality,True,,pending
10.1163/9789004700833_009,The Early Accounts of Islam and Arab States in Chinese Sources,2024,Sino-Iranian and Sino-Arabian Relations in Late Antiquity,False,,pending
10.21608/jaauth.2020.31490.1022,God Heryshef,2020,Journal of Association of Arab Universities for Tourism and Hospitality,True,https://jaauth.journals.ekb.eg/article_94946_8d4c80161800403237fbbcd71888b68f.pdf,skip:blocked_host
10.4324/9781003532491-13,Sino-Yugoslav Friendship and Contemporary Chinese Tourism,2025,Yugoslavia and China,False,,pending
10.21832/9781845416157-003,2. Tourism Development and Governance: An Overview of Arab Countries,2017,Tourism in the Arab World,False,,pending
10.21608/jaauth.2019.57510,The Ethical Practices in the tourism Field and their Impact on employees' performance in Official Tourism Organization,2019,Journal of Association of Arab Universities for Tourism and Hospitality,True,https://jaauth.journals.ekb.eg/article_57510_0f0c402e4fad21479b00935357b9b2c8.pdf,skip:blocked_host
10.21608/jaauth.2014.54076,Public-Private Partnership a path for green tourism certification : Egypt case study,2014,Journal of Association of Arab Universities for Tourism and Hospitality,True,https://jaauth.journals.ekb.eg/article_54076_54b6b1cbcf4323685a7304cb1907755b.pdf,skip:blocked_host
10.21608/jaauth.2020.31654.1027,Goddess Henut,2020,Journal of Association of Arab Universities for Tourism and Hospitality,True,https://jaauth.journals.ekb.eg/article_94944_48e51c385dbaa94926e29a973cc98e7c.pdf,skip:blocked_host
10.21608/jaauth.2013.151302,Target marketing strategies as a technique to overcome the tourism crisis in Egypt,2013,Journal of Association of Arab Universities for Tourism and Hospitality,True,https://jaauth.journals.ekb.eg/article_151302_23834dbb4c6716df96b1e66644b51bb0.pdf,skip:blocked_host
10.21608/jaauth.2020.30581.1010,Macroeconomic Determinants of Tourism Private Investment in Egypt: An ARDL Model,2020,Journal of Association of Arab Universities for Tourism and Hospitality,True,https://jaauth.journals.ekb.eg/article_95393_385b924845cb0587bc96ebf13e287115.pdf,skip:blocked_host
10.21608/jaauth.2014.57118,Investigating the effectiveness of the performance appraisal process in the Egyptian tourism companies,2014,Journal of Association of Arab Universities for Tourism and Hospitality,True,https://jaauth.journals.ekb.eg/article_57118_e1e3105c7b6980a2999e9a6955ce33e5.pdf,skip:blocked_host
10.21608/jaauth.2016.48021,Puppet Shows: Inspiring Nationalism and Raising Tourism Awareness for Egyptian Children,2016,Journal of Association of Arab Universities for Tourism and Hospitality,True,https://jaauth.journals.ekb.eg/article_48021_5e6780b92d65303e62cc35a3fe0976f7.pdf,skip:blocked_host
10.21608/jaauth.2024.321771.1610,Sirens”,2024,Journal of Association of Arab Universities for Tourism and Hospitality,True,,pending
10.21608/jaauth.2019.92267,The Role of Virtual reality in promoting tourism movement to Egypt,2019,Journal of Association of Arab Universities for Tourism and Hospitality,True,https://jaauth.journals.ekb.eg/article_92267_c43be4a3d9b05fca17dd9711303a5825.pdf,skip:blocked_host
10.21608/jaauth.2025.361507.1667,Argos,2025,Journal of Association of Arab Universities for Tourism and Hospitality,True,https://jaauth.journals.ekb.eg/article_417732_e5780ac361ca84dd35e5fad1bca1fd90.pdf,skip:blocked_host
10.21608/jaauth.2021.98342.1247,Beni Suef- Pearl of Upper Egypt- and its Role in Sustainable Tourism Development,2021,Journal of Association of Arab Universities for Tourism and Hospitality,True,https://jaauth.journals.ekb.eg/article_198749_10b6f74946a34978b4be9b4d9cd5c784.pdf,skip:blocked_host
10.21608/jaauth.2021.96475.1242,Tourism Value Chain in Egyptian National Economy: Input-Output Analysis,2021,Journal of Association of Arab Universities for Tourism and Hospitality,True,https://jaauth.journals.ekb.eg/article_198742_1134f041c8a6b363681efdb87cea1dd3.pdf,skip:blocked_host
10.21608/jaauth.2007.68354,The Impact of International and Domestic Variables on Tourism Industry : Present and Future,2007,Journal of Association of Arab Universities for Tourism and Hospitality,True,https://jaauth.journals.ekb.eg/article_68354_308708bc8eda2ec594eab62b1c5fc9cc.pdf,skip:blocked_host
10.21608/jaauth.2019.91944,Exchange Rate Volatility and Tourism Stock Prices: Evidence from Egypt,2019,Journal of Association of Arab Universities for Tourism and Hospitality,True,https://jaauth.journals.ekb.eg/article_91944_ade345d91abdff663561a1449c69d583.pdf,skip:blocked_host
10.21608/jaauth.2014.54044,Students’ Perceptions and Attitudes toward Working in the Tourism Industry in Egypt,2014,Journal of Association of Arab Universities for Tourism and Hospitality,True,https://jaauth.journals.ekb.eg/article_54044_48844a6c69b87ad31da261cfe1cc17ff.pdf,skip:blocked_host
10.21608/jaauth.2016.49885,The Role of Social Media in Travel and Tourism Decision in Africa,2016,Journal of Association of Arab Universities for Tourism and Hospitality,True,https://jaauth.journals.ekb.eg/article_49885_f25af5b236fd399a534e9b068ba4136e.pdf,skip:blocked_host
10.21608/jaauth.2014.57196,Decision Making Mechanisms for Crisis Management in Tourism Companies (Analytical Study),2014,Journal of Association of Arab Universities for Tourism and Hospitality,False,,pending
10.21608/jaauth.2009.68522,A Proposed Program for Developing the Culture of Tourism for Alexandria University Students,2009,Journal of Association of Arab Universities for Tourism and Hospitality,True,https://jaauth.journals.ekb.eg/article_68522_86abcd0ab06354268a072d494eee8cdb.pdf,skip:blocked_host
10.21608/jaauth.2020.32466.1032,Food tourism and its impact on attracting customers to the Egyptian hospitality sector,2020,Journal of Association of Arab Universities for Tourism and Hospitality,True,,pending
10.21608/jaauth.2026.448585.1735,Gamification to Enhance Tourists’ Planning and Decision-Making in Egypt’s Diverse Tourism Sectors,2026,Journal of Association of Arab Universities for Tourism and Hospitality,True,,pending
10.21608/jaauth.2021.56728.1114,Using Rumours and Dark Stories to Promote Tourism: Applied to Egyptian dark tourism sites,2021,Journal of Association of Arab Universities for Tourism and Hospitality,True,https://jaauth.journals.ekb.eg/article_148192_c0c9df3964e58f87a11f247fe5256219.pdf,skip:blocked_host
10.21608/jaauth.2021.66848.1150,Promoting Accessible Tourism in Egypt through IoT Technology,2021,Journal of Association of Arab Universities for Tourism and Hospitality,True,https://jaauth.journals.ekb.eg/article_165230_7f387b5b6a6fff1c23ad272fcf57e5fd.pdf,skip:blocked_host
10.21608/jaauth.2023.235547.1499,Exploring the Effectiveness of Using Digital Tourism Platforms in Egyptian Tourist Destination,2023,Journal of Association of Arab Universities for Tourism and Hospitality,True,https://jaauth.journals.ekb.eg/article_323308_ab4be4978f090069a72a7f981a974236.pdf,skip:blocked_host
10.21608/jaauth.2016.48009,Studying the Priorities of Promoting Arabic Tourism to Egypt in Peak and Recession Tourism Periods: (Saudi Tourist Case Study),2016,Journal of Association of Arab Universities for Tourism and Hospitality,True,https://jaauth.journals.ekb.eg/article_48009_ba9ccada2c16d8b91b14be95351c6964.pdf,skip:blocked_host
10.21608/jaauth.2014.54037,Punishments in Ottoman Society,2014,Journal of Association of Arab Universities for Tourism and Hospitality,True,https://jaauth.journals.ekb.eg/article_54037_29e5acdc007bf0914d84ba721883602a.pdf,skip:blocked_host
10.21608/jaauth.2024.307827.1595,Identifying Entrepreneurial Barriers Facing Female Tourism Students: Focusing on Social Barriers Effects,2024,Journal of Association of Arab Universities for Tourism and Hospitality,True,,pending
10.21608/jaauth.2020.31496.1023,God Khenty irty,2020,Journal of Association of Arab Universities for Tourism and Hospitality,True,https://jaauth.journals.ekb.eg/article_94947_963aa363fc06cb39f46245499e57ecaf.pdf,skip:blocked_host
10.21608/jaauth.2007.68513,The Goodess Iwnj.t,2007,Journal of Association of Arab Universities for Tourism and Hospitality,True,https://jaauth.journals.ekb.eg/article_68513_aff40d221ae32e524048b9a13d3b8075.pdf,skip:blocked_host
10.21608/jaauth.2019.57497,The Climate changes and its impact on tourism activity Applied to Sharm El Sheikh,2019,Journal of Association of Arab Universities for Tourism and Hospitality,True,https://jaauth.journals.ekb.eg/article_57497_4efca6ed58ae4f3e950c0babef0bfbee.pdf,skip:blocked_host
10.21608/jaauth.2018.54012,Integrating Sustainability into Education: At Egyptian Tourism and Hotel Faculties,2018,Journal of Association of Arab Universities for Tourism and Hospitality,True,https://jaauth.journals.ekb.eg/article_54012_7e7c2b67593ae816a5d64c7284fde181.pdf,skip:blocked_host
10.21608/jaauth.2021.102983.1257,goddess Serket in ancient Egyptian religion,2022,Journal of Association of Arab Universities for Tourism and Hospitality,True,,pending
10.2307/jj.22679715.16,Tourism and Social-Cultural Change in China,2023,The Rise of Tourism in China,False,,pending
10.4172/2167-0269.1000205,"Assessment of Cultural Tourism Experience in Selected Attraction in Nanyang, Henan Province in China",2016,Journal of Tourism &amp; Hospitality,True,,pending
10.21832/9781845418915-014,10 Tourism and Social-Cultural Change in China,2023,The Rise of Tourism in China,False,,pending
10.1080/14766825.2016.1193260,China tourism: cross-cultural studies,2016,Journal of Tourism and Cultural Change,False,,pending
10.4324/9780203886366-20,"Tourism Development and Cultural Interpretation in Ganzi, China",2009,Tourism in China,False,,pending
10.2307/jj.22679678.8,ICH Protection and ICH Tourism in China,2023,Intangible Cultural Heritage and Tourism in China,False,,pending
10.1080/14766825.2022.2068373,Intangible cultural heritage listing and tourism growth in China,2022,Journal of Tourism and Cultural Change,False,,pending
10.1080/19388160.2025.2568508,Enhancing Cultural Intelligence of Tourists Through Immersive Cultural Consumption Experiences in Cultural Heritage Tourism: Using a Mixed-Methods Approach Combining PLS-SEM and BERTopic Modeling,2025,Journal of China Tourism Research,False,,pending
10.1080/14766825.2018.1427102,"Understanding the changing Intangible Cultural Heritage in tourism commodification: the music players’ perspective from Lijiang, China",2018,Journal of Tourism and Cultural Change,False,,pending
10.1080/19388160.2026.2612978,How Do Cultural Institutes Influence Inbound Tourism Flows? Evidence from China Considering Cultural Distance,2026,Journal of China Tourism Research,False,,pending
10.4324/9781003231783-4,The cultural roots of Red Tourism,2022,Red Tourism in China,False,,pending
10.2307/jj.22679715.9,Tourism Impacts in China after Two Decades of Development,2023,The Rise of Tourism in China,False,,pending
10.21832/9781845418915-015,Conclusion: Applying Ethnography to China Tourism Research,2023,The Rise of Tourism in China,False,,pending
10.1038/s40494-025-01664-4,Exploring plastering techniques in ancient Chinese royal architecture at Huilong temple using multi-analytical methods,2025,npj Heritage Science,True,https://www.nature.com/articles/s40494-025-01664-4.pdf,ok
10.31979/etd.s6vx-kvrm,"Tourism in Deqin, China",,,False,,pending
10.1080/14766820902849971,"Minorities and tourism: community perspectives from Yunnan, China",2009,Journal of Tourism and Cultural Change,False,,pending
10.2307/jj.22679678.9,ICH and Tourism in Lijiang,2023,Intangible Cultural Heritage and Tourism in China,False,,pending
10.21832/su8632,Intangible Cultural Heritage and Tourism in China,2023,,False,,pending
10.21832/9781845418915-006,2 Orientalism Revisited: Ethnic Tourism of China versus Canada,2023,The Rise of Tourism in China,False,,pending
10.1080/19388160.2014.951752,A Cultural Perspective of Health and Wellness Tourism in China,2014,Journal of China Tourism Research,False,,pending
10.2307/jj.22679678.10,Typical ICH Tourism Programmes in Lijiang,2023,Intangible Cultural Heritage and Tourism in China,False,,pending
10.1080/14766825.2026.2683645,"Tourism alienation in an accelerated society: a case study of China
                    <u>’</u>
                    s ‘special forces style tourism’",2026,Journal of Tourism and Cultural Change,False,,pending
10.1080/14766825.2024.2411224,OACTD: an ontology-embedded model for heritage tourism reviews to assign cultural tourism data,2024,Journal of Tourism and Cultural Change,False,,pending
10.1080/14766825.2017.1298607,China’s first Tourism Law: representations of stakeholders’ responses,2017,Journal of Tourism and Cultural Change,False,,pending
10.2307/jj.22679715.11,Red Tourism and China’s Communist Identity,2023,The Rise of Tourism in China,False,,pending
10.2307/jj.22679678.14,The Sustainable Development of ICH Tourism,2023,Intangible Cultural Heritage and Tourism in China,False,,pending
10.21832/9781845418915-007,3 Tourism Impacts in China after Two Decades of Development,2023,The Rise of Tourism in China,False,,pending
10.21832/9781845418649-006,3 ICH Protection and ICH Tourism in China,2023,Intangible Cultural Heritage and Tourism in China,False,,pending
10.1007/978-3-031-63459-8_10,"Thinking About Ethnic Minority’s Rural Festival Cultural Tourism: A Case of Guangxi, China",2024,Cultural Tourism in the Asia Pacific,False,,pending
10.2307/jj.22679715.10,Community Tourism and China’s Dilemma of Modernisation,2023,The Rise of Tourism in China,False,,pending
10.1017/cbo9780511804663.006,"Struggling for mobility: migration, tourism, and cultural authority in contemporary China",2009,Cultural Mobility,False,,pending
10.2307/jj.22679715.15,"Linguistic Landscape, Tourism and an Island Place Making",2023,The Rise of Tourism in China,False,,pending
10.1080/14766825.2015.1113981,Tourist experience of nature in contemporary China: a cultural divergence approach,2015,Journal of Tourism and Cultural Change,False,,pending
10.23977/tmte.2023.060507,Development and design of cultural tourism products integrating China historical sites,2023,Tourism Management and Technology Economy,True,http://www.clausiuspress.com/assets/default/article/2023/09/23/article_1695455035.pdf,ok
10.1080/14766825.2020.1722141,Heritage tourism stakeholder conflict: a case of a World Heritage Site in China,2020,Journal of Tourism and Cultural Change,False,,pending
10.1016/j.annals.2008.09.004,"CULTURAL TOURISM, CEREMONY AND THE STATE IN CHINA",2008,Annals of Tourism Research,False,,pending
10.1080/14766825.2010.493939,Red tourism: sustaining communist identity in a rapidly changing China,2010,Journal of Tourism and Cultural Change,False,,pending
10.46793/casb25.237g,SEASIDE VACATION TOURISM AND CULTURAL INNOVATION: INSPIRATION OF CHINA’S ARANYA HOTEL TO SERBIA’S TOURISM INDUSTRY,2025,Book of proceedings,False,,pending
10.1080/14766825.2020.1797061,From livestock to families: taking pets to tourism activities in China,2020,Journal of Tourism and Cultural Change,False,,pending
10.1080/14766825.2015.1011162,"Confrontations and concessions: an everyday politics of tourism in three ethnic minority villages, Guizhou Province, China",2015,Journal of Tourism and Cultural Change,False,,pending
10.1515/9780295800349-005,3. Tourism in Contemporary China,2011,Mobility and Cultural Authority in Contemporary China,False,,pending
10.1016/j.jhtm.2020.04.011,Cultural worldview and cultural experience in natural tourism sites,2020,Journal of Hospitality and Tourism Management,False,,pending
10.1080/14766825.2019.1600867,"Does tourism erode or prosper culture? Evidence from the Tibetan ethnic area of Sichuan Province, China",2019,Journal of Tourism and Cultural Change,False,,pending
10.1080/14766825.2021.1957905,"Rural tourism development perceived by involved local farmers: evidences from
                    <i>Gaochun</i>
                    County of China",2021,Journal of Tourism and Cultural Change,False,,pending
10.1080/14616688.2014.948044,"Cultural impact of modernization and tourism on Dai villages in Xishuangbanna, China",2014,Tourism Geographies,False,,pending
10.4324/9780203886366-21,"The Evolution of Cultural Tourism: The Example of Qufu, the Birthplace of Confucius",2009,Tourism in China,False,,pending
10.2167/jht021.0,A Railway ‘Route’ as a Linear Heritage Attraction: The Hijaz Railway in the Kingdom of Saudi Arabia,2008,Journal of Heritage Tourism,False,,pending
10.1080/1743873x.2019.1594836,Management issues and challenges of UNESCO World Heritage Sites in Saudi Arabia,2019,Journal of Heritage Tourism,False,,pending
10.17645/up.v7i4.5777,Sustainable Heritage Preservation to Improve the Tourism Offer in Saudi Arabia,2022,Urban Planning,True,https://www.cogitatiopress.com/urbanplanning/article/download/5777/5777,fail:notpdf0
10.1080/1743873x.2022.2078214,"Tourism development at the Al-Hijr Archaeological Site, Saudi Arabia: SME sentiments and emerging concerns",2022,Journal of Heritage Tourism,False,,pending
10.3390/heritage7030055,Heritage Tourism Resilience and Sustainable Performance Post COVID-19: Evidence from Hotels Sector,2024,Heritage,True,https://www.mdpi.com/2571-9408/7/3/55/pdf?version=1708603452,skip:blocked_host
10.1163/2213-2996_flg_com_162169,Saudi Arabia - Tourism,,Foreign Law Guide,False,,pending
10.3390/su15097172,"Sustainability of Heritage Villages through Eco-Tourism Investment (Case Study: Al-Khabra Village, Saudi Arabia)",2023,Sustainability,True,https://www.mdpi.com/2071-1050/15/9/7172/pdf?version=1682481626,skip:blocked_host
10.47556/j.wjemsd.18.4.2022.3,"Heritage-based Entertainment: Empirical Evidence from Diriyah, Saudi Arabia",2022,"World Journal of Entrepreneurship, Management and Sustainable Development",False,,pending
10.1007/s10708-025-11423-4,"Exploring AlUla, Saudi Arabia: a journey through history, heritage, resources, and tourism",2025,GeoJournal,False,,pending
10.3390/heritage7040104,"Tourism Development through the Sense of UNESCO World Heritage: The Case of Hegra, Saudi Arabia",2024,Heritage,True,https://www.mdpi.com/2571-9408/7/4/104/pdf?version=1713796382,skip:blocked_host
10.24922/eot.v11i1.113667,Empowering the Voice of Heritage: The Evolution and Impact of Tourist Guiding in Saudi Arabia,2024,E-Journal of Tourism,True,https://ojs.unud.ac.id/index.php/eot/article/download/113667/55278,fail:curl28
10.21608/ijhth.2023.314804,The Administrative and Ethical Practices of Managers and Their Impact on the Performance of Employees at Universities in the Kingdom of Saudi Arabia,2023,"International Journal of Heritage, Tourism and Hospitality",True,https://ijhth.journals.ekb.eg/article_314804_c3682417658d486436bf3e09e5e82904.pdf,skip:blocked_host
10.18111/9789284406333,Outbound Tourism from Saudi Arabia (English version),2003,,False,,pending
10.2495/iha200121,"TOURISM-BASED APPROACH TO CONSERVING THE BUILT HERITAGE SITES IN THE HOLY CITY OF MAKKAH, SAUDI ARABIA",2020,WIT Transactions on The Built Environment,True,http://www.witpress.com/Secure/elibrary/papers/IHA20/IHA20012FU1.pdf,ok
10.4172/2324-8807.1000177,Sustainable Tourism in Saudi Arabia: Factors Affecting Tourism Awareness of Saudi Citizens,2017,Journal of Tourism Research &amp; Hospitality,False,,pending
10.4337/9781802207897.saudi.arabia.ich,Saudi Arabia: Intangible Heritage,2026,Elgar Encyclopedia of Art and Cultural Heritage Law,False,,pending
10.3390/heritage8010004,Fostering National Identity Through Sustainable Heritage Conservation: Ushaiger Village as a Model for Saudi Arabia,2024,Heritage,True,https://www.mdpi.com/2571-9408/8/1/4/pdf?version=1735049820,skip:blocked_host
10.2307/j.ctv21hrhz3.16,Songstresses of Saudi Arabia,2021,Music in Arabia,False,,pending
10.1007/978-3-319-01669-6_913-1,Saudi Arabia Tourism,2023,Encyclopedia of Tourism,False,,pending
10.25148/etd.fidc009814,Tourist Responses to Tourism Experiences in Saudi Arabia,,,True,https://digitalcommons.fiu.edu/cgi/viewcontent.cgi?article=5914&context=etd,fail:rescue
10.30892/gtg.62437-1603,WHERE SUSTAINABILITY MEETS INTELLIGENCE: SMART DESTINATIONS IN THE TOURIST EXPERIENCE EQUATION,2025,Geojournal of Tourism and Geosites,True,https://doi.org/10.30892/gtg.62437-1603,ok
10.18111/9789284407217,Outbound Tourism from Saudi Arabia - Market Profile (Arabic version),2004,,False,,pending
10.4337/9781802207897.saudi.arabia.mov,Saudi Arabia: Cultural Objects / Movable Heritage,2026,Elgar Encyclopedia of Art and Cultural Heritage Law,False,,pending
10.1007/978-3-319-01669-6_534-1,"Saudi Arabia, tourism",2015,Encyclopedia of Tourism,False,,pending
10.52133/ijrsp.v6.71.6,Enhancing Risk Management in Events by Providing AI-Risk Assessment Framework,2025,International Journal of Research and Studies Publishing,True,https://doi.org/10.52133/ijrsp.v6.71.6,ok
10.37868/hsd.v8i1.1748,"The role of metaverse marketing in enhancing tourism sustainability through immersive experience quality: An empirical study in AlUla, Saudi Arabia",2026,Heritage and Sustainable Development,True,https://www.hsd.ardascience.com/index.php/journal/article/download/1748/272,fail:notpdf24
10.4135/9781483368924.n394,Saudi Arabia,2017,The SAGE International Encyclopedia of Travel and Tourism,False,,pending
10.4337/9781802207897.saudi.arabia.imm,Saudi Arabia: Monuments and Sites / Immovable Heritage,2026,Elgar Encyclopedia of Art and Cultural Heritage Law,False,,pending
10.21275/sr23316010209,Architectural Heritage Management at Local Level in the Kingdom of Saudi Arabia,2023,International Journal of Science and Research (IJSR),True,http://dx.doi.org/10.21275/sr23316010209,ok
10.30892/gtg.62407-1573,EMPOWERING VOICES: CONFRONTING THE GLASS CEILING FOR EGYPTIAN WOMEN IN THE TOURISM AND HERITAGE SECTOR,2025,Geojournal of Tourism and Geosites,True,https://doi.org/10.30892/gtg.62407-1573,ok
10.4324/9780080457321-32,Developing Tourism Safety and Security in the Kingdom of Saudi Arabia,2006,Tourism in Turbulent Times,False,,pending
10.20944/preprints202403.1024.v1,"Withdrawn: Tourism Development through the Sense of UNESCO World Heritage: The Case of Hegra, Saudi Arabia",2024,,True,https://www.preprints.org/manuscript/202403.1024/v1/download,skip:blocked_host
10.4135/9781483368924.n382,"Riyadh, Saudi Arabia",2017,The SAGE International Encyclopedia of Travel and Tourism,False,,pending
10.30892/gtg.58125-1410,"BEYOND THE IMAGE: INTERPLAY OF VALUE, INTIMACY, AND LOYALTY IN SHAPING DESTINATION SATISFACTION: INSIGHTS FROM EGYPT AND SAUDI ARABIA",2025,GeoJournal of Tourism and Geosites,True,https://doi.org/10.30892/gtg.58125-1410,ok
10.52783/pst.2577,Designing Arab Hospitality Products Inspired by the ‎Heritage of the Kingdom of Saudi Arabia to Enrich its ‎Internal and External Tourism Sector,2025,Power System Technology,True,https://powertechjournal.com/index.php/journal/article/download/2577/1842,ok
10.4135/9781483368924.n300,"Mecca, Saudi Arabia",2017,The SAGE International Encyclopedia of Travel and Tourism,False,,pending
10.18089/tms.2022.180302,Effect of internal corporate social responsibility activities on tourism and hospitality employees’ normative commitment during COVID-19,2022,Tourism &amp; Management Studies,True,https://www.tmstudies.net/index.php/ectms/article/download/1601/pdf_392,fail:notpdf22
10.1007/978-3-031-86745-3_6,Heritage Conservation and Tourism Development in Saudi Arabia: The Case of Historic Jeddah,2025,"Advances in Science, Technology &amp; Innovation",False,,pending
10.3390/heritage5040183,Sustainable Reuse of Dark Archaeological Heritage Sites to Promote Ghost Tourism in Egypt: The Case of the Baron Palace,2022,Heritage,True,https://www.mdpi.com/2571-9408/5/4/183/pdf?version=1668699004,skip:blocked_host
10.4135/9781483368924.n151,"Eastern Province, Saudi Arabia",2017,The SAGE International Encyclopedia of Travel and Tourism,False,,pending
10.21608/idj.2021.204945,"Heritage furniture in southern Saudi Arabia as an investment pattern for heritage sites and an approach for preservation via documentation and analysis, Case study: Najran, Saudi Arabia",2021,International Design Journal,True,https://idj.journals.ekb.eg/article_204945_21a5b2cd4e0ac21f449c5556a79e562f.pdf,fail:curl28
10.4337/9781802207897.saudi.arabia.int,Saudi Arabia: Introduction,2026,Elgar Encyclopedia of Art and Cultural Heritage Law,False,,pending
10.30892/gtg.634spl28-1643,THE TRANSFORMATIVE ROLE OF PLACE ATTACHMENT IN CONVERTING SUSTAINABILITY PERCEPTIONS INTO ACTIVE TOURIST ADVOCACY,2025,Geojournal of Tourism and Geosites,True,https://doi.org/10.30892/gtg.634spl28-1643,ok
10.1079/9781780646084.0507,Development of cruise tourism in Saudi Arabia.,2017,Cruise ship tourism,False,,pending
10.21833/ijaas.2021.04.001,Tourism attraction sites: Boasting the booming tourism of Saudi Arabia,2021,International Journal of ADVANCED AND APPLIED SCIENCES,True,http://science-gate.com/IJAAS/Articles/2021/2021-8-4/1021833ijaas202104001.pdf,ok
10.3390/heritage7060126,Community Attachment to AlUla Heritage Site and Tourists’ Green Consumption: The Role of Support for Green Tourism Development,2024,Heritage,True,https://www.mdpi.com/2571-9408/7/6/126/pdf?version=1716474276,skip:blocked_host
10.20935/al1298,Tourism as a geopolitical weapon: case from Saudi Arabia,2021,Academia Letters,False,,pending
10.52133/ijrsp.v5.56.9,Job Satisfaction and Employees’ Turnover Intentions (An Empirical Study of Universities in Saudi Arabia),2024,International Journal of Research and Studies Publishing,True,https://doi.org/10.52133/ijrsp.v5.56.9,ok
10.1093/oso/9780198863878.003.0010,The New Industries,2024,The Economy of Saudi Arabia in the 21st Century,False,,pending
10.4337/9781802207897.saudi.arabia.ip,Saudi Arabia: Intellectual Property,2026,Elgar Encyclopedia of Art and Cultural Heritage Law,False,,pending
10.14264/d576bcd,Developing Active Sport Tourism in Emerging Destinations: The Supply-Side Community-Based Approach to Rock Climbing Tourism Development in Saudi Arabia,,,False,,pending
10.1016/0160-7383(92)90133-a,Tourism in Saudi Arabia,1992,Annals of Tourism Research,False,,pending
10.3390/su141710718,"The Heritage Jewel of Saudi Arabia: A Descriptive Analysis of the Heritage Management and Development Activities in the At-Turaif District in Ad-Dir’iyah, a World Heritage Site (WHS)",2022,Sustainability,True,https://www.mdpi.com/2071-1050/14/17/10718/pdf?version=1661839880,skip:blocked_host
10.37868/hsd.v3i1.47,Awareness of glaucoma in the western region of Saudi Arabia,2020,Heritage and Sustainable Development,True,http://hsd.ardascience.com/index.php/journal/article/download/47/43,ok
10.52132/ajrsp.e.2023.52.2,The Quality of Crowd Management and Its Impact on the Experience of Event Visitors in Riyadh Season,2023,Academic Journal of Research and Scientific Publishing,True,https://doi.org/10.52132/ajrsp.e.2023.52.2,ok
10.53469/jpce.2024.06(03).02,Management of Local Architectural Heritage in the Kingdom of Saudi Arabia,2024,Journal of Social Science and Humanities,True,http://dx.doi.org/10.53469/jpce.2024.06(03).02,fail:curl52
10.65073/1658-9343.1147,Handicrafts and Heritage Sustainability as an Approach to Supporting the Tourism Economy According to Women’s Empowerment Initiatives in the Kingdom of Saudi Arabia,2026,UB Journal for Humanities,False,,pending
10.2307/jj.22730609.6,Developing Event Tourism in Saudi Arabia:,2017,Tourism in the Arab World,False,,pending
10.1002/sd.70756,"Hard, Green, and Heritage Infrastructure and Regional Tourism Spending in Saudi Arabia: Insights for Vision 2030 and
                    <scp>SDG</scp>
                    11",2026,Sustainable Development,False,,pending
10.3390/tourhosp7010018,Investigating the Impact of E-Tipping Motives on Brand Favorability: Evidence from Restaurants in Saudi Arabia,2026,Tourism and Hospitality,True,https://www.mdpi.com/2673-5768/7/1/18/pdf?version=1767869193,skip:blocked_host
10.21511/ppm.16(1).2018.39,Travel and tourism: growth potentials and contribution to the GDP of Saudi Arabia,2018,Problems and Perspectives in Management,True,https://businessperspectives.org/images/pdf/applications/publishing/templates/article/assets/10180/PPM_2018_01_Ali.pdf,ok
10.1109/digitalheritage.2015.7419468,Building information modelling for historical building Historic Jeddah - Saudi Arabia,2015,2015 Digital Heritage,True,https://discovery.ucl.ac.uk/10072740/1/07419468.pdf,ok
10.5367/000000004323142443,International Tourism in the Middle East; And Outbound Tourism from Saudi Arabia,2004,Tourism Economics,False,,pending
10.52132/ajrsp.e.2024.57.4,Analysis of Personal and Cultural Beliefs Related to Organ Donation in Saudi Arabia,2024,Academic Journal of Research and Scientific Publishing,True,https://doi.org/10.52132/ajrsp.e.2024.57.4,ok
10.20944/preprints202501.1464.v1,Tourism Development and Management in Saudi Arabia: Strategic Approaches under Vision 2030,2025,,True,https://www.preprints.org/frontend/manuscript/3958da4fe96b7b6f3d45656f6e4ec06c/download_pub,skip:blocked_host
10.1080/21534764.2024.2421818,"Analyzing Recent Tourism Developments in the GCC, with Special Reference to Saudi Arabia and Oman",2024,Journal of Arabian Studies,True,https://www.tandfonline.com/doi/pdf/10.1080/21534764.2024.2421818?download=true,fail:rescue
10.4172/2167-0269.s5-001,"Domestic Tourism Development in Asir Region, Saudi Arabia",2013,Journal of Tourism &amp; Hospitality,True,,pending
10.52133/ijrsp.v5.56.3,Impact of Applying Total Quality Management on Medical Services Quality (An Empirical Study on Saudi Arabia Hospitals),2024,International Journal of Research and Studies Publishing,True,http://dx.doi.org/10.52133/ijrsp.v5.56.3,ok
10.1515/9781503612587-009,4. Heritage as War,2020,Archive Wars,False,,pending
10.30892/gtg.27417-436,THE ROLE OF RELIGIOUS TOURISM IN SUSTAINABLE DEVELOPMENT IN SAUDI ARABIA: EVIDENCE FROM QUANTILE NON-CAUSALITY TEST,2019,GeoJournal of Tourism and Geosites,True,https://doi.org/10.30892/gtg.27417-436,ok
10.1201/b15685-35,Conservation of architectural heritage in Saudi Arabia,2013,Vernacular Heritage and Earthen Architecture,False,,pending
10.1016/j.ara.2017.02.001,"The Neolithic site of Jebel Oraf 2, northern Saudi Arabia: First report of a directly dated site with faunal remains",2017,Archaeological Research in Asia,True,https://www.sciencedirect.com/science/article/pii/S2352226716301027,skip:blocked_host
10.2307/jj.29308490.14,From Hajj to Hedonism?,2006,Tourism in the Middle East,False,,pending
10.1108/s2042-1443(2010)0000002010,Chapter 7 Tourism in Saudi Arabia,2010,Bridging Tourism Theory and Practice,False,,pending
10.14264/5335d51,Women’s empowerment: Exploring the challenges and opportunities for Saudi women working within the Tourism and Entertainment Ministries in the Kingdom of Saudi Arabia (KSA),,,False,,pending
10.30892/gtg.50428-1146,INFLUENCES OF FINANCIAL COMPENSATIONS AND ROLE STRESS ON TOURISM EMPLOYEES’ JOB SATISFACTION: EVIDENCES FROM SAUDI ARABIA,2023,GeoJournal of Tourism and Geosites,True,https://doi.org/10.30892/gtg.50428-1146,ok
10.18488/31.v12i2.4595,Hybrid tourism and territorial development: The case of voluntourism and alternative tourism in Saudi Arabia,2025,Journal of Tourism Management Research,True,https://archive.conscientiabeam.com/index.php/31/article/download/4595/8895,ok
10.58338/ctok7991,Documentary heritage needs in the Kingdom of Saudi Arabia,2026,,True,,pending
10.30892/gtg.55330-1302,DIGITAL INFORMATION’S INFLUENCE ON FORMING TOURISM EVENT IMPRESSIONS: THE INTERPLAY OF GENDER AND TOURISM TYPES,2024,GeoJournal of Tourism and Geosites,True,https://doi.org/10.30892/gtg.55330-1302,ok
10.30892/gtg.62433-1599,"ARADOXICAL LEADERSHIP, GREEN COMMITMENT, AND GREEN SELF-EFFICACY: THE MEDIATING AND MODERATING PATHWAYS TO GREEN INNOVATIVE WORK BEHAVIOR IN THE TOURISM AND HOSPITALITY BUSINESSES",2025,Geojournal of Tourism and Geosites,True,https://doi.org/10.30892/gtg.62433-1599,ok
10.30892/gtg.334spl18-609,"THE SOCIAL RESPONSIBILITY OF TOURISM AND HOTEL ESTABLISHMENTS AND THEIR ROLE IN SUSTAINABLE TOURISM DEVELOPMENT IN AL-AHSA, SAUDI ARABIA",2020,GeoJournal of Tourism and Geosites,True,https://doi.org/10.30892/gtg.334spl18-609,ok
10.30892/gtg.634spl24-1639,FROM CLASSROOM TO MARKETPLACE: EXPLORING THE DRIVERS OF STUDENTS' DIGITAL ENTREPRENEURIAL INTENTIONS IN EGYPTIAN TOURISM AND HOSPITALITY,2025,Geojournal of Tourism and Geosites,True,https://doi.org/10.30892/gtg.634spl24-1639,ok
10.18356/27887138-2023-104-4,Portfolio. Adorned by the sun World Heritage in the Kingdom of Saudi Arabia,2023,World Heritage Review,False,,pending
10.30892/gtg.49320-1104,THE EPISTEMOLOGICAL VALUES OF TRAVEL &amp; TOURISM COMPETITIVENESS INDEX AND ITS PREDICTIVE POWERS ON TOURIST ARRIVALS IN AFRICA; PLS-SEM APPROACH,2023,GeoJournal of Tourism and Geosites,True,https://doi.org/10.30892/gtg.49320-1104,ok
10.58981/bluepapers.2023.1.17,"Rebuilding Port Infrastructure Heritage in Jeddah, Saudi Arabia",2023,Blue Papers,True,https://bluepapers.nl/index.php/bp/article/download/48/46,ok
10.52133/ijrsp.v6.70.10,Enhancing Risk Management in Event Planning (The Role of Artificial Intelligence in Predictive Analysis and Crisis Mitigation),2025,International Journal of Research and Studies Publishing,True,https://doi.org/10.52133/ijrsp.v6.70.10,ok
10.1108/oxan-es275674,Visa regulations will boost tourism in Saudi Arabia,2023,Emerald Expert Briefings,False,,pending
10.21608/ijhth.2025.350825.1059,The Role of Digital Leadership in Developing Job Satisfaction among Employees: Applied to Employees of Air Arabia,2024,"International Journal of Heritage, Tourism and Hospitality",True,,pending
10.34021/ve.2020.03.04(2),The Relation between Tourism and Economic Growth: A Case of Saudi Arabia as an Emerging Tourism Destination,2020,Virtual Economics,True,https://virtual-economics.eu/index.php/VE/article/download/83/60,ok
10.3727/108354212x13473157390849,Towards a High-Quality Religious Tourism Marketing: The Case of Hajj Service in Saudi Arabia,2012,Tourism Analysis,False,,pending
10.3727/108354215x14464845877995,Religious Tourism and Economic Growth in Oil-Rich Countries: Evidence from Saudi Arabia,2015,Tourism Analysis,True,http://hdl.handle.net/10026.1/12096,fail:rescue
10.21608/ijecth.2019.181297,ROLE OF MOVIES TO PROMOTE CULTURAL HERITAGE TOURISM IN EGYPT,2019,"International Journal of Eco-Cultural Tourism, Hospitality Planning and Development",True,https://ijecth.journals.ekb.eg/article_181297_1d1ead9be503330d85bcb371d7a69837.pdf,skip:blocked_host
10.1007/978-3-031-44800-3_11,"Heritage Tourism Management Plan for Luxor, Egypt",2023,Heritage and Cultural Heritage Tourism,False,,pending
10.21608/ijecth.2020.181304,THE IMPACT OF THE TOURIST MARKET AND TOURISM SERVICES ON TOURISM DEVELOPMENT IN SOUTHERN EGYPT (ASWAN),2020,"International Journal of Eco-Cultural Tourism, Hospitality Planning and Development",True,https://ijecth.journals.ekb.eg/article_181304_00fa09992588425d68813504ca1342e0.pdf,skip:blocked_host
10.21608/ijecth.2020.181299,STRATEGIC MECHANISMS TO PROTECT THE INTANGIBLE HERITAGE IN EGYPT,2020,"International Journal of Eco-Cultural Tourism, Hospitality Planning and Development",True,https://ijecth.journals.ekb.eg/article_181299_26d8967054a8e1687e731988425ab1df.pdf,skip:blocked_host
10.14505/jemt.v12.1(49).21,Cultural Heritage: A Tourism Product of Egypt under Risk,2021,Journal of Environmental Management and Tourism,False,,pending
10.4324/9780429279065-11,Integrated cultural heritage planning in Egypt,2020,Cultural and Heritage Tourism in the Middle East and North Africa,False,,pending
10.21608/ijecth.2021.209860,"Highlighting on the Eco-tourism at Wadi Hammamat Site,Eastern Desert ,Egypt.",2021,"International Journal of Eco-Cultural Tourism, Hospitality Planning and Development",True,https://ijecth.journals.ekb.eg/article_209860_5bd90180ae47c74a8618bf01217b6eed.pdf,skip:blocked_host
10.21608/ijhth.2020.128036,Creative Cultural Tourism in Egypt: Case Study of Papyrus and Pottery,2020,"International Journal of Heritage, Tourism and Hospitality",True,https://ijhth.journals.ekb.eg/article_128036_e305ecb2154c00b14fa2563b67604081.pdf,skip:blocked_host
10.1080/14766825.2010.521249,‘Going out and doing something’: Victorian tourists in Egypt and the ‘tourist ethic’,2010,Journal of Tourism and Cultural Change,False,,pending
10.1007/978-3-030-10804-5_5,"Architectural Cosmopolitanism, Decolonization, and Sustainable Cultural Tourism: Both “Familiarity” And “Escapism” Since Nineteenth-Century Egypt",2019,"Advances in Science, Technology &amp; Innovation",False,,pending
10.21608/ijthsx.2025.351030.1142,Gastronomic Tourism as a Core Tourism Product for Augmenting Cultural Tourism in Egypt,2025,The International Journal of Tourism and Hospitality Studies,True,https://ijthsx.journals.ekb.eg/article_410987_e431cd0a645f66b469c194c6dfd24363.pdf,skip:blocked_host
10.21608/ijecth.2020.234245,"The Role of Traditional Crafts Centers in Maintaining Heritage and its Impact onPromoting Tourism (Case Study: Foustat Traditional Crafts Center – Cairo, Egypt)",2020,"International Journal of Eco-Cultural Tourism, Hospitality Planning and Development",True,https://ijecth.journals.ekb.eg/article_234245_5ea87a415d121dcd00a11f8915039a06.pdf,skip:blocked_host
10.21608/ijhth.2017.30197,Events Tourism: A Potential to Build a Tourist Destination Branding: the Case of Cultural Events in Egypt,2017,"International Journal of Heritage, Tourism and Hospitality",True,https://ijhth.journals.ekb.eg/article_30197_78b45eebb9a5c33639cedb1994ab725e.pdf,skip:blocked_host
10.18178/ijch.2017.3.3.096,"Problems and Challenges of Cultural Heritage in Alexandria, Egypt",2017,International Journal of Culture and History (EJournal),True,http://www.ijch.net/vol3/096-CH203.pdf,ok
10.1080/15313220.2018.1557098,Cross-cultural training and cultural intelligence of hospitality students: a case study in Egypt and Spain,2018,Journal of Teaching in Travel &amp; Tourism,False,,pending
10.21608/ijecth.2018.181055,"THE ROLE OF TRADITIONAL CRAFTS CENTERS IN MAINTAINING HERITAGE AND ITS IMPACT ON PROMOTING TOURISM (CASE STUDY: FOUSTAT TRADITIONAL CRAFTS CENTER – CAIRO, EGYPT)",2018,"International Journal of Eco-Cultural Tourism, Hospitality Planning and Development",False,,pending
10.30892/gtg.50416-1134,THE ROLE OF ASTRONOMY TOURISM IN PROMOTING EGYPT,2023,GeoJournal of Tourism and Geosites,True,https://doi.org/10.30892/gtg.50416-1134,ok
10.1787/888932990330,Egypt: Inbound tourism,,,False,,unknown
10.1787/888932990349,Egypt: Outbound tourism,,,False,,unknown
10.1787/888932990311,Egypt: Domestic tourism,,,False,,unknown
10.21608/ijecth.2025.447865,Overcoming the Challenges Facing Customers at E-Commerce Case Study- Egypt Air,2025,"International Journal of Eco-Cultural Tourism, Hospitality Planning and Development",True,https://ijecth.journals.ekb.eg/article_445526_8975859d1d0e8e5f22db04ccc3f46248.pdf,skip:blocked_host
10.21608/ijecth.2018.181060,INTEGRATION CONCEPT &amp; REGENERATIVE DESIGN AND THEIR RELATIONSHIP TO SUPPORT AND REVIVAL THE WORLD NATURAL HERITAGE SITES IN EGYPT,2018,"International Journal of Eco-Cultural Tourism, Hospitality Planning and Development",False,,pending
10.21608/ijecth.2019.181296,ECOTOURISM Management in Egypt with special Emphases on protected Area,2019,"International Journal of Eco-Cultural Tourism, Hospitality Planning and Development",True,https://ijecth.journals.ekb.eg/article_181296_5ec2a209be85aab6b57d8b4f9e4297bb.pdf,skip:blocked_host
10.21608/ijmsac.2021.187252,Sustainable Heritage tourism in Egypt,2021,International Journal of Multidisciplinary Studies in Architecture and Cultural Heritage,True,https://ijmsac.journals.ekb.eg/article_187252_479936102b7fbf8edda868562e9bae8f.pdf,skip:blocked_host
10.1787/888934120613,Egypt: Internal tourism consumption,,,False,,unknown
10.1787/772746462557,Egypt: Employment in tourism,,,False,,unknown
10.1787/888932990368,Egypt: Enterprises in tourism,,,False,,unknown
10.47672/ajashs.2063,Influence of Cultural Heritage Preservation on Tourism Development in Egypt,2024,"American Journal of Arts, Social and Humanity Studies",True,https://ajpojournals.org/journals/index.php/ajashs/article/download/2063/2517,ok
10.21608/ijaf.2018.95507,"Cultural Heritage and Identity: The Case Study of Luxor City, Egypt",2018,International Academic Journal Faculty of Tourism and Hotel Management,True,http://ijaf.journals.ekb.eg/article_95507_d99c24daa150cdb2b601785f23a3a230.pdf,skip:blocked_host
10.21608/ijhth.2020.153612,Program of Cultural Heritage and Museum Studies in Tourism Education: Case Study of a U.S Program and Potentials of Application in Egypt,2020,"International Journal of Heritage, Tourism and Hospitality",True,https://ijhth.journals.ekb.eg/article_153612_982a065051b1125a6b0b9b294d6c9ed3.pdf,skip:blocked_host
10.21608/ijaf.2019.95469,Addressing Challenges of Illicit Cultural Heritage Trafficking in Post-2011 Egypt,2019,International Academic Journal Faculty of Tourism and Hotel Management,True,https://ijaf.journals.ekb.eg/article_95469_09cc153320265cb337c30d503fdacf9e.pdf,skip:blocked_host
10.1163/2213-2996_flg_com_067170,Egypt - Tourism,,Foreign Law Guide,False,,pending
10.35912/joste.v3i1.1223,Role of Tourism Advertising Campaigns in Improving Destination Image,2021,Journal of Sustainable Tourism and Entrepreneurship,True,,pending
10.21608/ijaf.2024.291071.1089,Cultural Perspective on Sanctioned and Non-Sanctioned Violence in Ancient Egypt,2024,International Academic Journal Faculty of Tourism and Hotel Management,True,https://ijaf.journals.ekb.eg/article_434948_b33d7f8d8d56422d3d9ee16251b24558.pdf,skip:blocked_host
10.30519/ahtr.446254,Cultural Heritage Management in Turkey and Egypt: A Comparative Study,2018,Advances in Hospitality and Tourism Research (AHTR),True,,pending
10.21608/ijecth.2025.445526,"Eco-Friendly Materials in the Conservation of Cultural Heritage:A Case Study on ""The Chair of The Chalice Icons "" at the Virgin Mary Church in Haret Zuwaila, Egypt",2025,"International Journal of Eco-Cultural Tourism, Hospitality Planning and Development",False,,pending
10.1016/0261-5177(87)90106-3,Upgrading tourism in Egypt,1987,Tourism Management,False,,pending
10.1787/888933320857,"Egypt: Domestic, inbound and outbound tourism",,,False,,unknown
10.1787/888932633605,Table 4.258. Egypt: Employment in tourism,,,False,,unknown
10.1787/888934120594,Egypt: Enterprises and employment in tourism,,,False,,unknown
10.1787/888932633529,Table 4.254. Egypt: Domestic overnight tourism,,,False,,unknown
10.21608/ijecth.2021.209867,The Project of Developing the Traditional and Heritage Crafts and The Local Industries at the Villages of Upper Egypt and the red Sea,2021,"International Journal of Eco-Cultural Tourism, Hospitality Planning and Development",True,https://ijecth.journals.ekb.eg/article_209867_63ec47ad897c28d48e03d721ae482ea7.pdf,skip:blocked_host
10.1787/888932633586,Table 4.257. Egypt: Enterprises in tourism,,,False,,unknown
10.25145/j.pasos.2023.21.047,Destination image and revisit intention: the case of Egypt tourism,2023,PASOS. Revista de Turismo y Patrimonio Cultural,True,https://doi.org/10.25145/j.pasos.2023.21.047,ok
10.35912/joste.v2i1.516,Enhancing the competitive advantage for tourist souvenirs in Egypt: a marketing approach,2021,Journal of Sustainable Tourism and Entrepreneurship,True,https://goodwoodpub.com/index.php/JoSTE/article/download/516/151,ok
10.1787/772661738477,Egypt: Inbound tourism: International arrivals and receipts,,,False,,unknown
10.1787/772714470767,Egypt: Outbound Tourism: International departures and expenditure,,,False,,unknown
10.21608/sis.2022.175794.1111,"Virtual Reality and Virtual Diving Technologies: Innovative Tools to Promote Maritime and Underwater Cultural Heritage in the Red Sea, Egypt",2022,"Journal of Tourism, Hotels and Heritage",True,https://sjs.journals.ekb.eg/article_275146_c424aa5b883b7d1332ab0d1a2e664068.pdf,skip:blocked_host
10.21608/ijthm.2026.517421,The Role of Fine Arts Galleries and Museums in Influencing Cultural Tourism and Diversifying Its’ Products in Egypt,2026,International Journal of Tourism and Hospitality Management,True,,pending
10.15640/jthm.v8n1a3,"Conservation and Revival of the Marginalized Jewish Cultural Heritage of Alexandria, Egypt, through Digitization Technology",2020,JOURNAL OF TOURISM AND HOSPITALITY MANAGEMENT,True,http://jthmnet.com/journals/jthm/Vol_8_No_1_June_2020/3.pdf,fail:rescue
10.1093/acprof:oso/9780195386844.003.0015,Cross-Cultural Communication in Egypt,2017,Oxford Scholarship Online,False,,pending
10.21608/ijthsx.2025.409545.1177,Cairo’s Call: Exploring the Role of Cultural Identity and Behavioral Intentions in Promoting Islamic Heritage Tourism in Egypt,2025,The International Journal of Tourism and Hospitality Studies,True,https://ijthsx.journals.ekb.eg/article_407918_6ed0b5da204c1ac9d130ac76d8021d11.pdf,skip:blocked_host
10.1007/978-3-319-01669-6_323-1,"Egypt, tourism",2014,Encyclopedia of Tourism,False,,pending
10.4324/9781351022545-16,Tourism in Egypt,2020,Routledge Handbook of Tourism in Africa,False,,pending
10.30892/gtg.47234-1066,THE IMPACT OF SOCIAL MEDIA INFLUENCER’S CREDIBILITY ON THE TRAVEL INTENTIONS OF THE EGYPTIAN MILLENNIALS: APPLIED TO DOMESTIC TOURISM,2023,GeoJournal of Tourism and Geosites,True,https://doi.org/10.30892/gtg.47234-1066,ok
10.30892/gtg.46116-1010,THE ATMOSPHERIC ELEMENTS OF THE EGYPTIAN MUSEUMS AND THEIR EFFECT ON THE EGYPTIANS' INTENTIONS TO REVISIT,2023,GeoJournal of Tourism and Geosites,True,http://dx.doi.org/10.30892/gtg.46116-1010,ok
10.1109/iciss66954.2025.11389377,A Hybrid-Adaptive Recommender System for Fair Promotion of Cultural Heritage Tourism: Mitigating Popularity Bias,2025,2025 International Conference on ICT for Smart Society (ICISS),False,,pending
10.1787/888932633624,Table 4.259. Egypt: Tourism in the national economy ,,,False,,unknown
10.1163/1872-5309_ewic_ewiccom_0285a,Tourism: Egypt,,Encyclopedia of Women &amp; Islamic Cultures,False,,pending
10.5565/rev/dag.183,"Jacobs, Jessica (2010): Sex, tourism and postcolonial encounter: Landscapes of Longing in Egypt",2012,Documents d'Anàlisi Geogràfica,True,https://dag.revista.uab.cat/article/download/v58-n2-ortiz/pdf-ca,ok
10.33423/jsis.v18i3.6496,"Urban Logistics Associated With Religious Tourism: The Case of the Hajj in Mecca, Saudi Arabia",2023,Journal of Strategic Innovation and Sustainability,True,https://articlegateway.com/index.php/JSIS/article/download/6496/6136,ok
10.7591/cornell/9780801454233.003.0005,The Hajj and Religious Politics after 1905,2015,Russian Hajj,False,,pending
10.7591/9781501701313-007,4. The Hajj and Religious Politics after 1905,2017,Russian Hajj,False,,pending
10.64628/ab.dhxky39vj,Hajj 2020: coronavirus pandemic frustrates Saudi vision for expanded religious tourism,2020,,False,,pending
10.7591/cornell/9780801454233.003.0004,Forging a Russian Hajj Route,2015,Russian Hajj,False,,pending
10.2307/j.ctv14npk3p.10,“WELCOME BACK FROM MECCA!”:,2020,Remaking Islam in African Portugal,False,,pending
10.2139/ssrn.5062376,The Urban Impact of Religious Mega-Events on Host Cities: A Comparative Study of Hajj in Mecca and Arbaeen Walk in Naja,2024,,True,,pending
10.7591/cornell/9780801454233.003.0003,"Mapping the Hajj, Integrating Muslims",2015,Russian Hajj,False,,pending
10.7591/cornell/9780801454233.003.0006,The Hajj and Socialist Revolution,2015,Russian Hajj,False,,pending
10.30674/scripta.67440,Digital hajj: the pilgrimage to Mecca in Muslim cyberspace and the issue of religious online authority,2013,Scripta Instituti Donneriani Aboensis,True,https://journal.fi/scripta/article/download/67440/27737,fail:rescue
10.7591/cornell/9780801454233.003.0007,Russian Hajj in the Twenty-First Century,2015,Russian Hajj,False,,pending
10.3366/edinburgh/9781474494106.003.0003,The Roads to Mecca,2022,Bosnian Hajj Literature,False,,pending
10.2307/j.ctv19fvzqz.10,Mecca and the Ways Thither,2021,The Hajj,False,,pending
10.1017/cbo9781139343794.004,Why Mecca? Abraham and the Hajj in the Islamic Tradition,2016,The Hajj,False,,pending
10.4018/978-1-5225-2796-1.ch010,The Economics of Religious Tourism (Hajj and Umrah) in Saudi Arabia,2018,"Advances in Hospitality, Tourism, and the Services Industry",False,,pending
10.7591/cornell/9780801454233.001.0001,Russian Hajj,2015,,False,,pending
10.7591/9781501701313-005,"2. Mapping the Hajj, Integrating Muslims",2017,Russian Hajj,False,,pending
10.7591/9781501701313-006,3. Forging a Russian Hajj Route,2017,Russian Hajj,False,,pending
10.1079/9781789241600.0133,The natural environment and waste management at the Hajj.,2020,Religious tourism and the environment,False,,pending
10.2307/j.ctv19fvzqz.12,The Medieval Hajj (1100-1400 C.E.),2021,The Hajj,False,,pending
10.7591/9781501701313-008,5. The Hajj and Socialist Revolution,2017,Russian Hajj,False,,pending
10.7591/9781501701313-009,Conclusion: Russian Hajj in the Twenty-First Century,2017,Russian Hajj,False,,pending
10.2307/j.ctv19fvzqz.4,The Hajj in Early Photo Documents,2021,The Hajj,False,,pending
10.7765/9781526162618.00007,I Colonising the Hajj,2023,Decolonising the Hajj,False,,pending
10.2307/j.ctv19fvzqz.11,Illustrations,2021,The Hajj,False,,pending
10.7765/9781526162618.00011,II Decolonising the Hajj,2023,Decolonising the Hajj,False,,pending
10.1515/9781400887361-015,Chronology of Mecca and the Hajj,2017,Mecca,False,,pending
10.1079/9781800623675.0013,Seeking Identity and True Transformation: the Hajj Experience,2024,CABI Religious Tourism and Pilgrimage Series,False,,pending
10.2307/j.ctv19fvzqz.16,Steamships and Cholera:,2021,The Hajj,False,,pending
10.1079/9781786392282.0052,Hajj: the movement and behaviour of crowds.,2018,Risk and safety challenges for religious tourism and events,False,,pending
10.1515/9780691225142-008,CHAPTER II MECCA AND THE WAYS THITHER,1994,The Hajj,False,,pending
10.7591/9781501701313-003,Introduction: Russia as a Crossroads of the Global Hajj,2017,Russian Hajj,False,,pending
10.1515/9780691225142-009,CHAPTER III THE MEDIEVAL HAJJ (1100-1400 C.E.),1994,The Hajj,False,,pending
10.7312/low-19076-007,THREE Microbial Mecca and the Global Crisis of Cholera,2020,Imperial Mecca,False,,pending
10.1163/9789004513174_006,Religious Emotion and Embodied Piety in the Ottoman Turkish Hajj Accounts of Evliyā Çelebī (1611–c. 1683) and Yūsuf Nābī (1642–1712),2023,Narrating the Pilgrimage to Mecca,True,https://brill.com/downloadpdf/book/9789004513174/BP000005.pdf,ok
10.7591/9781501701313-013,Bibliography,2017,Russian Hajj,False,,pending
10.2307/j.ctv19fvzqz.5,Preface,2021,The Hajj,False,,pending
10.2307/j.ctv19fvzqz.19,Notes,2021,The Hajj,False,,pending
10.7591/9781501701313-011,Abbreviations,2017,Russian Hajj,False,,pending
10.1002/jtr.825,Religious tourism and its management: the hajj in Saudi Arabia,2010,International Journal of Tourism Research,False,,pending
10.7591/9781501701313-014,Index,2017,Russian Hajj,False,,pending
10.2307/j.ctv19fvzqz.15,Through European Eyes:,2021,The Hajj,False,,pending
10.2307/j.ctv19fvzqz.6,Acknowledgments,2021,The Hajj,False,,pending
10.2307/j.ctv19fvzqz.9,Origins,2021,The Hajj,False,,pending
10.33612/diss.132290623,Mecca in Morocco: Articulations of the Muslim pilgrimage (Hajj) in Moroccan everyday life,,,True,https://pure.rug.nl/ws/files/132290625/Complete_thesis.pdf,ok
10.1079/9781786394163.0021,Motivations of the pilgrim to attend the annual pilgrimage of Hajj.,2019,Spiritual and religious tourism : motivations and management,False,,pending
10.2307/j.ctv19fvzqz.8,Maps,2021,The Hajj,False,,pending
10.7591/9781501701313-toc,Contents,2017,Russian Hajj,False,,pending
10.7591/9781501701313-fm,Frontmatter,2017,Russian Hajj,False,,pending
10.2307/j.ctv19fvzqz.1,Front Matter,2021,The Hajj,False,,pending
10.64628/ab.3fggue47t,Hajj: how globalisation transformed the market for pilgrimage to Mecca,2018,,True,,pending
10.2307/j.ctv19fvzqz,The Hajj,2021,,False,,pending
10.31291/hn.v4i2.88,A Sundanese Story of Hajj in the Colonial Period: Haji Hasan Mustapa’s Dangding on the Pilgrimage to Mecca,2016,Heritage of Nusantara: International Journal of Religious Literature and Heritage,True,,pending
10.1515/9780691225142-012,CHAPTER VI STEAMSHIPS AND CHOLERA: THE HAJJ IN MODERN TIMES,1994,The Hajj,False,,pending
10.1079/9781786394163.0051,The selfie in Islamic pilgrimages as a communication tool in Hajj and Umrah.,2019,Spiritual and religious tourism : motivations and management,False,,pending
10.7591/cornell/9780801454233.003.0002,Imperialism through Islamic Networks,2015,Russian Hajj,False,,pending
10.7765/9781526162618.00015,Conclusion,2023,Decolonising the Hajj,False,,pending
10.1515/9781399520737-016,Conclusion – Mecca in Morocco: Manifestations of the Hajj in Moroccan Everyday Life,2024,Mecca in Morocco,False,,pending
10.2307/j.ctv19fvzqz.13,Under New Auspices,2021,The Hajj,False,,pending
10.64628/aai.w5qcgng34,Hajj in extraordinary heat: what a scholar of Islam saw in Mecca,2024,,False,,pending
10.2307/j.ctv19fvzqz.20,Works Cited,2021,The Hajj,False,,pending
10.2307/j.ctv19fvzqz.3,List of Illustrations,2021,The Hajj,False,,pending
10.7591/9781501701313-001,List of Maps,2017,Russian Hajj,False,,pending
10.7312/low-19076,Imperial Mecca,2020,,False,,pending
10.7765/9781526162618,Decolonising the Hajj,2023,,False,,pending
10.7765/9781526162618.00014,Cracks in the road,2023,Decolonising the Hajj,False,,pending
10.2307/jj.33228201.10,The Hajj to Mecca,2016,The Travels of Ibn Battuta,False,,pending
10.1079/9781780645230.0313,Takaful: to explore the market need for Hajj travel insurance.,2015,Religious tourism and pilgrimage management: an international perspective,False,,pending
10.2307/j.ctv19fvzqz.2,Table of Contents,2021,The Hajj,False,,pending
10.7591/9781501701313-002,Preface: Sources and Maps,2017,Russian Hajj,False,,pending
10.7765/9781526162618.00002,Dedication,2023,Decolonising the Hajj,True,https://www.degruyter.com/document/doi/10.7765/9781526162618.00002/pdf?licenseType=free,fail:notpdf0
10.14296/rih/2014/2130,Review of 'Russian Hajj: Empire and the Pilgrimage to Mecca',2017,Reviews in History,True,https://reviews.history.ac.uk/printpdf/review/2130,fail:rescue
10.2307/j.ctv19fvzqz.18,The Great War and After,2021,The Hajj,False,,pending
10.7312/low-19076-005,ONE Blurred Vision The Hijaz and the Hajj in the Colonial Imagination,2020,Imperial Mecca,False,,pending
10.7765/9781526162618.00009,"Power, patronage, and privilege",2023,Decolonising the Hajj,False,,pending
10.1108/tr-11-2018-0155,"Loyalty motivations for religious tourism: Indonesian Muslim travelers umrah participating in umrah pilgrimage to Mecca, Saudi Arabia",2019,Tourism Review,False,,pending
10.21203/rs.3.rs-8230831/v1,Cultural Diffusion and Gulf Diaspora: An Ethnographic Analysis of Cultural Impact of Gulf Migration in Rural North Indian Experiences,2025,,True,https://www.researchsquare.com/article/rs-8230831/latest.pdf,ok
10.4324/9780429277498-11,The cultural tourism market,2020,Cultural Tourism,False,,pending
10.4324/9781003422952-14,"Experimental reconstruction, cultural memory and cultural tourism",2024,Innovative Cultural Tourism in European Peripheries,True,https://api.taylorfrancis.com/content/chapters/oa-edit/download?identifierName=doi&identifierValue=10.4324/9781003422952-14&type=chapterpdf,skip:blocked_host
10.1080/14766825.2019.1609488,"Cultural tourism: cultural presentation at the Basotho cultural village, Free State, South Africa",2019,Journal of Tourism and Cultural Change,False,,pending
10.1016/0261-5177(91)90022-l,Conflict in the gulf,1991,Tourism Management,False,,pending
10.4324/9780203120958-25,The economic value of cultural tourism: Determinants of cultural tourists’ expenditures,2013,The Routledge Handbook of Cultural Tourism,False,,pending
10.4324/9781315258720-13,Sustainable Development and Tourism: Opportunities and Threats to Cultural Heritage from Tourism,2016,Cultural Tourism and Sustainable Local Development,False,,pending
10.4324/9780203402825-23,The relationship between heritage and cultural tourism,2003,Issues in Cultural Tourism Studies,False,,pending
10.1016/b978-0-7506-5668-9.50015-5,Applications of Cultural Analysis in Tourism,2003,Cross-Cultural Behaviour in Tourism,False,,pending
10.1108/tr-06-2019-0266,"Internal marketing, employee satisfaction and cultural congruence of Gulf airlines",2020,Tourism Review,True,http://hdl.handle.net/10026.1/15215,fail:rescue
10.4324/9780203120958-14,Reﬂections on globalisation and cultural tourism,2013,The Routledge Handbook of Cultural Tourism,False,,pending
10.4324/9780203402825-12,Cultural tourism as a positive development option,2003,Issues in Cultural Tourism Studies,False,,pending
10.1080/14766825.2025.2591083,Edible tourism landscapes: co-designing agro-tourism experiences for cultural sustainability,2025,Journal of Tourism and Cultural Change,False,,pending
10.4324/9780203120958-28,Cultural tourism and the mobilities paradigm,2013,The Routledge Handbook of Cultural Tourism,False,,pending
10.4324/9780203869857-11,A framework for global cultural tourism studies,2009,Issues in Cultural Tourism Studies,False,,pending
10.4324/9780203120958.ch24,"Tourism, Anthropology and Cultural Configuration",,The Routledge Handbook of Cultural Tourism,False,,pending
10.4324/9780203120958-24,The economic impacts of cultural tourism,2013,The Routledge Handbook of Cultural Tourism,False,,pending
10.4324/9780203120958-33,A darker type of cultural tourism,2013,The Routledge Handbook of Cultural Tourism,False,,pending
10.4324/9780203402825-38,The development of carnivals as cultural tourism events,2003,Issues in Cultural Tourism Studies,False,,pending
10.4324/9780203583685-31,Cultural heritage tourism and the digital future,2013,Contemporary Issues in Cultural Heritage Tourism,False,,pending
10.4324/9780203120958-29,Erasmus students: The ‘ambassadors’ of cultural tourism,2013,The Routledge Handbook of Cultural Tourism,False,,pending
10.4324/9780203402825-31,Levels of indigenous involvement in cultural tourism development,2003,Issues in Cultural Tourism Studies,False,,pending
10.1016/b978-0-7506-5668-9.50005-2,Concepts of Cross-Cultural Behaviour in Tourism,2003,Cross-Cultural Behaviour in Tourism,False,,pending
10.4324/9780203402825-34,The relationship between cultural tourism and the arts,2003,Issues in Cultural Tourism Studies,False,,pending
10.1016/b978-0-7506-5668-9.50012-x,Methods for Cross-Cultural Analysis in Tourism,2003,Cross-Cultural Behaviour in Tourism,False,,pending
10.1080/14766825.2013.820818,The cultural moment in tourism,2013,Journal of Tourism and Cultural Change,False,,pending
10.4324/9780367201777-10,Positive and negative effects of cultural tourism development,2021,"Cultural Sustainability, Tourism and Development",False,,pending
10.4324/9780080455471-15,Cultural tourism in South Africa: a case study of cultural villages from a developing country perspective,2006,International Cultural Tourism,False,,pending
10.4337/9781789905441.00010,New rituals and the dynamics of cultural tourism practices,2021,Rethinking Cultural Tourism,False,,pending
10.2307/jj.25291749.18,Cultural Tourism as Cultural Adaptation:,2025,The Future of Cultural Tourism,False,,pending
10.1080/14766825.2014.970348,The Routledge handbook of cultural tourism,2014,Journal of Tourism and Cultural Change,False,,pending
10.4324/9780203120958.ch5,Reflections on Globalisation and Cultural Tourism,,The Routledge Handbook of Cultural Tourism,False,,pending
10.4324/9780367201777-14,Eco-warriors Bishnois for cultural tourism in Rajasthan,2021,"Cultural Sustainability, Tourism and Development",False,,pending
10.1080/14766825.2010.540370,Cultural tourism and sustainable local development,2011,Journal of Tourism and Cultural Change,False,,pending
10.1007/978-3-030-02006-4_457-1,"Culture, Tourism and Sustainability (Cultural Heritage and Sustainable Tourism, Social Sustainability of Tourism, Socio-Cultural Sustainability of Tourism)",2020,Encyclopedia of Sustainable Management,False,,pending
10.21832/9781845410452-004,"2. Cultural Politics, Cultural Policy and Cultural Tourism",2006,Cultural Tourism in a Changing World,False,,pending
10.4324/9780080455471-10,Cultural tourism packages: the role of smart cards in the Alps,2006,International Cultural Tourism,False,,pending
10.4324/9780203790601-21,How tourism works,2014,Cultural Tourism,False,,pending
10.1080/14766820308668157,"Mobile Cultures? Hybridity, Tourism and Cultural Change",2003,Journal of Tourism and Cultural Change,False,,pending
10.4324/9780203120958-11,Cultivated pursuits: Cultural tourism as metempsychosis and metensomatosis,2013,The Routledge Handbook of Cultural Tourism,False,,pending
10.1007/978-3-031-25984-5_457,"Culture, Tourism, and Sustainability (Cultural Heritage and Sustainable Tourism, Social Sustainability of Tourism, Socio-cultural Sustainability of Tourism)",2023,Encyclopedia of Sustainable Management,False,,pending
10.1016/j.daach.2020.e00157,Comparative analysis of digital photogrammetry software for cultural heritage,2020,Digital Applications in Archaeology and Cultural Heritage,False,,pending
10.1007/978-3-030-15200-0_20,Cultural Heritage Digital Data: Future and Ethics,2019,Digital Cultural Heritage,False,,pending
10.1016/j.daach.2020.e00139,A web repository for geo-located 3D digital cultural heritage models,2020,Digital Applications in Archaeology and Cultural Heritage,False,,pending
10.70000/cj.2011.25.345,Arab experiences in digital documentation of heritage and cultural resources,2011,Cybrarians Journal,True,https://journal.cybrarians.info/index.php/cj/article/download/345/359,ok
10.1016/j.culher.2014.09.005,"Conference report: Digital Heritage: Digital Communities in Action, Centre for Digital Heritage, University of York, 12th July 2014",2014,Journal of Cultural Heritage,False,,pending
10.1007/978-3-031-76941-2_6,Indigenous Game Design and Digital Cultural Heritage,2025,Digital Indigenous Cultural Heritage,False,,pending
10.62311/nesx/rb-978-81-985979-3-9,Preserving Cultural Heritage with Digital Twin Technology,2025,Preserving Cultural Heritage with Digital Twin Technology,True,https://www.nationaleducationservices.org/file-download/1568414/Download Full-Text Research Book PDF Pp 1-32F6.pdf,fail:curl3
10.1007/978-3-030-15200-0_8,Digital Preservation of Cultural Heritage for Small Institutions,2019,Digital Cultural Heritage,False,,pending
10.62311/nesx/97939,Digital Twin Technology: Transforming Cultural Heritage Preservation,2025,Preserving Cultural Heritage with Digital Twin Technology,True,https://www.nationaleducationservices.org/file-download/1352669/Download Full-Text PDF Pp 121-130_Signed.pdf,fail:curl3
10.1016/j.daach.2019.e00116,A Malaysian cultural heritage digital compendium,2019,Digital Applications in Archaeology and Cultural Heritage,True,,pending
10.1016/j.daach.2024.e00334,Advanced interactive digital storytelling in digital heritage applications,2024,Digital Applications in Archaeology and Cultural Heritage,False,,pending
10.4337/9780857931009.00023,Digital cultural heritage,2013,Handbook on the Economics of Cultural Heritage,True,https://www.elgaronline.com/downloadpdf/edcoll/9780857930996/9780857930996.00023.pdf,fail:rescue
10.5617/nm.3225,1: Digital Heritage. 2: Theorizing Digital Cultural Heritage – A Critical Discourse. 3: New Heritage. New Media and Cultural Heritage,1970,Nordisk Museologi,True,https://www.journals.uio.no/index.php/museolog/article/download/3225/2792,ok
10.1016/j.culher.2004.09.001,Valuing cultural heritage: the social benefits of restoring and old Arab tower,2005,Journal of Cultural Heritage,False,,pending
10.1016/s2212-0548(20)30067-9,Editorial Board,2020,Digital Applications in Archaeology and Cultural Heritage,False,,pending
10.1016/j.daach.2026.e00561,Strategies for digital heritage valorization: Cross-cultural insights for preserving and showcasing Casablanca's architectural legacy,2026,Digital Applications in Archaeology and Cultural Heritage,False,,pending
10.29085/9781783300662.003,Digital humanities and digital cultural heritage (alt-history and future directions),2015,Cultural Heritage Information,False,,pending
10.4324/9781315575278-11,Digital humanities research needs from cultural heritage looking forward to 2025?,2017,Cultural Heritage Infrastructures in Digital Humanities,False,,pending
10.4324/9780203937884-7,INTRODUCTION: Preserving cultural heritage through digital media,2007,New Heritage,True,,pending
10.1016/j.daach.2016.10.001,Geometric invariance in digital imaging for the preservation of cultural heritage in Tunisia,2016,Digital Applications in Archaeology and Cultural Heritage,False,,pending
10.1016/j.daach.2026.e00512,Reconstructing Aura in immersive heritage media,2026,Digital Applications in Archaeology and Cultural Heritage,True,,pending
10.1016/j.daach.2026.e00548,Toward perceptually accurate digital color in cultural heritage: A multispectral and VR-integrated framework for virtual restoration,2026,Digital Applications in Archaeology and Cultural Heritage,False,,pending
10.1007/978-3-642-28099-3_4,Digital Management of Cultural Heritage Protection,2012,Digital Preservation Technology for Cultural Heritage,False,,pending
10.7551/mitpress/9780262033534.003.0013,Finding a Future for Digital Cultural Heritage Resources Using Contextual Information Frameworks,2007,Theorizing Digital Cultural Heritage,False,,pending
10.35859/jms.2023.1346173,The Image of the Other in the Arab Cultural Heritage,2023,The Journal of Mesopotamian Studies,True,https://dergipark.org.tr/en/download/article-file/3345940,ok
10.1109/digitalheritage.2015.7419506,Managing cultural heritage: Digital documentation and archiving,2015,2015 Digital Heritage,False,,pending
10.7551/mitpress/9780262033534.003.0005,"Te Ahua Hiko: Digital Cultural Heritage and Indigenous Objects, People, and Environments",2007,Theorizing Digital Cultural Heritage,True,,pending
10.1016/j.daach.2024.e00317,Augmented reality systems in the cultural heritage domains: A systematic review,2024,Digital Applications in Archaeology and Cultural Heritage,False,,pending
10.1007/978-3-642-28099-3_2,Fundamentals of Digital Preservation of Cultural Heritage,2012,Digital Preservation Technology for Cultural Heritage,False,,pending
10.1016/b978-1-84334-720-0.50002-7,Cultural heritage within digital information contexts,2013,Information Literacy and Cultural Heritage,False,,pending
10.1016/j.daach.2024.e00381,Exploring the digital heritage of Ajanta Caves through VR technology,2024,Digital Applications in Archaeology and Cultural Heritage,False,,pending
10.54103/2531-5994/31134,Digital Arts and Humanities for Cultural Heritage - La documentazione digitale per nuovi modelli di edu-tainment,2018,DigitCult - Scientific Journal on Digital Cultures,True,,pending
10.1016/j.daach.2026.e00570,Conceptual evolution of HBIM: From documentation to integrative digital heritage approaches,2026,Digital Applications in Archaeology and Cultural Heritage,False,,pending
10.1016/j.daach.2023.e00257,Cultural heritage preservation through dance digitization: A review,2023,Digital Applications in Archaeology and Cultural Heritage,False,,pending
10.7551/mitpress/6751.003.0008,"Te Ahu Hiko: Digital Cultural Heritage and Indigenous Objects, People, and Environments",2007,Theorizing Digital Cultural Heritage,False,,pending
10.1201/b11049-17,Copyright Protection of Digital Images of Cultural Heritage,2017,Digital Imaging for Cultural Heritage Preservation,False,,pending
10.1016/j.daach.2019.e00114,Narralive – Creating and experiencing mobile digital storytelling in cultural heritage,2019,Digital Applications in Archaeology and Cultural Heritage,True,https://arxiv.org/pdf/1912.01368,ok
10.1016/j.daach.2024.e00316,Developing digital Islamic heritage sites in Jordan: The case of al-Mafraq,2024,Digital Applications in Archaeology and Cultural Heritage,True,,pending
10.1016/j.daach.2026.e00534,When meshes lie formalising tacit knowledge for flaw recognition in cultural heritage photogrammetry,2026,Digital Applications in Archaeology and Cultural Heritage,True,,pending
10.1016/j.daach.2026.e00546,Knowledge extraction and multi-label classification of Algerian cultural heritage monuments using faceted taxonomy,2026,Digital Applications in Archaeology and Cultural Heritage,False,,pending
10.1016/j.daach.2024.e00336,Romanesque portal from Olbin - 3D digital recomposition,2024,Digital Applications in Archaeology and Cultural Heritage,False,,pending
10.1016/j.culher.2021.01.007,Resilient cultural heritage through digital cultural heritage cube: Two cases in South Korea,2021,Journal of Cultural Heritage,False,,pending
10.22215/etd/2010-09137,Digital applications for architectural heritage : using location-based technologies to contextualize digital cultural heritage assets,,,True,http://repository.library.carleton.ca/downloads/cz30pt24m,ok
10.29085/9781783300662.002,Managing digital cultural heritage information,2015,Cultural Heritage Information,False,,pending
10.1016/j.daach.2022.e00212,Digital survey: How it can change the way we perceive and understand heritage sites,2022,Digital Applications in Archaeology and Cultural Heritage,False,,pending
10.1007/978-3-031-76941-2_9,Participatory Approaches to Ethical Design with Indigenous Cultural Heritage in the Digital Age,2025,Digital Indigenous Cultural Heritage,False,,pending
10.1016/j.culher.2007.06.003,Documentation of cultural heritage using digital photogrammetry and laser scanning,2007,Journal of Cultural Heritage,False,,pending
10.1016/j.daach.2023.e00300,Kathakali character identification – Using deep learning techniques and web technologies for Indian cultural heritage,2024,Digital Applications in Archaeology and Cultural Heritage,False,,pending
10.17501/23572612.2024.8104,"INTEGRATING ISLAMIC CULTURAL AND RELIGIOUS VALUES INTO TOURISM DEVELOPMENT IN GCC COUNTRIES: CHALLENGES, OPPORTUNITIES, AND CASE STUDIES",2024,International Conference on Hospitality and Tourism Management.,True,https://doi.org/10.17501/23572612.2024.8104,ok
10.33193/jalhss.82.2022.713,UAE: Cultural Representation and Re-Creating Emirates Environment in International Films and its Implications for Tourism,2022,"Journal of Arts, Literature, Humanities and Social Sciences",True,https://www.jalhss.com/index.php/jalhss/article/download/713/703,ok
10.1108/jchmsd-05-2023-0066,Positioning UAE archaeological sites in tourism supply chains,2024,Journal of Cultural Heritage Management and Sustainable Development,False,,pending
10.15242/heaig.h0317447,Lombok: Halal Tourism as a New Indonesia Tourism Strategy,2017,"March 13-15, 2017 Dubai (UAE)",True,https://doi.org/10.15242/heaig.h0317447,ok
10.3727/194344225x17315216888970,Religious Tolerance and Tourism: The UAE Case,2025,Tourism Review International,False,,pending
10.15242/dirpub.uh1017105,Tourism: Opportunities and Challenges for Gender Equality,2018,"Oct. 17-19, 2017 Dubai (UAE)",False,,pending
10.30892/gtg.40121-817,HOW READY ARE CUSTOMERS TO RE-TRAVEL FOR TOURISM? INSIGHTS FROM THE UAE AND EGYPT,2022,GeoJournal of Tourism and Geosites,True,https://doi.org/10.30892/gtg.40121-817,ok
10.51713/jotis.2025.5288,Competitive Positioning of Indonesia’s Tourism Sector for UAE Travellers,2025,Journal of Tourism and Interdiciplinary Studies,True,http://jotis.untrimbali.ac.id/index.php/JOTIS/article/download/88/134,ok
10.1108/978-1-83797-837-320251030,Circular Economy in Tourism: Unlocking Sustainable Development Opportunities in the UAE,2025,Meaningful Tourism,False,,pending
10.15242/dirpub.uh1017104,Tourism Development and ‘Make in India’: What is Lacking,2018,"Oct. 17-19, 2017 Dubai (UAE)",False,,pending
10.1109/swc65939.2025.00291,AR7ebo: An Interactive AR and AI-Driven System for Enhancing UAE Tourism and Cultural Heritage Exploration,2025,2025 IEEE Smart World Congress (SWC),False,,pending
10.18502/aqf.0019,Cultural Border Crossings in the UAE,2012,Al Qasimi Foundation,False,,pending
10.2307/jj.30051455.21,Developing cultural awareness for events in the UAE,2025,The Cultural Risk Assessment in Events,False,,pending
10.20867/thm.29.4.17,The Hilton hotels in the midst of the UAE 2071 centennial plan: Redesigning the UAE on the path of innovation and international tourism,2023,Tourism and hospitality management,True,https://doi.org/10.20867/thm.29.4.17,ok
10.1177/13548166261468460,Tourism as a catalyst for economic diversification in the UAE: Evidence from input–output analysis,2026,Tourism Economics,True,,pending
10.21608/ijhth.2020.120266,Residents’ Perceptions of the Impacts of Tourism Development: Empirical Evidence from UAE,2020,"International Journal of Heritage, Tourism and Hospitality",True,https://ijhth.journals.ekb.eg/article_120266_9f9acdabef7b702d469db1185c61ceb7.pdf,skip:blocked_host
10.1177/14673584241278451,The tour guide profession: An attractive option for UAE nationals majoring in tourism?,2024,Tourism and Hospitality Research,True,https://journals.sagepub.com/doi/pdf/10.1177/14673584241278451,ok
10.2139/ssrn.5020770,Policy Brief on Entrepreneurship in UAE Fostering Inclusive Growth for Nascent Entrepreneurs in the UAE: Addressing Gender and Cultural Barriers,2024,,True,,pending
10.17265/2328-2169/2014.04.005,Urban Heritage and Tourism in the Gulf: The Case of Dubai in the UAE,2014,J. of Tourism and Hospitality Management,True,,pending
10.4018/978-1-5225-6283-2.ch002,Challenges for Promotion of Heritage Tourism,2019,"Advances in Hospitality, Tourism, and the Services Industry",False,,pending
10.3390/tourhosp7020041,"Metaverse Festivals Beyond Overtourism: Digital Transformation of Cultural Events Towards Accessibility, Cultural Engagement and Sustainable Tourism Policy",2026,Tourism and Hospitality,True,https://www.mdpi.com/2673-5768/7/2/41/pdf,skip:blocked_host
10.21608/ijecth.2024.297283.1004,The Role of Intangible Cultural Heritage in the Development of Cultural Tourism,2023,"International Journal of Eco-Cultural Tourism, Hospitality Planning and Development",False,,pending
10.4324/9781003601265-13,Cross-cultural aspects of sustainability in tourism and hospitality,2025,Cross-Cultural Aspects of Tourism and Hospitality,False,,pending
10.21608/ijecth.2022.269603,Evaluation Cultural Tourism using Ideology-Utopia Theory (Case Study in Bali),2022,"International Journal of Eco-Cultural Tourism, Hospitality Planning and Development",True,https://ijecth.journals.ekb.eg/article_269603_38008fe7433fefd50a2d8e4fb0f862a6.pdf,skip:blocked_host
10.21608/ijecth.2018.181053,THE MUTUAL RELATION BETWEEN IDENTITY AND CULTURAL TOURISM (REIMAGING HISTORIC DISTRICTS),2018,"International Journal of Eco-Cultural Tourism, Hospitality Planning and Development",True,https://ijecth.journals.ekb.eg/article_390363_ec24a7491dc35592c7c0c093c486442a.pdf,skip:blocked_host
10.1177/1467358413505793,International Conference - Call for Participation Cross Cultural Issues in Tourism &amp; Hospitality,2012,Tourism and Hospitality Research,False,,pending
10.21608/ijecth.2022.244550,Tourism advertising strategies,2022,"International Journal of Eco-Cultural Tourism, Hospitality Planning and Development",True,https://ijecth.journals.ekb.eg/article_244550_764ca6e8434e338ec5bf399b90608636.pdf,skip:blocked_host
10.21608/ijecth.2021.187033,Smart Tourism - Living Lab Approach,2021,"International Journal of Eco-Cultural Tourism, Hospitality Planning and Development",True,https://ijecth.journals.ekb.eg/article_187033_e8ec047e57375a45066352bf50f38b92.pdf,skip:blocked_host
10.21608/ijecth.2026.299368.1006,The Challenges of Sustainable Tourism Development,2026,"International Journal of Eco-Cultural Tourism, Hospitality Planning and Development",False,,pending
10.1016/j.jhlste.2024.100499,Determinants of cultural heritage tourism demands: Learning in cultural heritage tourism destination,2024,"Journal of Hospitality, Leisure, Sport &amp; Tourism Education",False,,pending
10.3390/tourhosp4010006,Cultural Integration and Rural Tourism Development: A Scoping Literature Review,2023,Tourism and Hospitality,True,https://www.mdpi.com/2673-5768/4/1/6/pdf?version=1676042455,skip:blocked_host
10.21608/ijecth.2024.283797.1003,Cultural Guardianship in Tourism: Indigenous Communities' Quest for Economic Stability and Identity Preservation,2023,"International Journal of Eco-Cultural Tourism, Hospitality Planning and Development",False,,pending
10.18111/9789284406708,Tourism at World Heritage Cultural Sites (Arabic version),2004,,False,,pending
10.21608/ijecth.2024.299367.1005,The Challenges of Rural Tourism Development,2023,"International Journal of Eco-Cultural Tourism, Hospitality Planning and Development",True,https://ijecth.journals.ekb.eg/article_363746_39e46e266640149485d8b98be38015f9.pdf,skip:blocked_host
10.1177/1467358416653868,Cross-cultural issues in tourism and hospitality,2017,Tourism and Hospitality Research,False,,pending
10.5117/9789048572731_ch05,Cultural Tourism Resources,2025,Handbook of Japanese Tourism and Hospitality,False,,pending
10.7176/jths/53-03,Awramba Community: The Unique Cultural Practices as a Center of Cultural Tourism,2021,"Journal of Tourism, Hospitality and Sports",True,https://iiste.org/Journals/index.php/JTHS/article/download/55460/57276,ok
10.3390/tourhosp6050283,Memorable Dark Tourism Experiences: Cross-Cultural Analysis of Czech Republic and India,2025,Tourism and Hospitality,True,https://www.mdpi.com/2673-5768/6/5/283/pdf?version=1765789146,skip:blocked_host
10.1177/146735840200300408,Churches and Statues: Cultural Tourism in Finland,2002,Tourism and Hospitality Research,False,,pending
10.1177/14673584221093537,Socio-cultural sustainability and small tourism businesses,2022,Tourism and Hospitality Research,False,,pending
10.1080/23298758.1991.10685435,Teaching International Cross-Cultural Diversity to Hospitality &amp; Tourism Students,1991,Hospitality &amp; Tourism Educator,False,,pending
10.21608/ijecth.2019.181295,MUMMIFICATION BUILDS SCIENCE AND MISCONCEPTIONS THAT INFLUENCE TOURISM PROMOTION,2019,"International Journal of Eco-Cultural Tourism, Hospitality Planning and Development",False,,pending
10.1016/j.jhtm.2026.101450,"Bridging cultural divides: How perceived cultural distance, shared cultural elements, and emotional solidarity shape social distance in tourism",2026,Journal of Hospitality and Tourism Management,False,,pending
10.4337/9781785366284.00049,Methodological issues in cross-cultural tourism and hospitality research,2018,Handbook of Research Methods for Tourism and Hospitality Management,False,,pending
10.1177/1467358416646606,The consumption of cultural experiences in city tourism,2016,Tourism and Hospitality Research,False,,pending
10.3390/tourhosp6040174,Gardens of Memory as Cultural Landscapes for Sustainable Destination Planning,2025,Tourism and Hospitality,True,https://www.mdpi.com/2673-5768/6/4/174/pdf?version=1760515688,skip:blocked_host
10.4324/9780203120958-32,Hospitality,2013,The Routledge Handbook of Cultural Tourism,False,,pending
10.3390/tourhosp7080216,Heritage Tourism in Spain: Territorial Differentiation in Tourism Intensity and Cultural Heritage Concentration,2026,Tourism and Hospitality,True,https://www.mdpi.com/2673-5768/7/8/216/pdf?version=1784864414,skip:blocked_host
10.21608/ijth.2025.423143,Sunnī-Shīʿī Schism: A Brief Overview of the Arabic Sunnī Literature,2024,"International Journal of Tourism, Hospitality and Civilization",True,https://ijth.journals.ekb.eg/article_423143_7d656c8349d8f50aa42de1f8327d959d.pdf,fail:curl28
10.1016/j.jhtm.2018.03.005,Cultural tourism: A review of recent research and trends,2018,Journal of Hospitality and Tourism Management,True,https://www.sciencedirect.com/science/article/pii/S1447677018300755,skip:blocked_host
10.21608/ijecth.2019.181118,SAFEGUARDING INTANGIBLE CULTURAL HERITAGE THROUGH EDUCATION AND TRAINING (EGYPTIAN PERSPECTIVE),2019,"International Journal of Eco-Cultural Tourism, Hospitality Planning and Development",True,https://ijecth.journals.ekb.eg/article_181118_950e909a04faae90ded1693baaf31224.pdf,skip:blocked_host
10.37227/ithj-2021-08-1187/,"Cultural Tourism in Bangladesh, a Potential and Profound Tourism Destination: Developing a Model for Cultural Tourism Development in Bangladesh",2021,International Tourism and Hospitality Journal,True,https://rpajournals.com/wp-content/uploads/2021/09/ITHJ-2021-08-1187.pdf,ok
10.62867/3007-0848.2025-3.11,FORMS OF CULTURAL INTERACTION IN THE CONTEXT OF ACCESSIBLE TOURISM DEVELOPMENT,2025,Bulletin of the International University of Tourism and Hospitality,True,https://journal.iuth.edu.kz/index.php/main/article/download/378/256/1017,ok
10.51483/ijth.2.1.2022.8-14,Cultural Tourism Centers - A Geographical Presentation of Cultural Tourism Products in Kerala,2022,International Journal of Tourism and Hospitality,True,https://doi.org/10.51483/ijth.2.1.2022.8-14,fail:notpdf22
10.1201/b12231-14,Cultural Tourism: Gold Mine or Land Mine?,2011,Tourism and Hospitality,True,,pending
10.3390/tourhosp7040090,From Battlefield Tourism to Military Cultural Tourism as a Catalyst for Rural Development: A Case Study of Cultural Heritage in Extremadura (Spain),2026,Tourism and Hospitality,True,https://www.mdpi.com/2673-5768/7/4/90/pdf?version=1774431845,skip:blocked_host
10.59649/2959-5185-2024-4-23-28,Iversko-Seraphimovsky convent as a cultural tourism object,2024,"Tourism, leisure and hospitality",False,,pending
10.21608/ijecth.2021.187027,Study and Design of Usability Standards for Tourism Website Interfaces,2021,"International Journal of Eco-Cultural Tourism, Hospitality Planning and Development",True,https://ijecth.journals.ekb.eg/article_187027_70d259071e07b97216cb017d8ea06ca5.pdf,skip:blocked_host
10.1177/146735840200300303,"Cultural and Heritage Tourism in Canada: Opportunities, Principles and Challenges",2002,Tourism and Hospitality Research,False,,pending
10.1177/14673584241312858,Practices and challenges of cultural handicraft producers and sellers in the tourism industry in Africa,2025,Tourism and Hospitality Research,False,,pending
10.1080/10963758.2023.2193337,Enhancing Cultural Intelligence Through International Hospitality Internships,2023,Journal of Hospitality &amp; Tourism Education,False,,pending
10.21608/ijecth.2020.181307,ACQUISITION AND DISPOSAL POLICIES IN MUSEUMS,2020,"International Journal of Eco-Cultural Tourism, Hospitality Planning and Development",True,https://ijecth.journals.ekb.eg/article_181307_4462de4177e8c34b8fcbd1db3a054636.pdf,skip:blocked_host
10.3390/tourhosp3020029,The Child Tourist: Agency and Cultural Competence in VFR Travel,2022,Tourism and Hospitality,True,https://www.mdpi.com/2673-5768/3/2/29/pdf?version=1652783773,skip:blocked_host
10.1201/b12231-16,A Position Paper on Cultural and Heritage Tourism,2011,Tourism and Hospitality,True,,pending
10.4172/2167-0269.1000249,Hofstede’s Model: Cultural Differences in Hospitality Sector and Experiences of a Migrant,2016,Journal of Tourism &amp; Hospitality,True,,pending
10.1057/thr.2009.28,Managing Cultural Values in Sustainable Tourism: Conflicts in Protected Areas,2010,Tourism and Hospitality Research,False,,pending
10.4018/978-1-7998-2603-3.ch012,Cultural Tourism Entrepreneurship in India,2020,"Advances in Hospitality, Tourism, and the Services Industry",False,,pending
10.21608/ijecth.2023.347337,ISLAMIC HERALDRY (Cup-Sari &amp;Napkin-Jamdar),2023,"International Journal of Eco-Cultural Tourism, Hospitality Planning and Development",True,https://ijecth.journals.ekb.eg/article_347337_c9a7725a653e335222d686002667c9d8.pdf,skip:blocked_host
10.62867/3007-0848.2025-4.06,Cultural Hospitality as a Factor in the Development of Cultural and Educational Tourism,2025,Bulletin of the International University of Tourism and Hospitality,True,https://journal.iuth.edu.kz/index.php/main/article/download/447/283/1204,ok
10.4324/9781003018193-1,Introduction: international and global nature of tourism and hospitality,2020,Cross-Cultural Aspects of Tourism and Hospitality,False,,pending
10.21608/ijecth.2022.271577,"The impact of cultural tourism on the local community from a socio-cultural, environmental and economic perspective Nubian village of Gharb Suhail as a viable model",2022,"International Journal of Eco-Cultural Tourism, Hospitality Planning and Development",True,https://ijecth.journals.ekb.eg/article_271577_8ff5aa869cb31dfe26eea80600f3df6e.pdf,skip:blocked_host
10.1177/14673584251343263,"Toxic Tourists in Paradise – Bali: Cultural Disrespects, Crimes, and Misconducts",2025,Tourism and Hospitality Research,False,,pending
10.3390/tourhosp6010027,How Do Individual Cultural Orientations Shape Tourists’ Perceptions of Sustainable Accommodation Value?,2025,Tourism and Hospitality,True,https://www.mdpi.com/2673-5768/6/1/27/pdf?version=1739511501,skip:blocked_host
10.21608/ijecth.2021.187031,The role of museum marketing in economic and scientific development and general tourism,2021,"International Journal of Eco-Cultural Tourism, Hospitality Planning and Development",True,https://ijecth.journals.ekb.eg/article_187031_e9cf4a9666e4aacab8c87d18bb28156e.pdf,skip:blocked_host
10.21608/ijecth.2021.187029,Museum Techniques for Educational Tourism Visitors,2021,"International Journal of Eco-Cultural Tourism, Hospitality Planning and Development",True,https://ijecth.journals.ekb.eg/article_187029_7983cdd2dc6d01ee63ea25c24273de1b.pdf,skip:blocked_host
10.1177/14673584231222094,Book Review: The Rise of Tourism in China: Social and Cultural Change,2023,Tourism and Hospitality Research,False,,pending
10.4324/9780203120958-31,Cosmopolitanism and hospitality,2013,The Routledge Handbook of Cultural Tourism,False,,pending
10.1177/146735840000200403,Elite Hotels: A Cultural Cachet,2000,Tourism and Hospitality Research,False,,pending
10.1177/1467358415610624,Cultural conservation and residents’ attitudes about ethnic minority tourism,2016,Tourism and Hospitality Research,False,,pending
10.4324/9781003601265-9,The influence of individualism and collectivism on tourism and hospitality,2025,Cross-Cultural Aspects of Tourism and Hospitality,False,,pending
10.4324/9781315659657-11,Cross-cultural issues of consumer behaviour in hospitality and tourism,2017,The Routledge Handbook of Consumer Behaviour in Hospitality and Tourism,False,,pending
10.4324/9781003601265-5,The influence of indulgence and restraint on tourism and hospitality,2025,Cross-Cultural Aspects of Tourism and Hospitality,False,,pending
10.3390/tourhosp7060148,From Digital Touchpoints to Visitor Value: Value Co-Creation and Consumer Outcomes in Tourism and Hospitality—A Systematic Review and Meta-Analysis with Implications for Cultural Tourism,2026,Tourism and Hospitality,True,,pending
10.21608/jaauth.2006.203835,Banu Abd el Mu'man Through Arabic Papyri,2006,Journal of Association of Arab Universities for Tourism and Hospitality,True,https://jaauth.journals.ekb.eg/article_203835_f9eca45bb4d6ea561e5426d003660eef.pdf,skip:blocked_host
10.21608/ijecth.2018.181059,THE DESIGN DIMENSION OF THE ADVERTISEMENT AS A SOURCE TO STIMULATE TOURISM IN THE LUXOR REGION,2018,"International Journal of Eco-Cultural Tourism, Hospitality Planning and Development",False,,pending
10.21608/ijecth.2018.181057,EMPLOYING TRADITIONAL FOLK VALUES IN ARCHITECTURE AND INTERIOR DESIGN FOR DEVELOPING THE DOMESTIC TOURISM,2018,"International Journal of Eco-Cultural Tourism, Hospitality Planning and Development",False,,pending
10.3390/tourhosp5040084,Community Support and Socioeconomic Impacts of Cultural Tourism Development in Western Kenya,2024,Tourism and Hospitality,True,https://www.mdpi.com/2673-5768/5/4/84/pdf?version=1734707576,skip:blocked_host
10.1080/15022250903034406,Cultural Tourism Innovation Systems – The Roskilde Festival,2009,Scandinavian Journal of Hospitality and Tourism,False,,pending
10.62867/3007-0848.2024-1.08,THE DEVELOPMENT OF ECOLOGICAL AND ETHNOGRAPHIC TOURISM IN KAZAKHSTAN AS ONE OF THE DIRECTIONS OF CULTURAL AND EDUCATIONAL TOURISM,2024,Bulletin of the International University of Tourism and Hospitality,True,https://journal.iuth.edu.kz/index.php/main/article/download/103/114/273,ok
10.3390/tourhosp7030069,Constructing the Taste of Place Through Cultural Immersion: A Grounded Theory Study of Culinary Tourism Experiences,2026,Tourism and Hospitality,True,https://www.mdpi.com/2673-5768/7/3/69/pdf?version=1772522209,skip:blocked_host
10.3390/tourhosp3010001,Place Branding through Resource Integration and Gastro-Cultural Experiences: A Transnational Perspective,2021,Tourism and Hospitality,True,https://www.mdpi.com/2673-5768/3/1/1/pdf?version=1640342395,skip:blocked_host
10.1080/23298758.1994.10685551,Cross-Cultural Communication: An Integrated Training Approach,1994,Hospitality &amp; Tourism Educator,False,,pending
10.1080/23298758.1994.10685604,Effectiveness of a Multicultural Education Unit on the Cultural Sensitivity of Undergraduate Hospitality Students,1994,Hospitality &amp; Tourism Educator,True,http://libres.uncg.edu/ir/uncg/f/Holt_uncg_9402480.pdf,fail:rescue
10.1057/palgrave.thr.6040049,Advertising in Low and High Involvement Cultural Tourism Attractions: Four Cases,2006,Tourism and Hospitality Research,False,,pending
10.1007/978-3-031-63459-8_1,"Cultural Tourism in the Asia Pacific: An Introduction to Its Heritage, City and Rural Hospitality",2024,Cultural Tourism in the Asia Pacific,False,,pending
10.1007/978-3-031-63459-8_5,Folklore for Cultural Tourism: The Malaysian Experience,2024,Cultural Tourism in the Asia Pacific,False,,pending
10.21608/ijtah.2023.186263.1045,"Impact of Egyptian Cultural Policy on Cultural Heritage Sustainability: A Case Study, Red Sea (Marsa Alam)",2023,"International Journal of Tourism, Archaeology and Hospitality",True,https://ijtah.journals.ekb.eg/article_310471_25668b82237601fcf8280cd248a0ab72.pdf,fail:curl28
10.5176/2251-3426_thor16.6,Youth Tourists’ Perspectives with Cultural Heritage Attractions in Thailand,2016,4th Annual International Conference on Tourism and Hospitality Research (THoR 2016),False,,pending
10.7176/jths/55-04,Investigating the Relevance of Cultural Landscapes in Tourism Experience in Abeokuta,2021,"Journal of Tourism, Hospitality and Sports",True,https://iiste.org/Journals/index.php/JTHS/article/download/55966/57798,ok
10.21608/ijecth.2020.181308,"THE ROLE OF EDUTAINMENT IN MUSEUMS, LEARN THROUGH PLAY",2020,"International Journal of Eco-Cultural Tourism, Hospitality Planning and Development",True,https://ijecth.journals.ekb.eg/article_181308_2c24110ab89800313afc29aff394cb12.pdf,skip:blocked_host
10.1177/14673584241308167,The possibility of applying metaverse in cultural heritage tourism: A case study on the ancient city of Babylon,2024,Tourism and Hospitality Research,False,,pending
10.21608/ijecth.2021.187032,Développement durable et tourisme durable : la nouvelle stratégie de l’Algérie,2021,"International Journal of Eco-Cultural Tourism, Hospitality Planning and Development",True,https://ijecth.journals.ekb.eg/article_187032_bb841810313fdd883705f9b6dc4a79fd.pdf,skip:blocked_host
10.21608/ijthsx.2024.289178.1095,The Impact of Arabic Coffee Consumption on Academic Performance in Saudi Arabia,2024,The International Journal of Tourism and Hospitality Studies,True,https://ijthsx.journals.ekb.eg/article_354830_aafed768adc2ae9e246b2ab48cd04aa0.pdf,skip:blocked_host
10.5040/9781978736405.ch-7,The Special Status of the Arab World in the Overland and Maritime Silk Road,2020,Maritime Silk Road and Cultural Communication between China and the West,False,,pending
10.5771/9781498544061-109,8. The Special Status of the Arab World in the Overland and Maritime Silk Road,2020,The Maritime Silk Road and Cultural Communication Between China and the West,True,,pending
10.15863/tas.2024.01.129.5,IMPACT OF CURRENCY EXCHANGE RATES AND INFLATION ON INTERNATIONAL TOURISM: CASE STUDY UZBEKISTAN,2024,Theoretical &amp; Applied Science,True,https://www.t-science.org/arxivDOI/2024/01-129/PDF/01-129-5.pdf,ok
10.1057/9780230302075_1,The New Silk Road: The Arab World Rediscovers China,2011,The New Silk Road,False,,pending
10.4324/9780203073124-16,China and the United Arab Emirates,2012,CHINA AND THE MIDDLE EAST,False,,pending
10.5040/9781978736405.ch-11,"On the Maritime Silk Road and Cultural Exchanges between China, the Philippines, and Latin America",2020,Maritime Silk Road and Cultural Communication between China and the West,False,,pending
10.1201/b17367-14,CLUSTERING SILK ROAD COUNTRIES BASED ON COMPETITIVENESS FACTORS IN TOURISM INDUSTRY,2014,Tourism in Central Asia,False,,pending
10.5040/9781978736405.ch-3,On the Maritime Silk Road,2020,Maritime Silk Road and Cultural Communication between China and the West,False,,pending
10.4324/9780203073124-10,"A ﬁve-dimensional paradigm: energy, trade, arms sales, cultural relations and political co-operation",2012,CHINA AND THE MIDDLE EAST,False,,pending
10.4324/9780203073124,CHINA AND THE MIDDLE EAST,2012,,False,,pending
10.21511/ppm.19(1).2021.31,The impact of ethnocentrism and its antecedents on cultural heritage tourism along the Silk Road,2021,Problems and Perspectives in Management,True,https://www.businessperspectives.org/images/pdf/applications/publishing/templates/article/assets/14829/PPM_2021_01_Rybina.pdf,ok
10.4324/9780203073124-12,China’s reaction to the Arab Spring,2012,CHINA AND THE MIDDLE EAST,False,,pending
10.5771/9781498544061-171,"12. On the Maritime Silk Road and Cultural Exchanges between China, the Philippines, and Latin America",2020,The Maritime Silk Road and Cultural Communication Between China and the West,False,,pending
10.4324/9780203073124-15,China and Iran,2012,CHINA AND THE MIDDLE EAST,False,,pending
10.4324/9780203073124-17,China–Algeria Relations,2012,CHINA AND THE MIDDLE EAST,False,,pending
10.5771/9781498544061-25,3. On the Maritime Silk Road,2020,The Maritime Silk Road and Cultural Communication Between China and the West,False,,pending
10.4324/9780203073124-14,China and Saudi Arabia,2012,CHINA AND THE MIDDLE EAST,False,,pending
10.5040/9781978736405.ch-13,On the History and Contribution of the Maritime Silk Road,2020,Maritime Silk Road and Cultural Communication between China and the West,False,,pending
10.30892/gtg.574spl14-1367,ASSESSING THE EFFICIENCY OF HOTELS IN UZBEKISTAN’S ANCIENT CITIES OF SAMARKAND AND BUKHARA USING DATA ENVELOPMENT ANALYSIS,2024,GeoJournal of Tourism and Geosites,True,https://doi.org/10.30892/gtg.574spl14-1367,ok
10.62635/wdz5-1vya,On the Southwest Silk Road: China and the Arab World,2026,Diplomatic Economic and Cultural Relations between China and Central and Eastern European countries,False,,unknown
10.5040/9781978736405.ch-9,The Prosperity of the Maritime Silk Road Pushed by Zheng He’s Expeditions,2020,Maritime Silk Road and Cultural Communication between China and the West,False,,pending
10.5040/9781978736405.ch-12,The History and Prospects for the Development of the Southwest Silk Road,2020,Maritime Silk Road and Cultural Communication between China and the West,False,,pending
10.4324/9780203073124-13,China and Israel: the Jewish presence in China,2012,CHINA AND THE MIDDLE EAST,False,,pending
10.1007/978-3-030-43399-4_16,The Silk Road: Unlocking the Tourism Potential Through Collaboration,2020,China and the New Silk Road,False,,pending
10.23977/tmte.2023.060303,"Inheritance, Protection and Tourism Development of ""Silk Road Cultural Heritage""—Taking Xingguo Temple in Qin'an as an Example",2023,Tourism Management and Technology Economy,True,http://www.clausiuspress.com/assets/default/article/2023/06/11/article_1686487256.pdf,ok
10.5479/sil.826343.39088014764377,The Silk Road,2002,,True,https://archive.org/download/silkroadconnecti00smit/silkroadconnecti00smit.pdf,ok
10.5771/9781498544061-195,14. On the History and Contribution of the Maritime Silk Road,2020,The Maritime Silk Road and Cultural Communication Between China and the West,False,,pending
10.5040/9781978736405.ch-10,The Special Status and Influence of Macao Port on the Modern Maritime Silk Road,2020,Maritime Silk Road and Cultural Communication between China and the West,False,,pending
10.3390/su15032465,The Adaptive Evolution of Cultural Ecosystems along the Silk Road and Cultural Tourism Heritage: A Case Study of 22 Cultural Sites on the Chinese Section of the Silk Road World Heritage,2023,Sustainability,True,https://www.mdpi.com/2071-1050/15/3/2465/pdf?version=1675082639,skip:blocked_host
10.20319/icssh.2024.300301,CHINA-ARAB ENERGY COOPERATION: CONSTRUCT NEW ENERGY SILK ROAD,2024,PEOPLE: International Journal of Social Sciences,True,https://grdspublishing.org/index.php/people/article/download/2447/2252,ok
10.38007/proceedings.0001177,Analysis of Xi'an Cultural Tourism Resources under the Background of Silk Road Economic Belt,2020,2020 International Conference on Social Sciences and Social Phenomena (ICSSSP2020),False,,pending
10.2307/j.ctv3029tgz.8,United Arab Emirates,2019,China and the Persian Gulf,False,,pending
10.5771/9781498544061-143,10. The Prosperity of the Maritime Silk Road Pushed by Zheng He’s Expeditions,2020,The Maritime Silk Road and Cultural Communication Between China and the West,False,,pending
10.5771/9781498544061-179,13. The History and Prospects for the Development of the Southwest Silk Road,2020,The Maritime Silk Road and Cultural Communication Between China and the West,True,,pending
10.5040/9780755652372.ch-006,The Silk Road Through China Beyond Dunhuang: The Northern Silk Road and Southern Silk Road,2015,The Silk Road: China and the Karakorum Highway,False,,pending
10.5040/9781978736405.ch-4,The Role of Ancient Zhejiang in the East China Sea Silk Route,2020,Maritime Silk Road and Cultural Communication between China and the West,False,,pending
10.18111/9789284402892,Silk Road Tourism - Current Issues (English version),2000,,False,,pending
10.1007/978-981-95-1054-2_2,Cultural Exchange and Spillover,2025,Colored Journey:,False,,pending
10.5040/9781978736405,Maritime Silk Road and Cultural Communication between China and the West,2020,,False,,pending
10.5771/9781498544061,The Maritime Silk Road and Cultural Communication Between China and the West,2020,,False,,pending
10.1007/978-981-95-1180-8_2,Silk Road and East–West Cultural Exchange,2026,Silk Road East-West Cultural Exchange and Northern Grassland Art - Volume 1,False,,pending
10.4324/9780203073124-11,Walking on thin ropes: a tridimensional perspective,2012,CHINA AND THE MIDDLE EAST,False,,pending
10.5771/9781498544061-153,11. The Special Status and Influence of Macao Port on the Modern Maritime Silk Road,2020,The Maritime Silk Road and Cultural Communication Between China and the West,False,,pending
10.18111/9789284419494,Western Silk Road Roadmap,2018,,False,,pending
10.5040/9781978736405.ch-5,The South China Sea Route and Cultural Exchange between China and Foreign Countries,2020,Maritime Silk Road and Cultural Communication between China and the West,False,,pending
10.1007/978-3-319-01669-6_800-1,Silk Road: Tourism,2023,Encyclopedia of Tourism,False,,pending
10.18111/9789284416042,Tourism Visa Openness Report for the Silk Road Countries,2014,,False,,pending
10.1007/978-3-030-74923-1_800,Silk Road Tourism,2024,Encyclopedia of Tourism,False,,pending
10.54664/mlze3414,Cultural Exchange Along the Great Silk Road and Its Influence on the Sculpture of Traditional China,2026,Visual Studies,False,,pending
10.1515/caas-2022-2016,The Arab-China Communication: From the Silk Road to the Dialogue of Philosophy,2022,Chinese and Arab Studies,True,https://www.degruyterbrill.com/document/doi/10.1515/caas-2022-2016/pdf,fail:notpdf0
10.1142/9789813221819_0008,Managing Talents in the Silk Road Cross-cultural Environment,2017,The New Silk Road: China Meets Europe in the Baltic Sea Region,False,,pending
10.5040/9781978736405.0005,About the Author,2020,Maritime Silk Road and Cultural Communication between China and the West,False,,pending
10.5040/9781978736405.ch-2,On the Rise and Fall of the Silk Road and the Shift from the Overland Route to the Sea Route,2020,Maritime Silk Road and Cultural Communication between China and the West,False,,pending
10.18111/9789284418749,The 21st Century Maritime Silk Road – Tourism Opportunities and Impacts,2019,,False,,pending
10.5771/9781498544061-53,4. The Role of Ancient Zhejiang in the East China Sea Silk Route,2020,The Maritime Silk Road and Cultural Communication Between China and the West,False,,pending
10.1007/978-3-030-43399-4_20,The New Silk Road in Slovakia: What Does It Mean for Tourism Development?,2020,China and the New Silk Road,False,,pending
10.1007/978-3-030-43399-4_17,Cross-Border Tourism in the Southern Caucasus—The Silk Road as a Facilitator for Joint Products,2020,China and the New Silk Road,False,,pending
10.1163/9789004512597_002,The Silk Road and Ancient Xinjiang,2022,The Silk Road and Cultural Exchanges between East and West,False,,pending
10.1016/j.frl.2025.108805,"Digital silk road, financial investment, and low-carbon cultural tourism development",2025,Finance Research Letters,False,,pending
10.3389/frsut.2025.1645348,Constructing an evaluation index system for the tourism value of Guangdong's Maritime Silk Road cultural heritage,2025,Frontiers in Sustainable Tourism,True,https://www.frontiersin.org/journals/sustainable-tourism/articles/10.3389/frsut.2025.1645348/pdf,ok
10.1108/978-1-78756-679-820191016,"The Past, the Present, and the Future of the New Silk Road: China as a Leader or a Free-Rider in International Relations",2019,The New Silk Road Leads through the Arab Peninsula: Mastering Global Business and Innovation,False,,pending
10.1007/978-3-030-43399-4_18,Travel Along the New Silk Road: Understanding New Trends in Chinese Outbound Tourism,2020,China and the New Silk Road,False,,pending
10.4324/9781003660750-91,United Nations World Tourism Organization (UNWTO) International Conference on Silk Road Tourism,2025,The Routledge Handbook of the Belt and Road,False,,pending
10.18111/9789284402250,WTO Silk Road Forum (English version),1997,,False,,pending
10.1093/oso/9780198853022.003.0008,Silk Road South,2020,China and Europe on the New Silk Road,False,,pending
10.4324/9780429203039-98,Silk Road Tourism Programme (United Nations),2019,Routledge Handbook of the Belt and Road,False,,pending
10.5040/9781978736405.ch-1,The Morning Twilight of China’s Marine Culture—The Significance of Hemudu Culture on the Exploration of the Origin of the Maritime Silk Road,2020,Maritime Silk Road and Cultural Communication between China and the West,False,,pending
10.18485/fb_bri_se.2019.ch9,The New Silk Road: Cultural Cooperation Between Serbia and China,2019,The Belt and Road: Reality and Expectations,True,http://doi.fil.bg.ac.rs/pdf/eb_book/2019/fb_bri_se/fb_bri_se-2019-ch9.pdf,ok
10.5771/9781498544061-65,5. The South China Sea Route and Cultural Exchange between China and Foreign Countries,2020,The Maritime Silk Road and Cultural Communication Between China and the West,False,,pending
10.18111/9789284410880,Assessment of the North American Market for Silk Road Tourism (English version),2002,,False,,pending
10.3390/su13041893,Silk Road Heritage Branding and Polycentric Tourism Development,2021,Sustainability,True,https://www.mdpi.com/2071-1050/13/4/1893/pdf?version=1613707176,skip:blocked_host
10.5771/9781498544061-13,2. On the Rise and Fall of the Silk Road and the Shift from the Overland Route to the Sea Route,2020,The Maritime Silk Road and Cultural Communication Between China and the West,False,,pending
10.1007/978-981-99-7475-7_7,Sasanian Cultural Relics Unearthed in China in Recent Years,2024,Studies in Silk Road Archaeology,False,,pending
10.37547/tajas/volume02issue07-14,The Most Important Buddhist Cultural Monuments In Tourism,2020,The American Journal of Applied Sciences,True,http://usajournalshub.com/index.php/tajas/article/download/538/502/,fail:rescue
10.1093/oso/9780198853022.003.0016,The Humanities and the New Silk Road,2020,China and Europe on the New Silk Road,True,,pending
10.1163/9789004512597_020,Currency on the Silk Road and the Sogdian Merchants,2022,The Silk Road and Cultural Exchanges between East and West,False,,pending
10.5771/9781498544061-1,1. The Morning Twilight of China’s Marine Culture—The Significance of Hemudu Culture on the Exploration of the Origin of the Maritime Silk Road,2020,The Maritime Silk Road and Cultural Communication Between China and the West,True,,pending
10.1163/9789004512597_004,Beiting on the Silk Road (7th–10th Centuries),2022,The Silk Road and Cultural Exchanges between East and West,False,,pending
10.59649/2959-5185-2023-2-20-26,Features of the development of cultural tourism at the regional level in the countries of Central Asia (on the Great Silk Road),2023,"Tourism, leisure and hospitality",True,http://46.34.130.122/index.php/tlh/article/download/431/191,ok
10.1007/978-981-95-1054-2_1,The Road of Colored Lacquerware,2025,Colored Journey:,False,,pending
10.1007/978-981-97-5640-7_58,Tourism as a Driver of China’s Cultural Soft Power: The Role of Macau and the Convergences Between the New Silk Road and the Greater Bay Area,2024,The Palgrave Handbook on China-Europe-Africa Relations,False,,pending
10.1163/9789004512597_019,Sogdian Merchants and Sogdian Culture on the Silk Road,2022,The Silk Road and Cultural Exchanges between East and West,False,,pending
10.1093/oso/9780198853022.003.0006,International University Consortia on the New Silk Road,2020,China and Europe on the New Silk Road,False,,pending
10.34925/eip.2024.172.11.256,ЭФФЕКТИВНОЕ ИСПОЛЬЗОВАНИЕ КУЛЬТУРНОГО НАСЛЕДИЯ «ШЕЛКОВОГО ПУТИ» ДЛЯ РАЗВИТИЯ ТУРИЗМА И ВАЖНОСТЬ ТУРИСТИЧЕСКОЙ ИНФРАСТРУКТУРЫ,2024,Экономика и предпринимательство,False,,pending
10.1093/oso/9780198790662.003.0015,The Silk Road between Syria and China,2017,Oxford Scholarship Online,False,,pending
10.1093/oso/9780198853022.003.0003,EU–China Cooperation along the New Silk Road,2020,China and Europe on the New Silk Road,False,,pending
10.31881/tlr.2025.827,Design and Application of an Immersive Silk Road Cultural Tourism Experience Based on Smart Textile Wearable Devices,2025,Textile &amp; Leather Review,True,https://www.tlr-journal.com/wp-content/uploads/2025/11/TLR_2025_827_M_WANG.pdf,ok
10.4337/9781789907490.00013,How does China protect its maritime Silk Road?,2020,China’s Maritime Silk Road,False,,pending
10.1093/oso/9780198853022.003.0013,Artificial Intelligence along the New Silk Road,2020,China and Europe on the New Silk Road,True,https://oxford.universitypressscholarship.com/downloadpdf/10.1093/oso/9780198853022.001.0001/oso-9780198853022-chapter-13.pdf,fail:rescue
10.18111/9789284404223,Study on Visa Facilitation in the Silk Road Countries,2001,,False,,pending
10.4324/9781003490296-5,The Silk Road Initiative,2025,Interdisciplinary Research and Tourism,False,,pending
10.52370/tisc24210lw,OPPORTUNITIES AND CHALLENGES OF INTERNATIONAL COOPERATION IN TOURISM HIGHER EDUCATION ALONG THE SILK ROAD COUNTRIES,2024,The Eighth International Scientific Conference TOURISM AND GREEN INVESTMENTS Conference Proceedings,True,https://www.tisc.rs/proceedings/index.php/hitmc/article/download/477/469,ok
10.2307/jj.22730609.11,Halal Tourism:,2017,Tourism in the Arab World,False,,pending
10.21832/9781845416157-009,8 Halal Tourism: Definitions and Developments,2017,Tourism in the Arab World,False,,pending
10.21608/jaauth.2021.87468.1213,Studying Halal Tourism and Hospitality (Opportunities and Challenges) in Egypt,2021,Journal of Association of Arab Universities for Tourism and Hospitality,True,https://jaauth.journals.ekb.eg/article_192785_6bfc5494f03d2573afa4ed2296271127.pdf,skip:blocked_host
10.1093/oso/9780197538616.003.0026,Halal Tourism,2021,Shariah and the Halal Industry,False,,pending
10.1201/9781779641274-2,An Innovative Approach in Halal Quality Infrastructure in Türkiye: Halal Tourism,2026,Halal Tourism,False,,pending
10.1201/9781779641274-3,Halal Tourism in Social Ecosystem Management,2026,Halal Tourism,False,,pending
10.17758/erpub2.er0718407,Ikhwanul Muslimin Policy on Halal Tourism in Arab Republic of Egypt,2018,"ESTSD-18,MMME-18,AHSCSR-18 July 25-27, 2018 Bali (Indonesia)",True,https://doi.org/10.17758/erpub2.er0718407,fail:rescue
10.4337/9781035349432.00012,Challenges and opportunities of halal tourism: a conceptual framework of halal tourism,2026,A Research Agenda for Halal Tourism,False,,pending
10.1201/9781779641274-1,Halal Tourism Services in Türkiye: A SWOT Analysis,2026,Halal Tourism,False,,pending
10.1201/9781779641274-10,Promoting Halal Tourism via University Curriculum,2026,Halal Tourism,False,,pending
10.58968/htp.v1i1.79,What People Say About Halal Tourism?,2021,Halal Tourism and Pilgrimage,True,http://journals.smartinsight.id/index.php/HTP/article/download/79/76,skip:blocked_host
10.1201/9781779641274-15,"Halal Tourism in India: Opportunities, Challenges, and Future Prospects",2026,Halal Tourism,False,,pending
10.1016/j.tmp.2015.12.013,"Halal tourism, is it really Halal?",2016,Tourism Management Perspectives,False,,pending
10.58968/htp.v4i2.615,A Note on Halal Sustainable Tourism,2025,Halal Tourism and Pilgrimage,True,https://journals.smartinsight.id/index.php/HTP/article/download/615/554,skip:blocked_host
10.21832/9781845419561-005,1 Islamic Tourism and Halal Tourism,2026,Halal and Islamic Tourism,False,,pending
10.58968/htp.v2i2.178,Halal Medical Tourism,2023,Halal Tourism and Pilgrimage,True,http://journals.smartinsight.id/index.php/HTP/article/download/178/171,skip:blocked_host
10.1201/9781779641274-13,Implementation of Halal Certification Policy in Indonesia for Small Businesses in Tourism Areas,2026,Halal Tourism,False,,pending
10.58968/htp.v2i2.177,A Review on Halal Medical Tourism,2022,Halal Tourism and Pilgrimage,True,http://journals.smartinsight.id/index.php/HTP/article/download/177/170,skip:blocked_host
10.58968/htp.v3i2.427,Determinants of Halal Tourism Intention in Jabodetabek Indonesia,2024,Halal Tourism and Pilgrimage,True,https://journals.smartinsight.id/index.php/HTP/article/download/427/401,skip:blocked_host
10.1016/j.tmp.2015.12.006,"Halal food, certification and halal tourism: Insights from Malaysia and Singapore",2016,Tourism Management Perspectives,False,,pending
10.58920/halal0201658,Halal Tourism Development Strategies in Semarang City: The Role of the Department of Culture and Tourism,2026,Halal Science,True,https://etflin.com/get-pdf/658,ok
10.4337/9781035349432.00010,"Halal tourism: definition, scope, and trends",2026,A Research Agenda for Halal Tourism,False,,pending
10.12962/j22759970.v1i2.52,The Concept of Halal Tourism and The Fulfillment of Muslim Tourist Needs in Halal Tourism,2021,Halal Research Journal,True,https://journal.its.ac.id/index.php/hr/article/download/52/27,ok
10.5267/j.msl.2020.1.004,Halal-friendly tourism and factors influencing halal tourism,2020,Management Science Letters,True,https://doi.org/10.5267/j.msl.2020.1.004,ok
10.1201/9781779641274-9,E-Commerce as a Sales Channel for Halal Food,2026,Halal Tourism,False,,pending
10.1201/9781779641274-8,Evaluation of Halal Expo Fair from the Perspectives of Tourism Students,2026,Halal Tourism,False,,pending
10.2139/ssrn.4711328,Constructing Sustainable Halal Tourism Composite Performance Index for the Global Halal Tourism Industry,2024,,True,,pending
10.61277/jmet.v1i1.14,"Halal Tourism: Trend, Opportunities, Challenges and Impact of Halal Tourism on Conventional Tourism",2023,JMET: Journal of Management Entrepreneurship and Tourism,True,https://skillerindonesia.id/index.php/jmet/article/download/14/14,ok
10.4324/9781315150604-13,Brunei Halal Tourism Outlook,2019,The Routledge Handbook of Halal Hospitality and Islamic Tourism,False,,pending
10.58968/htp.v2i2.176,Halal Tourism and Poverty Alleviation,2022,Halal Tourism and Pilgrimage,True,http://journals.smartinsight.id/index.php/HTP/article/download/176/169,skip:blocked_host
10.17509/jithor.v2i2.21001,"THE HALAL-NESS HOSPITALITY ON HALAL TOURISM, CASE STUDY OF HALAL RESTAURANT IN BANDUNG, INDONESIA",2019,"Journal of Indonesian Tourism, Hospitality and Recreation",True,https://ejournal.upi.edu/index.php/Jithor/article/download/21001/10504,fail:rescue
10.4337/9781035349432.00019,Management of halal health services based on medical tourism,2026,A Research Agenda for Halal Tourism,False,,pending
10.4324/9781003355236-2,Definitions and Dimensions of Halal Tourism,2022,"Potentials, Challenges and Prospects of Halal Tourism Development in Ethiopia",False,,pending
10.29244/hass.1.1.17-22,"Development strategy of halal tourism village in Gedepangrango tourism village, Sukabumi district",2023,Halal Studies and Society,True,https://journal.ipb.ac.id/index.php/hass/article/download/51289/26795,fail:notpdf22
10.4324/9781003355236-6,Challenges and Prospects to Halal Tourism Development,2022,"Potentials, Challenges and Prospects of Halal Tourism Development in Ethiopia",False,,pending
10.31098/hst25104,Bibliometric Insights into Halal Tourism and Supply Chain Management Nexus,2025,Bibliometric Insights into Halal Tourism and Supply Chain Management Nexus,False,,pending
10.1201/9781779641274-6,Evaluation of Studies on Halal (Muslim-Friendly) Tourism with the Bibliometric Analysis Method,2026,Halal Tourism,False,,pending
10.7454/jitps.v5i2.219,The Perspective of Millenial Tourists on Halal Tourism and its Reflection to Halal Tourism Development in West Sumatera,2020,Journal of Indonesia Tourism and Policy Studies,False,,pending
10.4337/9781035349432.00011,Embedding Maqasid al-Shariah in halal tourism: collaborative roles of key stakeholders,2026,A Research Agenda for Halal Tourism,False,,pending
10.58968/htp.v1i1.87,A Qualitative Review on Halal Tourism,2021,Halal Tourism and Pilgrimage,True,http://journals.smartinsight.id/index.php/HTP/article/download/87/84,skip:blocked_host
10.58968/htp.v1i1.86,Halal Travel Research Development,2021,Halal Tourism and Pilgrimage,True,http://journals.smartinsight.id/index.php/HTP/article/download/86/83,skip:blocked_host
10.4324/9781003355236-4,Major Themes and Issues in Halal Tourism Development,2022,"Potentials, Challenges and Prospects of Halal Tourism Development in Ethiopia",False,,pending
10.58968/htp.v4i1.558,Halal Tourism Development Strategy through Baitul Muamalat: A Case Study,2024,Halal Tourism and Pilgrimage,True,https://journals.smartinsight.id/index.php/HTP/article/download/558/509,skip:blocked_host
10.58968/htp.v2i2.175,"Halal Tourism Development in Lombok, Indonesia",2022,Halal Tourism and Pilgrimage,True,http://journals.smartinsight.id/index.php/HTP/article/download/175/168,skip:blocked_host
10.1108/jima-07-2020-0199,The halal tourism – alternative or mass tourism? Indications of traditional mass tourism on crescent rating guidelines on halal tourism,2021,Journal of Islamic Marketing,False,,pending
10.57239/pjlss-2024-22.2.001541,Development of Sustainable Halal Tourism Model Through Halal Tourism Attributes,2024,Pakistan Journal of Life and Social Sciences (PJLSS),False,,pending
10.58968/htp,Halal Tourism and Pilgrimage,,,True,,pending
10.7454/jitps.v4i1.78,"THE PROMOTION MIX OF ""SOUTH KOREA HALAL TOURISM PACKAGE"" IN CHERIA HALAL HOLIDAY TRAVEL",2019,Journal of Indonesia Tourism and Policy Studies,False,,pending
10.21832/9781845419561-008,4 Products and Services in Halal and Islamic Tourism,2026,Halal and Islamic Tourism,False,,pending
10.58968/htp.v2i1.115,Formulating Halal-Based Hospital Indicators,2022,Halal Tourism and Pilgrimage,True,http://journals.smartinsight.id/index.php/HTP/article/download/115/109,skip:blocked_host
10.4324/9781315150604-26,Emerging and Future Issues in Halal Hospitality and Islamic Tourism,2019,The Routledge Handbook of Halal Hospitality and Islamic Tourism,False,,pending
10.4337/9781035349432.00016,"Halal tourism and sustainable development: practices, strategies, challenges/opportunities, and future outlook",2026,A Research Agenda for Halal Tourism,False,,pending
10.4324/9781315150604-1,Introduction to Halal Hospitality and Islamic Tourism,2019,The Routledge Handbook of Halal Hospitality and Islamic Tourism,False,,pending
10.4337/9781035349432.00018,The role of Islamic banks and stakeholders in financing and promoting halal tourism,2026,A Research Agenda for Halal Tourism,False,,pending
10.4324/9781315150604-24,Halal Certification Uproar,2019,The Routledge Handbook of Halal Hospitality and Islamic Tourism,False,,pending
10.20875/makusobed.425343,İSLAM’IN TURİZM’E YANSIMASI: HELAL TURİZM - REFLECTION OF ISLAM TO TOURISM: HALAL TOURISM,2018,Mehmet Akif Ersoy Üniversitesi Sosyal Bilimler Enstitüsü Dergisi,True,https://dergipark.org.tr/en/download/article-file/611995,ok
10.1177/14673584241257085,From halal tourism to the sharia economy: The case of Lombok honeymoon halal tourism,2024,Tourism and Hospitality Research,False,,pending
10.24090/ijtimaiyya.v8i1.7199,Implementation of Halal Tourism in Lombok Island (Study on the Compliance of Tourism Actors with the Halal Tourism Regulation),2023,Ijtimā iyya Journal of Muslim Society Research,True,https://ejournal.uinsaizu.ac.id/index.php/ijtimaiyya/article/download/7199/3140,ok
10.53572/ejavec.v2i2.19,EAST JAVA HALAL TOURISM OUTLOOK: POTENTIAL ANALYSIS AND STRATEGY FOR EAST JAVA HALAL TOURISM DEVELOPMENT,2021,East Java Economic Journal,True,https://ejavec.id/index.php/ejavec/article/download/19/20,ok
10.5937/ekoizazov2222031d,Halal tourism vs sustainable tourism,2022,Ekonomski izazovi,True,https://scindeks-clanci.ceon.rs/data/pdf/2217-8821/2022/2217-88212222031D.pdf,ok
10.18502/kss.v3i5.2323,Halal Certification and Its Impact on Tourism in Southeast Asia: A Case Study Halal Tourism in Thailand,2018,KnE Social Sciences,True,https://knepublishing.com/index.php/KnE-Social/article/download/2323/5138,ok
10.1201/9781003324492-6,A User-Centered Design (UCD) approach to designing and building halal tourism application to advance halal tourism in East Java,2022,Reinforcement of the Halal Industry for Global Integration Revival,True,https://api.taylorfrancis.com/content/chapters/oa-edit/download?identifierName=doi&identifierValue=10.1201/9781003324492-6&type=chapterpdf,skip:blocked_host
10.21325/jotags.2020.534,"Halal Tourism: The Practices of Halal Hotels in Alanya, Turkey",2020,Journal of Tourism and Gastronomy Studies,True,,pending
10.22541/au.154416618.82489756,Ideologies Behind the Halal Tourism Sector,2018,,True,https://ww.authorea.com/doi/pdf/10.22541/au.154416618.82489756,fail:rescue
10.4324/9781003368519-14,Halal Mobile Technology in Tourism,2023,Technologies and Trends in the Halal Industry,False,,pending
10.15575/ijhar.v3i1.11119,The Implementation of Halal Tourism Ecosystem Model in Borobudur Temple as Tourism Area,2021,Indonesian Journal of Halal Research,True,https://journal.uinsgd.ac.id/index.php/ijhar/article/download/11119/5348,ok
10.58968/htp.v2i1.89,A Scientometric Analysis on Halal Awareness,2022,Halal Tourism and Pilgrimage,True,http://journals.smartinsight.id/index.php/HTP/article/download/89/86,skip:blocked_host
10.4337/9781035349432.00022,Reviving halal tourism post-pandemic: a logistics systems retrospective of a small nation,2026,A Research Agenda for Halal Tourism,False,,pending
10.1201/9781779641274-4,The Impact of Halal Hotel Service Quality on Hotel Prices,2026,Halal Tourism,False,,pending
10.58968/htp.v2i1.97,Halal Food Quality and The SDG-3 Goal,2022,Halal Tourism and Pilgrimage,True,http://journals.smartinsight.id/index.php/HTP/article/download/97/93,skip:blocked_host
10.70764/gdpu-jhr.1(2)-02,MODERN HALAL TOURISM TRANSFORMATION TOWARDS SUSTAINABILITY AND INNOVATION THROUGH THE IMPLEMENTATION OF HALAL LIFESTYLE,2025,Journal of Halal Review,True,https://generatedp.com/index.php/jhr/article/download/87/86,ok
10.1108/978-1-80686-165-120261007,Sustainable Halal Tourism: QR-code Menu in the Restaurant Industry,2026,Halal Tourism and Artificial Intelligence,False,,pending
10.29040/jiei.v8i1.4401,How to Promote Halal Tourism through the Stakeholders?  Case of Halal Tourism Market in Indonesia,2022,Jurnal Ilmiah Ekonomi Islam,True,https://jurnal.stie-aas.ac.id/index.php/jei/article/download/4401/2003,ok
10.1108/978-1-80686-165-120261018,Sustainability and Ethical Considerations in Halal Tourism,2026,Halal Tourism and Artificial Intelligence,False,,pending
10.12982/ajtr.2017.0010,Managing Halal Knowledge in Japan: Developing Knowledge Platforms for Halal Tourism in Japan,2017,Asian Journal of Tourism Research,True,,pending
10.5220/0009193500050009,Chinatown Bandung Culinary Attractions for Muslim Tourists: The Perspective of Halal Tourism,2019,Proceedings of the 1st NHI Tourism Forum,True,,pending
10.58968/htp.v2i1.114,Challenges in Developing Integrated Halal Industry in Indonesia,2022,Halal Tourism and Pilgrimage,True,http://journals.smartinsight.id/index.php/HTP/article/download/114/108,skip:blocked_host
10.21274/ar-rehla.v2i1.5470,PENGEMBANGAN WISATA HALAL DI JAWA TIMUR DENGAN KONSEP SMART TOURISM,2022,Journal of Islamic Tourism Halal Food Islamic Traveling and Creative Economy,True,http://ejournal.iain-tulungagung.ac.id/index.php/arrehla/article/download/5470/1859,fail:curl28
10.26740/ajhs.v2i2.41040,Designing an Inclusive and Sustainable Halal Tourism Industry Model,2025,ASEAN Journal of Halal Study,True,https://journal.unesa.ac.id/index.php/ajhs/article/download/41040/15245,ok
10.18488/journal.31.2021.81.1.10,Halal Food in Tourism: Exploring the Factors that Influence Halal Food Selection among Travelers,2021,Journal of Tourism Management Research,True,,pending
10.33086/jhrpi.v4i1.7409,Halal Tourism Knowledge And Religiosity As Drivers Of Trust And Decision-Making In Selecting Sharia Hotels,2025,"Journal of Halal Research, Policy, and Industry",True,,pending
10.7187/gjat072022-12,Determinants of Selection of Halal Tourism Destination:   A Case Study of the UAE,2022,global journal al thaqafah,True,https://doi.org/10.7187/gjat072022-12,fail:curl28
10.55927/fjmr.v3i6.9535,"The Effect of Halal Tourism Attributes, Halal Tourism Awareness, and Social Media on Traveling Interest",2024,Formosa Journal of Multidisciplinary Research,True,https://journal.formosapublisher.org/index.php/fjmr/article/download/9535/9856,ok
10.58968/hs.v1i1.436,Socio-enterprise as a Solution for Pro-poor Halal Tourism Project,2024,Halal and Sustainability,True,https://journals.smartinsight.id/index.php/HS/article/download/436/408,skip:blocked_host
10.58968/htp.v2i1.154,How Far Has Halal Travel Been Studied?,2022,Halal Tourism and Pilgrimage,True,http://journals.smartinsight.id/index.php/HTP/article/download/154/146,skip:blocked_host
10.58968/htp.v3i2.369,Review on Halal Cluster,2024,Halal Tourism and Pilgrimage,True,https://journals.smartinsight.id/index.php/HTP/article/download/369/345,skip:blocked_host
10.1201/9781003295952-44,"The role of experiential marketing, destination brand image, and halal tourism products on tourists' revisit decision in halal tourism village",2022,Contemporary Research on Management and Business,True,https://api.taylorfrancis.com/content/chapters/oa-edit/download?identifierName=doi&identifierValue=10.1201/9781003295952-44&type=chapterpdf,skip:blocked_host
10.1080/1743873x.2022.2083513,"A museum in the taiga: heritage, ethnic tourism and museum-building amongst the Orochen in northeast China",2022,Journal of Heritage Tourism,False,,pending
10.2167/jht034b.0,The Engaging Museum: Developing Museums for Visitor Involvement,2008,Journal of Heritage Tourism,False,,pending
10.1080/1743873x.2014.924952,Understanding children's engagement with interpretation at a cultural heritage museum,2014,Journal of Heritage Tourism,False,,pending
10.1080/1743873x.2011.601881,"Performing heritage: research, practice and innovation in museum theatre and live interpretation",2011,Journal of Heritage Tourism,False,,pending
10.4324/9780203033685-12,In the museum direction,2002,Heritage and Tourism in The Global Village,False,,pending
10.21608/ijhms.2020.188774,Baron Palace Myths: A Horror Tourism Destination in Egypt,2020,International Journal of Heritage and Museum Studies,True,https://ijhms.journals.ekb.eg/article_188774_91b72b527e5ad7fad31f9010558f52bc.pdf,skip:blocked_host
10.3724/2096-1715.2017.001.005.035,An Anthropological Study on Ecomuseums and Heritage Tourism,2017,Museum,True,https://www.sciengine.com/doi/pdf/3E80867869704872B288FFE1ACFC6D18,fail:rescue
10.1080/1743873x.2014.904317,Indigenous sport and heritage: Cherbourg's Ration Shed Museum,2014,Journal of Heritage Tourism,False,,pending
10.21608/ijhms.2022.429605,Cairo of Naguib Mahfouz as a Destination for Literary Tourism,2022,International Journal of Heritage and Museum Studies,True,,pending
10.1080/1743873x.2012.701630,The Yad Vashem Holocaust Museum: educational dark tourism in a futuristic form,2012,Journal of Heritage Tourism,False,,pending
10.1007/978-3-031-44800-3_10,Indigenous Exhibits at the Museum: A Device of Tourism to Bring Awareness to the General Public,2023,Heritage and Cultural Heritage Tourism,False,,pending
10.21608/ijhms.2019.118759,Dream Incubation Tourism: The Resurrection of Ancient Egyptian Heritage of Sleep Temples,2019,International Journal of Heritage and Museum Studies,True,https://ijhms.journals.ekb.eg/article_118759_7748379452ce14d78ae699897e517022.pdf,skip:blocked_host
10.1525/9780520919488-006,3. Destination Museum,1999,Destination Culture,False,,pending
10.21608/sis.2026.489625.1224,Integrating Underwater Cultural Heritage with Museum Displays Using Artificial Intelligence Techniques Case study: Thonis - Heraklion,2026,"Journal of Tourism, Hotels and Heritage",True,,pending
10.21608/ijhms.2019.118760,Cultural Heritage Tourism as an Innovative Catalyst of Local Development: Strategies and Actions,2019,International Journal of Heritage and Museum Studies,True,https://ijhms.journals.ekb.eg/article_118760_ca1316587dc91c2478362019c3c86f1f.pdf,skip:blocked_host
10.21608/sis.2022.148691.1065,"Coptic Funerary Stela, No.769 in the Coptic Museum, Cairo",2022,"Journal of Tourism, Hotels and Heritage",True,https://sjs.journals.ekb.eg/article_272474_92dd9a4cbe3dc94503dcbb65031fdbc4.pdf,skip:blocked_host
10.21608/ijhth.2022.224770,Promoting Children Tourism Through Applying Virtual Reality to the Egyptian Child Museum.,2022,"International Journal of Heritage, Tourism and Hospitality",True,https://ijhth.journals.ekb.eg/article_224770_2af6e6b295a77c5d1d20459000f64b04.pdf,skip:blocked_host
10.2307/jj.26932055.9,"The Proposal for the Jeep Museum in Toledo, Ohio",2015,Industrial Heritage Tourism,False,,pending
10.21608/sis.2022.148709.1066,The Social Impact of The National Museum of Egyptian Civilization (NMEC),2022,"Journal of Tourism, Hotels and Heritage",True,https://sjs.journals.ekb.eg/article_272475_e21ff5a81a3e35ac4f004abbca665d74.pdf,skip:blocked_host
10.4324/9781003369240-8,Museum design management,2023,Museums and Heritage Tourism,False,,pending
10.21608/sis.2023.236321.1155,Magical Stela in the Egyptian Museum under the number JE90253,2023,"Journal of Tourism, Hotels and Heritage",True,https://sjs.journals.ekb.eg/article_329520_1a3576162582e56aa16bc28155213b21.pdf,skip:blocked_host
10.21608/ijhth.2022.250788,"Notes on Two Children’s Tunics in the Coptic Museum, Cairo",2022,"International Journal of Heritage, Tourism and Hospitality",True,https://ijhth.journals.ekb.eg/article_250788_9d1dfe09758b759227b6d48720074975.pdf,skip:blocked_host
10.21608/ijhms.2019.119034,Sustainable Tourism or Selling Places: Effects of the UNESCO World Heritage Site Nomination in Valparaíso and Hoi A,2019,International Journal of Heritage and Museum Studies,True,https://ijhms.journals.ekb.eg/article_119034_6238188fc463032647d323bfcdc09227.pdf,skip:blocked_host
10.1080/1743873x.2019.1574301,Evaluating museum websites using a combination of decision-making theories,2019,Journal of Heritage Tourism,False,,pending
10.1111/j.2151-6952.2010.00036.x,"The Heritage‐scape: UNESCO, World Heritage, and Tourism   Valuing Historic Environments",2010,Curator: The Museum Journal,False,,pending
10.21608/ijhth.2020.132351,The False Door of Shepsi at the Egyptian Museum of Cairo,2020,"International Journal of Heritage, Tourism and Hospitality",True,https://ijhth.journals.ekb.eg/article_132351_0f7f8ba3669a33b4142cbf5ce6869e0b.pdf,skip:blocked_host
10.1080/17438730903469797,Alta Museum as a tourist attraction: the importance of location,2010,Journal of Heritage Tourism,False,,pending
10.4324/9781003346197-5,Social Tagging Museum Collections,2024,Sustainable Marketing of Transformative Heritage Tourism,False,,pending
10.1525/mua.1999.23.1.59,"Destination Culture: Tourism, Museums, and Heritage",1999,Museum Anthropology,False,,pending
10.21608/ijhth.2020.153615,The Grand Egyptian Museum and its Role in Achieving Sustainable Tourism in the Memphite Necropolis,2020,"International Journal of Heritage, Tourism and Hospitality",True,https://ijhth.journals.ekb.eg/article_153615_14e834940612a7898bc13a3d644019f0.pdf,skip:blocked_host
10.21608/ijhms.2019.119040,Assessing Cultural Awareness towards Heritage Sites among Local Communities for Sustainable Tourism Development “The case of Qaitbay Castle in Alexandria”,2019,International Journal of Heritage and Museum Studies,True,https://ijhms.journals.ekb.eg/article_119040_45a65345fd1e4563d60d1ec54f0dbd8b.pdf,skip:blocked_host
10.3724/2096-1715.2017.001.006.054,Tomorrow's Issues of Intangible Heritage in Museums in the Context of Global Mass Tourism,2017,Museum,True,https://www.sciengine.com/doi/pdf/3942E67CEF61461FAAA101C57D660A46,fail:rescue
10.1080/1743873x.2026.2668525,"Envisaging a contemporary visitor experience at museum exhibitions of colonial history, the Kura Hulanda Museum and the Rijksmuseum",2026,Journal of Heritage Tourism,False,,pending
10.4324/9780429489365-3,Gaiás Center Museum,2018,Globalized Nostalgia,False,,pending
10.21608/jaauth.2008.68279,Revolution Command Council Museum 1952: history and building,2008,Journal of Association of Arab Universities for Tourism and Hospitality,False,,pending
10.1016/j.tourman.2005.06.010,"Developing industrial heritage tourism: A case study of the proposed jeep museum in Toledo, Ohio",2006,Tourism Management,False,,pending
10.21608/jaauth.2021.68180.1158,Role of The Grand Egyptian Museum in Promoting International Tourism to Egypt,2021,Journal of Association of Arab Universities for Tourism and Hospitality,True,https://jaauth.journals.ekb.eg/article_160582_9abaa6a9c04fd5da66e75c87e8ca526d.pdf,skip:blocked_host
10.21608/jaauth.2016.49691,"Ancient Egyptian Footwear at the Agriculture Museum, Giza",2016,Journal of Association of Arab Universities for Tourism and Hospitality,True,https://jaauth.journals.ekb.eg/article_49691_e8caa7e7d3bfd5c4fa0db727676b8c04.pdf,skip:blocked_host
10.21608/ijhth.2020.121266,New Kingdom Textile Decoration Techniques and Significance: Evidences from the Egyptian Textile Museum in Cairo,2020,"International Journal of Heritage, Tourism and Hospitality",True,https://ijhth.journals.ekb.eg/article_121266_4e762b18fdc13d7763f23b226585258c.pdf,skip:blocked_host
10.1080/1743873x.2017.1343337,National heritage branding: a case study of the Russian Museum of Ethnography,2017,Journal of Heritage Tourism,False,,pending
10.1080/1743873x.2019.1622707,"Time, authenticity and photographic storytelling in<i>The Museum of Innocence</i>",2019,Journal of Heritage Tourism,False,,pending
10.21608/jaauth.2018.54007,A Corn-Mummy from the Egyptian Museum in Cairo,2018,Journal of Association of Arab Universities for Tourism and Hospitality,True,https://jaauth.journals.ekb.eg/article_54007_b9708671dc37509324efa6413732c0a0.pdf,skip:blocked_host
10.21608/jaauth.2014.57551,A lintel of Amenemhat I at the Egyptian Museum in Cairo,2014,Journal of Association of Arab Universities for Tourism and Hospitality,True,https://jaauth.journals.ekb.eg/article_57551_dd7a3c72172d04e769858f9bcb1e65dc.pdf,skip:blocked_host
10.21608/ijhth.2019.245878,"Destruction of Enemies: an Unpublished Plaque of Seth and Apep in the Petrie Museum, London",2019,"International Journal of Heritage, Tourism and Hospitality",True,https://ijhth.journals.ekb.eg/article_245878_5a4645eaabbd44382eaff44b049f2c02.pdf,skip:blocked_host
10.21608/jaauth.2024.261024.1546,Unpublished Offering Table of Ankhmeryre at Imhotep Museum in Saqqara,2024,Journal of Association of Arab Universities for Tourism and Hospitality,True,https://jaauth.journals.ekb.eg/article_351106_1ba21cca53c62ee834f1f176ddb62d4e.pdf,skip:blocked_host
10.21608/jaauth.2020.31493.1024,Unpublished Anthropoid Wooden Coffin of Padiatum at Beni-Suief Museum,2020,Journal of Association of Arab Universities for Tourism and Hospitality,True,https://jaauth.journals.ekb.eg/article_94950_76f0a25aae9ff027773c82e1f13783e2.pdf,skip:blocked_host
10.21608/jaauth.2020.30898.1013,Publishing a funerary Stela in the Egyptian Museum in Tokyo,2020,Journal of Association of Arab Universities for Tourism and Hospitality,True,https://jaauth.journals.ekb.eg/article_97924_705bcb566c84272097b3ab7cef89116e.pdf,skip:blocked_host
10.1080/02508281.1994.11014714,Heritage Conservation and Tourism in Novgorod,1994,Tourism Recreation Research,False,,pending
10.1080/1743873x.2020.1804918,Emotions and critical thinking at a dark heritage site: investigating visitors’ reactions to a First World War museum in Slovenia,2020,Journal of Heritage Tourism,True,,pending
10.21832/9781845415143-007,"3. The Proposal for the Jeep Museum in Toledo, Ohio",2015,Industrial Heritage Tourism,False,,pending
10.21608/sis.2026.498895.1237,The Electrotype Milton Shield Replica in Alexandria National Museum: Technical History and Interpretive Solutions for Tourist Guides,2026,"Journal of Tourism, Hotels and Heritage",True,,pending
10.21608/sis.2022.178440.1124,First Release of a Pen-Box From the Iranian Era in Matrouh Archaeological Museum (an Archaeological Cultural Study),2022,"Journal of Tourism, Hotels and Heritage",True,https://sjs.journals.ekb.eg/article_272943_08087314935154fb66e390824d9d093d.pdf,skip:blocked_host
10.4995/hedit2024.2024.17472,Smart technologies in the museum environment. AR experiments on physical models at the Museum of Oriental Art in Turin,2024,Proceedings Heritage Digital Technologies and Tourism Management - HEDIT2024,True,https://ocs.editorial.upv.es/index.php/HEDIT/HEDIT2024/paper/download/17472/8870,ok
10.1080/1743873x.2017.1405008,Object narratives and the enslaved at Sam Houston memorial museum,2017,Journal of Heritage Tourism,False,,pending
10.21608/jaauth.2022.151670.1380,Block Statue of Hky SQ.FAMS.361 from Imhotep Museum at Saqqara,2022,Journal of Association of Arab Universities for Tourism and Hospitality,True,https://jaauth.journals.ekb.eg/article_270646_db6e328ccc4d3239d7d76830c30db2a3.pdf,skip:blocked_host
10.21608/jaauth.2022.131083.1342,Studying the Factors Affecting the Promotion of Museum Visits Applied to Egypt,2022,Journal of Association of Arab Universities for Tourism and Hospitality,True,https://jaauth.journals.ekb.eg/article_242689_d9e2991a70b640d2b83d34cf877ffbd2.pdf,skip:blocked_host
10.1111/1468-0033.00175,The Tshwane Declaration: Setting Standards for Heritage Tourism in South Africa,1998,Museum International,False,,pending
10.1111/cura.12552,Mausoleum or museum: Engaging the significance of cultural museum collections for heritage tourism in the 21st century,2023,Curator: The Museum Journal,True,https://onlinelibrary.wiley.com/doi/pdfdirect/10.1111/cura.12552,fail:rescue
10.21608/ijhms.2019.118754,"Cultural Economy Utilization between the Reproduction of Handicrafts, Tourism and Capitalism: The case of Esna.",2019,International Journal of Heritage and Museum Studies,True,https://ijhms.journals.ekb.eg/article_118754_790dfe789984bdcb68c3c203193f0300.pdf,skip:blocked_host
10.21608/jaauth.2021.89239.1221,Pottery Soul houses and Offering Trays at the Agricultural Museum of Cairo,2021,Journal of Association of Arab Universities for Tourism and Hospitality,True,https://jaauth.journals.ekb.eg/article_198745_8fa7336a6078ff3469feaabf9f56d7f8.pdf,skip:blocked_host
10.4324/9780080508986-20,"Dialogic Heritage: Time, Space and Visions of the National Museum of Singapore",2001,Interconnected Worlds: Tourism in Southeast Asia,False,,pending
10.1080/14775081003770983,"Living Heritage and the Sports Museum: Athletes, Legacy and the Olympic Hall of Fame and Museum, Canada Olympic Park",2010,Journal of Sport &amp; Tourism,False,,pending
10.21608/sis.2026.492379.1225,A Proposed Strategic Vision for Implementing Sustainability in Existing Museums: The Van Gogh Museum as a Case Study,2026,"Journal of Tourism, Hotels and Heritage",True,,pending
10.4324/9781003358688-33,Inclusivity in cultural heritage sites as a means of sustainable tourism – the Istanbul Topkapi Palace Museum,2023,Ethical and Responsible Tourism,False,,pending
10.21608/ijhth.2023.314688,"Unpublished Block Statue of Priest “Her” at the Egyptian Museum JE 36950 from Karnak Cachette, Excavation Number K.202",2023,"International Journal of Heritage, Tourism and Hospitality",True,https://ijhth.journals.ekb.eg/article_314688_2d3bf4ff2e22a6d716a1d759d26d8229.pdf,skip:blocked_host
10.21608/jaauth.2023.213348.1462,Evaluation of the Role of the National Museum of Egyptian Civilization (NMEC) in Stimulating Tourism to Old Historic Cairo,2023,Journal of Association of Arab Universities for Tourism and Hospitality,True,https://jaauth.journals.ekb.eg/article_308138_0743208958d5bdd055cba76ce1cc80cf.pdf,skip:blocked_host
10.4324/9780429429286-10,"Heritage, tourism, and the challenges of postcolonial globalization at Tunis’ Bardo Museum",2019,Neocolonialism and Built Heritage,False,,pending
10.1079/9781800623606.0009,Edible Heritage: The Use of Food and Foodways in Multisensory Museum Encounters,2024,Sensory Tourism,False,,pending
10.21608/jaauth.2025.369607.1672,FOUR UNPUBLISHED AMULETS AT THE NATIONAL MUSEUM OF IRELAND,2025,Journal of Association of Arab Universities for Tourism and Hospitality,True,,pending
