topic,year,count
Tourism,2025,281
Tourism,2024,279
Tourism,2026,250
Tourism,2022,229
Tourism,2023,226
Tourism,2020,171
Tourism,2021,163
Tourism,2017,145
Heritage,2025,144
Tourism,2018,138
Heritage,2023,128
Tourism,2019,122
Heritage,2026,118
文化,2025,107
Heritage,2022,98
Tourism,2014,94
Tourism,2016,94
Heritage,2020,89
Heritage,2017,85
Heritage,2024,85
Cultural Heritage,2025,82
Tourism,2015,78
Tourism,2013,77
Heritage,2019,77
Heritage,2021,76
Tourism,2012,69
Digital,2025,65
旅游,2025,65
Destination,2026,64
Heritage,2018,63
Cultural Heritage,2023,62
Cultural Heritage,2026,61
Generative Ai,2025,60
Destination,2025,55
文化,2026,55
Destination,2022,53
Heritage,2016,50
Generative Ai,2026,48
Tourism,2006,47
Cultural Heritage,2022,47
Digital,2026,47
China,2023,45
Digital,2024,45
Heritage,2015,44
Cultural Heritage,2024,44
Tourism,2003,43
Road,2020,43
Destination,2023,42
Destination,2024,42
In Tourism,2026,39
Road,2018,38
Tourism In,2023,38
数字,2025,38
Destination,2021,37
Heritage,2013,36
Silk,2020,36
Tourism,2010,35
Cultural Heritage,2020,35
Destination,2019,34
Silk Road,2020,34
Road,2022,34
Digital,2023,34
Destination,2020,33
Digital,2022,33
Smart,2024,33
Marketing,2025,33
旅游,2026,33
Tourism,2008,32
China,2020,32
Tourist,2025,32
Destination Image,2026,32
Arab,2017,31
China,2025,31
Heritage,2014,30
Tourist,2024,30
中国,2025,30
Tourism,2011,29
Arab,2020,29
跨文化,2025,29
Smart,2026,29
Sustainable,2026,29
Tourism,2009,28
Arab,2019,27
Cultural Heritage,2019,27
Digital,2020,27
Smart,2022,27
Arab,2023,27
Smart Tourism,2024,27
Tourism,2004,26
Cultural Heritage,2017,26
China,2024,26
Sustainable,2024,26
In Tourism,2025,26
Sustainable,2025,26
数字,2026,26
Arab,2014,25
Cultural Heritage,2021,25
Tourist,2021,25
Learning,2022,25
Tourist,2022,25
Road,2023,25
Generative Ai,2024,25
Virtual,2025,25
Heritage,2007,24
Tourism,2007,24
Destination,2018,24
Sustainable,2023,24
In Tourism,2024,24
Tourism In,2024,24
Learning,2025,24
Arabia,2026,24
Marketing,2026,24
Saudi Arabia,2026,24
Arab,2012,23
Heritage,2012,23
Tourism In,2018,23
Learning,2019,23
Tourist,2023,23
Metaverse,2024,23
Smart,2025,23
文化传播,2025,23
Outbound Tourism,2014,22
Arab,2016,22
Digital,2021,22
Silk,2022,22
Silk Road,2022,22
Museum,2023,22
Of Tourism,2023,22
Arabic,2024,22
Marketing,2024,22
Virtual,2024,22
Intangible Cultural Heritage,2025,22
Tourism In,2025,22
Ai-Generated,2026,22
World Heritage,2016,21
Cultural Heritage,2018,21
China,2019,21
Road,2019,21
Of Tourism,2020,21
Sustainable,2020,21
Arab,2022,21
Tourism In,2022,21
Destination Image,2025,21
Governance,2025,21
Road,2025,21
Travel,2025,21
Smart Tourism,2026,21
Heritage,2010,20
Carrying Capacity,2017,20
Destination,2017,20
World Heritage,2019,20
Culture,2022,20
In Tourism,2022,20
Pilgrimage,2023,20
Arabia,2024,20
Cultural Tourism,2024,20
Of Tourism,2024,20
Arabia,2025,20
Saudi Arabia,2025,20
China,2026,20
中国,2026,20
China,2017,19
Tourist,2020,19
China,2021,19
Smart,2021,19
Museum,2022,19
Of Tourism,2022,19
Policy,2022,19
Sustainable,2022,19
Saudi Arabia,2024,19
Knowledge Graph,2025,19
Ai In,2026,19
China,2012,18
Maritime Silk,2020,18
Maritime Silk Road,2020,18
Tourism In,2020,18
旅游,2020,18
Marketing,2021,18
Smart,2023,18
Tourism/Cultural Exchange (宽泛匹配),2024,18
Travel,2024,18
Cultural Tourism,2025,18
Culture,2025,18
Education,2025,18
Of Tourism,2025,18
Smart Tourism,2025,18
Tourists,2025,18
Heritage,2003,17
Heritage,2008,17
Arab,2015,17
Cultural Heritage,2015,17
Cultural Heritage,2016,17
Middle East,2018,17
Museum,2020,17
In Tourism,2021,17
Learning,2021,17
Museum,2021,17
Destination Image,2022,17
Intangible Cultural Heritage,2023,17
Silk,2023,17
Arab,2024,17
Heritage Tourism,2024,17
Road,2024,17
Heritage Tourism,2025,17
Of Generative Ai,2025,17
Virtual Reality,2025,17
Heritage,2011,16
Tourism In,2017,16
Silk,2018,16
Tourist,2018,16
Digital,2019,16
Silk,2019,16
Tourist,2019,16
Tourists,2020,16
Arab,2021,16
Tourism/Cultural Exchange (宽泛匹配),2021,16
Marketing,2022,16
Smart Tourism,2022,16
Artificial,2023,16
Destination Image,2023,16
Heritage Diplomacy,2023,16
In China,2023,16
Policy,2023,16
Tourists,2023,16
Museum,2025,16
Heritage Tourism,2026,16
Tourism,2002,15
Sustainable,2012,15
Destination,2013,15
Policy,2013,15
Heritage Tourism,2017,15
Arab,2018,15
Silk Road,2018,15
Destination Image,2019,15
Silk Road,2019,15
Learning,2020,15
Cultural Tourism,2021,15
Sustainability,2021,15
Tourism In,2021,15
China,2022,15
Artificial Intelligence,2023,15
Education,2023,15
Learning,2023,15
Sustainability,2023,15
Education,2024,15
Ai-Generated,2025,15
Sustainability,2025,15
Arab,2026,15
Halal Tourism,2026,15
Road,2026,15
Travel,2026,15
Tourism,2005,14
Heritage,2006,14
Arab,2009,14
Arab,2013,14
Cultural Heritage,2013,14
Destination,2015,14
Destination,2016,14
World Heritage,2017,14
China,2018,14
Policy,2018,14
Sustainable,2018,14
Destination Image,2021,14
Of Tourism,2021,14
Heritage Tourism,2022,14
Hospitality,2024,14
Tourism/Cultural Exchange (宽泛匹配),2025,14
教育,2025,14
Ai-Generated Content,2026,14
Intangible Cultural Heritage,2026,14
Knowledge Graph,2026,14
Cultural Tourism,2003,13
China,2016,13
Outbound Tourism,2016,13
Arabia,2017,13
Saudi Arabia,2017,13
Belt,2018,13
Heritage Sites,2019,13
Tourism/Cultural Exchange (宽泛匹配),2019,13
Arab World,2020,13
The Arab World,2020,13
文化,2020,13
Big Data,2021,13
Sustainable,2021,13
Economy,2022,13
Economy,2023,13
Smart Tourism,2023,13
Destination Image,2024,13
Text Mining,2024,13
Conservation,2025,13
Hospitality,2025,13
Tourism Destination,2025,13
Education,2026,13
Generative Ai In,2026,13
Heritage In,2026,13
Tourism In,2026,13
Tourist,2026,13
跨文化,2026,13
Cultural Tourism,2006,12
Arab,2007,12
China,2009,12
Cultural Heritage,2012,12
Destination,2014,12
Tourist,2016,12
Tourists,2016,12
Hajj,2017,12
Tourism Carrying,2017,12
Tourism Carrying Capacity,2017,12
Tourism/Cultural Exchange (宽泛匹配),2018,12
Museum,2019,12
Of Tourism,2019,12
Policy,2019,12
Dark Tourism,2020,12
Destination Image,2020,12
In Tourism,2020,12
Sustainable Tourism,2020,12
The Maritime Silk,2020,12
Tourism/Cultural Exchange (宽泛匹配),2020,12
Policy,2021,12
Road,2021,12
Arabic,2022,12
Belt,2022,12
Halal Tourism,2022,12
In Tourism,2023,12
Silk Road,2023,12
Virtual,2023,12
Ai In,2024,12
Dark Tourism,2024,12
Destinations,2024,12
Silk,2024,12
Silk Road,2024,12
Tourism Destination,2024,12
Tourism Industry,2024,12
文化,2024,12
Ai In,2025,12
Big Data,2025,12
Muslim,2025,12
Of Ai,2025,12
Hospitality,2026,12
In Saudi Arabia,2026,12
Policy,2026,12
Sustainable Tourism,2026,12
Tourism/Cultural Exchange (宽泛匹配),2026,12
Travel,2006,11
Travel And Tourism,2006,11
Destination,2012,11
Tourism In,2012,11
Heritage Tourism,2013,11
Middle East,2013,11
Cultural Heritage,2014,11
Tourist,2017,11
In Tourism,2018,11
Of Tourism,2018,11
Muslim,2019,11
Artificial,2020,11
Heritage Tourism,2020,11
Pilgrimage,2020,11
World Heritage,2020,11
Belt And Road,2022,11
Governance,2022,11
Hospitality,2022,11
Machine Learning,2022,11
Metaverse,2022,11
Tourism Destination,2022,11
Arabia,2023,11
Heritage Tourism,2023,11
Marketing,2023,11
Saudi Arabia,2023,11
Artificial,2024,11
Artificial Intelligence,2024,11
Economy,2024,11
In Saudi Arabia,2024,11
Of Digital,2024,11
Sustainability,2024,11
Tourists,2024,11
Virtual Reality,2024,11
Arab,2025,11
Artificial,2025,11
In Saudi Arabia,2025,11
Metaverse,2025,11
Of Cultural Heritage,2025,11
Silk,2025,11
传统文化,2025,11
Learning,2026,11
Rural Tourism,2026,11
Tourists,2026,11
Virtual,2026,11
Arabic,2005,10
Destination,2010,10
Cultural Tourism,2013,10
Heritage Tourism,2015,10
Chinese Outbound Tourism,2016,10
Conservation,2017,10
Middle East,2017,10
Digital,2018,10
Road Initiative,2018,10
Sustainability,2018,10
Environmental,2019,10
Sustainable,2019,10
Tourism Destination,2019,10
World Heritage Sites,2019,10
Arabia,2020,10
Belt,2020,10
Big Data,2020,10
Cultural Tourism,2020,10
Education,2020,10
Marketing,2020,10
Saudi Arabia,2020,10
Arabia,2021,10
Economy,2021,10
Heritage Tourism,2021,10
Saudi Arabia,2021,10
Smart Tourism,2021,10
Tourism Destination,2021,10
Archaeological,2022,10
Circular Economy,2022,10
Destinations,2022,10
Tourism/Cultural Exchange (宽泛匹配),2022,10
Virtual,2022,10
Destinations,2023,10
Heritage In,2023,10
Metaverse,2023,10
Text Mining,2023,10
Tourism Destination,2023,10
Intangible Cultural Heritage,2024,10
Learning,2024,10
Museum,2024,10
Tourism In The,2024,10
Arabic,2025,10
Belt,2025,10
Economy,2025,10
Hajj,2025,10
Policy,2025,10
伊斯兰,2025,10
文化交流,2025,10
社交媒体,2025,10
Digital Twin,2026,10
Islamic,2026,10
Silk,2026,10
Sustainability,2026,10
Text Mining,2026,10
Tourism,1998,9
Arabic And English,2005,9
Cultural Heritage,2007,9
Heritage-Scape,2008,9
Arab,2011,9
Sustainable Tourism,2012,9
China,2013,9
Governance,2013,9
Hajj,2015,9
Interfaith,2016,9
Tourism To,2016,9
Islam,2017,9
Learning,2017,9
Of Cultural Heritage,2017,9
Pilgrimage,2017,9
Sustainable,2017,9
Culture,2018,9
Destination Image,2018,9
Learning,2018,9
Tourism In The,2018,9
Maritime Silk,2019,9
Maritime Silk Road,2019,9
Road Initiative,2019,9
Artificial Intelligence,2020,9
Conservation,2020,9
World Heritage,2021,9
Intangible Cultural Heritage,2022,9
Sustainability,2022,9
The Silk Road,2022,9
Tourists,2022,9
Belt,2023,9
Deep Learning,2023,9
Digital Twin,2023,9
Of Digital,2023,9
Pilgrimage Tourism,2023,9
Preservation,2023,9
Sustainable Tourism,2023,9
Travel,2023,9
World Heritage,2023,9
Halal Tourism,2024,9
In The Tourism,2024,9
Of Ai,2024,9
Policy,2024,9
旅游,2024,9
Artificial Intelligence,2025,9
Heritage In,2025,9
Of Destination,2025,9
Silk Road,2025,9
Sustainable Tourism,2025,9
Text Mining,2025,9
文化旅游,2025,9
And Destination Image,2026,9
Generative Ai And,2026,9
In Cultural Heritage,2026,9
In Rural Tourism,2026,9
Of Cultural Heritage,2026,9
Of Generative Ai,2026,9
Silk Road,2026,9
教育,2026,9
Arab,1969,8
Tourism,1995,8
Heritage,2001,8
Tourism,2001,8
Heritage Site,2006,8
World Heritage,2006,8
World Heritage Site,2006,8
Policy,2008,8
Arab,2010,8
Cultural Heritage,2010,8
China,2011,8
Of Tourism,2012,8
Digital,2013,8
Sustainable,2013,8
Tourism Policy,2013,8
Arab World,2014,8
Dark Tourism,2014,8
Of Tourism,2015,8
Sustainable,2015,8
Arab World,2016,8
Heritage Site,2016,8
In Tourism,2016,8
Interfaith Dialogue,2016,8
Tourism In,2016,8
World Heritage Site,2016,8
Heritage In,2017,8
Literary Tourism,2017,8
Of Tourism,2017,8
Policy,2017,8
Road,2017,8
Tourism/Cultural Exchange (宽泛匹配),2017,8
Heritage Tourism,2018,8
Belt,2019,8
Deep Learning,2019,8
Economy,2019,8
Islamic,2019,8
Machine Learning,2019,8
Travel,2019,8
Unesco,2019,8
Belt And Road,2020,8
Cultural Heritage And,2020,8
Environmental,2020,8
In The Arab,2020,8
Intangible Cultural Heritage,2020,8
Museums,2020,8
Road Initiative,2020,8
Arabic,2021,8
Heritage In,2021,8
Muslim,2021,8
Strategy,2021,8
And Road Initiative,2022,8
Archaeology,2022,8
Destination Brand,2022,8
Of Cultural Heritage,2022,8
Preservation,2022,8
Road Initiative,2022,8
Travel,2022,8
Virtual Reality,2022,8
World Heritage,2022,8
Circular Economy,2023,8
Culture,2023,8
Hajj,2023,8
Heritage Sites,2023,8
Hospitality,2023,8
Mecca,2023,8
Rural Tourism,2023,8
Tourist Destination,2023,8
Culture,2024,8
Destination Brand,2024,8
Generative Ai In,2024,8
Hajj,2024,8
In China,2024,8
Of Generative Ai,2024,8
Pilgrimage,2024,8
Strategy,2024,8
Educational,2025,8
Exhibition,2025,8
For Cultural Heritage,2025,8
Generative Ai And,2025,8
Generative Ai In,2025,8
Governance In,2025,8
In China,2025,8
On Tourism,2025,8
Pilgrimage,2025,8
Cultural Tourism,2026,8
Destination Image And,2026,8
Governance,2026,8
In Generative Ai,2026,8
Of Ai-Generated,2026,8
Tourism And Hospitality,2026,8
文化传播,2026,8
遗产,2026,8
Heritage,2004,7
Of Arabic,2005,7
Of Arabic And,2005,7
Tourism In,2006,7
Digital,2007,7
Cultural Heritage,2008,7
Destination,2008,7
Cultural Tourism,2009,7
Digital,2011,7
Tourist,2011,7
Travel,2011,7
Cultural Tourism,2012,7
In Tourism,2012,7
Marketing,2012,7
Marketing,2013,7
Of Tourism,2013,7
Cultural Tourism,2014,7
The Arab World,2014,7
Cultural Tourism,2015,7
Digital,2015,7
Heritage Tourism,2016,7
Hospitality,2016,7
In The Arab,2016,7
Learning,2016,7
Mainland,2016,7
Mainland Chinese,2016,7
Mainland Chinese Outbound,2016,7
Outbound Tourism To,2016,7
Road,2016,7
Sustainability,2016,7
Sustainable,2016,7
The Arab World,2016,7
Big Data,2017,7
Destinations,2017,7
Digital,2017,7
Education,2017,7
Heritage Sites,2017,7
In The Arab,2017,7
Marketing,2017,7
Silk,2017,7
Sustainability,2017,7
And Road Initiative,2018,7
Arabia,2018,7
Belt And Road,2018,7
Education,2018,7
Maritime Silk,2018,7
Maritime Silk Road,2018,7
Tourists,2018,7
Artificial,2019,7
Heritage Site,2019,7
Hospitality,2019,7
Of Destination,2019,7
Pilgrimage,2019,7
Smart,2019,7
Tourism In,2019,7
Tourists,2019,7
文化,2019,7
And Road Initiative,2020,7
Arabic,2020,7
Culture,2020,7
Heritage Site,2020,7
Policy,2020,7
Text Mining,2020,7
The Belt And,2020,7
Tourism Destination,2020,7
Travel,2020,7
中国,2020,7
Blockchain,2021,7
Halal Tourism,2021,7
Heritage Site,2021,7
Machine Learning,2021,7
Tourists,2021,7
Artificial,2022,7
Artificial Intelligence,2022,7
Climate,2022,7
Difficult Heritage,2022,7
Heritage Sites,2022,7
Strategy,2022,7
Text Mining,2022,7
The Belt And,2022,7
Tourism Industry,2022,7
Tourism Recovery,2022,7
Unesco,2022,7
Belt And Road,2023,7
Cultural Heritage And,2023,7
Destination Brand,2023,7
For Cultural Heritage,2023,7
Generative Ai,2023,7
In The Arab,2023,7
Of Ai,2023,7
Of Tourism In,2023,7
Tourism Industry,2023,7
Tourism/Cultural Exchange (宽泛匹配),2023,7
Virtual Reality,2023,7
Augmented Reality,2024,7
Chatbot,2024,7
Circular Economy,2024,7
Governance,2024,7
Knowledge Graph,2024,7
Of Cultural Heritage,2024,7
Tourism And Hospitality,2024,7
Tourism Destinations,2024,7
Tourism Sector,2024,7
Tourist Destination,2024,7
Umrah,2024,7
数字,2024,7
Art,2025,7
Belt And Road,2025,7
Digital Transformation,2025,7
In Generative Ai,2025,7
Machine Learning,2025,7
Tourism And Hospitality,2025,7
Tourism Sector,2025,7
经济,2025,7
音乐,2025,7
Ai In Tourism,2026,7
Economy,2026,7
Hajj,2026,7
Museum,2026,7
Tourism,1986,6
Tourism,1994,6
Tourism,1997,6
Tourism,2000,6
Arabic,2004,6
Interfaith,2006,6
Tourism In,2007,6
Heritage,2009,6
Tourist,2009,6
China,2010,6
User Generated Content,2011,6
In China,2012,6
Travel,2012,6
China,2014,6
Destination Image,2014,6
In Tourism,2014,6
Tourism/Cultural Exchange (宽泛匹配),2014,6
Tourist,2014,6
Virtual,2014,6
Culture,2015,6
Pilgrimage,2015,6
Cultural Tourism,2016,6
Environmental,2016,6
Arab World,2017,6
Arabic,2017,6
Destination Image,2017,6
Heritage Site,2017,6
In Tourism,2017,6
Museum,2017,6
Silk Road,2017,6
Smart,2017,6
The Arab World,2017,6
World Heritage Site,2017,6
Environmental,2018,6
Halal Tourism,2018,6
Of Cultural Heritage,2018,6
Of Destination,2018,6
Smart,2018,6
The Belt And,2018,6
World Heritage,2018,6
Artificial Intelligence,2019,6
Belt And Road,2019,6
Big Data,2019,6
Heritage In,2019,6
Heritage Tourism,2019,6
In Tourism,2019,6
Intangible Cultural Heritage,2019,6
Marketing,2019,6
Participation,2019,6
Sustainable Tourism,2019,6
World Heritage Site,2019,6
旅游,2019,6
Art,2020,6
Destinations,2020,6
Economy,2020,6
Market,2020,6
New Silk Road,2020,6
Silk Road And,2020,6
Smart,2020,6
The New Silk,2020,6
Tourism As,2020,6
Virtual,2020,6
World Heritage Site,2020,6
Belt,2021,6
Belt And Road,2021,6
Circular Economy,2021,6
Culture,2021,6
Destinations,2021,6
Governance,2021,6
Heritage Sites,2021,6
Middle East,2021,6
Of Heritage,2021,6
Silk,2021,6
Text Mining,2021,6
The Belt And,2021,6
Cultural Tourism,2022,6
Dark Tourism,2022,6
Educational,2022,6
Heritage Tourism Sites,2022,6
In China,2022,6
Maritime Silk,2022,6
Maritime Silk Road,2022,6
Of Museum,2022,6
Of Smart,2022,6
Of Tourist,2022,6
Outbound Tourism,2022,6
Participation,2022,6
Sustainable Tourism,2022,6
The Maritime Silk,2022,6
Tourism Sites,2022,6
Arabic,2023,6
Art,2023,6
Calligraphy,2023,6
Climate,2023,6
Cultural Tourism,2023,6
Market,2023,6
Of Tourist,2023,6
On Tourism,2023,6
Road Initiative,2023,6
Strategy,2023,6
The Circular Economy,2023,6
Tourism In China,2023,6
Tourism In The,2023,6
Unesco,2023,6
旅游,2023,6
Archaeological,2024,6
Art,2024,6
Blockchain,2024,6
Digital Cultural,2024,6
Middle East,2024,6
On Tourism,2024,6
Sustainable Tourism,2024,6
The Tourism Sector,2024,6
World Heritage,2024,6
Ai-Generated Content,2025,6
Halal Tourism,2025,6
Heritage Conservation,2025,6
Hotel,2025,6
In Heritage,2025,6
In The Digital,2025,6
In The Tourism,2025,6
Knowledge Graph Construction,2025,6
Knowledge Graphs,2025,6
Of Digital,2025,6
Of Heritage,2025,6
On Tourists,2025,6
Participation,2025,6
Strategy,2025,6
Tourism Governance,2025,6
Tourism Industry,2025,6
乡村旅游,2025,6
智慧旅游,2025,6
游客,2025,6
遗产,2025,6
Ai-Driven,2026,6
Arab World,2026,6
Artificial,2026,6
Artificial Intelligence,2026,6
Belt,2026,6
Dark Tourism,2026,6
Digital Heritage,2026,6
Dissonant Heritage,2026,6
Dubai,2026,6
Heritage Sites,2026,6
In Smart,2026,6
In Tourism And,2026,6
Influencer Marketing,2026,6
Marketing In,2026,6
Muslim-Friendly,2026,6
Of Destination,2026,6
Of Digital,2026,6
On Tourism,2026,6
Tourism Industry,2026,6
技术,2026,6
Tourism,1988,5
Tourism,1999,5
Heritage,2002,5
Arab,2003,5
Of Tourism,2003,5
Arabic Version,2004,5
Tourism In,2004,5
Middle East,2006,5
Middle East,2007,5
Pilgrimage,2007,5
Text Mining,2009,5
Policy,2010,5
Tourism In,2010,5
Tourism/Cultural Exchange (宽泛匹配),2010,5
Destination,2011,5
Heritage Tourism,2011,5
Digital,2012,5
Heritage Tourism,2012,5
Intangible Cultural Heritage,2012,5
Of Cultural Heritage,2012,5
Text Mining,2012,5
Tourist,2012,5
In Tourism,2013,5
Of Destination,2013,5
Tourism In,2013,5
Travel,2013,5
And The Arab,2014,5
Big Data,2014,5
Digital,2014,5
Education,2014,5
Of Tourism,2014,5
Policy,2014,5
Road,2014,5
Silk,2014,5
Silk Road,2014,5
Arabic,2015,5
China,2015,5
In Tourism,2015,5
Policy,2015,5
Smart,2015,5
Archaeology,2016,5
Big Data,2016,5
Heritage Sites,2016,5
Marketing,2016,5
Of Cultural Heritage,2016,5
Policy,2016,5
Smart,2016,5
Tourism Destination,2016,5
And Heritage Tourism,2017,5
Culture,2017,5
Economy,2017,5
Governance,2017,5
Halal Tourism,2017,5
In China,2017,5
In Saudi Arabia,2017,5
Mecca,2017,5
Travel,2017,5
Belt One,2018,5
Belt One Road,2018,5
Climate,2018,5
Conservation,2018,5
Dark Tourism,2018,5
Governance,2018,5
In The Arab,2018,5
New Silk Road,2018,5
One Belt,2018,5
One Belt One,2018,5
One Road,2018,5
Saudi Arabia,2018,5
The Maritime Silk,2018,5
The New Silk,2018,5
Tourism Destination,2018,5
Tourism Policy,2018,5
Travel,2018,5
Virtual,2018,5
Arab World,2019,5
Arts,2019,5
Culture,2019,5
Education,2019,5
Religious Tourism,2019,5
Silk Road Initiative,2019,5
Tourist Satisfaction,2019,5
Visitors,2019,5
Between China And,2020,5
Destination Brand,2020,5
Environment,2020,5
For Cultural Heritage,2020,5
Heritage As,2020,5
Heritage Conservation,2020,5
In China,2020,5
Machine Learning,2020,5
Mecca,2020,5
Of Cultural Heritage,2020,5
Of Digital,2020,5
The Silk Road,2020,5
Tourism And Pilgrimage,2020,5
Tourism In The,2020,5
Big Data In,2021,5
Deep Learning,2021,5
Hajj,2021,5
Hospitality,2021,5
Intangible Cultural Heritage,2021,5
Of Cultural Tourism,2021,5
Road Initiative,2021,5
Silk Road,2021,5
Tourist Destination,2021,5
中国,2021,5
Arabia,2022,5
Blockchain,2022,5
Climate Change,2022,5
In Cultural Heritage,2022,5
In The Arab,2022,5
Middle East,2022,5
Muslim,2022,5
Rural Tourism,2022,5
Saudi Arabia,2022,5
Tourism And Hospitality,2022,5
Ai-Generated,2023,5
And Road Initiative,2023,5
Climate Change,2023,5
Cultural Heritage In,2023,5
Exhibition,2023,5
Halal Tourism,2023,5
Heritage And Tourism,2023,5
Higher Education,2023,5
Knowledge Graph,2023,5
Machine Learning,2023,5
Muslim,2023,5
Of Destination,2023,5
Roads,2023,5
Silk Roads,2023,5
The Belt And,2023,5
The Silk Road,2023,5
To Cultural Heritage,2023,5
Tourism And Hospitality,2023,5
And Cultural Tourism,2024,5
Arab World,2024,5
Belt,2024,5
Conservation,2024,5
Cultural Heritage Tourism,2024,5
Educational,2024,5
In Cultural Heritage,2024,5
Mecca,2024,5
Metaverse In,2024,5
Of China,2024,5
Of Destination,2024,5
Of Smart,2024,5
Of Smart Tourism,2024,5
The Arab World,2024,5
The Tourism Industry,2024,5
Trade,2024,5
伊斯兰,2024,5
Ai-Driven,2025,5
Augmented Reality,2025,5
Chatbot,2025,5
Community-Based Tourism,2025,5
Cultural Heritage Through,2025,5
Cultural Heritage Tourism,2025,5
Destination Brand,2025,5
Destinations,2025,5
Digital Twin,2025,5
Heritage Site,2025,5
Islamic,2025,5
Journey,2025,5
Law,2025,5
Maritime Silk,2025,5
Maritime Silk Road,2025,5
Market,2025,5
Of Ai-Generated,2025,5
Of Virtual,2025,5
Preservation,2025,5
Road Initiative,2025,5
The Belt And,2025,5
Tourism As,2025,5
Tourist Destination,2025,5
Virtual Reality And,2025,5
World Heritage,2025,5
大学,2025,5
数据,2025,5
阿拉伯,2025,5
非物质文化遗产,2025,5
And Cultural Heritage,2026,5
Arabic,2026,5
Belt And Road,2026,5
Cultural Heritage Sites,2026,5
Culture,2026,5
Destination Marketing,2026,5
Destinations,2026,5
Difficult Heritage,2026,5
Educational,2026,5
For Cultural Heritage,2026,5
Hotels,2026,5
In Dubai,2026,5
In Smart Tourism,2026,5
Machine Learning,2026,5
Of Ai,2026,5
Of Ai-Generated Content,2026,5
Of Sustainable,2026,5
Of Tourism,2026,5
Pills In Dubai,2026,5
The Arab World,2026,5
Tourism As,2026,5
乡村旅游,2026,5
传统文化,2026,5
非物质文化遗产,2026,5
Tourism,1984,4
Tourism Monitor,1986,4
Heritage,2000,4
Cultural Heritage,2003,4
In Tourism,2003,4
Policy,2003,4
Mass Tourism,2004,4
World Heritage,2004,4
Culture,2005,4
Destination,2005,4
Arab,2006,4
Arabic,2006,4
Community Participation,2006,4
Participation,2006,4
Arab Journalism,2007,4
Destination,2007,4
Of Cultural Heritage,2007,4
China,2008,4
Heritage Tourism,2008,4
Middle East,2008,4
Tourism Policy,2008,4
Tourist,2008,4
Heritage Tourism,2010,4
Sustainable,2010,4
Tourist,2010,4
Unesco,2010,4
World Heritage,2010,4
Cultural Heritage,2011,4
Tourism/Cultural Exchange (宽泛匹配),2011,4
Arab Emirates,2012,4
Arab World,2012,4
Arabic,2012,4
Destinations,2012,4
Middle East,2012,4
Of Tourism In,2012,4
Participation,2012,4
Unesco,2012,4
United Arab,2012,4
United Arab Emirates,2012,4
University,2012,4
Destination Image,2013,4
Muslim,2013,4
Of Cultural Tourism,2013,4
Road,2013,4
Silk,2013,4
Silk Road,2013,4
Tourist,2013,4
Arab Spring,2014,4
Destination Image And,2014,4
Heritage Site,2014,4
Museum,2014,4
The Silk Road,2014,4
Tourism In,2014,4
Travel,2014,4
Climate,2015,4
Destination Image,2015,4
Destinations,2015,4
Economy,2015,4
Environment,2015,4
Museum,2015,4
Of Destination,2015,4
Religious Tourism,2015,4
Tourist,2015,4
Travel,2015,4
Arab Spring,2016,4
Chinese Outbound Tourists,2016,4
Chinese Tourists,2016,4
Culture,2016,4
Destination Image,2016,4
Destinations,2016,4
Environment,2016,4
Hajj,2016,4
Mecca,2016,4
Of China,2016,4
Of Tourism,2016,4
Of World Heritage,2016,4
Outbound Tourists,2016,4
Tourism And The,2016,4
Virtual,2016,4
World Heritage Sites,2016,4
Arab Emirates,2017,4
Augmented Reality,2017,4
Cultural Heritage In,2017,4
Cultural Heritage Tourism,2017,4
Muslim,2017,4
Of China,2017,4
Of Destination,2017,4
Pilgrimage To,2017,4
Smart Tourism,2017,4
Strategy,2017,4
Tourism In Saudi,2017,4
Tourists,2017,4
Unesco,2017,4
United Arab,2017,4
United Arab Emirates,2017,4
Virtual,2017,4
Visitors,2017,4
文化,2017,4
Cultural Tourism,2018,4
Heritage In,2018,4
Hospitality,2018,4
Marketing,2018,4
Muslim,2018,4
Strategy,2018,4
Thailand,2018,4
Unesco,2018,4
And Road Initiative,2019,4
Art,2019,4
Circular Economy,2019,4
Climate,2019,4
Conservation,2019,4
Cultural Tourism,2019,4
Digital Twin,2019,4
Dubai,2019,4
Governance,2019,4
Hajj,2019,4
Halal Tourism,2019,4
Heritage Of,2019,4
Interfaith,2019,4
Interfaith Dialogue,2019,4
Market,2019,4
Of World Heritage,2019,4
Text Mining,2019,4
The Belt And,2019,4
Virtual,2019,4
阿拉伯,2019,4
 ,2020,4
"""",2020,4
",",2020,4
Artificial Intelligence In,2020,4
Blockchain,2020,4
Digital Twin,2020,4
Educational,2020,4
Hajj,2020,4
Heritage In,2020,4
Hospitality,2020,4
In Saudi Arabia,2020,4
Middle East,2020,4
Museum Diplomacy,2020,4
Of Destination,2020,4
Of Tourist,2020,4
On Tourism,2020,4
Sustainability,2020,4
Unesco,2020,4
Virtual Reality,2020,4
[,2020,4
],2020,4
ا,2020,4
ب,2020,4
ة,2020,4
ت,2020,4
ث,2020,4
ج,2020,4
ح,2020,4
خ,2020,4
د,2020,4
ر,2020,4
س,2020,4
ع,2020,4
ف,2020,4
ق,2020,4
ل,2020,4
م,2020,4
ي,2020,4
And Road Initiative,2021,4
And The Arab,2021,4
Art,2021,4
Between China And,2021,4
Chain,2021,4
Cultural Heritage In,2021,4
Cultural Heritage Tourism,2021,4
Digitalization,2021,4
Education,2021,4
Hotels,2021,4
Of Arabic,2021,4
Of Cultural Heritage,2021,4
On Tourism,2021,4
Pilgrimage,2021,4
Sustainable Tourism,2021,4
Tourism Recovery,2021,4
Travel,2021,4
Virtual,2021,4
Visitors,2021,4
World Heritage Site,2021,4
旅游,2021,4
And Destination Image,2022,4
Arab World,2022,4
Artificial Intelligence In,2022,4
Community Participation,2022,4
Conservation,2022,4
Cultural Heritage And,2022,4
Cultural Heritage Tourism,2022,4
Deep Learning,2022,4
Dubai,2022,4
Education,2022,4
Hajj,2022,4
Heritage In,2022,4
Heritage Site,2022,4
Hospitality And Tourism,2022,4
Knowledge Graph,2022,4
Market,2022,4
Museums,2022,4
Of China,2022,4
Of Destination,2022,4
Of Smart Tourism,2022,4
Of The Tourism,2022,4
On Tourism,2022,4
Participation In,2022,4
Smart Cities,2022,4
Tourism In The,2022,4
Tourism Products,2022,4
Unesco World,2022,4
Unesco World Heritage,2022,4
And Tourism In,2023,4
And Virtual Reality,2023,4
Arab Emirates,2023,4
Arab Gulf,2023,4
Arab World,2023,4
Blockchain,2023,4
Chatbot,2023,4
Cultural Heritage Tourism,2023,4
Digital Transformation,2023,4
Educational,2023,4
Heritage In The,2023,4
In Cultural Heritage,2023,4
In Smart,2023,4
In The Tourism,2023,4
Museum Diplomacy,2023,4
Museums,2023,4
Of Cultural Heritage,2023,4
Of Cultural Tourism,2023,4
Of Heritage,2023,4
Of Smart,2023,4
Of Virtual,2023,4
Religious Tourism,2023,4
Sustainability Of,2023,4
Thailand,2023,4
The Arab World,2023,4
The Tourism Industry,2023,4
To Mecca,2023,4
Tourism Recovery,2023,4
Unesco World,2023,4
United Arab,2023,4
United Arab Emirates,2023,4
University,2023,4
Visitors,2023,4
Ai Chatbot,2024,4
Ai-Driven,2024,4
And Virtual Reality,2024,4
Artificial Intelligence In,2024,4
Belt And Road,2024,4
Big Data,2024,4
Blockchain Technology,2024,4
Cultural Heritage Knowledge,2024,4
Destination Marketing,2024,4
Digital Marketing,2024,4
Domestic Tourism,2024,4
Ecotourism,2024,4
Environmental,2024,4
Gulf Region,2024,4
Heritage Knowledge,2024,4
Heritage Knowledge Graph,2024,4
Higher Education,2024,4
Hospitality And Tourism,2024,4
Hotel,2024,4
In Cultural Tourism,2024,4
In Education,2024,4
In The Arab,2024,4
Islam,2024,4
Knowledge Graph And,2024,4
Knowledge Graphs,2024,4
Muslim,2024,4
Of Artificial,2024,4
Of Artificial Intelligence,2024,4
Of Augmented Reality,2024,4
Of The Tourism,2024,4
Rural Tourism,2024,4
Service Marketing,2024,4
Smart Tourism Destinations,2024,4
Tourism Marketing,2024,4
Tourism Policy,2024,4
Tourism Recovery,2024,4
Unesco,2024,4
Unesco World,2024,4
Unesco World Heritage,2024,4
Virtual Reality And,2024,4
文化传播,2024,4
Accessible Tourism,2025,4
And Destination Image,2025,4
And Road Initiative,2025,4
Archaeological,2025,4
Big Data In,2025,4
Cultural Heritage And,2025,4
Destination Branding,2025,4
Digital Economy,2025,4
Digital Marketing,2025,4
Environmental,2025,4
Generative Ai For,2025,4
Heritage Diplomacy,2025,4
In Smart,2025,4
Marketing In,2025,4
Marketing Strategies,2025,4
Music,2025,4
Of Destination Image,2025,4
Of Hajj,2025,4
Of Smart,2025,4
Of Smart Tourism,2025,4
Of Tourist,2025,4
On Tourist,2025,4
Short Video Marketing,2025,4
Smart Tourism Destination,2025,4
Sports Tourism,2025,4
The Tourism Sector,2025,4
Tourism In Saudi,2025,4
Tourism Short,2025,4
Tourism Short Video,2025,4
Travel Intentions,2025,4
Travellers,2025,4
Umrah,2025,4
University,2025,4
Video Marketing,2025,4
Virtual Tourism,2025,4
保护,2025,4
技术,2025,4
And Generative Ai,2026,4
And Road Initiative,2026,4
Cultural And Tourism,2026,4
Cultural Heritage Tourism,2026,4
Destination Image In,2026,4
For Smart Tourism,2026,4
Generative Ai For,2026,4
Image And Destination,2026,4
In Arab,2026,4
In Digital,2026,4
Law,2026,4
Market,2026,4
Muslim,2026,4
Of China,2026,4
Pilgrimage,2026,4
Preservation,2026,4
Road Initiative,2026,4
Smart Tourism And,2026,4
Strategy,2026,4
The Belt And,2026,4
Tour,2026,4
Tourism Marketing,2026,4
Tourism Policy,2026,4
Visitor,2026,4
Wellness Tourism,2026,4
保护,2026,4
可持续,2026,4
文化交流,2026,4
治理,2026,4
社交媒体,2026,4
经济,2026,4
Tourism/Cultural Exchange (宽泛匹配),1913,3
Arab,1976,3
Tourism,1982,3
Tourism,1985,3
Tourism,1987,3
Tourism Monitor,1988,3
Arab,1991,3
Arab World,1991,3
The Arab World,1991,3
Hajj,1994,3
Tourism/Cultural Exchange (宽泛匹配),1994,3
Interfaith,1995,3
Market,1997,3
Heritage,1998,3
Islam,2000,3
Travel,2001,3
Environmental,2002,3
Tourism In,2002,3
Tourist,2002,3
Heritage As,2003,3
Heritage Tourism,2003,3
Middle East,2003,3
Public Policy,2003,3
At World Heritage,2004,3
Cultural Tourism,2004,3
Culture,2004,3
Destination,2004,3
Policy,2004,3
Sustainable,2004,3
Sustainable Tourism,2004,3
China,2005,3
In Travel,2006,3
Policy,2006,3
Text Mining,2006,3
Tourism In The,2006,3
Digital Cultural,2007,3
Digital Cultural Heritage,2007,3
Heritage Sites,2007,3
Market,2007,3
Of Tourism,2007,3
On Tourism,2007,3
Text Mining,2007,3
Tourist,2007,3
Urban Heritage,2007,3
Environmental,2008,3
Heritage Tourism And,2008,3
Intangible Cultural Heritage,2008,3
Museum,2008,3
Of Tourism,2008,3
Tourism In,2008,3
World Heritage,2008,3
Arabic,2009,3
Cultural Heritage,2009,3
Culture,2009,3
Destination,2009,3
Middle East,2009,3
Muslim,2009,3
Of Tourism,2009,3
Policy,2009,3
Arab Emirates,2010,3
Arabic,2010,3
Conservation,2010,3
Cultural Policy,2010,3
Cultural Tourism,2010,3
Destination Image,2010,3
Heritage And Tourism,2010,3
Of Cultural Heritage,2010,3
Sustainable Tourism,2010,3
The United Arab,2010,3
Unesco World,2010,3
Unesco World Heritage,2010,3
United Arab,2010,3
United Arab Emirates,2010,3
Arab Journalism,2011,3
Cultures,2011,3
Education,2011,3
Interfaith,2011,3
Interfaith Dialogue,2011,3
Policy,2011,3
Sustainable,2011,3
Text Mining,2011,3
Tourism In,2011,3
Agriculture,2012,3
Arab Media,2012,3
Archaeology,2012,3
Destination Marketing,2012,3
In Arab,2012,3
Muslim,2012,3
Policy,2012,3
The Arab World,2012,3
Tourism Destination,2012,3
Tourism Destinations,2012,3
And Cultural Tourism,2013,3
Arab Spring,2013,3
Arabic,2013,3
Cultural Policy,2013,3
Culture,2013,3
Dark Tourism,2013,3
Destination Brand,2013,3
Education,2013,3
Event Tourism,2013,3
Hospitality,2013,3
Intangible Cultural Heritage,2013,3
Market,2013,3
On Destination,2013,3
Outbound Travel,2013,3
Sustainable Tourism,2013,3
The Arab Spring,2013,3
Tourism And The,2013,3
Tourism Governance,2013,3
Tourism/Cultural Exchange (宽泛匹配),2013,3
Virtual,2013,3
Arab Emirates,2014,3
Archaeology,2014,3
Culture,2014,3
Dubai,2014,3
In The Arab,2014,3
Learning,2014,3
Marketing,2014,3
Middle East,2014,3
Music,2014,3
Of Arab,2014,3
Of Destination,2014,3
Preservation,2014,3
Sustainable,2014,3
Tourism Industry,2014,3
Tourism Marketing,2014,3
United Arab,2014,3
United Arab Emirates,2014,3
User Generated Content,2014,3
 ,2015,3
"""",2015,3
",",2015,3
Abroad,2015,3
Arab Spring,2015,3
Arab World,2015,3
Augmented Reality,2015,3
Country Of Destination,2015,3
In The Arab,2015,3
Learning,2015,3
Marketing,2015,3
Middle East,2015,3
On Tourism,2015,3
Sustainability,2015,3
The Arab Spring,2015,3
Tourism Destination,2015,3
Tourism In,2015,3
Tourism Product,2015,3
Virtual,2015,3
[,2015,3
],2015,3
a,2015,3
i,2015,3
m,2015,3
o,2015,3
r,2015,3
s,2015,3
t,2015,3
u,2015,3
Arabic,2016,3
Dark Tourism,2016,3
Economy,2016,3
Education,2016,3
Heritage Tourism And,2016,3
Islamic,2016,3
Of Cultural Tourism,2016,3
Part,2016,3
Pilgrimage,2016,3
Silk,2016,3
Sustainable Tourism,2016,3
Text Mining,2016,3
The Arab Spring,2016,3
To Mecca,2016,3
Travel,2016,3
Unesco,2016,3
And The Heritage,2017,3
Arab Spring,2017,3
Archaeology,2017,3
Art,2017,3
Belt,2017,3
Conservation Of,2017,3
Cultural Tourism,2017,3
Dark Tourism,2017,3
Dubai,2017,3
Environmental,2017,3
Exhibition,2017,3
For Cultural Heritage,2017,3
Hospitality,2017,3
International Tourism,2017,3
Kuwait,2017,3
Of Arab,2017,3
Of World Heritage,2017,3
On Tourism,2017,3
One Belt,2017,3
One Road,2017,3
The Silk Road,2017,3
Tourism At,2017,3
Tourism Destinations,2017,3
Tourism In The,2017,3
Trails,2017,3
Virtual Reality,2017,3
阿拉伯,2017,3
And Tourism In,2018,3
Arab Region,2018,3
Arab World,2018,3
Archaeological,2018,3
Augmented Reality,2018,3
Community Participation,2018,3
Destination Image And,2018,3
Destination Loyalty,2018,3
Destinations,2018,3
Digital Technologies,2018,3
Dubai,2018,3
Ecotourism,2018,3
Environment,2018,3
For Cultural Heritage,2018,3
Hajj,2018,3
Heritage Site,2018,3
Heritage Sites,2018,3
In China,2018,3
In Cultural Heritage,2018,3
Interfaith,2018,3
Interfaith Dialogue,2018,3
Market,2018,3
Museum,2018,3
North Africa,2018,3
Of Tourism Destination,2018,3
On Tourism,2018,3
Outbound Tourism,2018,3
Participation,2018,3
Policy On,2018,3
Silk Road And,2018,3
Smart Tourism,2018,3
Sustainability Of,2018,3
Text Mining,2018,3
The Arab Region,2018,3
The Arab World,2018,3
The One Belt,2018,3
Virtual Reality,2018,3
Visitor,2018,3
 ,2019,3
"""",2019,3
",",2019,3
And Destination Image,2019,3
Arabic,2019,3
Artistic,2019,3
At World Heritage,2019,3
Blockchain,2019,3
Calligraphy,2019,3
Cultural Heritage And,2019,3
Cultural Heritage In,2019,3
Destination Image On,2019,3
Exhibition,2019,3
Heritage As,2019,3
Heritage In Tourism,2019,3
In Arab,2019,3
In The Arab,2019,3
Islam,2019,3
Law,2019,3
Machine Learning For,2019,3
Museum Diplomacy,2019,3
Of Arab,2019,3
Of China,2019,3
Of Destination Image,2019,3
Revisit Intention,2019,3
Smart Cities,2019,3
Smart Tourism,2019,3
Sustainability,2019,3
The Maritime Silk,2019,3
Tour,2019,3
Tourism Policy,2019,3
Trade,2019,3
Unesco World,2019,3
Unesco World Heritage,2019,3
Virtual Reality,2019,3
[,2019,3
],2019,3
中国,2019,3
Agriculture,2020,3
And Augmented Reality,2020,3
And Cultural Heritage,2020,3
And Destination Image,2020,3
And Sustainable Tourism,2020,3
And The Arab,2020,3
Arab Emirates,2020,3
Augmented Reality,2020,3
Big Data Analytics,2020,3
Cairo,2020,3
Carrying Capacity,2020,3
Chinese Tourists,2020,3
Community-Based Tourism,2020,3
Dark Tourism In,2020,3
Destination Image And,2020,3
Economy In,2020,3
Egyptian Museum,2020,3
Halal Tourism,2020,3
Heritage Of,2020,3
Heritage Sites,2020,3
In Sustainable,2020,3
In Sustainable Tourism,2020,3
Interfaith,2020,3
Interfaith Dialogue,2020,3
Islamic,2020,3
Of China,2020,3
Of Dark Tourism,2020,3
Of The Belt,2020,3
Of Tourism And,2020,3
Online Destination,2020,3
Policy In,2020,3
Religious Tourism,2020,3
The United Arab,2020,3
Tourism Demand,2020,3
Tourist Destination,2020,3
United Arab,2020,3
United Arab Emirates,2020,3
Virtual Reality And,2020,3
ش,2020,3
ك,2020,3
文化旅游,2020,3
 ,2021,3
"""",2021,3
",",2021,3
Agriculture,2021,3
Arab Emirates,2021,3
Arab Spring,2021,3
Artificial,2021,3
Artificial Intelligence,2021,3
Carrying Capacity,2021,3
China And The,2021,3
Climate,2021,3
Climate Change,2021,3
Conservation,2021,3
Dark Heritage,2021,3
Dark Tourism,2021,3
Destination Image And,2021,3
Destination Loyalty,2021,3
Digital Transformation,2021,3
Digital Twin,2021,3
Domestic Tourism,2021,3
Environmental,2021,3
Environments,2021,3
Foreign Policy,2021,3
In Cultural Tourism,2021,3
Law,2021,3
Media Marketing,2021,3
Music,2021,3
Of Digital,2021,3
Of Tourism Destination,2021,3
Policy In,2021,3
Political Economy,2021,3
Social Media Marketing,2021,3
The Arab Spring,2021,3
The Political Economy,2021,3
The United Arab,2021,3
Tourism Destination Image,2021,3
Tourism Destinations,2021,3
Tourism On,2021,3
Tourism Policy,2021,3
Tourism To,2021,3
Unesco,2021,3
United Arab,2021,3
United Arab Emirates,2021,3
User Generated Content,2021,3
World Heritage Sites,2021,3
[,2021,3
],2021,3
 ,2022,3
"""",2022,3
",",2022,3
Art,2022,3
Authenticity In Tourism,2022,3
Blockchain Technology,2022,3
Cairo,2022,3
Carrying Capacity,2022,3
Chinese Outbound Tourism,2022,3
Community Participation In,2022,3
Cultural Heritage Based,2022,3
Destination Governance,2022,3
Digital Cultural,2022,3
Digital Twin,2022,3
Environmental,2022,3
Exhibition,2022,3
For Cultural Heritage,2022,3
Heritage Based On,2022,3
Heritage Diplomacy,2022,3
Heritage Tourism In,2022,3
In Smart,2022,3
In Tourism And,2022,3
Journey,2022,3
Law,2022,3
Metaverse In,2022,3
Music,2022,3
Of Arab,2022,3
Of Cultural Tourism,2022,3
Of Culture,2022,3
Of Digital,2022,3
Of Machine Learning,2022,3
Of Muslim,2022,3
Of Rural Tourism,2022,3
On Tourists,2022,3
Policy In,2022,3
Preservation Of,2022,3
Silk Road And,2022,3
Smart Tourism Destination,2022,3
Sustainability In,2022,3
The Arab World,2022,3
To Tourism,2022,3
Tourism As,2022,3
Tourism Demand,2022,3
Tourism Destinations,2022,3
Tourism On,2022,3
Tourism Sector,2022,3
Tourist Destination,2022,3
Virtual Reality And,2022,3
Visitors,2022,3
With Machine Learning,2022,3
World Heritage Site,2022,3
[,2022,3
],2022,3
ا,2022,3
ب,2022,3
ة,2022,3
ت,2022,3
ث,2022,3
ج,2022,3
ح,2022,3
د,2022,3
ر,2022,3
ز,2022,3
ط,2022,3
ع,2022,3
ك,2022,3
ل,2022,3
م,2022,3
ه,2022,3
و,2022,3
ي,2022,3
Ai-Generated Content,2023,3
And Cultural Heritage,2023,3
Archaeological,2023,3
Artificial Intelligence In,2023,3
Community-Based Tourism,2023,3
Conservation,2023,3
Dark Tourism,2023,3
Destination Image And,2023,3
Destination Loyalty,2023,3
Education In,2023,3
Environment,2023,3
Generative Artificial,2023,3
Generative Artificial Intelligence,2023,3
Heritage Preservation,2023,3
Heritage Tourism In,2023,3
In Higher Education,2023,3
In Smart Tourism,2023,3
In The Metaverse,2023,3
In Tourist,2023,3
International Tourism,2023,3
Islamic,2023,3
Maritime Silk,2023,3
Middle East,2023,3
Of Artificial,2023,3
Of China,2023,3
Of Destination Image,2023,3
Of Generative Ai,2023,3
Of Pilgrimage,2023,3
Of Rural Tourism,2023,3
Of The Silk,2023,3
Of Tourists,2023,3
On Cultural Heritage,2023,3
On Heritage,2023,3
Pilgrimage In,2023,3
Preservation Of,2023,3
Revisit Intention,2023,3
Smart City,2023,3
Sustainability In,2023,3
The Arab Gulf,2023,3
The Digital Twin,2023,3
Tourism As,2023,3
Tourism Destination Image,2023,3
Tourism On,2023,3
Tourism Policy,2023,3
Tourism Sector,2023,3
Tourism To,2023,3
Tourist Destinations,2023,3
Tourist Perception,2023,3
Tourists In,2023,3
Trade,2023,3
Video Marketing,2023,3
Wine Tourism,2023,3
World Heritage Sites,2023,3
中国,2023,3
文化,2023,3
And Road Initiative,2024,3
Chains,2024,3
Community-Based Tourism,2024,3
Destination Image Through,2024,3
Destination In,2024,3
Digital Product,2024,3
Digital Twin,2024,3
Educational Tourism,2024,3
English And Arabic,2024,3
Environments,2024,3
Exhibition,2024,3
For Cultural Heritage,2024,3
For Smart Tourism,2024,3
Generative Ai For,2024,3
Hajj And Umrah,2024,3
Heritage Based On,2024,3
Heritage Of,2024,3
Heritage Site,2024,3
Heritage Sites,2024,3
Hospitality Industry,2024,3
In Heritage,2024,3
In Heritage Tourism,2024,3
In Higher Education,2024,3
In Hospitality,2024,3
In Hospitality And,2024,3
In The Metaverse,2024,3
In Tourist,2024,3
Islamic,2024,3
Market,2024,3
Marketing Strategies,2024,3
Medical Tourism,2024,3
Museums,2024,3
North Africa,2024,3
Of Arabic,2024,3
Of Culture,2024,3
Of Digital Cultural,2024,3
Of Hajj,2024,3
Of Tourist,2024,3
On Destination,2024,3
On Tourist,2024,3
Research On Tourism,2024,3
Road Initiative,2024,3
Roadmap,2024,3
Smart Tourism And,2024,3
Supply Chains,2024,3
Sustainability In,2024,3
The Belt And,2024,3
The Cultural Heritage,2024,3
Tourism Demand,2024,3
Tourism Destination Image,2024,3
Tourism Image,2024,3
Tourism Integration,2024,3
Tourism Resources,2024,3
Tourism To,2024,3
Tourist Behavior,2024,3
Tourist Destination Image,2024,3
Tourist Satisfaction,2024,3
Umrah Pilgrimage,2024,3
Urban Tourism,2024,3
User Generated Content,2024,3
Virtual Tourism,2024,3
With Generative Ai,2024,3
中国,2024,3
保护,2024,3
教育,2024,3
跨文化,2024,3
Ai Chatbot,2025,3
Ai-Powered,2025,3
Artificial Intelligence In,2025,3
Blockchain,2025,3
Chains,2025,3
Climate,2025,3
Cultural Heritage In,2025,3
Cultural Tourism In,2025,3
Dark Tourism,2025,3
Deep Learning,2025,3
Destination Image And,2025,3
Digital Cultural,2025,3
Digital Cultural Heritage,2025,3
Digital Tourism,2025,3
Digital Twins,2025,3
Governance Of,2025,3
Heritage Of,2025,3
Heritage Sites,2025,3
Heritage Tourism And,2025,3
Higher Education,2025,3
Hotels,2025,3
In Cultural Heritage,2025,3
In Digital,2025,3
In Smart Tourism,2025,3
In The Arab,2025,3
Learning Models,2025,3
Learning-Based,2025,3
Marketing On,2025,3
Mecca,2025,3
Middle East,2025,3
Museum Diplomacy,2025,3
Museums,2025,3
Of Big Data,2025,3
Of Umrah,2025,3
Of Virtual Reality,2025,3
Participatory,2025,3
Recommender,2025,3
Regulations,2025,3
Religious Tourism,2025,3
Road Cultural,2025,3
Rural Tourism,2025,3
Sustainability In,2025,3
Sustainable Tourism In,2025,3
The Maritime Silk,2025,3
The Tourism Industry,2025,3
Tourism And Cultural,2025,3
Tourism Demand,2025,3
Tourism Destination Image,2025,3
Tourism Product,2025,3
Tourism Promotion,2025,3
Tourist Perception,2025,3
Travel And Tourism,2025,3
Travel Intention,2025,3
Travelers,2025,3
Umrah Pilgrimage,2025,3
Unesco,2025,3
User Generated Content,2025,3
Wellness Tourism,2025,3
World Heritage Site,2025,3
一带一路,2025,3
可持续,2025,3
对话,2025,3
战略,2025,3
新研究,2025,3
经济发展,2025,3
话语分析,2025,3
Ai Chatbot,2026,3
And Sustainable Tourism,2026,3
Chatbot,2026,3
Conservation,2026,3
Cultural Heritage And,2026,3
Cultural Heritage In,2026,3
Cultural Heritage With,2026,3
Destination Brand,2026,3
Destination Competitiveness,2026,3
Heritage And Tourism,2026,3
Heritage In The,2026,3
Heritage In Tourism,2026,3
Heritage Reconstruction,2026,3
Higher Education,2026,3
In China,2026,3
In Destination,2026,3
In Hospitality,2026,3
In Tourism Research,2026,3
Knowledge Graph Construction,2026,3
Markets,2026,3
Metaverse,2026,3
Middle East,2026,3
Museums,2026,3
Of Smart,2026,3
Of Smart Tourism,2026,3
Of Sustainable Tourism,2026,3
Of The Tourism,2026,3
Of Tourist,2026,3
On The Tourism,2026,3
On Tourists,2026,3
Pilgrimage Tourism,2026,3
Religious Tourism,2026,3
Roads,2026,3
Sharm El Sheikh,2026,3
The Tourism Industry,2026,3
The Tourism Sector,2026,3
Tourism Destination,2026,3
Tourism Destinations,2026,3
Tourism Innovation,2026,3
Tourism Sector,2026,3
Urban Tourism,2026,3
With Generative Ai,2026,3
大学,2026,3
数据,2026,3
新研究,2026,3
旅游融合,2026,3
遗产数字化,2026,3
Of Arab,1969,2
Of The Arab,1969,2
Arab,1971,2
Arab,1972,2
Tourism,1976,2
Tourism,1979,2
Arabic-English,1983,2
Tourism,1983,2
Tourism Monitor,1984,2
Tourism Monitor,1985,2
Arab,1988,2
Tourism,1991,2
Tourist,1991,2
Tourism,1992,2
Tourism,1993,2
Arab,1994,2
Heritage,1994,2
Middle East,1994,2
Tourism In,1994,2
International Museum,1995,2
Museum,1995,2
Tourism,1996,2
In Tourism,1997,2
Market,1998,2
Middle East,1998,2
Destination,1999,2
Environment,1999,2
Cultural Heritage,2000,2
Market,2000,2
Middle East,2000,2
Tourism Market,2000,2
Arab,2001,2
Cultural Heritage,2001,2
Middle East,2001,2
Of Tourism,2001,2
Arab,2002,2
Arab-Israeli,2002,2
Cultural Tourism,2002,2
Destination,2002,2
Destination Brand,2002,2
Market,2002,2
Of Tourism,2002,2
Pilgrimage,2002,2
Road,2002,2
Silk,2002,2
Silk Road,2002,2
Sustainable,2002,2
Sustainable Tourism,2002,2
Arab World,2003,2
Carrying Capacity,2003,2
Interfaith,2003,2
Interfaith Dialogue,2003,2
North Africa,2003,2
Of Heritage,2003,2
Outbound Tourism,2003,2
Sustainability,2003,2
Sustainable,2003,2
The Arab World,2003,2
Tourism And The,2003,2
Tourism As,2003,2
And Cultural Tourism,2004,2
Arab,2004,2
Arab World,2004,2
Arabia,2004,2
Cultural Heritage,2004,2
Cultural Tourism In,2004,2
Destination Image,2004,2
Digital,2004,2
Ecotourism,2004,2
In The Arab,2004,2
Market,2004,2
Markets,2004,2
Middle East,2004,2
Outbound Tourism,2004,2
Saudi Arabia,2004,2
Sustainability,2004,2
Sustainable Tourism Planning,2004,2
Thailand,2004,2
The Arab World,2004,2
Tourism At,2004,2
Tourism Planning,2004,2
Tourist,2004,2
Trade,2004,2
Arab,2005,2
Destination Branding,2005,2
Destinations,2005,2
Heritage,2005,2
In Arabic,2005,2
In China,2005,2
Learning,2005,2
Of Tourism,2005,2
Tourism Destinations,2005,2
And Community Participation,2006,2
And Cultural Tourism,2006,2
Arab World,2006,2
Arabia,2006,2
Carrying Capacity,2006,2
Culture,2006,2
Destination,2006,2
Hajj,2006,2
Heritage Tourism,2006,2
In Tourism,2006,2
Learning,2006,2
Museum,2006,2
Pilgrimage,2006,2
Saudi Arabia,2006,2
Strategy,2006,2
The Arab World,2006,2
Tourism Industry,2006,2
Tourist,2006,2
旅游,2006,2
Arab Media,2007,2
Cultural Heritage And,2007,2
Cultural Heritage Through,2007,2
Cultural Tourism,2007,2
Cultural Tourism In,2007,2
Environments,2007,2
Heritage Tourism,2007,2
In Tourism,2007,2
Museum,2007,2
Religious Tourism,2007,2
Tourism In The,2007,2
Tourism/Cultural Exchange (宽泛匹配),2007,2
Visitor,2007,2
War Heritage,2007,2
World Heritage,2007,2
Community-Based Tourism,2008,2
Culture,2008,2
Destination Brand,2008,2
Destination Country,2008,2
Heritage Authenticity,2008,2
Heritage Authenticity And,2008,2
In China,2008,2
In Cultural Heritage,2008,2
In Tourism,2008,2
In Tourism And,2008,2
Museums,2008,2
Music,2008,2
Music Festival,2008,2
Of Destination,2008,2
On Tourism,2008,2
Policy On,2008,2
Road,2008,2
Silk,2008,2
Silk Road,2008,2
Tourism And Heritage,2008,2
Tourism/Cultural Exchange (宽泛匹配),2008,2
Tourist Behavior,2008,2
Trade,2008,2
Travel,2008,2
Unesco,2008,2
Virtual,2008,2
World Tourism,2008,2
Arab Emirates,2009,2
Arab World,2009,2
Arabic Version,2009,2
Culture Of,2009,2
Dubai,2009,2
Environmental,2009,2
In China,2009,2
Learning,2009,2
Of China,2009,2
Of Cultural Tourism,2009,2
Outbound Tourism,2009,2
The Arab World,2009,2
Tourism And The,2009,2
Tourism/Cultural Exchange (宽泛匹配),2009,2
Tourists,2009,2
Unesco,2009,2
United Arab,2009,2
United Arab Emirates,2009,2
Destination Brand,2010,2
Digital,2010,2
Environments,2010,2
Hajj,2010,2
In China,2010,2
Marketing,2010,2
Museum,2010,2
Of Tourism,2010,2
Preservation,2010,2
Road,2010,2
Silk,2010,2
Silk Road,2010,2
Strategy,2010,2
The Silk Road,2010,2
Tourism And Cultural,2010,2
Tourism Destination,2010,2
Travel,2010,2
World Heritage And,2010,2
And Heritage Tourism,2011,2
And Interfaith Dialogue,2011,2
Arab World,2011,2
Cultural Tourism,2011,2
Destination Image,2011,2
Educational,2011,2
Festival Tourism,2011,2
For Cultural Heritage,2011,2
Governance,2011,2
In China,2011,2
In Digital,2011,2
In Tourism,2011,2
Marketing,2011,2
Middle East,2011,2
Museum,2011,2
Museums,2011,2
Of Destination,2011,2
Of Heritage,2011,2
Outbound Tourists,2011,2
Preservation,2011,2
The Arab World,2011,2
Tourism Destination,2011,2
Tourists,2011,2
Unesco,2011,2
World Heritage,2011,2
And Cultural Tourism,2012,2
Arab Gulf,2012,2
Arabia,2012,2
Arabic Version,2012,2
Carrying Capacity,2012,2
China And The,2012,2
Chinese Outbound Tourism,2012,2
Cultural Heritage In,2012,2
Cultural Policy,2012,2
Dark Tourism,2012,2
Destination Image,2012,2
Education,2012,2
Governance,2012,2
Heritage In,2012,2
In Cultural Tourism,2012,2
In The Arab,2012,2
Learning,2012,2
Museum,2012,2
Of Digital,2012,2
Of The Arab,2012,2
On Tourism,2012,2
Outbound Tourism,2012,2
Participation In,2012,2
Preservation,2012,2
Saudi Arabia,2012,2
Smart,2012,2
Strategy,2012,2
Sustainability,2012,2
Sustainable Tourism And,2012,2
The United Arab,2012,2
Tourism In China,2012,2
Tourism Marketing,2012,2
Tourists,2012,2
Virtual,2012,2
Arab World,2013,2
Arabia,2013,2
Archaeology,2013,2
Calligraphy,2013,2
Conservation,2013,2
Country Of Destination,2013,2
Cultural Heritage Tourism,2013,2
Economy,2013,2
For Cultural Heritage,2013,2
Governance Of,2013,2
Hajj,2013,2
Heritage In,2013,2
Heritage Interpretation,2013,2
Heritage Tourism And,2013,2
Heritage Tourism In,2013,2
In China,2013,2
In The Arab,2013,2
Islam,2013,2
Learning,2013,2
Of Arabic,2013,2
Of China,2013,2
Of The Arab,2013,2
On Cultural Heritage,2013,2
Outbound Tourism,2013,2
Pilgrimage,2013,2
Policy In,2013,2
Policy In The,2013,2
Saudi Arabia,2013,2
Sustainability,2013,2
Tourism As,2013,2
Tourists,2013,2
Wellness Tourism,2013,2
World Heritage,2013,2
丝绸之路,2013,2
Arab Media,2014,2
Chains,2014,2
Community Participation,2014,2
Community Participation In,2014,2
Cruise,2014,2
Cultural Heritage Preservation,2014,2
Destination Brand,2014,2
Digital Heritage,2014,2
For Cultural Heritage,2014,2
Heritage And Tourism,2014,2
Heritage Interpretation,2014,2
Heritage Preservation,2014,2
Heritage Sites,2014,2
Heritage Tourism,2014,2
Higher Education,2014,2
Image And Destination,2014,2
In China,2014,2
In Cultural Tourism,2014,2
In Digital,2014,2
In The Tourism,2014,2
Machine Learning,2014,2
Market,2014,2
Of Destination Image,2014,2
Of Virtual,2014,2
Participation,2014,2
Participation In,2014,2
Pilgrimage,2014,2
Policy In,2014,2
Smart,2014,2
Temple,2014,2
The Arab Spring,2014,2
The Tourism Industry,2014,2
The United Arab,2014,2
Tourism Destination,2014,2
Tourism On,2014,2
Trade,2014,2
University,2014,2
Virtual Reconstruction,2014,2
Virtual Reconstruction Of,2014,2
World Heritage,2014,2
World Heritage Site,2014,2
And The Arab,2015,2
Arab Countries,2015,2
Arab Emirates,2015,2
Arabia,2015,2
Circular Economy,2015,2
Cultural Heritage And,2015,2
Culture Of,2015,2
Dark Tourism,2015,2
Destination Image And,2015,2
Digital Cultural,2015,2
Digital Cultural Heritage,2015,2
Dubai,2015,2
English And Arabic,2015,2
For Cultural Heritage,2015,2
Governance,2015,2
Heritage Diplomacy,2015,2
Heritage Sites,2015,2
Hospitality,2015,2
Hotel,2015,2
In Dark Tourism,2015,2
Industrial Heritage,2015,2
Islam,2015,2
Muslim,2015,2
Of Arabic,2015,2
Of Cultural Tourism,2015,2
Of Heritage,2015,2
Participation,2015,2
Preservation,2015,2
Road,2015,2
Saudi Arabia,2015,2
Silk,2015,2
Silk Road,2015,2
Smart Tourism,2015,2
Tourism And The,2015,2
Tourism Marketing,2015,2
Tourism Policy,2015,2
Tourism/Cultural Exchange (宽泛匹配),2015,2
Tourist Destinations,2015,2
Tourists,2015,2
Travel And Tourism,2015,2
Unesco,2015,2
Unesco World,2015,2
United Arab,2015,2
United Arab Emirates,2015,2
Virtual Reality,2015,2
World Heritage,2015,2
b,2015,2
d,2015,2
e,2015,2
n,2015,2
Agriculture,2016,2
And Sustainable Tourism,2016,2
And Tourism In,2016,2
Belt,2016,2
Big Data In,2016,2
By Destination,2016,2
Chains,2016,2
Circular Economy,2016,2
Conservation,2016,2
Cultural Heritage In,2016,2
Database,2016,2
Destination Competitiveness,2016,2
Digital,2016,2
Dubai,2016,2
Environmental Sustainability,2016,2
Exports By Destination,2016,2
Governance,2016,2
Halal Tourism,2016,2
Heritage And Cultural,2016,2
Heritage In,2016,2
In China,2016,2
In Hospitality,2016,2
Machine Learning,2016,2
Market,2016,2
Middle East,2016,2
Museum,2016,2
Of Arab,2016,2
Of Big Data,2016,2
Pilgrimage To,2016,2
Pilgrimage To Mecca,2016,2
Regulations,2016,2
Roads,2016,2
Silk Roads,2016,2
Supply Chains,2016,2
Sustainability In,2016,2
Sustainability In The,2016,2
The Pilgrimage To,2016,2
Tour,2016,2
Tourism In The,2016,2
Tourism/Cultural Exchange (宽泛匹配),2016,2
Tourist Perception,2016,2
Tourist Satisfaction,2016,2
Tourists In,2016,2
World Heritage And,2016,2
 ,2017,2
"""",2017,2
",",2017,2
Against,2017,2
Agriculture,2017,2
And Destination Loyalty,2017,2
And The Arab,2017,2
Arab Countries,2017,2
Arab-Israeli,2017,2
Arabic Language,2017,2
Architectural Heritage,2017,2
Bahrain,2017,2
Belt One,2017,2
Belt One Road,2017,2
Big Data Analytics,2017,2
Climate,2017,2
Climate Change,2017,2
Conservation In,2017,2
Conservation Of Cultural,2017,2
Destination Brand,2017,2
Destination Branding,2017,2
Destination Image In,2017,2
Destination Loyalty,2017,2
Destination Marketing,2017,2
Environments,2017,2
Ethnography,2017,2
Event Tourism,2017,2
Heritage As,2017,2
Heritage Conservation,2017,2
Heritage Conservation In,2017,2
Hotels,2017,2
In The Digital,2017,2
In Tourism Research,2017,2
Islamic,2017,2
Law,2017,2
Learning In,2017,2
Maritime Silk,2017,2
Market,2017,2
Museums,2017,2
Of Destination Image,2017,2
Of Heritage,2017,2
Of Smart,2017,2
Of Tourism In,2017,2
One Belt One,2017,2
Participation,2017,2
Pilgrimage To Mecca,2017,2
Policy On,2017,2
Post-Conflict Tourism,2017,2
Social Media Data,2017,2
Sustainable Tourism,2017,2
Taiwan,2017,2
Text Mining,2017,2
The Arab Spring,2017,2
The Pilgrimage To,2017,2
The World Heritage,2017,2
To Mecca,2017,2
Tourism And Heritage,2017,2
Tourism And Hospitality,2017,2
Tourism And The,2017,2
Tourism As,2017,2
Tourism Destination,2017,2
Tourism Products,2017,2
Tourism Sustainability,2017,2
Trade,2017,2
Travel And Tourism,2017,2
Umrah,2017,2
Unesco World,2017,2
Unesco World Heritage,2017,2
Urban Tourism,2017,2
Virtual Reality And,2017,2
Visitor,2017,2
World Heritage Sites,2017,2
[,2017,2
],2017,2
中国,2017,2
旅游,2017,2
And Destination Loyalty,2018,2
Arabic,2018,2
Archaeological Site,2018,2
Art,2018,2
Artificial,2018,2
Artificial Intelligence,2018,2
Authenticity In Tourism,2018,2
Big Data,2018,2
Blockchain,2018,2
Built Heritage,2018,2
Carrying Capacity,2018,2
Chain,2018,2
Chinese Outbound Tourism,2018,2
Circular Economy,2018,2
Climate Change,2018,2
Community Participation In,2018,2
Cruise,2018,2
Cultural Heritage And,2018,2
Dataset,2018,2
Destination Brand,2018,2
Domestic Tourism,2018,2
Economy,2018,2
Gulf Cooperation Council,2018,2
Heritage Interpretation,2018,2
Heritage Of,2018,2
Heritage Preservation,2018,2
Heritage Tourism In,2018,2
Heritage Tourism Planning,2018,2
Hotel,2018,2
Hotels,2018,2
In Heritage,2018,2
In Heritage Tourism,2018,2
In Saudi Arabia,2018,2
In The Tourism,2018,2
Islamic,2018,2
Markets,2018,2
Museums,2018,2
Natural Heritage,2018,2
Of Culture,2018,2
Of Digital,2018,2
Of The Art,2018,2
Of Virtual,2018,2
On China,2018,2
On The Tourism,2018,2
Overtourism,2018,2
Part,2018,2
Participation In,2018,2
Participation In Heritage,2018,2
Pilgrimage,2018,2
Preservation,2018,2
Smart City,2018,2
Spain,2018,2
Supply Chain,2018,2
Sustainability In,2018,2
Sustainable Tourism,2018,2
To Sustainable,2018,2
Tour,2018,2
Tourism And Hospitality,2018,2
Tourism And The,2018,2
Tourism Destinations,2018,2
Tourism In China,2018,2
Tourism Planning,2018,2
Tourism Sector,2018,2
Tourist Satisfaction,2018,2
Tourist Satisfaction And,2018,2
Tourists In,2018,2
Trade,2018,2
Training,2018,2
Unesco World,2018,2
Unesco World Heritage,2018,2
University,2018,2
Urban Heritage,2018,2
User Generated Content,2018,2
World Heritage Site,2018,2
Agriculture,2019,2
Algorithmic,2019,2
And Interfaith Dialogue,2019,2
And The Arab,2019,2
Arab Emirates,2019,2
Arab Region,2019,2
Arab Women,2019,2
Arabia,2019,2
Archaeological,2019,2
Augmented Reality,2019,2
Between China And,2019,2
By Destination,2019,2
Cairo,2019,2
Chain,2019,2
Chinese Tourists,2019,2
Climate Change,2019,2
Community Heritage,2019,2
Community Participation,2019,2
Community-Based Tourism,2019,2
Cultural Heritage Sites,2019,2
Cultural Heritage Tourism,2019,2
Cultural Policy,2019,2
Destination Branding,2019,2
Destination Competitiveness,2019,2
Destination Image Through,2019,2
Destination In,2019,2
Destinations,2019,2
Digital Heritage,2019,2
Digital Photogrammetry,2019,2
Digital Transformation,2019,2
English-Arabic,2019,2
Exhibitions,2019,2
Exports By Destination,2019,2
For Cultural Heritage,2019,2
Governance Of,2019,2
Heritage Community,2019,2
Heritage In The,2019,2
Hotels,2019,2
Image And Destination,2019,2
In China,2019,2
In Cultural Heritage,2019,2
In Museum,2019,2
In Travel,2019,2
In World Heritage,2019,2
Indigenous Tourism,2019,2
Learning In,2019,2
Middle East,2019,2
Monuments,2019,2
New Silk Road,2019,2
Of Cultural Heritage,2019,2
Of Hajj,2019,2
Of Heritage,2019,2
Of Muslim,2019,2
Of Smart,2019,2
Of Sustainable,2019,2
Of The Arab,2019,2
On Destination,2019,2
On Tourism,2019,2
Participation In,2019,2
Partnership,2019,2
Post-Conflict Tourism,2019,2
Road Cultural,2019,2
Road To,2019,2
Road Tourism,2019,2
Rural Tourism,2019,2
Saudi Arabia,2019,2
Silk Road And,2019,2
Silk Road Tourism,2019,2
Strategy,2019,2
The Arab Region,2019,2
The Arab World,2019,2
The New Silk,2019,2
Tourism And Hospitality,2019,2
Tourism Village,2019,2
Tourist Destination,2019,2
Training,2019,2
Travelers,2019,2
Travellers,2019,2
Umrah,2019,2
Unesco Global,2019,2
Unesco Global Geopark,2019,2
United Arab,2019,2
United Arab Emirates,2019,2
Using Machine Learning,2019,2
a,2019,2
b,2019,2
d,2019,2
e,2019,2
i,2019,2
m,2019,2
n,2019,2
r,2019,2
s,2019,2
t,2019,2
u,2019,2
一带一路,2019,2
伊斯兰,2019,2
3D Digital,2020,2
Ai In,2020,2
And Dark Tourism,2020,2
And Event Tourism,2020,2
Arab Gulf,2020,2
Arab Media,2020,2
Arab Spring,2020,2
Arabic Language,2020,2
Archaeological,2020,2
Artifacts,2020,2
Arts,2020,2
Chain,2020,2
Chains,2020,2
China And The,2020,2
Community Participation,2020,2
Community Participation In,2020,2
Conservation In,2020,2
Cultural Heritage In,2020,2
Dark Heritage,2020,2
Data Mining,2020,2
Database,2020,2
Deep Learning,2020,2
Destination Image In,2020,2
Difficult Heritage,2020,2
Digital Photogrammetry,2020,2
Digital Technologies,2020,2
Event Tourism,2020,2
Exhibition,2020,2
Governance,2020,2
Heritage And Tourism,2020,2
Heritage Conservation In,2020,2
Heritage Documentation,2020,2
Heritage Interpretation,2020,2
Heritage Sites In,2020,2
Higher Education,2020,2
Hotel,2020,2
Hotels,2020,2
Hotels In,2020,2
In Education,2020,2
In Heritage,2020,2
In Heritage Tourism,2020,2
In The Digital,2020,2
In The Tourism,2020,2
In Tourism In,2020,2
Inclusive Tourism,2020,2
International Tourism,2020,2
Islam,2020,2
Machine Learning And,2020,2
Mass Tourism,2020,2
Music,2020,2
Muslim,2020,2
Of Ai,2020,2
Of Heritage,2020,2
Of Smart,2020,2
Of Sustainable,2020,2
Of The Arab,2020,2
Of The Silk,2020,2
Of Tourism In,2020,2
Of Unesco,2020,2
On Destination,2020,2
On Destination Image,2020,2
On Tourist,2020,2
Overtourism,2020,2
Palace,2020,2
Part,2020,2
Participation,2020,2
Participation In,2020,2
Participatory,2020,2
Pilgrimage In,2020,2
Pilgrimage Tourism,2020,2
Policy In The,2020,2
Preservation,2020,2
Rural Tourism,2020,2
Smart Tourism,2020,2
Strategy,2020,2
Supply Chain,2020,2
Sustainable Tourism In,2020,2
Sustainable Tourism Planning,2020,2
Thailand,2020,2
The Arab Gulf,2020,2
The Tourism Industry,2020,2
Tourism And Hospitality,2020,2
Tourism Carrying,2020,2
Tourism Carrying Capacity,2020,2
Tourism Governance,2020,2
Tourism Industry,2020,2
Tourism Market,2020,2
Tourism Planning,2020,2
Tourism Recovery,2020,2
Tourism Sector,2020,2
Tourism Sites,2020,2
Tourism Supply,2020,2
Tourist Attractions,2020,2
Tourists In,2020,2
Trade,2020,2
Unesco World,2020,2
Unesco World Heritage,2020,2
Visitors,2020,2
World Heritage And,2020,2
World Heritage Sites,2020,2
ئ,2020,2
ط,2020,2
ن,2020,2
文化传播,2020,2
经济,2020,2
Ai In,2021,2
And Big Data,2021,2
And Tourism In,2021,2
Arab Region,2021,2
Arab World,2021,2
Augmented Reality,2021,2
Blockchain Technology,2021,2
Cairo,2021,2
Calligraphy,2021,2
Cruise,2021,2
Cultural Heritage And,2021,2
Cultural Tourism In,2021,2
Culture And Tourism,2021,2
Data-Driven,2021,2
Dataset,2021,2
Destination Brand,2021,2
Destination Branding,2021,2
Destination Choice,2021,2
Economy In,2021,2
English-Arabic,2021,2
Environment,2021,2
Heritage As,2021,2
Heritage In Tourism,2021,2
Heritage Of,2021,2
Historic City,2021,2
Hotel,2021,2
In Agriculture,2021,2
In Cultural Heritage,2021,2
In Heritage,2021,2
In Saudi Arabia,2021,2
In Smart,2021,2
In Smart Tourism,2021,2
In The Arab,2021,2
International Law,2021,2
Knowledge Graphs,2021,2
Learning-Based,2021,2
Machine Learning And,2021,2
Marketing In,2021,2
Markets,2021,2
Mecca,2021,2
Metaverse,2021,2
Museum Diplomacy,2021,2
Music Festival,2021,2
Nft,2021,2
Of Big Data,2021,2
Of Climate,2021,2
Of Climate Change,2021,2
Of Culture,2021,2
Of Destination,2021,2
Of Destination Image,2021,2
Of Museum,2021,2
Of Smart,2021,2
Of Smart Tourism,2021,2
Of The Belt,2021,2
Of Tourist,2021,2
Of Tourist Destination,2021,2
On Cultural Heritage,2021,2
On Destination,2021,2
On Tourist,2021,2
Part,2021,2
Policy In The,2021,2
Revisit Intention,2021,2
Rural Tourism,2021,2
Supply Chain,2021,2
Sustainability In,2021,2
The Arab Region,2021,2
The Arab World,2021,2
The Circular Economy,2021,2
The Silk Road,2021,2
To Tourism,2021,2
Tour,2021,2
Tourism As,2021,2
Tourism Carrying,2021,2
Tourism Carrying Capacity,2021,2
Tourism Demand,2021,2
Tourism In The,2021,2
Tourism Industry,2021,2
Tourism Product,2021,2
Tourist Behavior,2021,2
Trails,2021,2
Travelers,2021,2
Unesco World,2021,2
Unesco World Heritage,2021,2
Unwto,2021,2
Urban Tourism,2021,2
ا,2021,2
ب,2021,2
ة,2021,2
ت,2021,2
ث,2021,2
ج,2021,2
ح,2021,2
خ,2021,2
د,2021,2
ر,2021,2
س,2021,2
ص,2021,2
ط,2021,2
ع,2021,2
ف,2021,2
ق,2021,2
ك,2021,2
ل,2021,2
م,2021,2
ن,2021,2
ه,2021,2
و,2021,2
ي,2021,2
3D Digital,2022,2
Ai-Generated,2022,2
Air,2022,2
And Cultural Heritage,2022,2
And Tourism Industry,2022,2
Arab Gulf,2022,2
Arabic Version,2022,2
Archaeological Heritage,2022,2
Archaeological Site,2022,2
Architectural Heritage,2022,2
Arts,2022,2
Augmented Reality,2022,2
By Destination,2022,2
Chatbot,2022,2
Creative Tourism,2022,2
Cultural Heritage In,2022,2
Cultural Heritage Knowledge,2022,2
Cultural Heritage Sites,2022,2
Culture And Tourism,2022,2
Destination Brand Equity,2022,2
Destination Branding,2022,2
Destination Image And,2022,2
Destination Image On,2022,2
Digital Cultural Heritage,2022,2
Digital Law,2022,2
Digital Technologies,2022,2
Economy In,2022,2
Educational Tourism,2022,2
Environment,2022,2
Governance In,2022,2
Governance Of,2022,2
Great Silk,2022,2
Great Silk Road,2022,2
Heritage As,2022,2
Heritage Conservation,2022,2
Heritage Knowledge,2022,2
Heritage Knowledge Graph,2022,2
Heritage Of,2022,2
In Education,2022,2
In Heritage,2022,2
In Hospitality,2022,2
In Hospitality And,2022,2
In Smart Tourism,2022,2
Influencer Marketing,2022,2
International Tourism,2022,2
Knowledge Graph And,2022,2
Law Policy,2022,2
Learning Methods,2022,2
Marketing Strategies,2022,2
Museum Diplomacy,2022,2
Muslim Religious,2022,2
Of Heritage,2022,2
Of The Belt,2022,2
On Blockchain,2022,2
On Digital,2022,2
On Machine Learning,2022,2
On Tourism And,2022,2
Online Destination,2022,2
Part,2022,2
Participation In Heritage,2022,2
Pilgrimage,2022,2
Red Tourism,2022,2
Religious Tourism,2022,2
Revisit Intention,2022,2
Road Tourism,2022,2
Small Heritage,2022,2
Smart Destination,2022,2
Sports Tourism,2022,2
The Circular Economy,2022,2
The Great Silk,2022,2
The Preservation Of,2022,2
The Tourism Industry,2022,2
The Tourism Sector,2022,2
Tourism And The,2022,2
Tourism Destination Governance,2022,2
Tourism Integration,2022,2
Tourism Market,2022,2
Tourism Marketing,2022,2
Tourism Policy,2022,2
Tourism Village,2022,2
Tourist Destinations,2022,2
Tourist Satisfaction,2022,2
Trade,2022,2
Urban Tourism,2022,2
World Heritage Sites,2022,2
أ,2022,2
ؤ,2022,2
س,2022,2
ش,2022,2
ص,2022,2
ف,2022,2
ق,2022,2
ن,2022,2
教育,2022,2
文化,2022,2
旅游,2022,2
游客,2022,2
Against,2023,2
Agriculture,2023,2
Ai Chatbot,2023,2
Ai In,2023,2
Air,2023,2
Along The Silk,2023,2
And Destination Loyalty,2023,2
Application Of Digital,2023,2
Arab League,2023,2
Arab Spring,2023,2
Arabic-English,2023,2
Big Data,2023,2
Blockchain Technology,2023,2
By Destination,2023,2
Chain,2023,2
Chains,2023,2
China-Arab,2023,2
Chinese Tourists,2023,2
Community Participation,2023,2
Cruise,2023,2
Cultural Heritage Preservation,2023,2
Cultural Heritage Sites,2023,2
Cultural Policy,2023,2
Dataset,2023,2
Digital Museum,2023,2
Digital Tourism,2023,2
Douyin,2023,2
Egyptian Museum,2023,2
Exports By Destination,2023,2
For Sustainable Tourism,2023,2
Governance,2023,2
Heritage As,2023,2
Heritage At,2023,2
Heritage At Risk,2023,2
Heritage Conservation,2023,2
Heritage Interpretation,2023,2
Heritage Interpretation And,2023,2
Heritage Site,2023,2
Hospitality Industry,2023,2
Image And Destination,2023,2
In Agriculture,2023,2
In Digital,2023,2
In Heritage,2023,2
In Saudi Arabia,2023,2
In Thailand,2023,2
Journey,2023,2
Maritime Silk Road,2023,2
Marketing In,2023,2
Marketing Strategy,2023,2
Markets,2023,2
Medical Tourism,2023,2
North Africa,2023,2
Of Artificial Intelligence,2023,2
Of Blockchain,2023,2
Of Museum,2023,2
Of Smart Tourism,2023,2
Of Sustainable,2023,2
Of Tourist Destination,2023,2
Of Virtual Reality,2023,2
Palace,2023,2
Participation,2023,2
Pilgrimage To,2023,2
Pilgrimage To Mecca,2023,2
Pilgrims,2023,2
Policy In,2023,2
Post-Conflict Tourism,2023,2
Qualitative Research,2023,2
Regulation,2023,2
School,2023,2
Short Video Marketing,2023,2
Smart Tourism Destination,2023,2
Spain,2023,2
Sports Tourism,2023,2
Strategy Of,2023,2
The Maritime Silk,2023,2
The Preservation Of,2023,2
Tourism Destinations,2023,2
Tourism Industry In,2023,2
Tourism Market,2023,2
Tourism Products,2023,2
Tourism Resources,2023,2
Tourist Destination Image,2023,2
Travel Intentions,2023,2
Tripadvisor,2023,2
Unesco World Heritage,2023,2
Using Machine Learning,2023,2
World Heritage And,2023,2
数字,2023,2
经济,2023,2
3D Digital,2024,2
Abroad,2024,2
Ai-Powered,2024,2
And Augmented Reality,2024,2
And Dark Tourism,2024,2
And Generative Ai,2024,2
And Smart Tourism,2024,2
And The Arab,2024,2
And Tourism Integration,2024,2
Application Of Digital,2024,2
Arab Region,2024,2
Arabic Version,2024,2
Archaeology,2024,2
Architectural Heritage,2024,2
As Tourism,2024,2
Between China And,2024,2
Carrying Capacity,2024,2
Chain,2024,2
China-Arab,2024,2
Climate,2024,2
Cultural Heritage And,2024,2
Cultural Heritage Based,2024,2
Cultural Heritage Of,2024,2
Cultural Innovation,2024,2
Culture And Tourism,2024,2
Data-Driven,2024,2
Deep Learning,2024,2
Destination Image Formation,2024,2
Detailed,2024,2
Digital Economy,2024,2
Digital Heritage,2024,2
Digital Reconstruction,2024,2
Digital Reconstruction Of,2024,2
Digital Service,2024,2
Digital Technologies,2024,2
Environment,2024,2
Environmental Sustainability,2024,2
For Sustainable Tourism,2024,2
Generative Artificial,2024,2
Generative Artificial Intelligence,2024,2
Governance In,2024,2
Great Silk,2024,2
Great Silk Road,2024,2
Heritage Conservation,2024,2
Heritage Sites In,2024,2
Hotels,2024,2
In Arabic,2024,2
In Smart,2024,2
In Smart Tourism,2024,2
In Sustainable,2024,2
Information Extraction,2024,2
Learning In,2024,2
Literary Tourism,2024,2
Local Tourism,2024,2
Machine Learning,2024,2
Marketing In,2024,2
Nft,2024,2
Of Ai And,2024,2
Of Arab,2024,2
Of Destination Image,2024,2
Of Metaverse,2024,2
Of Museum,2024,2
Of Rural Tourism,2024,2
Of Sustainable,2024,2
Of Umrah,2024,2
Of Unesco,2024,2
Of Unesco World,2024,2
On Destination Image,2024,2
Online Travel,2024,2
Overtourism,2024,2
Palace,2024,2
Participation,2024,2
Partnership,2024,2
Pilgrimage In,2024,2
Preservation,2024,2
Public Policy,2024,2
Recommender,2024,2
Religious Tourism,2024,2
Revisit Intention,2024,2
Short Video Marketing,2024,2
Silk Road And,2024,2
Smart Tourism Destination,2024,2
Sport Tourism,2024,2
Strategy Of,2024,2
Sustainable Destination,2024,2
Sustainable Heritage,2024,2
The Arab Region,2024,2
The Circular Economy,2024,2
The Great Silk,2024,2
The Silk Road,2024,2
To Destination,2024,2
Tourism As,2024,2
Tourism Awareness,2024,2
Tourism Demand Forecasting,2024,2
Tourism Destination Brand,2024,2
Tourism In Saudi,2024,2
Tourism Market,2024,2
Tourism On,2024,2
Tourism Products,2024,2
Tourism Promotion,2024,2
Tourism Sites,2024,2
Tourism Sustainability,2024,2
Tourist Destinations,2024,2
Tourist Perception,2024,2
Tourists In,2024,2
Training,2024,2
Video Marketing,2024,2
Visitor,2024,2
World Tourism,2024,2
文化交流,2024,2
游客,2024,2
社交媒体,2024,2
经济,2024,2
Air,2025,2
Algorithmic,2025,2
And Augmented Reality,2025,2
And Cultural Heritage,2025,2
And Cultural Tourism,2025,2
And Generative Ai,2025,2
And Tourism Integration,2025,2
And Virtual Reality,2025,2
Arab Region,2025,2
Arabic Language,2025,2
Blockchain Technology,2025,2
Cairo,2025,2
Carrying Capacity,2025,2
Chain,2025,2
Climate Change,2025,2
Community Participation,2025,2
Conservation Of,2025,2
Cultural And Tourism,2025,2
Cultural Heritage Based,2025,2
Cultural Heritage Conservation,2025,2
Cultural Heritage With,2025,2
Destination Brand Equity,2025,2
Destination Choice,2025,2
Destination Governance,2025,2
Destination Image Through,2025,2
Destination Marketing,2025,2
Destination Planning,2025,2
Digital Age,2025,2
Digital Reconstruction,2025,2
Digital Reconstruction Of,2025,2
Digital Tourism Strategy,2025,2
Ecotourism,2025,2
Education In,2025,2
Environment,2025,2
Foreign Policy,2025,2
Gulf Cooperation Council,2025,2
Heritage Based On,2025,2
Heritage Destination,2025,2
Heritage In The,2025,2
Heritage Of The,2025,2
Heritage Preservation,2025,2
Heritage Tourism In,2025,2
In Destination,2025,2
In Higher Education,2025,2
In Hospitality,2025,2
In Museum,2025,2
In Rural Tourism,2025,2
In Sustainable,2025,2
In The Metaverse,2025,2
In Tourism And,2025,2
In Tourism Destination,2025,2
In Tourist,2025,2
Learning In,2025,2
Machine Learning Models,2025,2
Machine Learning-Based,2025,2
Marketing Strategy,2025,2
Media Marketing,2025,2
Mountain,2025,2
Natural Heritage,2025,2
Nft,2025,2
Of Ai And,2025,2
Of Ai-Generated Content,2025,2
Of Arabic,2025,2
Of Artificial,2025,2
Of Artificial Intelligence,2025,2
Of Belt,2025,2
Of Belt And,2025,2
Of China,2025,2
Of Culture,2025,2
Of Destination Brand,2025,2
Of Machine Learning,2025,2
Of The Belt,2025,2
Of The Tourism,2025,2
Of Tourism And,2025,2
Of Tourists,2025,2
Of Travel,2025,2
On Cultural Heritage,2025,2
On Destination,2025,2
On Tourism And,2025,2
Pilgrimage To,2025,2
Pilgrims,2025,2
Recommender System,2025,2
Red Tourism,2025,2
Revisit Intention,2025,2
School,2025,2
Social Media Tourism,2025,2
Strategy Of,2025,2
Supply Chains,2025,2
Temple,2025,2
Thailand,2025,2
The Arab Region,2025,2
The Cultural Heritage,2025,2
The Digital Age,2025,2
To Mecca,2025,2
To Sustainable,2025,2
Tour,2025,2
Tourism Destination Governance,2025,2
Tourism Destinations,2025,2
Tourism Education,2025,2
Tourism In The,2025,2
Tourism Industry In,2025,2
Tourism Integration,2025,2
Tourism Marketing,2025,2
Tourism On,2025,2
Tourism Planning,2025,2
Tourism Strategy,2025,2
Tourist Behavior,2025,2
Tourist Satisfaction,2025,2
Tourists In,2025,2
Trade,2025,2
Travel Planning,2025,2
Under The Belt,2025,2
Visitor,2025,2
Visitors,2025,2
产业融合,2025,2
体育旅游,2025,2
博物馆,2025,2
可持续发展,2025,2
地方文化,2025,2
城市旅游,2025,2
学习,2025,2
文化数字化,2025,2
旅行,2025,2
游客满意度,2025,2
艺术,2025,2
贸易,2025,2
Ai-Enabled,2026,2
Algorithmic,2026,2
And Augmented Reality,2026,2
And The Arab,2026,2
And Tourism Integration,2026,2
Arab Countries,2026,2
Arab Emirates,2026,2
Archaeological,2026,2
Art,2026,2
Augmented Reality,2026,2
Community-Based Tourism,2026,2
Culinary Tourism,2026,2
Destination Country,2026,2
Destination Image Formation,2026,2
Destination Image On,2026,2
Digital Marketing,2026,2
Digital Twin For,2026,2
Economy In,2026,2
Education In,2026,2
Educational Tourism,2026,2
Exhibitions,2026,2
Guides,2026,2
Health Tourism,2026,2
Heritage Tourism And,2026,2
Heritage Tourism In,2026,2
Hotels In,2026,2
In Ai,2026,2
In Heritage,2026,2
In Heritage Tourism,2026,2
In Sustainable,2026,2
In The Digital,2026,2
Learning Models,2026,2
Machine Learning Models,2026,2
Medical Tourism,2026,2
Monuments,2026,2
North Africa,2026,2
Of Artificial,2026,2
Of Artificial Intelligence,2026,2
Of Culture,2026,2
Of Heritage,2026,2
Of Tourists,2026,2
Of Virtual,2026,2
On Destination,2026,2
On Digital,2026,2
Overtourism,2026,2
Participation,2026,2
Pilgrim,2026,2
Policy In,2026,2
Silk Road And,2026,2
Silk Roads,2026,2
Spain,2026,2
Sustainability In,2026,2
Sustainable Cultural,2026,2
Sustainable Tourism Policy,2026,2
Temple,2026,2
The Silk Road,2026,2
To Sustainable,2026,2
Tourism Education,2026,2
Tourism Governance,2026,2
Tourism Integration,2026,2
Tourism Market,2026,2
Tourism Product,2026,2
Tourism Sustainability,2026,2
Tourist Destination,2026,2
Travel Intention,2026,2
Umrah,2026,2
Unesco,2026,2
United Arab,2026,2
United Arab Emirates,2026,2
University,2026,2
Wine Tourism,2026,2
产业数字化,2026,2
国际市场,2026,2
大数据,2026,2
市场,2026,2
抖音,2026,2
数字文化,2026,2
文化旅游,2026,2
法规,2026,2
贸易,2026,2
Preservation,1859,1
Preservation Of,1859,1
The Preservation Of,1859,1
Journey,1937,1
Mecca,1937,1
Muslim,1937,1
Pilgrimage,1937,1
To Mecca,1937,1
Tourism/Cultural Exchange (宽泛匹配),1960,1
Agriculture,1961,1
Tourism/Cultural Exchange (宽泛匹配),1966,1
China,1967,1
Arab Culture,1969,1
Culture,1969,1
And Cultural Heritage,1970,1
Cultural Heritage,1970,1
Digital,1970,1
Digital Cultural,1970,1
Digital Cultural Heritage,1970,1
Digital Heritage,1970,1
Heritage,1970,1
New Heritage,1970,1
Tourist,1971,1
Of Tourist,1973,1
Tourist,1973,1
中国,1974,1
文化,1974,1
文化交流,1974,1
Arab,1975,1
China,1975,1
Earthquake,1975,1
In China,1975,1
Of Arab,1976,1
Of Tourism,1976,1
Tourism On,1976,1
Arab,1977,1
Destination,1977,1
Education,1977,1
In Tourism,1977,1
In Tourism In,1977,1
International Law,1977,1
Law,1977,1
Of Arab,1977,1
Tourism,1977,1
Tourism Education,1977,1
Tourism In,1977,1
Training,1977,1
Carrying Capacity,1978,1
文化,1978,1
Art,1979,1
In Tourism,1979,1
Marketing,1979,1
Of Tourism,1979,1
Of Tourism In,1979,1
Tourism In,1979,1
Tourism Marketing,1979,1
Tourism/Cultural Exchange (宽泛匹配),1979,1
Environmental,1980,1
Arab,1982,1
Arab Women,1982,1
Preservation,1982,1
Carrying Capacity,1983,1
Cultures,1983,1
Destinations,1983,1
Education,1983,1
Educational,1983,1
English-Arabic,1983,1
Learning,1983,1
Of Tourist,1983,1
Tourist,1983,1
Arab,1984,1
Middle East,1984,1
Muslim,1984,1
Marketing,1985,1
Muslim,1985,1
Muslim Religious,1985,1
Tourism Marketing,1985,1
Carrying Capacity,1986,1
Tourism Carrying,1986,1
Tourism Carrying Capacity,1986,1
Travel,1986,1
Travel And Tourism,1986,1
Market,1987,1
Regulations,1987,1
Tourism In,1987,1
Tourism Monitor,1987,1
Arabic,1988,1
In Tourism,1988,1
Market,1988,1
Tourism In,1988,1
Arab,1989,1
Arab World,1989,1
Culture,1989,1
Culture Of,1989,1
Educational,1989,1
Heritage,1989,1
Heritage Tourism,1989,1
In The Arab,1989,1
Learning,1989,1
Qualitative Research,1989,1
The Arab World,1989,1
Tourism,1989,1
Tourist,1989,1
Mecca,1990,1
Middle East,1990,1
Part,1990,1
Participation,1990,1
Participation In,1990,1
Pilgrimage,1990,1
Pilgrimage To,1990,1
Pilgrimage To Mecca,1990,1
The Pilgrimage To,1990,1
To Mecca,1990,1
Tourism,1990,1
Tourism Planning,1990,1
University,1990,1
Carrying Capacity,1991,1
Economy,1991,1
Economy Of,1991,1
Environments,1991,1
Hospitality,1991,1
In Tourist,1991,1
Law,1991,1
Learning,1991,1
Market,1991,1
Of The Arab,1991,1
Arabia,1992,1
In Saudi Arabia,1992,1
International Tourism,1992,1
Saudi Arabia,1992,1
Tourism In,1992,1
Tourism In Saudi,1992,1
Art,1993,1
Culture,1993,1
Domestic Tourism,1993,1
Heritage,1993,1
Heritage Authenticity,1993,1
Heritage Authenticity And,1993,1
Learning,1993,1
Market,1993,1
Middle East,1993,1
Part,1993,1
Tourism In,1993,1
Tourism Market,1993,1
And Tourism In,1994,1
Arab Women,1994,1
Architectural Heritage,1994,1
China,1994,1
Community Participation,1994,1
Community Participation In,1994,1
Conservation,1994,1
Culture,1994,1
Domestic Tourism,1994,1
Education,1994,1
Global Tourism,1994,1
Heritage Conservation,1994,1
Hospitality,1994,1
In Tourism,1994,1
Market,1994,1
Mecca,1994,1
Of Culture,1994,1
Participation,1994,1
Participation In,1994,1
Tourism Market,1994,1
Tourism Planning,1994,1
Training,1994,1
And Interfaith Dialogue,1995,1
Authenticity In Tourism,1995,1
Cairo,1995,1
Chain,1995,1
Cultural Tourism,1995,1
Environmental,1995,1
In Tourism,1995,1
Interfaith Dialogue,1995,1
International Tourism,1995,1
Marketing,1995,1
Middle East,1995,1
On Tourism,1995,1
Tourism In,1995,1
Tourism Industry,1995,1
Tourism Marketing,1995,1
Tourism/Cultural Exchange (宽泛匹配),1995,1
Trade,1995,1
Interfaith,1996,1
Interfaith Dialogue,1996,1
Learning,1996,1
Tourism In,1996,1
Tourism In The,1996,1
Tourist,1996,1
Tourist Behavior,1996,1
And The Arab,1997,1
Arab,1997,1
Arab World,1997,1
Authenticity In Tourism,1997,1
Bahrain,1997,1
Carrying Capacity,1997,1
Cultural Policy,1997,1
Cultural Tourism,1997,1
Culture,1997,1
Governance,1997,1
Heritage,1997,1
Local Heritage,1997,1
Middle East,1997,1
Of Culture,1997,1
Policy,1997,1
Road,1997,1
Silk,1997,1
Silk Road,1997,1
The Arab World,1997,1
Tourism An,1997,1
Tourism And Cultural,1997,1
Tourism Market,1997,1
Arab,1998,1
Brain,1998,1
Conservation,1998,1
Conservation In,1998,1
Destination,1998,1
Heritage Tourism,1998,1
Heritage Tourism In,1998,1
Language Learning,1998,1
Law,1998,1
Learning,1998,1
Of The Arab,1998,1
Road,1998,1
Silk,1998,1
Silk Road,1998,1
Text Mining,1998,1
The Silk Road,1998,1
To Destination,1998,1
Tour,1998,1
Tourism In,1998,1
Tourism Market,1998,1
Tourist,1998,1
Travel,1998,1
Travel Behavior,1998,1
Urban Tourism,1998,1
Arab,1999,1
Authenticity In Tourism,1999,1
Cultural Tourism,1999,1
Cultural Tourism In,1999,1
Culture,1999,1
Data Clustering,1999,1
Governance,1999,1
Heritage,1999,1
In Tourism,1999,1
Museum,1999,1
Museums,1999,1
Of Tourism,1999,1
Sport Tourism,1999,1
Strategy,1999,1
Study Of Tourism,1999,1
Sustainable,1999,1
Temple,1999,1
Tourism In,1999,1
Tourism Industry,1999,1
Tourism Industry In,1999,1
Tourism To,1999,1
Tourism/Cultural Exchange (宽泛匹配),1999,1
And Cultural Heritage,2000,1
And The Environment,2000,1
And Tourism In,2000,1
Arab,2000,1
Arab World,2000,1
Archaeology,2000,1
Carrying Capacity,2000,1
Culture,2000,1
Economy,2000,1
Environment,2000,1
Heritage Site,2000,1
Heritage Sites,2000,1
Hotels,2000,1
Law,2000,1
Learning,2000,1
New Economy,2000,1
Road,2000,1
Road Tourism,2000,1
Silk,2000,1
Silk Road,2000,1
Silk Road Tourism,2000,1
Small Heritage,2000,1
Text Classification,2000,1
The Arab World,2000,1
To Cultural Heritage,2000,1
Tourism And The,2000,1
Tourism In,2000,1
Tourism Industry,2000,1
World Heritage,2000,1
World Heritage Site,2000,1
Arabia,2001,1
Brain,2001,1
Culture,2001,1
Cultures,2001,1
Economy,2001,1
Economy Of,2001,1
Governance,2001,1
Heritage Authenticity,2001,1
Heritage Authenticity And,2001,1
Heritage In,2001,1
Heritage Sites,2001,1
Heritage Tourism,2001,1
In Saudi Arabia,2001,1
In The Arab,2001,1
In Unesco,2001,1
Islam,2001,1
Islamic,2001,1
Journey,2001,1
Learning,2001,1
Market,2001,1
Museum,2001,1
Of Cultural Heritage,2001,1
Of Tourism And,2001,1
Of Tourism In,2001,1
On Cultural Heritage,2001,1
Policy,2001,1
Political Economy,2001,1
Road,2001,1
Saudi Arabia,2001,1
Silk,2001,1
Silk Road,2001,1
Taiwan,2001,1
The Political Economy,2001,1
The Silk Road,2001,1
Tourism In,2001,1
Tourism In Saudi,2001,1
Tourism Market,2001,1
Tourism To,2001,1
Tourism/Cultural Exchange (宽泛匹配),2001,1
Tourist,2001,1
Tourist Behavior,2001,1
Travel Planning,2001,1
Unesco,2001,1
Unesco World,2001,1
Unesco World Heritage,2001,1
World Heritage,2001,1
World Heritage Sites,2001,1
And Community Participation,2002,1
And Heritage Tourism,2002,1
And Tourism In,2002,1
Arab Media,2002,1
Carrying Capacity,2002,1
China,2002,1
Community Participation,2002,1
Conservation,2002,1
Cultural Heritage,2002,1
Cultural Tourism In,2002,1
Destination Brand Equity,2002,1
Digital,2002,1
Digital Heritage,2002,1
Governance,2002,1
Heritage In,2002,1
Heritage Tourism,2002,1
Heritage Tourism In,2002,1
In China,2002,1
Islam,2002,1
Islamic,2002,1
Journey,2002,1
Middle East,2002,1
Museum,2002,1
Participation,2002,1
Pilgrimage And Tourism,2002,1
Pilgrimage To,2002,1
Religious Tourism,2002,1
Road Tourism,2002,1
Rural Tourism,2002,1
Silk Road Tourism,2002,1
Sustainable Tourism Planning,2002,1
The Silk Road,2002,1
To Destination,2002,1
To Sustainable,2002,1
Tourism And The,2002,1
Tourism Conservation,2002,1
Tourism Destination,2002,1
Tourism Destination Brand,2002,1
Tourism Diversification,2002,1
Tourism Market,2002,1
Tourism Planning,2002,1
Tourist Perception,2002,1
Trails,2002,1
University,2002,1
And Cultural Tourism,2003,1
And Heritage Tourism,2003,1
Arabia,2003,1
Arabic,2003,1
Arabic Calligraphy,2003,1
Arts,2003,1
Calligraphy,2003,1
China,2003,1
Chinese Outbound Tourism,2003,1
Cultural Heritage And,2003,1
Cultural Heritage In,2003,1
Cultures,2003,1
Database,2003,1
Digital,2003,1
Digital Technologies,2003,1
Economy,2003,1
Economy Of,2003,1
Education,2003,1
Environmental,2003,1
Heritage And Cultural,2003,1
Heritage And Sustainable,2003,1
Heritage In,2003,1
Heritage Tourism And,2003,1
In China,2003,1
In Cultural Tourism,2003,1
Journey,2003,1
Learning,2003,1
Machine Learning,2003,1
Market,2003,1
Marketing,2003,1
Markets,2003,1
Museum,2003,1
Muslim,2003,1
New Tourism,2003,1
Of Cultural Tourism,2003,1
Of Heritage Tourism,2003,1
Of Tourism In,2003,1
Of Tourist,2003,1
Political Economy,2003,1
Saudi Arabia,2003,1
Sport Tourism,2003,1
Study Of Tourism,2003,1
Sustainability In,2003,1
Sustainable Tourism,2003,1
The Political Economy,2003,1
To Cultural Heritage,2003,1
To Tourism,2003,1
Tourism And Cultural,2003,1
Tourism And Heritage,2003,1
Tourism In,2003,1
Tourism Integration,2003,1
Tourism Interpretation,2003,1
Tourism Market,2003,1
Tourism To,2003,1
Tourism/Cultural Exchange (宽泛匹配),2003,1
Tourist,2003,1
United Arab,2003,1
Agreement,2004,1
And Cultural Heritage,2004,1
And The Environment,2004,1
Arabic-English,2004,1
Archaeology,2004,1
Carrying Capacity,2004,1
Chain,2004,1
China,2004,1
Community Participation,2004,1
Community Participation In,2004,1
Destination Brand,2004,1
Digital Heritage,2004,1
Economy,2004,1
English-Arabic,2004,1
Environment,2004,1
Exhibitions,2004,1
Guideline,2004,1
Heritage In,2004,1
Heritage Site,2004,1
Heritage Sites,2004,1
In Digital,2004,1
In The Tourism,2004,1
Interfaith,2004,1
Interfaith Dialogue,2004,1
International Tourism,2004,1
Machine Translation,2004,1
Museums,2004,1
Participation,2004,1
Participation In,2004,1
Partnership,2004,1
Policy Diffusion,2004,1
Policy In,2004,1
Policy In The,2004,1
Political Economy,2004,1
Sustainability In,2004,1
The Tourism Industry,2004,1
To Cultural Heritage,2004,1
Tourism And Cultural,2004,1
Tourism And The,2004,1
Tourism Destination,2004,1
Tourism Diversification,2004,1
Tourism In The,2004,1
Tourism Industry,2004,1
Tourism Market,2004,1
Tourism Policy,2004,1
World Heritage Site,2004,1
World Heritage Sites,2004,1
And Destination Image,2005,1
Arabic Version,2005,1
Carrying Capacity,2005,1
Climate,2005,1
Climate Change,2005,1
Community Heritage,2005,1
Cultural Heritage,2005,1
Cultural Tourism,2005,1
Destination Image,2005,1
Education,2005,1
Heritage Interpretation,2005,1
Higher Education,2005,1
Hotel,2005,1
In The Arab,2005,1
In Tourism,2005,1
Interfaith,2005,1
Interfaith Dialogue,2005,1
Language Learning,2005,1
Law,2005,1
Market,2005,1
Mass Tourism,2005,1
Middle East,2005,1
Museum,2005,1
Music,2005,1
Muslim,2005,1
Of Smart,2005,1
Of Tourism And,2005,1
Of Travel,2005,1
On Tourism,2005,1
Online Service,2005,1
Policy,2005,1
Road,2005,1
Silk,2005,1
Silk Road,2005,1
Smart,2005,1
Sport Tourism,2005,1
Strategy,2005,1
Sustainable,2005,1
The Silk Road,2005,1
Tourism Destination,2005,1
Tourism Diversification,2005,1
Tourism Market,2005,1
Tourism Policy,2005,1
Tourist,2005,1
Travel,2005,1
And Cultural Heritage,2006,1
And Tourism In,2006,1
And Tourism Industry,2006,1
Arab Media,2006,1
Arts,2006,1
Brain,2006,1
Calligraphy,2006,1
Community Participation In,2006,1
Cultural Heritage,2006,1
Cultural Policy,2006,1
Cultural Tourism In,2006,1
Destinations,2006,1
Digital,2006,1
Digital Cultural,2006,1
Digital Heritage,2006,1
Dubai,2006,1
Education,2006,1
Environmental,2006,1
Festival Tourism,2006,1
Governance,2006,1
Heritage And Cultural,2006,1
Higher Education,2006,1
In Dubai,2006,1
In Saudi Arabia,2006,1
Indigenous Tourism,2006,1
Industrial Heritage,2006,1
Information Extraction,2006,1
Market,2006,1
Marketing,2006,1
Marketing In,2006,1
Markets,2006,1
Museum Policy,2006,1
Muslim,2006,1
Of Arabic,2006,1
Of Cultural Tourism,2006,1
Of Culture,2006,1
Of Smart,2006,1
Of The Arab,2006,1
Of Tourism,2006,1
Of Tourism In,2006,1
Of Travel,2006,1
Participation In,2006,1
Participatory,2006,1
Partnership,2006,1
Photo Tourism,2006,1
Pilgrimage And Tourism,2006,1
Regulation,2006,1
Smart,2006,1
Taiwan,2006,1
To Destination,2006,1
Tourism And Cultural,2006,1
Tourism And The,2006,1
Tourism Destinations,2006,1
Tourism In Saudi,2006,1
Tourism Market,2006,1
Tourist Destination,2006,1
Trade,2006,1
Visitors,2006,1
中国,2006,1
文化,2006,1
文化旅游,2006,1
旅游合作,2006,1
And Cultural Heritage,2007,1
And Cultural Tourism,2007,1
And The Arab,2007,1
And The Environment,2007,1
Arab World,2007,1
China,2007,1
Cultural Diversity,2007,1
Cultural Heritage Sites,2007,1
Culture,2007,1
Culture Of,2007,1
Destination Brand,2007,1
Destination Image,2007,1
Digital Museum,2007,1
Digital Photogrammetry,2007,1
Education,2007,1
Environment,2007,1
Global Market,2007,1
Heritage And Cultural,2007,1
Heritage As,2007,1
Heritage Authenticity,2007,1
Heritage Authenticity And,2007,1
Heritage Preservation,2007,1
Heritage Protection,2007,1
Heritage Research,2007,1
Heritage Site,2007,1
Heritage Tourism And,2007,1
Heritage Tourism In,2007,1
In Digital,2007,1
In Heritage,2007,1
In The Arab,2007,1
Law,2007,1
Learning,2007,1
Muslim,2007,1
Of Cultural Tourism,2007,1
Of Digital,2007,1
Of Heritage,2007,1
Of Heritage Tourism,2007,1
Of Pilgrimage,2007,1
Of The Arab,2007,1
Of Tourism In,2007,1
Outbound Tourism,2007,1
Pilgrimage And Tourism,2007,1
Pilgrimage Tourism,2007,1
Policy,2007,1
Post Tourism,2007,1
Preservation,2007,1
Public Policy,2007,1
Research Collaboration,2007,1
Research Interpretation,2007,1
Strategy,2007,1
Sustainable,2007,1
The Arab World,2007,1
To Tourism,2007,1
Tourism As,2007,1
Tourism Branding,2007,1
Tourism Demand,2007,1
Tourism Destination,2007,1
Tourism Industry,2007,1
Tourism Market,2007,1
Tourism Recovery,2007,1
Trade,2007,1
Travel,2007,1
Virtual,2007,1
World Heritage Site,2007,1
Agreement,2008,1
Arab,2008,1
Arabia,2008,1
Arabic,2008,1
Arabic Calligraphy,2008,1
Arts,2008,1
Calligraphy,2008,1
Carrying Capacity,2008,1
Chains,2008,1
Chinese Outbound Tourism,2008,1
Country Of Destination,2008,1
Cultural Heritage And,2008,1
Cultural Heritage Of,2008,1
Cultural Tourism,2008,1
Cultures,2008,1
Database,2008,1
Destination In,2008,1
Digital,2008,1
Digital Museum,2008,1
Dubai,2008,1
Education,2008,1
Foreign Policy,2008,1
Governance,2008,1
Heritage And The,2008,1
Heritage Attraction,2008,1
Heritage Documentation,2008,1
Heritage Engagement,2008,1
Heritage Of,2008,1
Heritage Site,2008,1
Heritage Sites,2008,1
Heritage Tourism In,2008,1
In The Tourism,2008,1
In Tourist,2008,1
Indigenous Tourism,2008,1
Learning,2008,1
Market,2008,1
Marketing,2008,1
Muslim,2008,1
Muslim Religious,2008,1
Of Culture,2008,1
Of Destination Brand,2008,1
Of Tourism In,2008,1
On Tourist,2008,1
Outbound Tourism,2008,1
Pilgrimage,2008,1
Preservation,2008,1
Qualitative Research,2008,1
Quantitative Research,2008,1
Saudi Arabia,2008,1
Thailand,2008,1
The Cultural Heritage,2008,1
The Silk Road,2008,1
Tourism And The,2008,1
Tourism Destination,2008,1
Tourism Destination Brand,2008,1
Tourism In The,2008,1
Tourism Market,2008,1
Tourists,2008,1
Tripadvisor,2008,1
Visitor,2008,1
Visitors,2008,1
World Heritage Sites,2008,1
中国,2008,1
旅游,2008,1
游客,2008,1
Agreement,2009,1
Alexandria University,2009,1
And Cultural Heritage,2009,1
And Cultural Tourism,2009,1
Arab Countries,2009,1
Archaeological,2009,1
Arts,2009,1
As Tourist,2009,1
Augmented Reality,2009,1
Calligraphy,2009,1
Climate,2009,1
Climate Change,2009,1
Community Participation,2009,1
Cultural Heritage In,2009,1
Cultural Policy,2009,1
Cultures,2009,1
Data Mining,2009,1
Destination Brand,2009,1
Destination Planning,2009,1
Destinations,2009,1
Detailed,2009,1
Digital,2009,1
Ecotourism,2009,1
Educational,2009,1
Heritage And Tourism,2009,1
Heritage In,2009,1
Heritage-Scape,2009,1
Hospitality,2009,1
Hospitality And Tourism,2009,1
Hotels,2009,1
In Hospitality,2009,1
In Hospitality And,2009,1
In The Arab,2009,1
In Tourist,2009,1
Intercultural Dialogue,2009,1
Islamic,2009,1
Local Destination,2009,1
Market,2009,1
Marketing,2009,1
Markets,2009,1
Named Entity Recognition,2009,1
New Silk Road,2009,1
Of Cultural Heritage,2009,1
Of The Arab,2009,1
Online Travel,2009,1
Part,2009,1
Participation,2009,1
Public Policy,2009,1
Regulation,2009,1
Road,2009,1
Silk,2009,1
Silk Road,2009,1
Sports Tourism,2009,1
Strategy,2009,1
The New Silk,2009,1
The United Arab,2009,1
Tour,2009,1
Tourism And Cultural,2009,1
Tourism At,2009,1
Tourism In,2009,1
Tourism In The,2009,1
Tourism Innovation,2009,1
Tourism Policy,2009,1
Tourist Attractions,2009,1
Tourist Behavior,2009,1
Tourists In,2009,1
Travel,2009,1
Travel Planning,2009,1
Unesco World,2009,1
Unesco World Heritage,2009,1
University,2009,1
User Generated Content,2009,1
Weaving,2009,1
Wine Tourism,2009,1
World Bank,2009,1
World Heritage,2009,1
World Heritage And,2009,1
World Tourism,2009,1
保护,2009,1
文化,2009,1
文化旅游,2009,1
旅游,2009,1
环境,2009,1
And Destination Loyalty,2010,1
And Interfaith Dialogue,2010,1
And Tourism In,2010,1
Arab World,2010,1
Arabia,2010,1
Arabic Calligraphy,2010,1
Arabic Version,2010,1
Arabic-English,2010,1
Archaeology,2010,1
Arts,2010,1
Authenticity In Tourism,2010,1
By Destination,2010,1
Cairo,2010,1
Calligraphy,2010,1
Calligraphy In,2010,1
Conservation In,2010,1
Country Of Destination,2010,1
Cultural Destination,2010,1
Cultural Heritage And,2010,1
Cultural Heritage Conservation,2010,1
Cultural Tourism In,2010,1
Culture,2010,1
Cultures,2010,1
Dataset,2010,1
Destination Brand Equity,2010,1
Destination Branding,2010,1
Destination Image In,2010,1
Destination Loyalty,2010,1
Digital Model,2010,1
Economy,2010,1
Economy Of,2010,1
Education,2010,1
Emerging Destination,2010,1
English-Arabic,2010,1
Environmental,2010,1
Exports By Destination,2010,1
For Cultural Heritage,2010,1
Global City,2010,1
Heritage And The,2010,1
Heritage Conservation,2010,1
Heritage Conservation In,2010,1
Heritage In,2010,1
Heritage In The,2010,1
Heritage Marketing,2010,1
Heritage Site,2010,1
Heritage Sites,2010,1
Heritage-Scape,2010,1
Hospitality,2010,1
In Cultural Tourism,2010,1
In Saudi Arabia,2010,1
In Sustainable,2010,1
In Sustainable Tourism,2010,1
In The Arab,2010,1
In Tourism,2010,1
In Tourism And,2010,1
Interfaith,2010,1
Interfaith Dialogue,2010,1
Mecca,2010,1
Medical Tourism,2010,1
Middle East,2010,1
Muslim,2010,1
Of Arabic,2010,1
Of Arabic Calligraphy,2010,1
Of Cultural Tourism,2010,1
Of Culture,2010,1
Of Destination,2010,1
Of Heritage,2010,1
Of Heritage Tourism,2010,1
Of Tourism And,2010,1
Of Tourism In,2010,1
On Tourism,2010,1
Outbound Travel,2010,1
Part,2010,1
Pilgrimage,2010,1
Policy In,2010,1
Political Economy,2010,1
Preservation Of,2010,1
Preservation Of Cultural,2010,1
Qualitative Research,2010,1
Red Tourism,2010,1
Saudi Arabia,2010,1
Silk Road And,2010,1
Sustainability,2010,1
Sustainable Tourism Policy,2010,1
Text Mining,2010,1
The Arab World,2010,1
The Political Economy,2010,1
To Cultural Heritage,2010,1
Tourism And The,2010,1
Tourism As,2010,1
Tourism Destination Image,2010,1
Tourism In China,2010,1
Tourism In Saudi,2010,1
Tourism Planning,2010,1
Tourism Policy,2010,1
Tourism Supply,2010,1
Tourist Attractions,2010,1
Tourists,2010,1
Tourists In,2010,1
Trade,2010,1
Travel To,2010,1
Travelers,2010,1
Urban Tourism,2010,1
User Generated Content,2010,1
Virtual,2010,1
Virtual Reality,2010,1
Visitors,2010,1
World Heritage Site,2010,1
World Heritage Sites,2010,1
文化,2010,1
 ,2011,1
"""",2011,1
",",2011,1
3D Digital,2011,1
Against,2011,1
And The Arab,2011,1
Arabia,2011,1
Arabic,2011,1
Art,2011,1
Augmented Reality,2011,1
Authenticity In Tourism,2011,1
Bedouin,2011,1
Booking,2011,1
Carrying Capacity,2011,1
Chain,2011,1
Chinese Outbound Tourists,2011,1
Community-Based Tourism,2011,1
Contemporary Research,2011,1
Culture,2011,1
Dark Tourism,2011,1
Database,2011,1
Destination Brand,2011,1
Destination Image And,2011,1
Digital Age,2011,1
Digital Preservation,2011,1
Digital Preservation Of,2011,1
Dubai,2011,1
Economy,2011,1
English And Arabic,2011,1
Guides,2011,1
Hajj,2011,1
Heritage And Cultural,2011,1
Heritage Authenticity,2011,1
Heritage Law,2011,1
Heritage Preservation,2011,1
Heritage Research,2011,1
Heritage Site,2011,1
Heritage Sites,2011,1
Heritage Tourism And,2011,1
Hotel,2011,1
In Arab,2011,1
In Education,2011,1
In Heritage,2011,1
In Heritage Tourism,2011,1
In Museum,2011,1
In Saudi Arabia,2011,1
In The Digital,2011,1
In Tourist,2011,1
Law,2011,1
Learning,2011,1
Mainland,2011,1
Mainland Chinese,2011,1
Market,2011,1
Markets,2011,1
New Method,2011,1
New Silk Road,2011,1
North Africa,2011,1
Of Arab,2011,1
Of Cultural Heritage,2011,1
Of The Arab,2011,1
Of Tourism,2011,1
Of World Heritage,2011,1
Oil Economy,2011,1
Outbound Travel,2011,1
Policy In,2011,1
Post Oil,2011,1
Post Tourism,2011,1
Preservation Of,2011,1
Preservation Of Cultural,2011,1
Recommender,2011,1
Recommender Systems,2011,1
Religious Tourism,2011,1
Road,2011,1
Saudi Arabia,2011,1
School,2011,1
Silk,2011,1
Silk Road,2011,1
Strategy,2011,1
Supply Chain,2011,1
The Digital Age,2011,1
The New Silk,2011,1
Tourism An,2011,1
Tourism As,2011,1
Tourism At,2011,1
Tourism Branding,2011,1
Tourism Carrying,2011,1
Tourism Carrying Capacity,2011,1
Tourism Destination Brand,2011,1
Tourism Policy,2011,1
Tourism To,2011,1
Tourist Perception,2011,1
Trade,2011,1
Training,2011,1
Travel Motivation,2011,1
Travelers,2011,1
Tripadvisor,2011,1
Virtual,2011,1
Virtual Tourism,2011,1
Visitor,2011,1
Visitors,2011,1
World Heritage Site,2011,1
World Heritage Sites,2011,1
[,2011,1
],2011,1
a,2011,1
b,2011,1
c,2011,1
d,2011,1
e,2011,1
i,2011,1
l,2011,1
m,2011,1
n,2011,1
o,2011,1
p,2011,1
r,2011,1
s,2011,1
t,2011,1
u,2011,1
v,2011,1
中国,2011,1
 ,2012,1
"""",2012,1
",",2012,1
Against,2012,1
And Heritage Tourism,2012,1
And The Arab,2012,1
And The Environment,2012,1
Application Of Digital,2012,1
Arab Spring,2012,1
Archaeological,2012,1
Archaeological Heritage,2012,1
Arts,2012,1
As Tourism,2012,1
Authenticity In Tourism,2012,1
Chinese Tourists,2012,1
Climate,2012,1
Climate Change,2012,1
Community Participation,2012,1
Cultural Diversity,2012,1
Cultural Heritage And,2012,1
Cultural Heritage Protection,2012,1
Cultural Heritage Sites,2012,1
Cultural Heritage Tourism,2012,1
Cultural Tourism Destination,2012,1
Cultural Tourism In,2012,1
Culture,2012,1
Cultures,2012,1
Dark Tourism In,2012,1
Destination Image And,2012,1
Digital Museum,2012,1
Digital Preservation,2012,1
Digital Preservation Of,2012,1
Domain,2012,1
Dubai,2012,1
Education In,2012,1
Educational,2012,1
Environment,2012,1
Environmental,2012,1
For Cultural Heritage,2012,1
For Sustainable Tourism,2012,1
Hajj,2012,1
Heritage Authenticity,2012,1
Heritage Authenticity And,2012,1
Heritage Diplomacy,2012,1
Heritage Preservation,2012,1
Heritage Promotion,2012,1
Heritage Protection,2012,1
Heritage Site,2012,1
Heritage Sites,2012,1
Heritage Tourism And,2012,1
Heritage Tourism In,2012,1
Higher Education,2012,1
Hospitality,2012,1
In Destination,2012,1
In Dubai,2012,1
In Saudi Arabia,2012,1
In The Tourism,2012,1
In Travel,2012,1
In Unesco,2012,1
Intercultural Dialogue,2012,1
Interfaith,2012,1
Interfaith Dialogue,2012,1
International Tourism,2012,1
Islamic,2012,1
Jakarta,2012,1
Local Heritage,2012,1
Mainland,2012,1
Mainland Chinese,2012,1
Market,2012,1
Markets,2012,1
Mountain,2012,1
Muslim Religious,2012,1
Najaf,2012,1
North Africa,2012,1
Of China,2012,1
Of Hajj,2012,1
Of Heritage,2012,1
Of Heritage Tourism,2012,1
Of Muslim,2012,1
Of The Digital,2012,1
Of The Tourism,2012,1
On China,2012,1
On The Tourism,2012,1
Outbound Tourism To,2012,1
Outbound Travel,2012,1
Palace,2012,1
Post Tourism,2012,1
Preservation Of,2012,1
Preservation Of Cultural,2012,1
Red Tourism,2012,1
Religious Tourism,2012,1
Smart Cities,2012,1
Sustainable Destination,2012,1
Sustainable Tourism In,2012,1
The Arab Spring,2012,1
The Tourism Industry,2012,1
Tour,2012,1
Tourism And The,2012,1
Tourism Carrying,2012,1
Tourism Carrying Capacity,2012,1
Tourism Economics,2012,1
Tourism Image,2012,1
Tourism Industry,2012,1
Tourism To,2012,1
Tourist Behavior,2012,1
Tourist Perception,2012,1
Tourist Satisfaction,2012,1
Trade,2012,1
Travel And Tourism,2012,1
User Generated Content,2012,1
Wine Tourism,2012,1
World Heritage,2012,1
World Heritage Site,2012,1
[,2012,1
],2012,1
أ,2012,1
ؤ,2012,1
ئ,2012,1
ا,2012,1
ب,2012,1
ة,2012,1
ت,2012,1
ث,2012,1
ج,2012,1
ح,2012,1
خ,2012,1
د,2012,1
ر,2012,1
س,2012,1
ص,2012,1
ط,2012,1
ع,2012,1
ف,2012,1
ق,2012,1
ك,2012,1
ل,2012,1
م,2012,1
ن,2012,1
ه,2012,1
و,2012,1
ى,2012,1
ي,2012,1
中国,2012,1
政策,2012,1
旅游,2012,1
法律,2012,1
And Destination Image,2013,1
And Heritage Tourism,2013,1
And Sustainable Tourism,2013,1
And The Arab,2013,1
Arab Countries,2013,1
Arab Emirates,2013,1
Arab Gulf,2013,1
Arab Journalism,2013,1
Arabic Calligraphy,2013,1
Architectural Heritage,2013,1
Art,2013,1
Authenticity In Tourism,2013,1
Calligraphy In,2013,1
Carrying Capacity,2013,1
Chinese Outbound Tourism,2013,1
Community Engagement,2013,1
Community Participation,2013,1
Community-Based Tourism,2013,1
Conservation Of,2013,1
Contemporary Tourism,2013,1
Cultural Heritage And,2013,1
Cultural Heritage Conservation,2013,1
Culture Of,2013,1
Destination Competitiveness,2013,1
Destination Image Formation,2013,1
Destination Marketing,2013,1
Destinations,2013,1
Difficult Heritage,2013,1
Digital Cultural,2013,1
Digital Cultural Heritage,2013,1
Digital Information,2013,1
Digital Reconstruction,2013,1
Domestic Tourism,2013,1
Education In,2013,1
Environment,2013,1
Environmental,2013,1
Environments,2013,1
Exhibition,2013,1
For Sustainable Tourism,2013,1
Foreign Policy,2013,1
Heritage And Tourism,2013,1
Heritage Conservation,2013,1
Heritage In The,2013,1
Heritage Interpretation And,2013,1
Heritage Product,2013,1
Heritage Site,2013,1
Heritage Sites,2013,1
In Arab,2013,1
In Destination,2013,1
In Heritage,2013,1
In Heritage Tourism,2013,1
In Saudi Arabia,2013,1
In The Tourism,2013,1
In Tourism In,2013,1
In Unesco,2013,1
International Tourism,2013,1
International Tourism Policy,2013,1
Language Learning,2013,1
Literary Tourism,2013,1
Machine Translation,2013,1
Mainland,2013,1
Mainland Chinese,2013,1
Mainland Chinese Outbound,2013,1
Marketing Strategies,2013,1
Markets,2013,1
Mecca,2013,1
Medical Tourism,2013,1
Mobile Heritage,2013,1
Museum,2013,1
New Technology,2013,1
Of Arabic And,2013,1
Of Cultural Heritage,2013,1
Of Dark Tourism,2013,1
Of Digital,2013,1
Of Heritage,2013,1
Of Heritage Tourism,2013,1
Of Religious Tourism,2013,1
Of Silk,2013,1
Of Tourism And,2013,1
Of Tourism In,2013,1
Of Virtual,2013,1
Of World Heritage,2013,1
On Tourist,2013,1
Participation,2013,1
Participatory,2013,1
Pilgrimage In,2013,1
Pilgrimage To,2013,1
Pilgrimage To Mecca,2013,1
Political Economy,2013,1
Regulations,2013,1
Religious Tourism,2013,1
Responsible Innovation,2013,1
Slow Tourism,2013,1
Spain,2013,1
Strategy,2013,1
Study Of Tourism,2013,1
Sustainability In,2013,1
Thailand,2013,1
The Arab Gulf,2013,1
The Arab World,2013,1
The Pilgrimage To,2013,1
The Silk Road,2013,1
The Tourism Industry,2013,1
The World Heritage,2013,1
To Mecca,2013,1
Tour,2013,1
Tourism And Cultural,2013,1
Tourism At,2013,1
Tourism Carrying,2013,1
Tourism Carrying Capacity,2013,1
Tourism Destination,2013,1
Tourism Destination Brand,2013,1
Tourism In The,2013,1
Tourism Industry,2013,1
Tourism Marketing,2013,1
Tourism On,2013,1
Tourism Planning,2013,1
Tourism Products,2013,1
Tourist Perception,2013,1
Trade,2013,1
Training,2013,1
Travel To,2013,1
Umrah,2013,1
Unesco,2013,1
United Arab,2013,1
United Arab Emirates,2013,1
Virtual Reconstruction,2013,1
Word Of Mouth,2013,1
World Heritage Site,2013,1
World Heritage Sites,2013,1
World Tourism,2013,1
文化,2013,1
文化交流,2013,1
 ,2014,1
"""",2014,1
",",2014,1
3D Cultural Heritage,2014,1
Abha,2014,1
Agriculture,2014,1
Alexandria University,2014,1
And Cultural Heritage,2014,1
And Dark Tourism,2014,1
And Event Tourism,2014,1
And The Heritage,2014,1
And Tourism In,2014,1
Arab Countries,2014,1
Arab Journalism,2014,1
Arabia,2014,1
Archaeological,2014,1
Archaeological Heritage,2014,1
Art,2014,1
Arts,2014,1
Augmented Reality,2014,1
Big Data Analytics,2014,1
Brain,2014,1
Cairo,2014,1
Carrying Capacity,2014,1
China Outbound,2014,1
Climate,2014,1
Climate Change,2014,1
Conservation,2014,1
Country Of Destination,2014,1
Cruise Tourism,2014,1
Cultural Heritage And,2014,1
Data Mining,2014,1
Deep Learning,2014,1
Destination Country,2014,1
Destination Image On,2014,1
Digital Preservation,2014,1
Digital Preservation Of,2014,1
Domain,2014,1
Educational,2014,1
Egyptian Museum,2014,1
Event Tourism,2014,1
Exhibition,2014,1
Green Tourism,2014,1
Hajj,2014,1
Heritage At,2014,1
Heritage Conservation,2014,1
Heritage In,2014,1
Heritage Museum,2014,1
Heritage Of,2014,1
Heritage Of The,2014,1
Heritage Sites In,2014,1
Hotel,2014,1
Hotels,2014,1
In Arab,2014,1
In Cultural Heritage,2014,1
In Education,2014,1
In Heritage,2014,1
In Heritage Tourism,2014,1
In Tourism Research,2014,1
Industry Innovation,2014,1
Innovation Policy,2014,1
Intangible Cultural Heritage,2014,1
International Heritage,2014,1
Journey,2014,1
Law,2014,1
Local Culture,2014,1
Mecca,2014,1
Monuments,2014,1
Mountain,2014,1
Museums,2014,1
Muslim,2014,1
New Tourism,2014,1
North Africa,2014,1
Of Augmented Reality,2014,1
Of Cultural Heritage,2014,1
Of Cultural Tourism,2014,1
Of Rural Tourism,2014,1
Of Sustainable,2014,1
Of Sustainable Tourism,2014,1
Of The Arab,2014,1
Of The Art,2014,1
Of The Silk,2014,1
Of The Tourism,2014,1
Of Tourism And,2014,1
Of Tourist,2014,1
On Destination,2014,1
On Destination Image,2014,1
On Tourism,2014,1
Outbound Travel,2014,1
Part,2014,1
Participation In Heritage,2014,1
Partnership,2014,1
Pilgrimage Tourism,2014,1
Policy In The,2014,1
Post Tourism,2014,1
Preservation Of,2014,1
Preservation Of Cultural,2014,1
Rural Tourism,2014,1
Saudi Arabia,2014,1
Spain,2014,1
Strategy,2014,1
Sustainability,2014,1
Sustainability In,2014,1
Sustainable Cultural,2014,1
Sustainable Tourism,2014,1
Sustainable Tourism In,2014,1
Taiwan,2014,1
Text Mining,2014,1
The Cultural Heritage,2014,1
Tourism And The,2014,1
Tourism At,2014,1
Tourism Destination Image,2014,1
Tourism In China,2014,1
Tourism In The,2014,1
Tourism Industry In,2014,1
Tourism Innovation,2014,1
Tourism Market,2014,1
Tourism Policy,2014,1
Tourism Product,2014,1
Tourism Products,2014,1
Tourist Destination,2014,1
Travel Behavior,2014,1
Travel To,2014,1
Urban Heritage,2014,1
Urban Tourism,2014,1
Visitors,2014,1
War Heritage,2014,1
Wellness Tourism,2014,1
[,2014,1
],2014,1
e,2014,1
g,2014,1
i,2014,1
m,2014,1
o,2014,1
p,2014,1
r,2014,1
s,2014,1
t,2014,1
u,2014,1
y,2014,1
数字,2014,1
文化,2014,1
Agriculture,2015,1
Air,2015,1
And Sustainable Tourism,2015,1
And The Environment,2015,1
Arab Culture,2015,1
Arab Gulf,2015,1
Arab Journalism,2015,1
Arabic-English,2015,1
Art,2015,1
British Museum,2015,1
Built Heritage,2015,1
Carrying Capacity,2015,1
Chain,2015,1
Chains,2015,1
Climate Change,2015,1
Community Based Heritage,2015,1
Conservation,2015,1
Conservation Of,2015,1
Conservation Of Cultural,2015,1
Cruise,2015,1
Cruise Tourism,2015,1
Cultural Heritage In,2015,1
Cultural Heritage Sites,2015,1
Cultures,2015,1
Data Mining,2015,1
Database,2015,1
Destination Brand,2015,1
Destination In,2015,1
Digital Age,2015,1
Digital Heritage,2015,1
Digital Technologies,2015,1
Earthquake,2015,1
Education,2015,1
English-Arabic,2015,1
Environmental,2015,1
Event Tracking,2015,1
Foreign Policy,2015,1
Global Data,2015,1
Green Product,2015,1
Halal Tourism,2015,1
Heritage And Sustainable,2015,1
Heritage And The,2015,1
Heritage And Tourism,2015,1
Heritage At,2015,1
Heritage At Risk,2015,1
Heritage In,2015,1
Heritage Information,2015,1
Heritage Law,2015,1
Heritage Metric,2015,1
Heritage Site,2015,1
Hospitality And Tourism,2015,1
In Arab,2015,1
In Destination,2015,1
In Heritage,2015,1
In Smart,2015,1
In Thailand,2015,1
In The Digital,2015,1
In Tourism Research,2015,1
In Travel,2015,1
Interfaith,2015,1
Interfaith Dialogue,2015,1
Islamic,2015,1
Jeddah,2015,1
Language Learning,2015,1
Law,2015,1
Maritime Silk,2015,1
Maritime Silk Road,2015,1
Market,2015,1
Markets,2015,1
Medical Tourism,2015,1
Mountain,2015,1
Music,2015,1
North Africa,2015,1
Of Arab,2015,1
Of Augmented Reality,2015,1
Of Climate,2015,1
Of Cultural Heritage,2015,1
Of Heritage Tourism,2015,1
Of Pilgrimage,2015,1
Of The Arab,2015,1
Of Tourism And,2015,1
Of Tourism Destination,2015,1
Of Tourism In,2015,1
Of Tourist,2015,1
Of Travel,2015,1
On Tourism And,2015,1
Part,2015,1
Participatory,2015,1
Partnership,2015,1
Pilgrimage And Tourism,2015,1
Pilgrimage Tourism,2015,1
Pilgrims,2015,1
Product Innovation,2015,1
Qualitative Research,2015,1
Recommender,2015,1
Recommender Systems,2015,1
Rural Tourism,2015,1
Silk Road And,2015,1
Strategy,2015,1
Supply Chain,2015,1
Sustainability In,2015,1
Sustainable Cultural,2015,1
Sustainable Tourism,2015,1
Text Mining,2015,1
Thailand,2015,1
The Arab Gulf,2015,1
The Arab World,2015,1
The Circular Economy,2015,1
The Digital Age,2015,1
The Silk Road,2015,1
The United Arab,2015,1
To Cultural Heritage,2015,1
Tourism An,2015,1
Tourism And Pilgrimage,2015,1
Tourism As,2015,1
Tourism Carrying,2015,1
Tourism Carrying Capacity,2015,1
Tourism Demand,2015,1
Tourism Destination Image,2015,1
Tourism Destination In,2015,1
Tourism Destinations,2015,1
Tourism Governance,2015,1
Tourism Potential,2015,1
Travel To,2015,1
Travelers,2015,1
Tripadvisor,2015,1
Unesco World Heritage,2015,1
Unwto,2015,1
Urban Heritage,2015,1
Urban Tourism,2015,1
Visitors,2015,1
War Heritage,2015,1
Word Of Mouth,2015,1
World Heritage And,2015,1
c,2015,1
g,2015,1
h,2015,1
l,2015,1
p,2015,1
y,2015,1
社交媒体,2015,1
3D Cultural Heritage,2016,1
Airbnb,2016,1
And Big Data,2016,1
And Cultural Tourism,2016,1
And Dark Tourism,2016,1
And Heritage Tourism,2016,1
And Interfaith Dialogue,2016,1
And Road Initiative,2016,1
And The Arab,2016,1
Arab Countries,2016,1
Arab Emirates,2016,1
Arab Journalism,2016,1
Arabia,2016,1
Arabic Version,2016,1
Archaeological,2016,1
Archaeological Heritage,2016,1
Art,2016,1
Artistic,2016,1
Arts,2016,1
At World Heritage,2016,1
Augmented Reality,2016,1
Belt And Road,2016,1
Belt One,2016,1
Belt One Road,2016,1
Big Data Analytics,2016,1
Carrying Capacity,2016,1
China Outbound,2016,1
Climate,2016,1
Climate Change,2016,1
Community Heritage,2016,1
Community-Based Tourism,2016,1
Conservation In,2016,1
Creative Tourism,2016,1
Cultural Heritage And,2016,1
Cultural Heritage Of,2016,1
Cultural Heritage Tourism,2016,1
Cultural Heritage With,2016,1
Cultural Policy,2016,1
Culture Of,2016,1
Dark Tourism In,2016,1
Data Mining,2016,1
Data-Driven,2016,1
Destination Brand,2016,1
Destination Brand Equity,2016,1
Destination Image And,2016,1
Detailed,2016,1
Digital Heritage,2016,1
Earthquake,2016,1
Environments,2016,1
Foreign Policy,2016,1
Global Tourism,2016,1
Governance Of,2016,1
Guideline,2016,1
Gulf Region,2016,1
Heritage And Sustainable,2016,1
Heritage And Tourism,2016,1
Heritage As,2016,1
Heritage At,2016,1
Heritage At Risk,2016,1
Heritage Diplomacy,2016,1
Heritage Heritage,2016,1
Heritage In The,2016,1
Heritage Interpretation,2016,1
Heritage Of,2016,1
Heritage Sites In,2016,1
Heritage Tourism In,2016,1
Heritage-Scape,2016,1
Hospitality And Tourism,2016,1
Hotel,2016,1
Hotels,2016,1
Hotels In,2016,1
In Cultural Heritage,2016,1
In Digital,2016,1
In Dubai,2016,1
In Education,2016,1
In Saudi Arabia,2016,1
In Smart,2016,1
In Thailand,2016,1
In Tourism And,2016,1
In Tourism Research,2016,1
In Travel,2016,1
In Unesco,2016,1
In Virtual,2016,1
Intercultural Dialogue,2016,1
Islam,2016,1
Journey,2016,1
Knowledge Graph,2016,1
Machine Learning For,2016,1
Marketing Strategies,2016,1
Media Marketing,2016,1
Museums,2016,1
Music,2016,1
Music Festival,2016,1
Named Entity Recognition,2016,1
New Technology,2016,1
Of Dark Tourism,2016,1
Of Hajj,2016,1
Of Heritage,2016,1
Of Machine Learning,2016,1
Of The Arab,2016,1
Of The Art,2016,1
Of The Silk,2016,1
Of The Tourism,2016,1
Of Travel,2016,1
On Tourism,2016,1
On Tourism And,2016,1
One Belt,2016,1
One Belt One,2016,1
One Road,2016,1
Open Source Event,2016,1
Preservation,2016,1
Preservation Of,2016,1
Preservation Of Cultural,2016,1
Religious Tourism,2016,1
Research In Tourism,2016,1
Responsible Tourism,2016,1
Road Initiative,2016,1
Saudi Arabia,2016,1
Silk Road,2016,1
Smart City,2016,1
Smart Tourism,2016,1
Smart Tourism Destinations,2016,1
Social Media Marketing,2016,1
Strategy,2016,1
Sustainability Of,2016,1
Sustainable Tourism And,2016,1
Taiwan,2016,1
Thailand,2016,1
The Belt And,2016,1
The Circular Economy,2016,1
The Preservation Of,2016,1
The United Arab,2016,1
The World Heritage,2016,1
To Cultural Heritage,2016,1
Tourism An,2016,1
Tourism And Pilgrimage,2016,1
Tourism As,2016,1
Tourism At,2016,1
Tourism Awareness,2016,1
Tourism Demand,2016,1
Tourism Destination Brand,2016,1
Tourism Destinations,2016,1
Tourism Governance,2016,1
Tourism Heritage,2016,1
Tourism On,2016,1
Tourism Potential,2016,1
Tourism Product,2016,1
Tourist Destinations,2016,1
Tourist Satisfaction And,2016,1
Trade,2016,1
Traditional Culture,2016,1
Trails,2016,1
Training,2016,1
Travel And Tourism,2016,1
Umrah,2016,1
Under The Belt,2016,1
United Arab,2016,1
United Arab Emirates,2016,1
University,2016,1
Virtual Reality,2016,1
Virtual Reconstruction,2016,1
Virtual Reconstruction Of,2016,1
Visitor,2016,1
Visitors,2016,1
Volunteer Tourism,2016,1
Wine Tourism,2016,1
World Cultural Heritage,2016,1
文化,2016,1
文化研究,2016,1
Airbnb,2017,1
And Augmented Reality,2017,1
And Dark Tourism,2017,1
And Destination Image,2017,1
And Smart Tourism,2017,1
And Tourism In,2017,1
Arabic Language Education,2017,1
Artifacts,2017,1
Arts,2017,1
As Tourism,2017,1
As Tourism Destination,2017,1
At World Heritage,2017,1
Big Data In,2017,1
Bio Economy,2017,1
Blockchain,2017,1
Built Heritage,2017,1
Chain,2017,1
Circular Economy,2017,1
Community Engagement,2017,1
Community Participation,2017,1
Community Participation In,2017,1
Country Of Destination,2017,1
Cruise,2017,1
Cruise Tourism,2017,1
Cultural Heritage And,2017,1
Cultural Heritage Protection,2017,1
Cultural Heritage Through,2017,1
Cultural Tourism In,2017,1
Data Collection,2017,1
Data Reconstruction,2017,1
Dataset,2017,1
Deep Learning,2017,1
Destination Choice,2017,1
Destination Competitiveness,2017,1
Destination Image And,2017,1
Destination Image Formation,2017,1
Detailed,2017,1
Digital Age,2017,1
Dissonant Heritage,2017,1
Economy Of,2017,1
Environment,2017,1
Event Marketing,2017,1
Festival Tourism,2017,1
First Tourism,2017,1
Foreign Policy,2017,1
Governance Of,2017,1
Guides,2017,1
Gulf Cooperation Council,2017,1
Heritage Branding,2017,1
Heritage City,2017,1
Heritage Documentation,2017,1
Heritage In The,2017,1
Heritage Interpretation,2017,1
Heritage Knowledge,2017,1
Heritage Of,2017,1
Heritage Protection,2017,1
Heritage Research,2017,1
Heritage Tourism And,2017,1
Higher Education,2017,1
Historic City,2017,1
Hospitality And Tourism,2017,1
In Agriculture,2017,1
In Arab,2017,1
In Cultural Heritage,2017,1
In Destination,2017,1
In Higher Education,2017,1
In Hospitality,2017,1
In Hospitality And,2017,1
In Sustainable,2017,1
In Tourism And,2017,1
In World Heritage,2017,1
Industrial Heritage,2017,1
Intangible Heritage,2017,1
International Law,2017,1
Language Education,2017,1
Learning Methods,2017,1
Local Heritage,2017,1
Machine Learning,2017,1
Maritime Silk Road,2017,1
Marketing On,2017,1
Markets,2017,1
Mass Tourism,2017,1
Media Marketing,2017,1
Mountain,2017,1
Music,2017,1
Muslim Religious,2017,1
Natural Heritage,2017,1
New Silk Road,2017,1
Of Arabic,2017,1
Of Arabic Language,2017,1
Of Blockchain,2017,1
Of Climate,2017,1
Of Climate Change,2017,1
Of Culture,2017,1
Of Digital,2017,1
Of Hajj,2017,1
Of Smart Tourism,2017,1
Of Sustainable,2017,1
Of Tourism And,2017,1
Of Umrah,2017,1
On China,2017,1
On Heritage,2017,1
On The Tourism,2017,1
Part,2017,1
Participation In,2017,1
Pilgrimage And Tourism,2017,1
Pilgrimage Tourism,2017,1
Political Economy,2017,1
Preservation,2017,1
Responsible Tourism,2017,1
Riyadh,2017,1
Road Initiative,2017,1
Roadmap,2017,1
Roads,2017,1
Silk Road Initiative,2017,1
Silk Roads,2017,1
Site Conservation,2017,1
Smart Cities,2017,1
Smart Tourism And,2017,1
Smart Tourism Destinations,2017,1
Social Media Marketing,2017,1
Social Media Research,2017,1
Spain,2017,1
Sustainable Heritage,2017,1
Sustainable Tourism And,2017,1
Sustainable Tourism In,2017,1
The Arabic Language,2017,1
The Digital Age,2017,1
The Maritime Silk,2017,1
The New Silk,2017,1
The Political Economy,2017,1
The United Arab,2017,1
To Destination,2017,1
Tour,2017,1
Tourism An,2017,1
Tourism Awareness,2017,1
Tourism Industry,2017,1
Tourism Marketing,2017,1
Tourism Policy,2017,1
Tourism Promotion,2017,1
Tourism Sector,2017,1
Tourism Strategy,2017,1
Tourist Destination,2017,1
Tourist Destinations,2017,1
Tourist Satisfaction,2017,1
Tourist Satisfaction And,2017,1
Tripadvisor,2017,1
University,2017,1
Urban Heritage,2017,1
User Generated Content,2017,1
Using Machine Learning,2017,1
Virtual Reconstruction,2017,1
Virtual Reconstruction Of,2017,1
Volunteer Tourism,2017,1
War Heritage,2017,1
Word Of Mouth,2017,1
a,2017,1
b,2017,1
d,2017,1
i,2017,1
r,2017,1
s,2017,1
u,2017,1
ا,2017,1
ب,2017,1
ة,2017,1
ت,2017,1
ث,2017,1
ج,2017,1
ح,2017,1
خ,2017,1
د,2017,1
ر,2017,1
ز,2017,1
س,2017,1
ص,2017,1
ض,2017,1
ط,2017,1
ع,2017,1
ف,2017,1
ق,2017,1
ك,2017,1
ل,2017,1
م,2017,1
ن,2017,1
و,2017,1
ي,2017,1
伊斯兰,2017,1
博物馆,2017,1
历史文化,2017,1
展览,2017,1
数字,2017,1
数字文化,2017,1
数字资源,2017,1
 ,2018,1
"""",2018,1
",",2018,1
3D Cultural Heritage,2018,1
Abroad,2018,1
Adventure Tourism,2018,1
Against,2018,1
Air,2018,1
Airbnb,2018,1
Alexandria University,2018,1
And Augmented Reality,2018,1
And Community Participation,2018,1
And Cultural Tourism,2018,1
And Destination Image,2018,1
And Event Tourism,2018,1
And Interfaith Dialogue,2018,1
And Smart Tourism,2018,1
And The Environment,2018,1
Arab Countries,2018,1
Arab-Israeli,2018,1
Arabic Calligraphy,2018,1
Archaeology,2018,1
Architectural Heritage,2018,1
Artifacts,2018,1
Arts,2018,1
Bahrain,2018,1
Big Data Analytics,2018,1
Blockchain Technology,2018,1
By Destination,2018,1
Cairo,2018,1
Calligraphy,2018,1
China Outbound,2018,1
China-Arab,2018,1
Chinese Outbound Tourists,2018,1
Chinese Tourists,2018,1
Community-Based Tourism,2018,1
Conservation Of,2018,1
Country Of Destination,2018,1
Cruise Tourism,2018,1
Culinary Tourism,2018,1
Cultural Exhibition,2018,1
Cultural Heritage In,2018,1
Cultural Heritage Preservation,2018,1
Cultural Heritage Sites,2018,1
Cultural Heritage Tourism,2018,1
Cultures,2018,1
Dark Tourism In,2018,1
Data Mining,2018,1
Deep Learning,2018,1
Destination Competitiveness,2018,1
Destination Country,2018,1
Destination Image On,2018,1
Destination Marketing,2018,1
Detailed,2018,1
Difficult Heritage,2018,1
Digital Heritage,2018,1
Digital Photogrammetry,2018,1
Digitalization,2018,1
Domain,2018,1
Earthquake,2018,1
Education In,2018,1
Egyptian Museum,2018,1
Event Tourism,2018,1
Exhibition,2018,1
Festival Tourism,2018,1
Foreign Policy,2018,1
Guides,2018,1
Hajj And Umrah,2018,1
Heritage And Cultural,2018,1
Heritage And Tourism,2018,1
Heritage As,2018,1
Heritage At,2018,1
Heritage Digitization,2018,1
Heritage Diplomacy,2018,1
Heritage In The,2018,1
Heritage In Tourism,2018,1
Heritage Interpretation And,2018,1
Heritage Sites In,2018,1
Heritage Tourism Sites,2018,1
Higher Education,2018,1
Hotels In,2018,1
Image And Destination,2018,1
In Arab,2018,1
In Cultural Tourism,2018,1
In Digital,2018,1
In Thailand,2018,1
In Tourism In,2018,1
In Virtual,2018,1
Industrial Heritage,2018,1
Intangible Cultural Heritage,2018,1
Intangible Heritage,2018,1
International Tourism,2018,1
Islam,2018,1
Knowledge Conservation,2018,1
Law,2018,1
Local Heritage,2018,1
Machine Learning,2018,1
Machine Learning For,2018,1
Mecca,2018,1
Medical Tourism,2018,1
Monuments,2018,1
Museum Diplomacy,2018,1
Music,2018,1
Muslim Religious,2018,1
New Research,2018,1
Of Arabic,2018,1
Of Arabic Calligraphy,2018,1
Of Augmented Reality,2018,1
Of Belt,2018,1
Of Belt And,2018,1
Of Blockchain,2018,1
Of China,2018,1
Of Destination Brand,2018,1
Of Destination Image,2018,1
Of Hajj,2018,1
Of Heritage,2018,1
Of Religious Tourism,2018,1
Of Silk,2018,1
Of Smart,2018,1
Of Smart Tourism,2018,1
Of Sustainable,2018,1
Of The Arab,2018,1
Of The Belt,2018,1
Of Tourism And,2018,1
Of Tourism In,2018,1
Of Tourist,2018,1
Of Travel,2018,1
Of Unesco,2018,1
Of Virtual Reality,2018,1
On Destination,2018,1
On Destination Image,2018,1
On Tourism And,2018,1
On Tourists,2018,1
Outbound Tourists,2018,1
Outbound Travel,2018,1
Pilgrimage And Tourism,2018,1
Pilgrims,2018,1
Policy In,2018,1
Post-Conflict Tourism,2018,1
Recommender,2018,1
Recommender Systems,2018,1
Relation Extraction,2018,1
Religious Tourism,2018,1
Road To,2018,1
Roadmap,2018,1
Roads,2018,1
School,2018,1
Silk Road Initiative,2018,1
Smart Cities,2018,1
Smart Tourism Destinations,2018,1
Sustainability In The,2018,1
Sustainable City,2018,1
The Circular Economy,2018,1
The Silk Road,2018,1
The Tourism Sector,2018,1
The World Heritage,2018,1
To Tourism,2018,1
Tourism An,2018,1
Tourism And Cultural,2018,1
Tourism Carrying,2018,1
Tourism Carrying Capacity,2018,1
Tourism Destination Image,2018,1
Tourism Market,2018,1
Tourism Promotion,2018,1
Tourism Sites,2018,1
Tourism Supply,2018,1
Tourism To,2018,1
Tourist Behavior,2018,1
Tourist Destination,2018,1
Tourist Destination Image,2018,1
Trails,2018,1
Travel And Tourism,2018,1
Travel Planning,2018,1
Travelers,2018,1
Umrah,2018,1
Under The Belt,2018,1
Urban Tourism,2018,1
Virtual Reality In,2018,1
Virtual Reconstruction,2018,1
Virtual Reconstruction Of,2018,1
Word Of Mouth,2018,1
World Cultural Heritage,2018,1
World Heritage Sites,2018,1
[,2018,1
],2018,1
a,2018,1
c,2018,1
d,2018,1
e,2018,1
f,2018,1
g,2018,1
h,2018,1
i,2018,1
l,2018,1
m,2018,1
n,2018,1
o,2018,1
p,2018,1
r,2018,1
s,2018,1
t,2018,1
u,2018,1
y,2018,1
3D Cultural Heritage,2019,1
Abroad,2019,1
And Community Participation,2019,1
And Cultural Heritage,2019,1
And Heritage Tourism,2019,1
And Smart Tourism,2019,1
And The Heritage,2019,1
And Virtual Reality,2019,1
Arab Countries,2019,1
Arab Journalism,2019,1
Arab League,2019,1
Arab Spring,2019,1
Arab-Israeli,2019,1
Arabic Calligraphy,2019,1
Arabic Language,2019,1
Arabic Language Education,2019,1
Arabic-English,2019,1
Archaeology,2019,1
Architectural Heritage,2019,1
Big Data Analytics,2019,1
Big Data In,2019,1
Calligraphy In,2019,1
Carrying Capacity,2019,1
Chatbot,2019,1
China And The,2019,1
Chinese Outbound Tourism,2019,1
Community Engagement,2019,1
Community Participation In,2019,1
Conservation In,2019,1
Country Of Destination,2019,1
Cultural Economy,2019,1
Cultural Heritage Through,2019,1
Cultural Tourism Policy,2019,1
Culture Of,2019,1
Destination Brand,2019,1
Destination Brand Equity,2019,1
Destination Country,2019,1
Destination Image And,2019,1
Destination Image Formation,2019,1
Digital Data,2019,1
Digital Reconstruction,2019,1
Economy Of,2019,1
Ecotourism,2019,1
Educational,2019,1
Emerging Heritage,2019,1
Emerging Market,2019,1
Environment,2019,1
For Sustainable Tourism,2019,1
Google Maps,2019,1
Governance In,2019,1
Guideline,2019,1
Hajj And Umrah,2019,1
Heritage And The,2019,1
Heritage Authenticity,2019,1
Heritage Awareness,2019,1
Heritage Diplomacy,2019,1
Heritage Documentation,2019,1
Heritage Listing,2019,1
Heritage Tourism And,2019,1
Heritage Tourism In,2019,1
Heritage Value,2019,1
Higher Education,2019,1
Historic City,2019,1
In Agriculture,2019,1
In Destination,2019,1
In Digital,2019,1
In Dubai,2019,1
In Heritage,2019,1
In Heritage Tourism,2019,1
In Higher Education,2019,1
In Saudi Arabia,2019,1
In Sustainable,2019,1
In The Tourism,2019,1
In Tourism Destination,2019,1
Industrial Heritage,2019,1
Islamic World,2019,1
Jakarta,2019,1
Journey,2019,1
Language Education,2019,1
Learning Methods,2019,1
Learning-Based,2019,1
Machine Learning-Based,2019,1
Mainland,2019,1
Marketing Strategies,2019,1
Markets,2019,1
Mecca,2019,1
Medical Tourism,2019,1
Modern Technology,2019,1
Modern Tourism,2019,1
Mountain,2019,1
Museums,2019,1
Music,2019,1
Muslim Religious,2019,1
North Africa,2019,1
Object Detection,2019,1
Of Arabic,2019,1
Of Arabic Language,2019,1
Of Artificial,2019,1
Of Artificial Intelligence,2019,1
Of Belt,2019,1
Of Belt And,2019,1
Of Big Data,2019,1
Of Blockchain,2019,1
Of Climate,2019,1
Of Climate Change,2019,1
Of Deep Learning,2019,1
Of Destination Brand,2019,1
Of Digital,2019,1
Of Heritage Tourism,2019,1
Of Machine Learning,2019,1
Of Religious Tourism,2019,1
Of Silk,2019,1
Of Sustainable Tourism,2019,1
Of The Digital,2019,1
Of Tourism And,2019,1
Of Tourism Destination,2019,1
Of Tourist,2019,1
Of Travel,2019,1
Of Unesco,2019,1
Of Virtual,2019,1
Of Virtual Reality,2019,1
On Destination Image,2019,1
On Digital,2019,1
On The Tourism,2019,1
Outbound Tourism,2019,1
Part,2019,1
Pilgrim,2019,1
Pilgrimage To,2019,1
Pilgrimage To Mecca,2019,1
Pilgrimage Tourism,2019,1
Policy Coordination,2019,1
Political Economy,2019,1
Recommender,2019,1
Recommender Systems,2019,1
Regulation,2019,1
Sharm El Sheikh,2019,1
Smart Tourism And,2019,1
Smart Tourism Destination,2019,1
Speech Recognition,2019,1
Sport Tourism,2019,1
Supply Chain,2019,1
Sustainable Cultural,2019,1
Taiwan,2019,1
Temple,2019,1
The Arab Spring,2019,1
The United Arab,2019,1
To Mecca,2019,1
Tourism And Cultural,2019,1
Tourism And The,2019,1
Tourism As,2019,1
Tourism Carrying,2019,1
Tourism Carrying Capacity,2019,1
Tourism Destination Image,2019,1
Tourism Destination In,2019,1
Tourism Destinations,2019,1
Tourism Diversification,2019,1
Tourism In The,2019,1
Tourism Industry,2019,1
Tourism Market,2019,1
Tourism Marketing,2019,1
Tourism Potential,2019,1
Tourism Product,2019,1
Tourism Promotion,2019,1
Tourism Strategy,2019,1
Tourist Destination Image,2019,1
Tourists In,2019,1
Travel Intention,2019,1
Umrah Pilgrimage,2019,1
Under The Belt,2019,1
Urban Tourism,2019,1
User Generated Content,2019,1
Virtual Reality In,2019,1
Visitor,2019,1
Wine Tourism,2019,1
Word Of Mouth,2019,1
c,2019,1
g,2019,1
h,2019,1
l,2019,1
o,2019,1
p,2019,1
v,2019,1
x,2019,1
y,2019,1
ؤ,2019,1
ئ,2019,1
ا,2019,1
ب,2019,1
ة,2019,1
ت,2019,1
ث,2019,1
ج,2019,1
ح,2019,1
خ,2019,1
د,2019,1
ر,2019,1
س,2019,1
ص,2019,1
ط,2019,1
ع,2019,1
ف,2019,1
ق,2019,1
ك,2019,1
ل,2019,1
م,2019,1
ن,2019,1
و,2019,1
ي,2019,1
传统文化,2019,1
倡议,2019,1
创新发展,2019,1
区域传播,2019,1
技术,2019,1
教育,2019,1
文化传播,2019,1
文化活动,2019,1
游客,2019,1
跨区域,2019,1
Ai-Enabled,2020,1
Air,2020,1
Airbnb,2020,1
Al Ahsa,2020,1
Algorithmic,2020,1
And Deep Learning,2020,1
And Destination Loyalty,2020,1
Arabic Calligraphy,2020,1
Arabic Version,2020,1
Archaeological Site,2020,1
Archaeology,2020,1
Belt One,2020,1
Belt One Road,2020,1
Big Data In,2020,1
Built Heritage,2020,1
By Destination,2020,1
Calligraphy,2020,1
Chatbot,2020,1
Chinese Outbound Tourism,2020,1
Circular Economy,2020,1
Climate,2020,1
Community Engagement,2020,1
Creative Tourism,2020,1
Cultural Heritage Of,2020,1
Cultural Heritage Planning,2020,1
Cultural Heritage Preservation,2020,1
Cultural Heritage Through,2020,1
Cultural Heritage Tourism,2020,1
Cultural Tourism In,2020,1
Cultural Tourism Policy,2020,1
Data Forecasting,2020,1
Destination Awareness,2020,1
Destination Country,2020,1
Destination In,2020,1
Destination Loyalty,2020,1
Destination Marketing,2020,1
Detailed,2020,1
Digital Age,2020,1
Digital Cultural,2020,1
Digital Cultural Heritage,2020,1
Digital Economy,2020,1
Digital Heritage,2020,1
Digital Museum,2020,1
Digital Preservation,2020,1
Digital Preservation Of,2020,1
Digital Reconstruction,2020,1
Digital Reconstruction Of,2020,1
Digital Transformation,2020,1
Digital Twins,2020,1
Domain,2020,1
Dubai,2020,1
Ecotourism,2020,1
Eid,2020,1
Emerging Tourism,2020,1
Environmental Sustainability,2020,1
Environments,2020,1
Exports By Destination,2020,1
Festival Tourism,2020,1
Film Tourism,2020,1
For Sustainable Tourism,2020,1
Global Industry,2020,1
Governance In,2020,1
Great Silk,2020,1
Great Silk Road,2020,1
Green Event,2020,1
Gulf Cooperation Council,2020,1
Hajj And Umrah,2020,1
Heritage And Cultural,2020,1
Heritage And Sustainable,2020,1
Heritage At,2020,1
Heritage Diplomacy,2020,1
Heritage In The,2020,1
Heritage In Tourism,2020,1
Heritage Information,2020,1
Heritage Interpretation And,2020,1
Heritage Of The,2020,1
Heritage Planning,2020,1
Heritage Preservation,2020,1
Heritage Tourism Sites,2020,1
Hospitality Industry,2020,1
Image And Destination,2020,1
In Agriculture,2020,1
In Ai,2020,1
In Arab,2020,1
In Cultural Tourism,2020,1
In Dark Tourism,2020,1
In Higher Education,2020,1
In Smart,2020,1
In Thailand,2020,1
In Tourism And,2020,1
In Tourist,2020,1
In Travel,2020,1
In Virtual,2020,1
Influencer Marketing,2020,1
Intangible Heritage,2020,1
International Festival,2020,1
Islamic Art,2020,1
Jakarta,2020,1
Knowledge Graph,2020,1
Kuwait,2020,1
Learning In,2020,1
Learning-Based,2020,1
Machine Learning-Based,2020,1
Mainland,2020,1
Market Cooperation,2020,1
Marketing Strategies,2020,1
Marketing Strategies For,2020,1
Markets,2020,1
Media Marketing,2020,1
Medical Tourism,2020,1
Monuments,2020,1
Music Festival,2020,1
New Destination,2020,1
New Museum,2020,1
North Africa,2020,1
Of Ai And,2020,1
Of Arab,2020,1
Of Arabic,2020,1
Of Arabic Calligraphy,2020,1
Of Artificial,2020,1
Of Artificial Intelligence,2020,1
Of Big Data,2020,1
Of Cultural Tourism,2020,1
Of Culture,2020,1
Of Destination Brand,2020,1
Of Destination Image,2020,1
Of Hajj,2020,1
Of Machine Learning,2020,1
Of Rural Tourism,2020,1
Of Smart Tourism,2020,1
Of The Tourism,2020,1
Of Tourist Destination,2020,1
Of Tourists,2020,1
Of Unesco World,2020,1
Of Virtual,2020,1
Of Virtual Reality,2020,1
On Blockchain,2020,1
On Cultural Heritage,2020,1
On Digital,2020,1
On Machine Learning,2020,1
On The Tourism,2020,1
On Tourism And,2020,1
On Tourists,2020,1
One Belt,2020,1
One Belt One,2020,1
One Road,2020,1
Open Source Technology,2020,1
Outbound Tourism,2020,1
Participation In Heritage,2020,1
Partnership,2020,1
Pilgrimage To,2020,1
Pilgrimage To Mecca,2020,1
Post-Conflict Tourism,2020,1
Pottery,2020,1
Preservation Of,2020,1
Preservation Of Cultural,2020,1
Regulation,2020,1
Research Innovation,2020,1
Smart City,2020,1
Social Media Data,2020,1
Social Media Marketing,2020,1
Sports Tourism,2020,1
Study Of Tourism,2020,1
Supply Chains,2020,1
Sustainability In,2020,1
Sustainability Of,2020,1
Sustainable Festival,2020,1
Temple,2020,1
Text Summarization,2020,1
The Arab Spring,2020,1
The Arabic Language,2020,1
The Digital Age,2020,1
The Digital Twin,2020,1
The Great Silk,2020,1
The One Belt,2020,1
The Tourism Sector,2020,1
To Destination,2020,1
To Mecca,2020,1
To Sustainable,2020,1
To Tourism,2020,1
Tour,2020,1
Tourism An,2020,1
Tourism And Cultural,2020,1
Tourism And The,2020,1
Tourism Destination Brand,2020,1
Tourism Destination In,2020,1
Tourism Destinations,2020,1
Tourism Education,2020,1
Tourism Heritage,2020,1
Tourism Image,2020,1
Tourism In Saudi,2020,1
Tourism Marketing,2020,1
Tourism Policy,2020,1
Tourism Potential,2020,1
Tourism Products,2020,1
Tourism Promotion,2020,1
Tourism To,2020,1
Tourist Satisfaction,2020,1
Tourist Satisfaction And,2020,1
Travel And Tourism,2020,1
Travel Motivation,2020,1
Travel Planning,2020,1
Umrah,2020,1
Umrah Pilgrimage,2020,1
University,2020,1
Unwto,2020,1
Urban Heritage,2020,1
Urban Tourism,2020,1
Using Machine Learning,2020,1
Visitor,2020,1
War Heritage,2020,1
أ,2020,1
و,2020,1
乡村旅游,2020,1
伊斯兰,2020,1
可持续,2020,1
可持续发展,2020,1
大学,2020,1
数字,2020,1
文化交流,2020,1
旅游动机,2020,1
社区参与,2020,1
红色旅游,2020,1
经济发展,2020,1
跨文化,2020,1
3D Digital,2021,1
Abroad,2021,1
Accessible Tourism,2021,1
Against,2021,1
Air,2021,1
Along The Silk,2021,1
And Augmented Reality,2021,1
And Dark Tourism,2021,1
And Deep Learning,2021,1
And Destination Image,2021,1
And Smart Tourism,2021,1
And Sustainable Tourism,2021,1
And The Heritage,2021,1
And Tourism Industry,2021,1
Arab Women,2021,1
Arab-Israeli,2021,1
Arabic And English,2021,1
Arabic Calligraphy,2021,1
Arabic Version,2021,1
Archaeological,2021,1
Archaeological Site,2021,1
Archaeology,2021,1
Artifacts,2021,1
As Tourism,2021,1
As Tourist,2021,1
Big Data Analytics,2021,1
Built Heritage,2021,1
By Destination,2021,1
Chains,2021,1
Community-Based Tourism,2021,1
Conservation Of,2021,1
Cruise Tourism,2021,1
Culinary Tourism,2021,1
Cultural Heritage Knowledge,2021,1
Cultural Heritage Through,2021,1
Cultural Tourism Destination,2021,1
Cultures,2021,1
Data Forecasting,2021,1
Database,2021,1
Destination Brand Equity,2021,1
Destination Competitiveness,2021,1
Destination In,2021,1
Destination Marketing,2021,1
Difficult Heritage,2021,1
Digital Age,2021,1
Digital Cultural,2021,1
Digital Cultural Heritage,2021,1
Digital Marketing,2021,1
Digital Museum,2021,1
Digital Product,2021,1
Digital Reconstruction,2021,1
Digital Twin Technology,2021,1
Digital Twins,2021,1
Domain,2021,1
Douyin,2021,1
Economy Of,2021,1
Educational,2021,1
Educational Tourism,2021,1
Egyptian Museum,2021,1
Emerging Research,2021,1
Environmental Sustainability,2021,1
Exhibition,2021,1
Exports By Destination,2021,1
Festival Tourism,2021,1
Gcc Countries,2021,1
Green Innovation,2021,1
Guides,2021,1
Hajj And Umrah,2021,1
Health Tourism,2021,1
Heritage And Cultural,2021,1
Heritage And Sustainable,2021,1
Heritage And Tourism,2021,1
Heritage Conservation,2021,1
Heritage Destination,2021,1
Heritage Diplomacy,2021,1
Heritage In The,2021,1
Heritage Interpretation,2021,1
Heritage Knowledge,2021,1
Heritage Law,2021,1
Heritage Representation,2021,1
Heritage Research,2021,1
Heritage Tourism And,2021,1
Heritage Tourism In,2021,1
Hospitality And Tourism,2021,1
Hotels In,2021,1
Hurghada,2021,1
In Ai,2021,1
In Arabic,2021,1
In China,2021,1
In Dark Tourism,2021,1
In Digital,2021,1
In Education,2021,1
In Heritage Tourism,2021,1
In Hospitality,2021,1
In Hospitality And,2021,1
In Sustainable,2021,1
In Sustainable Tourism,2021,1
In The Digital,2021,1
In The Tourism,2021,1
In Tourism Destination,2021,1
In Tourism In,2021,1
In Tourism Research,2021,1
In Virtual,2021,1
Industrial Heritage,2021,1
Information Extraction,2021,1
Intercultural Dialogue,2021,1
Interfaith,2021,1
Interfaith Dialogue,2021,1
International Tourism,2021,1
Islamic,2021,1
Journey,2021,1
Knowledge Graph,2021,1
Language Learning,2021,1
Learning In,2021,1
Machine Learning-Based,2021,1
Mainland,2021,1
Maritime Silk,2021,1
Maritime Silk Road,2021,1
Market,2021,1
Marketing Strategy,2021,1
Mass Tourism,2021,1
Medical Tourism,2021,1
Monuments,2021,1
Mosque,2021,1
Museum Marketing,2021,1
Museums,2021,1
Natural Heritage,2021,1
Of Ai,2021,1
Of Arabic Calligraphy,2021,1
Of Artificial,2021,1
Of Artificial Intelligence,2021,1
Of Blockchain,2021,1
Of China,2021,1
Of Deep Learning,2021,1
Of Heritage Tourism,2021,1
Of Muslim,2021,1
Of Pilgrimage,2021,1
Of Religious Tourism,2021,1
Of Silk,2021,1
Of The Art,2021,1
Of The Digital,2021,1
Of The Silk,2021,1
Of The Tourism,2021,1
Of Travel,2021,1
Of Unesco,2021,1
Of World Heritage,2021,1
On Blockchain,2021,1
On Destination Image,2021,1
On Machine Learning,2021,1
Overtourism,2021,1
Participatory,2021,1
Partnership,2021,1
Policy Planning,2021,1
Pottery,2021,1
Preservation,2021,1
Religious Tourism,2021,1
Research In Tourism,2021,1
School,2021,1
Short Video Marketing,2021,1
Silk Road Initiative,2021,1
Slow Tourism,2021,1
Smart Cities,2021,1
Smart City,2021,1
Smart Tourism Destinations,2021,1
Spain,2021,1
Sport Tourism,2021,1
Strategy Of,2021,1
Supply Chains,2021,1
Sustainability Of,2021,1
Sustainable Cultural,2021,1
Sustainable Heritage,2021,1
Taiwan,2021,1
Temple,2021,1
Thailand,2021,1
The Cultural Heritage,2021,1
The Digital Age,2021,1
The Maritime Silk,2021,1
The Tourism Industry,2021,1
To Cultural Heritage,2021,1
Tourism And Cultural,2021,1
Tourism And Hospitality,2021,1
Tourism And The,2021,1
Tourism Communication,2021,1
Tourism Demand Forecasting,2021,1
Tourism Diversification,2021,1
Tourism Heritage,2021,1
Tourism Industry In,2021,1
Tourism Products,2021,1
Tourism Promotion,2021,1
Tourism Sector,2021,1
Tourism Sites,2021,1
Tourism Supply,2021,1
Tourism Village,2021,1
Tourist Attractions,2021,1
Tourist Destinations,2021,1
Tourist Perception,2021,1
Trade,2021,1
Training,2021,1
Travel And Tourism,2021,1
Travel Intentions,2021,1
Travellers,2021,1
Umrah,2021,1
Video Marketing,2021,1
Virtual Reality,2021,1
Virtual Reconstruction,2021,1
Virtual Reconstruction Of,2021,1
Visitor,2021,1
World Heritage Committee,2021,1
World Tourism,2021,1
a,2021,1
h,2021,1
i,2021,1
l,2021,1
m,2021,1
o,2021,1
r,2021,1
s,2021,1
t,2021,1
u,2021,1
ء,2021,1
أ,2021,1
ش,2021,1
ض,2021,1
一带一路,2021,1
伊斯兰,2021,1
伊斯兰教法,2021,1
博物馆,2021,1
展览,2021,1
教育,2021,1
文化,2021,1
社交媒体,2021,1
美食旅游,2021,1
阿拉伯,2021,1
Accessible Tourism,2022,1
Ai Chatbot,2022,1
Along The Silk,2022,1
And Deep Learning,2022,1
And Event Tourism,2022,1
And Heritage Tourism,2022,1
And Smart Tourism,2022,1
And The Arab,2022,1
And Tourism In,2022,1
And Tourism Integration,2022,1
And Virtual Reality,2022,1
Application Of Digital,2022,1
Arab Emirates,2022,1
Arab Region,2022,1
Arab Women,2022,1
Arabic Calligraphy,2022,1
Arabic Language,2022,1
Arabic Language Education,2022,1
Artistic,2022,1
Authentic Culture,2022,1
Belt One,2022,1
Belt One Road,2022,1
Between China And,2022,1
Calligraphy,2022,1
Chain,2022,1
Chinese Outbound Tourists,2022,1
Colloquial Arabic,2022,1
Community Based Tourism,2022,1
Community Engagement,2022,1
Conservation In,2022,1
Cruise,2022,1
Cultural And Tourism,2022,1
Cultural Heritage Conservation,2022,1
Cultural Heritage Of,2022,1
Cultural Heritage Protection,2022,1
Cultural Heritage Through,2022,1
Cultural Innovation,2022,1
Culture Communication,2022,1
Culture Of,2022,1
Data-Driven,2022,1
Dataset,2022,1
Destination Choice,2022,1
Destination Image Formation,2022,1
Destination Image Through,2022,1
Destination In,2022,1
Destination Loyalty,2022,1
Destination Marketing,2022,1
Digital Data,2022,1
Digital Innovation,2022,1
Digital Marketing,2022,1
Digital Model,2022,1
Digital Photogrammetry,2022,1
Digital Preservation,2022,1
Digital Strategy,2022,1
Digital Transformation,2022,1
Digital Twin For,2022,1
Education In,2022,1
Egyptian Museum,2022,1
English-Arabic,2022,1
Event Linking,2022,1
Event Tourism,2022,1
Exhibitions,2022,1
Exports By Destination,2022,1
For Sustainable Tourism,2022,1
Foreign Policy,2022,1
Global Economy,2022,1
Global Tourism,2022,1
Global Travel,2022,1
Green Festival,2022,1
Gulf States,2022,1
Hajj And Umrah,2022,1
Heritage And Cultural,2022,1
Heritage And The,2022,1
Heritage And Tourism,2022,1
Heritage At,2022,1
Heritage At Risk,2022,1
Heritage Destination,2022,1
Heritage In The,2022,1
Heritage Information,2022,1
Heritage Listing,2022,1
Heritage Of The,2022,1
Heritage Preservation,2022,1
Heritage Protection,2022,1
Heritage Restoration,2022,1
Hospitality Industry,2022,1
Hotel,2022,1
Hotels,2022,1
Hotels In,2022,1
Image And Destination,2022,1
In Arabic,2022,1
In Dark Tourism,2022,1
In Destination,2022,1
In Digital,2022,1
In Dubai,2022,1
In Heritage Tourism,2022,1
In Museum,2022,1
In Saudi Arabia,2022,1
In Tourism In,2022,1
In Tourism Research,2022,1
Intangible Heritage,2022,1
Islamic,2022,1
Knowledge Graph Construction,2022,1
Language Education,2022,1
Learning Models,2022,1
Literary Tourism,2022,1
Local Destination,2022,1
Machine Learning Models,2022,1
Marketing On,2022,1
Markets,2022,1
Mecca,2022,1
Media Marketing,2022,1
Medical Tourism,2022,1
Medina,2022,1
Monuments,2022,1
Mountain,2022,1
Multilingual Event,2022,1
Music Festival,2022,1
New Tourism,2022,1
North Africa,2022,1
Object Detection,2022,1
Of Ai,2022,1
Of Artificial,2022,1
Of Artificial Intelligence,2022,1
Of Augmented Reality,2022,1
Of Blockchain,2022,1
Of Climate,2022,1
Of Climate Change,2022,1
Of Dark Tourism,2022,1
Of Deep Learning,2022,1
Of Destination Image,2022,1
Of Digital Cultural,2022,1
Of Heritage Tourism,2022,1
Of Metaverse,2022,1
Of Pilgrimage,2022,1
Of Religious Tourism,2022,1
Of The Art,2022,1
Of The Digital,2022,1
Of Tourism Destination,2022,1
Of Tourism In,2022,1
Of Unesco,2022,1
Of Virtual,2022,1
Of Virtual Reality,2022,1
Of World Heritage,2022,1
On Destination,2022,1
On Heritage,2022,1
On The Tourism,2022,1
One Belt,2022,1
One Belt One,2022,1
One Road,2022,1
Online Heritage,2022,1
Online Tourism,2022,1
Outbound Tourists,2022,1
Overtourism,2022,1
Palace,2022,1
Participatory,2022,1
Pilgrimage Tourism,2022,1
Pilgrims,2022,1
Policy Coordination,2022,1
Research In Tourism,2022,1
Road To,2022,1
Roads,2022,1
School,2022,1
Short Video Marketing,2022,1
Silk Road Tourism,2022,1
Small Tourism,2022,1
Smart Data,2022,1
Smart Tourism Destinations,2022,1
Social Media Marketing,2022,1
Strategy Of,2022,1
Study Of Tourism,2022,1
Supply Chain,2022,1
Sustainability In The,2022,1
Sustainability Of,2022,1
Sustainable Heritage,2022,1
Taiwan,2022,1
Text Classification,2022,1
Thailand,2022,1
The Arab Gulf,2022,1
The Arab Region,2022,1
The Digital Twin,2022,1
The United Arab,2022,1
To Mecca,2022,1
To Sustainable,2022,1
Tour,2022,1
Tourism At,2022,1
Tourism Carrying,2022,1
Tourism Carrying Capacity,2022,1
Tourism Communication,2022,1
Tourism Demand Forecasting,2022,1
Tourism Destination Brand,2022,1
Tourism Diversification,2022,1
Tourism Industry In,2022,1
Tourism Innovation,2022,1
Tourism Product,2022,1
Tourism Promotion,2022,1
Tourism Resources,2022,1
Tourism To,2022,1
Tourist Perception,2022,1
Tourist Satisfaction And,2022,1
Traditional Culture,2022,1
Travel And Tourism,2022,1
Travel Intentions,2022,1
Umrah,2022,1
Under The Belt,2022,1
Unesco Global,2022,1
Unesco Global Geopark,2022,1
United Arab,2022,1
United Arab Emirates,2022,1
University,2022,1
User Generated Content,2022,1
Video Marketing,2022,1
Visitor,2022,1
Wellness Tourism,2022,1
World Cultural Heritage,2022,1
World Heritage Committee,2022,1
ئ,2022,1
خ,2022,1
ظ,2022,1
中国,2022,1
乡村旅游,2022,1
保护,2022,1
大学,2022,1
建筑,2022,1
微信,2022,1
技术,2022,1
文化交流,2022,1
贸易,2022,1
 ,2023,1
"""",2023,1
",",2023,1
3D Cultural Heritage,2023,1
Abroad,2023,1
Ai On,2023,1
Ancient City,2023,1
And Dark Tourism,2023,1
And Deep Learning,2023,1
And Destination Image,2023,1
And Generative Ai,2023,1
And Heritage Tourism,2023,1
And Smart Tourism,2023,1
And Sustainable Tourism,2023,1
And Tourism Industry,2023,1
Arab Countries,2023,1
Arab-Israeli,2023,1
Arabic Calligraphy,2023,1
Archaeological Heritage,2023,1
Architectural Heritage,2023,1
Augmented Reality,2023,1
Belt One,2023,1
Belt One Road,2023,1
Between China And,2023,1
Big Data Analytics,2023,1
Buffer Zone,2023,1
Built Heritage,2023,1
Cairo,2023,1
Carrying Capacity,2023,1
City Branding,2023,1
Community Heritage,2023,1
Conservation In,2023,1
Creative Tourism,2023,1
Cultural Heritage Conservation,2023,1
Cultural Heritage Knowledge,2023,1
Cultural Heritage Protection,2023,1
Cultural Innovation,2023,1
Cultural Museum,2023,1
Culture And Tourism,2023,1
Culture Communication,2023,1
Dark Heritage,2023,1
Dark Tourism In,2023,1
Database,2023,1
Destination Choice,2023,1
Destination Country,2023,1
Destination Governance,2023,1
Destination Image In,2023,1
Destination Image On,2023,1
Destination In,2023,1
Digital Age,2023,1
Digital Cultural,2023,1
Digital Economy,2023,1
Digital Infrastructure,2023,1
Digital Marketing,2023,1
Digital Preservation,2023,1
Digital Preservation Of,2023,1
Digital Twin For,2023,1
Domain,2023,1
Domestic Tourism,2023,1
Dubai,2023,1
Earthquake,2023,1
Ecotourism,2023,1
Environments,2023,1
Ethnography,2023,1
Exhibitions,2023,1
Festival Tourism,2023,1
Generative Ai And,2023,1
Generative Ai For,2023,1
Generative Ai In,2023,1
Global Economy,2023,1
Global Heritage,2023,1
Global Museum,2023,1
Great Silk,2023,1
Great Silk Road,2023,1
Green Innovation,2023,1
Green Tourism,2023,1
Gulf States,2023,1
Heritage And Sustainable,2023,1
Heritage And The,2023,1
Heritage Authenticity,2023,1
Heritage City,2023,1
Heritage Conservation In,2023,1
Heritage Data,2023,1
Heritage Heritage,2023,1
Heritage Information,2023,1
Heritage Knowledge,2023,1
Heritage Knowledge Graph,2023,1
Heritage Of,2023,1
Heritage Of The,2023,1
Heritage Protection,2023,1
Heritage Sites In,2023,1
Heritage Tourism Planning,2023,1
Heritage Value,2023,1
Hospitality And Tourism,2023,1
Hotel,2023,1
Hotels,2023,1
Hotels In,2023,1
Hurghada,2023,1
In Ai,2023,1
In Arabic,2023,1
In Education,2023,1
In Heritage Tourism,2023,1
In Rural Tourism,2023,1
In Sustainable,2023,1
In Sustainable Tourism,2023,1
In The Digital,2023,1
In Tourism And,2023,1
In Tourism Destination,2023,1
In Tourism Research,2023,1
In Unesco,2023,1
Incense,2023,1
Industrial Heritage,2023,1
Intangible Heritage,2023,1
International Tourism Policy,2023,1
Islam,2023,1
Jeddah,2023,1
Knowledge Graph And,2023,1
Knowledge Graph Construction,2023,1
Knowledge Graphs,2023,1
Law,2023,1
Learning In,2023,1
Learning Methods,2023,1
Local Culture,2023,1
Machine Learning And,2023,1
Marketing Strategies,2023,1
Mobile Technology,2023,1
Modern Industry,2023,1
Music,2023,1
Natural Heritage,2023,1
New Tourism,2023,1
Nft,2023,1
Of Ai And,2023,1
Of Ai-Generated,2023,1
Of Arab,2023,1
Of Arabic,2023,1
Of Arabic Calligraphy,2023,1
Of Augmented Reality,2023,1
Of Belt,2023,1
Of Belt And,2023,1
Of Culture,2023,1
Of Destination Brand,2023,1
Of Digital Cultural,2023,1
Of Hajj,2023,1
Of Muslim,2023,1
Of Silk,2023,1
Of Sustainable Tourism,2023,1
Of The Arab,2023,1
Of The Art,2023,1
Of The Digital,2023,1
Of The Tourism,2023,1
Of Tourism Destination,2023,1
Of Travel,2023,1
Of Umrah,2023,1
On Destination,2023,1
On Tourist,2023,1
On Tourists,2023,1
One Belt,2023,1
One Belt One,2023,1
One Road,2023,1
Online Destination,2023,1
Online Exhibition,2023,1
Online Travel,2023,1
Participatory,2023,1
Pilgrimage And Tourism,2023,1
Policy On,2023,1
Quantitative Research,2023,1
Recommender,2023,1
Recommender Systems,2023,1
Red Tourism,2023,1
Regulations,2023,1
Research In Tourism,2023,1
Research On Tourism,2023,1
Riyadh,2023,1
Riyadh Season,2023,1
Road Cultural,2023,1
Road Tourism,2023,1
Roadmap,2023,1
Silk Road Tourism,2023,1
Small Data,2023,1
Smart Tourism And,2023,1
Social Media Destination,2023,1
Sport Tourism,2023,1
Supply Chains,2023,1
Sustainable Heritage,2023,1
Sustainable Tourism And,2023,1
Temple,2023,1
The Arab Spring,2023,1
The Digital Age,2023,1
The Great Silk,2023,1
The One Belt,2023,1
The Pilgrimage To,2023,1
The Tourism Sector,2023,1
The United Arab,2023,1
To Tourism,2023,1
Tourism An,2023,1
Tourism And Pilgrimage,2023,1
Tourism And The,2023,1
Tourism At,2023,1
Tourism Cooperation,2023,1
Tourism Destination Brand,2023,1
Tourism Destination Governance,2023,1
Tourism Destination In,2023,1
Tourism Heritage,2023,1
Tourism Image,2023,1
Tourism In Saudi,2023,1
Tourism Innovation,2023,1
Tourism Marketing,2023,1
Tourism Planning,2023,1
Tourism Village,2023,1
Tourist Attractions,2023,1
Tourist Behavior,2023,1
Tourist Satisfaction,2023,1
Training,2023,1
Travel To,2023,1
Travelers,2023,1
Travellers,2023,1
Tripoli,2023,1
Tripoli Lebanon,2023,1
Umrah,2023,1
Umrah Pilgrimage,2023,1
Urban Heritage,2023,1
User Generated Content,2023,1
Virtual Reality In,2023,1
World Cultural Heritage,2023,1
[,2023,1
],2023,1
a,2023,1
b,2023,1
d,2023,1
i,2023,1
m,2023,1
o,2023,1
r,2023,1
s,2023,1
t,2023,1
u,2023,1
市场,2023,1
文化旅游,2023,1
文化经济,2023,1
智慧旅游,2023,1
朝圣者,2023,1
游客,2023,1
目的地,2023,1
目的地形象,2023,1
经济发展,2023,1
跨文化,2023,1
Against,2024,1
Agriculture,2024,1
Ai On,2024,1
Ai-Generated,2024,1
Air,2024,1
Along The Silk,2024,1
Ancient City,2024,1
And Destination Loyalty,2024,1
And Event Tourism,2024,1
And Tourism In,2024,1
And Tourism Industry,2024,1
Arab Countries,2024,1
Arab Emirates,2024,1
Arab Women,2024,1
Arab-Israeli,2024,1
Arabic And English,2024,1
Arabic Calligraphy,2024,1
Arabic Coffee,2024,1
Arabic Language,2024,1
Arabic Teaching,2024,1
Archaeological Heritage,2024,1
Artifacts,2024,1
Arts,2024,1
Belt One,2024,1
Belt One Road,2024,1
Calligraphy,2024,1
China And The,2024,1
Chinese Tourists,2024,1
City Branding,2024,1
Community Engagement,2024,1
Community Participation,2024,1
Community Participation In,2024,1
Conservation Area,2024,1
Conservation Of,2024,1
Cruise,2024,1
Cruise Tourism,2024,1
Cultural And Tourism,2024,1
Cultural Heritage Preservation,2024,1
Cultural Heritage Sites,2024,1
Cultural Heritage Through,2024,1
Cultural Heritage With,2024,1
Cultural Tourism In,2024,1
Cultures,2024,1
Dark Tourism In,2024,1
Data Mining,2024,1
Destination Brand Equity,2024,1
Destination Country,2024,1
Destination Governance,2024,1
Destination Image And,2024,1
Destination Image On,2024,1
Destination Loyalty,2024,1
Destination Mapping,2024,1
Difficult Heritage,2024,1
Digital Cultural Heritage,2024,1
Digital Information,2024,1
Digital Innovation,2024,1
Digital Tourism,2024,1
Digital Twins,2024,1
Dissonant Heritage,2024,1
Domain,2024,1
Dubai,2024,1
Economy Cooperation,2024,1
Economy Of,2024,1
Event Tourism,2024,1
Gcc Countries,2024,1
Green Destination,2024,1
Green Tourism,2024,1
Heritage And Tourism,2024,1
Heritage As,2024,1
Heritage City,2024,1
Heritage Diplomacy,2024,1
Heritage In,2024,1
Heritage In The,2024,1
Heritage Interpretation,2024,1
Heritage Of The,2024,1
Heritage Preservation,2024,1
Heritage Tourism And,2024,1
Heritage Tourism In,2024,1
Heritage Tourism Sites,2024,1
Historic City,2024,1
Hotels In,2024,1
In Ai,2024,1
In Dark Tourism,2024,1
In Destination,2024,1
In Digital,2024,1
In Sustainable Tourism,2024,1
In Tourism And,2024,1
In Tourism Destination,2024,1
Incense,2024,1
Inclusive Tourism,2024,1
Industrial Heritage,2024,1
Intangible Heritage,2024,1
International Tourism,2024,1
Journey,2024,1
Law,2024,1
Maritime Silk,2024,1
Maritime Silk Road,2024,1
Marketing On,2024,1
Marketing Strategies For,2024,1
Markets,2024,1
Modern Tourism,2024,1
Monuments,2024,1
Music,2024,1
Muslim Religious,2024,1
Natural Heritage,2024,1
New Silk Road,2024,1
Of Arabic Language,2024,1
Of Cultural Tourism,2024,1
Of Dark Tourism,2024,1
Of Destination Brand,2024,1
Of Heritage,2024,1
Of Religious Tourism,2024,1
Of Sustainable Tourism,2024,1
Of The Arab,2024,1
Of The Belt,2024,1
Of Tourism And,2024,1
Of Tourism Destination,2024,1
Of Tourist Destination,2024,1
Of Travel,2024,1
Of Virtual,2024,1
On Blockchain,2024,1
On China,2024,1
On Machine Learning,2024,1
On Tourism And,2024,1
On Tourists,2024,1
One Belt,2024,1
One Belt One,2024,1
One Road,2024,1
Online Tourism,2024,1
Participation In,2024,1
Pilgrimage Tourism,2024,1
Pilgrims,2024,1
Policy Capacity Building,2024,1
Policy In,2024,1
Policy Policy,2024,1
Preservation Of,2024,1
Preservation Of Cultural,2024,1
Qualitative Research,2024,1
Recommender System,2024,1
Recommender Systems,2024,1
Research In Tourism,2024,1
Responsible Tourism,2024,1
Road Tourism,2024,1
School,2024,1
Service Innovation,2024,1
Silk Road Tourism,2024,1
Small City,2024,1
Smart City,2024,1
Smart Destination,2024,1
Smart Technology,2024,1
Study Of Tourism,2024,1
Supply Chain,2024,1
Sustainability In The,2024,1
Sustainable City,2024,1
Sustainable Tourism In,2024,1
Sustainable Travel,2024,1
Taiwan,2024,1
Thailand,2024,1
The Maritime Silk,2024,1
The New Silk,2024,1
The One Belt,2024,1
The United Arab,2024,1
Tour,2024,1
Tourism An,2024,1
Tourism And Heritage,2024,1
Tourism And The,2024,1
Tourism At,2024,1
Tourism Carrying,2024,1
Tourism Carrying Capacity,2024,1
Tourism Destination In,2024,1
Tourism Education,2024,1
Tourism Forecasting,2024,1
Tourism Product,2024,1
Tourism Supply,2024,1
Tourism Village,2024,1
Tourist Attractions,2024,1
Tourist Gaze,2024,1
Tourist Satisfaction And,2024,1
Traditional Market,2024,1
Travel And Tourism,2024,1
Travel Industry,2024,1
Travel Intention,2024,1
Travellers,2024,1
Under The Belt,2024,1
United Arab,2024,1
United Arab Emirates,2024,1
University,2024,1
Virtual Reality In,2024,1
Virtual Reconstruction,2024,1
Visitors,2024,1
Wellness Tourism,2024,1
Wine Tourism,2024,1
World Cultural Heritage,2024,1
World Heritage Site,2024,1
传统文化,2024,1
保护区,2024,1
创新融合,2024,1
区域传播,2024,1
技术,2024,1
旅游优化,2024,1
游客体验,2024,1
环境,2024,1
穆斯林,2024,1
红色旅游,2024,1
阿拉伯,2024,1
 ,2025,1
"""",2025,1
",",2025,1
Adventure Tourism,2025,1
Against,2025,1
Agriculture,2025,1
Along The Silk,2025,1
Ancient City,2025,1
And Big Data,2025,1
And Community Participation,2025,1
And Destination Loyalty,2025,1
And Heritage Tourism,2025,1
And Smart Tourism,2025,1
And Tourism In,2025,1
Arab Emirates,2025,1
Arab World,2025,1
Arabic And English,2025,1
Arabic Art,2025,1
Arabic Calligraphy,2025,1
Arabic Language Learning,2025,1
Arabic Version,2025,1
Archaeological Heritage,2025,1
Archaeological Site,2025,1
Archaeology,2025,1
Architectural Heritage,2025,1
Artifacts,2025,1
Authenticity In Tourism,2025,1
Big Data Analytics,2025,1
Booking,2025,1
Calligraphy,2025,1
Chinese Outbound Tourists,2025,1
Chinese Tourists,2025,1
Circular Economy,2025,1
City Promotion,2025,1
Community Heritage,2025,1
Community Participation In,2025,1
Conservation In,2025,1
Conservation Of Cultural,2025,1
Cultural Data,2025,1
Cultural Heritage Knowledge,2025,1
Cultural Heritage Of,2025,1
Cultural Heritage Preservation,2025,1
Cultural Heritage Protection,2025,1
Cultural Heritage Sites,2025,1
Cultural Innovation,2025,1
Cultural Policy,2025,1
Culture And Tourism,2025,1
Dark Heritage,2025,1
Data Integration,2025,1
Data Marketing,2025,1
Data-Driven,2025,1
Dataset,2025,1
Destination Competitiveness,2025,1
Destination Image Formation,2025,1
Destination Image In,2025,1
Destination Image On,2025,1
Destination Loyalty,2025,1
Destination Promotion,2025,1
Digital Culture,2025,1
Digital Heritage,2025,1
Digital Innovation,2025,1
Digital Preservation,2025,1
Digital Twin Technology,2025,1
Domain,2025,1
Dubai,2025,1
Earthquake,2025,1
Economy In,2025,1
Educational Tourism,2025,1
Egyptian Museum,2025,1
Embroidery,2025,1
Emerging Tourism,2025,1
Erbil,2025,1
Event Planning,2025,1
Exhibitions,2025,1
Experiential Tourism,2025,1
Festival Tourism,2025,1
For Sustainable Tourism,2025,1
Generative Artificial,2025,1
Generative Artificial Intelligence,2025,1
Grounded Theory,2025,1
Guideline,2025,1
Hajj And Umrah,2025,1
Heritage And Cultural,2025,1
Heritage At,2025,1
Heritage At Risk,2025,1
Heritage Data,2025,1
Heritage Education,2025,1
Heritage Interpretation,2025,1
Heritage Interpretation And,2025,1
Heritage Knowledge,2025,1
Heritage Knowledge Graph,2025,1
Heritage Landscape,2025,1
Heritage Law,2025,1
Heritage Museum,2025,1
Heritage Promotion,2025,1
Heritage Protection,2025,1
Heritage Research,2025,1
Heritage Sector,2025,1
Historic Tourism,2025,1
Hospitality And Tourism,2025,1
Image And Destination,2025,1
In Arab,2025,1
In Arabic,2025,1
In Arabic Language,2025,1
In Heritage Tourism,2025,1
In Hospitality And,2025,1
In Sustainable Tourism,2025,1
In Thailand,2025,1
In Tourism In,2025,1
In Tourism Research,2025,1
In Travel,2025,1
In Virtual,2025,1
Inclusive Tourism,2025,1
Industrial Heritage,2025,1
Influencer Marketing,2025,1
Intangible Heritage,2025,1
Inter Tourism,2025,1
International Tourism,2025,1
International Tourism Planning,2025,1
Islam,2025,1
Islamic Law,2025,1
Islamic World,2025,1
Jeddah,2025,1
Karbala,2025,1
Language Learning,2025,1
Local Culture,2025,1
Local Heritage,2025,1
Local Tourism,2025,1
Machine Learning For,2025,1
Machine Translation,2025,1
Market Forecasting,2025,1
Marketing Strategies For,2025,1
Markets,2025,1
Modern Technology,2025,1
Music Festival,2025,1
Muslim-Friendly,2025,1
North Africa,2025,1
Of Arab,2025,1
Of Arabic Calligraphy,2025,1
Of Augmented Reality,2025,1
Of Climate,2025,1
Of Climate Change,2025,1
Of Cultural Tourism,2025,1
Of Digital Cultural,2025,1
Of Heritage Tourism,2025,1
Of Metaverse,2025,1
Of Museum,2025,1
Of Muslim,2025,1
Of Religious Tourism,2025,1
Of Rural Tourism,2025,1
Of Sustainable,2025,1
Of Tourism In,2025,1
Of Tourist Destination,2025,1
Of World Heritage,2025,1
On Arabic,2025,1
On Blockchain,2025,1
On China,2025,1
On Destination Image,2025,1
On Digital,2025,1
One Belt,2025,1
One Road,2025,1
Online Travel,2025,1
Outbound Tourists,2025,1
Palace,2025,1
Participation In,2025,1
Participation In Heritage,2025,1
Partnership,2025,1
Pilgrim,2025,1
Pilgrimage In,2025,1
Pilgrimage To Mecca,2025,1
Policy In,2025,1
Recommender Systems,2025,1
Research In Tourism,2025,1
Research On Tourism,2025,1
Responsible Data,2025,1
Responsible Tourism,2025,1
Road Tourism,2025,1
Roads,2025,1
Service Marketing,2025,1
Silk Road Initiative,2025,1
Silk Road Tourism,2025,1
Silk Roads,2025,1
Slow Tourism,2025,1
Smart Cities,2025,1
Smart City,2025,1
Smart Tourism Destinations,2025,1
Social Media Data,2025,1
Social Media Marketing,2025,1
Supply Chain,2025,1
Sustainability In The,2025,1
Sustainability Of,2025,1
Sustainable Destination,2025,1
Sustainable Destination Planning,2025,1
Taiwan,2025,1
The Arab World,2025,1
The Silk Road,2025,1
The United Arab,2025,1
To Tourism,2025,1
Tourism An,2025,1
Tourism And Heritage,2025,1
Tourism And The,2025,1
Tourism Branding,2025,1
Tourism Cooperation,2025,1
Tourism Demand Forecasting,2025,1
Tourism Diversification,2025,1
Tourism Heritage,2025,1
Tourism Market,2025,1
Tourism Participation,2025,1
Tourism Policy,2025,1
Tourism Potential,2025,1
Tourism Resources,2025,1
Tourism Supply,2025,1
Tourism To,2025,1
Tourism Transformation,2025,1
Tourist Attractions,2025,1
Tourist Destination Image,2025,1
Tourist Destinations,2025,1
Tourist Satisfaction And,2025,1
Traditional Culture,2025,1
Training,2025,1
Travel Behavior,2025,1
Travel Industry,2025,1
Travel To,2025,1
Tripadvisor,2025,1
Unesco World,2025,1
Unesco World Heritage,2025,1
United Arab,2025,1
United Arab Emirates,2025,1
Unwto,2025,1
Urban Heritage,2025,1
Using Machine Learning,2025,1
Vernacular Heritage,2025,1
Virtual Reconstruction,2025,1
Virtual Reconstruction Of,2025,1
Wine Tourism,2025,1
With Generative Ai,2025,1
World Tourism,2025,1
World Tourism Organization,2025,1
[,2025,1
],2025,1
أ,2025,1
ئ,2025,1
ا,2025,1
ب,2025,1
ة,2025,1
ت,2025,1
ث,2025,1
ج,2025,1
ح,2025,1
د,2025,1
ر,2025,1
ز,2025,1
ش,2025,1
ص,2025,1
ط,2025,1
ع,2025,1
ف,2025,1
ق,2025,1
ك,2025,1
ل,2025,1
م,2025,1
ن,2025,1
و,2025,1
ي,2025,1
书法,2025,1
产业发展,2025,1
产业数字化,2025,1
元宇宙,2025,1
博物馆数字化,2025,1
城市管理,2025,1
大城市,2025,1
大数据,2025,1
市场,2025,1
市场发展,2025,1
技术管理,2025,1
抖音,2025,1
政策,2025,1
数字技术,2025,1
数据可视化,2025,1
文化创新,2025,1
文化合作,2025,1
文化挖掘,2025,1
文化教育,2025,1
文化活动,2025,1
文化经济,2025,1
文化经济发展,2025,1
文化遗产保护,2025,1
文化阐释,2025,1
文献综述,2025,1
旅游创新,2025,1
旅游融合,2025,1
气候变化,2025,1
环境,2025,1
知识图谱,2025,1
研学旅游,2025,1
社会文化,2025,1
红色旅游,2025,1
跨部门,2025,1
遗产传播,2025,1
部门协作,2025,1
3D Digital,2026,1
Against,2026,1
Agriculture,2026,1
Ai On,2026,1
Ai-Powered,2026,1
Air,2026,1
And Big Data,2026,1
And Smart Tourism,2026,1
Application Of Digital,2026,1
Arab Spring,2026,1
Arabic Version,2026,1
Archaeological Heritage,2026,1
Archaeological Site,2026,1
Artifacts,2026,1
Artistic,2026,1
Arts,2026,1
Big Data,2026,1
Carrying Capacity,2026,1
China And The,2026,1
Circular Economy,2026,1
Community Heritage,2026,1
Community Participation,2026,1
Concept Policy,2026,1
Creative Product,2026,1
Cultural Heritage Based,2026,1
Cultural Heritage Conservation,2026,1
Cultural Heritage Knowledge,2026,1
Cultural Heritage Of,2026,1
Cultural Heritage Protection,2026,1
Cultural Heritage Through,2026,1
Cultural Market,2026,1
Culture And Tourism,2026,1
Data Extraction,2026,1
Data Integration,2026,1
Data Mining,2026,1
Data-Driven,2026,1
Destination Branding,2026,1
Destination In,2026,1
Destination Loyalty,2026,1
Digital Age,2026,1
Digital Innovation,2026,1
Digital Museum,2026,1
Digital Reconstruction,2026,1
Digital Reconstruction Of,2026,1
Digital Technologies,2026,1
Digital Technology,2026,1
Digital Tourism,2026,1
Digital Transformation,2026,1
Digital Twin Technology,2026,1
Digital Twins,2026,1
Douyin,2026,1
Ecotourism,2026,1
Embroidery,2026,1
Emerging Destination,2026,1
Environmental,2026,1
Environments,2026,1
Exhibition,2026,1
For Sustainable Tourism,2026,1
Generative Artificial,2026,1
Generative Artificial Intelligence,2026,1
Global Tourism,2026,1
Governance In,2026,1
Great Silk,2026,1
Great Silk Road,2026,1
Green Destination,2026,1
Green Tourism,2026,1
Green Travel,2026,1
Grounded Theory,2026,1
Gulf Cooperation Council,2026,1
Heritage As,2026,1
Heritage Based On,2026,1
Heritage Communication,2026,1
Heritage Conservation,2026,1
Heritage Destination,2026,1
Heritage Diplomacy,2026,1
Heritage Education,2026,1
Heritage Infrastructure,2026,1
Heritage Interpretation,2026,1
Heritage Interpretation And,2026,1
Heritage Knowledge,2026,1
Heritage Knowledge Graph,2026,1
Heritage Monitoring,2026,1
Heritage Of,2026,1
Heritage Of The,2026,1
Heritage Preservation,2026,1
Heritage Protection,2026,1
Heritage Site,2026,1
Hospitality And Tourism,2026,1
Hospitality Industry,2026,1
Hotel,2026,1
In Dark Tourism,2026,1
In Education,2026,1
In Higher Education,2026,1
In Hospitality And,2026,1
In Thailand,2026,1
In The Arab,2026,1
In The Tourism,2026,1
In Tourism Destination,2026,1
Intangible Heritage,2026,1
International Law,2026,1
Islamic World,2026,1
Journey,2026,1
Knowledge Extraction,2026,1
Learning In,2026,1
Learning-Based,2026,1
Local Tourism,2026,1
Machine Learning And,2026,1
Machine Learning-Based,2026,1
Maritime Silk,2026,1
Maritime Silk Road,2026,1
Market Transformation,2026,1
Marketing On,2026,1
Marketing Strategies,2026,1
Marketing Strategies For,2026,1
Mountain,2026,1
Museum Diplomacy,2026,1
Music,2026,1
Muslim Religious,2026,1
Nft,2026,1
Of Ai And,2026,1
Of Arab,2026,1
Of Belt,2026,1
Of Belt And,2026,1
Of Destination Brand,2026,1
Of Destination Image,2026,1
Of Hajj,2026,1
Of Religious Tourism,2026,1
Of Silk,2026,1
Of The Belt,2026,1
Of The Digital,2026,1
Of The Silk,2026,1
Of Tourism In,2026,1
Of Travel,2026,1
On Destination Image,2026,1
On Machine Learning,2026,1
On Tourist,2026,1
Online Destination,2026,1
Online Travel,2026,1
Pilgrims,2026,1
Regulation,2026,1
Research In Tourism,2026,1
Revisit Intention,2026,1
Road Cultural,2026,1
Service Innovation,2026,1
Smart City,2026,1
Social Media Destination,2026,1
Sports Tourism,2026,1
Strategy Of,2026,1
Sustainable Destination,2026,1
Sustainable Heritage,2026,1
Sustainable Tourism And,2026,1
Sustainable Tourism In,2026,1
Taiwan,2026,1
Text Summarization,2026,1
Thailand,2026,1
The Arab Spring,2026,1
The Digital Age,2026,1
The Great Silk,2026,1
The Maritime Silk,2026,1
The United Arab,2026,1
Tourism And The,2026,1
Tourism Carrying,2026,1
Tourism Carrying Capacity,2026,1
Tourism Demand,2026,1
Tourism Diversification,2026,1
Tourism Engagement,2026,1
Tourism In The,2026,1
Tourism Industry In,2026,1
Tourism Planning,2026,1
Tourism Potential,2026,1
Tourism Recovery,2026,1
Tourism Resources,2026,1
Tourism Short,2026,1
Tourism Short Video,2026,1
Tourism To,2026,1
Tourist Destination Image,2026,1
Tourist Destinations,2026,1
Tourist Perception,2026,1
Training,2026,1
Travel Intentions,2026,1
Treaty,2026,1
Tripadvisor,2026,1
Umrah Pilgrimage,2026,1
Unesco World,2026,1
Unesco World Heritage,2026,1
User Generated Content,2026,1
Video Marketing,2026,1
Virtual Reality,2026,1
Virtual Reconstruction,2026,1
Virtual Reconstruction Of,2026,1
Visitors,2026,1
Weaving,2026,1
With Machine Learning,2026,1
Word Of Mouth,2026,1
World Cultural Heritage,2026,1
World Heritage,2026,1
World Heritage Site,2026,1
一带一路,2026,1
书法,2026,1
传统旅游,2026,1
创新发展,2026,1
博物馆,2026,1
历史文化,2026,1
国际经济,2026,1
战略,2026,1
技术管理,2026,1
技术融合,2026,1
数字技术,2026,1
数据库,2026,1
文化保护,2026,1
文化教育,2026,1
文化数字化,2026,1
文化遗产保护,2026,1
文献综述,2026,1
智慧旅游,2026,1
游客,2026,1
目的地,2026,1
红色旅游,2026,1
经济发展,2026,1
虚拟现实,2026,1
话语分析,2026,1
遗产传播,2026,1
音乐,2026,1
